time,t41,t42,t43,htb_leri_cr1,htb_cr1_lere,load
1790953205.408,leri-cr1=13 leri-cr2=100 leri-cr3=100,leri-cr1=13 leri-cr2=100 leri-cr3=100,leri-cr1=13 leri-cr2=100 leri-cr3=100,1171Mbit,1171Mbit,0
1790953215.484,leri-cr1=13 leri-cr2=100 leri-cr3=100,leri-cr1=13 leri-cr2=100 leri-cr3=100,leri-cr1=13 leri-cr2=100 leri-cr3=100,1171Mbit,1171Mbit,0
1790953225.560,leri-cr1=13 leri-cr2=100 leri-cr3=100,leri-cr1=13 leri-cr2=100 leri-cr3=100,leri-cr1=13 leri-cr2=100 leri-cr3=100,1171Mbit,1171Mbit,0
1790953235.636,leri-cr1=13 leri-cr2=100 leri-cr3=100,leri-cr1=13 leri-cr2=100 leri-cr3=100,leri-cr1=13 leri-cr2=100 leri-cr3=100,1171Mbit,1171Mbit,0
1790953246.058,leri-cr1=13 leri-cr2=100 leri-cr3=100,leri-cr1=13 leri-cr2=100 leri-cr3=100,leri-cr1=13 leri-cr2=100 leri-cr3=100,1171Mbit,1171Mbit,0
1790953256.130,leri-cr1=13 leri-cr2=100 leri-cr3=100,leri-cr1=13 leri-cr2=100 leri-cr3=100,leri-cr1=13 leri-cr2=100 leri-cr3=100,1171Mbit,1171Mbit,0
1790953266.206,leri-cr1=13 leri-cr2=100 leri-cr3=100,leri-cr1=13 leri-cr2=100 leri-cr3=100,leri-cr1=13 leri-cr2=100 leri-cr3=100,1171Mbit,1171Mbit,0
1790953276.281,leri-cr1=13 leri-cr2=100 leri-cr3=100,leri-cr1=13 leri-cr2=100 leri-cr3=100,leri-cr1=13 leri-cr2=100 leri-cr3=100,1171Mbit,1171Mbit,0
1790953286.400,leri-cr1=13 leri-cr2=100 leri-cr3=100,leri-cr1=13 leri-cr2=100 leri-cr3=100,leri-cr1=13 leri-cr2=100 leri-cr3=100,1171Mbit,1171Mbit,0
1790953296.479,leri-cr1=13 leri-cr2=100 leri-cr3=100,leri-cr1=13 leri-cr2=100 leri-cr3=100,leri-cr1=13 leri-cr2=100 leri-cr3=100,1171Mbit,1171Mbit,0
1790953306.895,leri-cr1=13 leri-cr2=100 leri-cr3=100,leri-cr1=13 leri-cr2=100 leri-cr3=100,leri-cr1=13 leri-cr2=100 leri-cr3=100,1171Mbit,1171Mbit,0
1790953316.974,leri-cr1=13 leri-cr2=100 leri-cr3=100,leri-cr1=13 leri-cr2=100 leri-cr3=100,leri-cr1=13 leri-cr2=100 leri-cr3=100,1171Mbit,1171Mbit,0
1790953327.036,leri-cr1=13 leri-cr2=100 leri-cr3=100,leri-cr1=13 leri-cr2=100 leri-cr3=100,leri-cr1=13 leri-cr2=100 leri-cr3=100,1171Mbit,1171Mbit,0
1790953337.078,leri-cr1=13 leri-cr2=100 leri-cr3=100,leri-cr1=13 leri-cr2=100 leri-cr3=100,leri-cr1=13 leri-cr2=100 leri-cr3=100,1171Mbit,1171Mbit,1
1790953347.137,leri-cr1=13 leri-cr2=100 leri-cr3=100,leri-cr1=13 leri-cr2=100 leri-cr3=100,leri-cr1=13 leri-cr2=100 leri-cr3=100,1171Mbit,1171Mbit,1
1790953357.194,leri-cr1=13 leri-cr2=100 leri-cr3=100,leri-cr1=13 leri-cr2=100 leri-cr3=100,leri-cr1=13 leri-cr2=100 leri-cr3=100,1171Mbit,1171Mbit,1
1790953367.466,leri-cr1=13 leri-cr2=100 leri-cr3=100,leri-cr1=13 leri-cr2=100 leri-cr3=100,leri-cr1=13 leri-cr2=100 leri-cr3=100,1171Mbit,1171Mbit,1
1790953377.522,leri-cr1=13 leri-cr2=100 leri-cr3=100,leri-cr1=13 leri-cr2=100 leri-cr3=100,leri-cr1=13 leri-cr2=100 leri-cr3=100,1171Mbit,1171Mbit,1
1790953387.576,leri-cr1=13 leri-cr2=100 leri-cr3=100,leri-cr1=13 leri-cr2=100 leri-cr3=100,leri-cr1=13 leri-cr2=100 leri-cr3=100,1171Mbit,1171Mbit,1
1790953397.630,leri-cr1=13 leri-cr2=100 leri-cr3=100,leri-cr1=13 leri-cr2=100 leri-cr3=100,leri-cr1=13 leri-cr2=100 leri-cr3=100,1171Mbit,1171Mbit,1
1790953407.689,leri-cr1=13 leri-cr2=100 leri-cr3=100,leri-cr1=13 leri-cr2=100 leri-cr3=100,leri-cr1=13 leri-cr2=100 leri-cr3=100,1171Mbit,1171Mbit,1
1790953417.740,leri-cr1=13 leri-cr2=100 leri-cr3=100,leri-cr1=13 leri-cr2=100 leri-cr3=100,leri-cr1=13 leri-cr2=100 leri-cr3=100,1171Mbit,1171Mbit,1
1790953428.020,leri-cr1=13 leri-cr2=100 leri-cr3=100,leri-cr1=13 leri-cr2=100 leri-cr3=100,leri-cr1=13 leri-cr2=100 leri-cr3=100,1171Mbit,1171Mbit,1
1790953438.067,leri-cr1=13 leri-cr2=100 leri-cr3=100,leri-cr1=13 leri-cr2=100 leri-cr3=100,leri-cr1=13 leri-cr2=100 leri-cr3=100,1171Mbit,1171Mbit,1
1790953448.120,leri-cr1=13 leri-cr2=100 leri-cr3=100,leri-cr1=13 leri-cr2=100 leri-cr3=100,leri-cr1=13 leri-cr2=100 leri-cr3=100,1171Mbit,1171Mbit,1
1790953458.174,leri-cr1=13 leri-cr2=100 leri-cr3=100,leri-cr1=13 leri-cr2=100 leri-cr3=100,leri-cr1=13 leri-cr2=100 leri-cr3=100,1171Mbit,1171Mbit,1
1790953468.230,leri-cr1=13 leri-cr2=100 leri-cr3=100,leri-cr1=13 leri-cr2=100 leri-cr3=100,leri-cr1=13 leri-cr2=100 leri-cr3=100,1171Mbit,1171Mbit,1
1790953478.289,leri-cr1=13 leri-cr2=100 leri-cr3=100,leri-cr1=13 leri-cr2=100 leri-cr3=100,leri-cr1=13 leri-cr2=100 leri-cr3=100,1171Mbit,1171Mbit,1
1790953488.568,leri-cr1=13 leri-cr2=100 leri-cr3=100,leri-cr1=13 leri-cr2=100 leri-cr3=100,leri-cr1=13 leri-cr2=100 leri-cr3=100,1171Mbit,1171Mbit,1
1790953498.617,leri-cr1=13 leri-cr2=100 leri-cr3=100,leri-cr1=13 leri-cr2=100 leri-cr3=100,leri-cr1=13 leri-cr2=100 leri-cr3=100,1171Mbit,1171Mbit,1
1790953508.671,leri-cr1=13 leri-cr2=100 leri-cr3=100,leri-cr1=13 leri-cr2=100 leri-cr3=100,leri-cr1=13 leri-cr2=100 leri-cr3=100,1171Mbit,1171Mbit,1
1790953518.725,leri-cr1=13 leri-cr2=100 leri-cr3=100,leri-cr1=13 leri-cr2=100 leri-cr3=100,leri-cr1=13 leri-cr2=100 leri-cr3=100,1171Mbit,1171Mbit,1
1790953528.782,leri-cr1=13 leri-cr2=100 leri-cr3=100,leri-cr1=13 leri-cr2=100 leri-cr3=100,leri-cr1=13 leri-cr2=100 leri-cr3=100,1171Mbit,1171Mbit,1
1790953538.836,leri-cr1=13 leri-cr2=100 leri-cr3=100,leri-cr1=13 leri-cr2=100 leri-cr3=100,leri-cr1=13 leri-cr2=100 leri-cr3=100,1171Mbit,1171Mbit,1
1790953549.088,leri-cr1=13 leri-cr2=100 leri-cr3=100,leri-cr1=13 leri-cr2=100 leri-cr3=100,leri-cr1=13 leri-cr2=100 leri-cr3=100,1171Mbit,1171Mbit,1
1790953559.142,leri-cr1=13 leri-cr2=100 leri-cr3=100,leri-cr1=13 leri-cr2=100 leri-cr3=100,leri-cr1=13 leri-cr2=100 leri-cr3=100,1171Mbit,1171Mbit,1
1790953569.211,leri-cr1=13 leri-cr2=100 leri-cr3=100,leri-cr1=13 leri-cr2=100 leri-cr3=100,leri-cr1=13 leri-cr2=100 leri-cr3=100,1171Mbit,1171Mbit,1
1790953579.261,leri-cr1=13 leri-cr2=100 leri-cr3=100,leri-cr1=13 leri-cr2=100 leri-cr3=100,leri-cr1=13 leri-cr2=100 leri-cr3=100,1171Mbit,1171Mbit,1
1790953589.315,leri-cr1=13 leri-cr2=100 leri-cr3=100,leri-cr1=13 leri-cr2=100 leri-cr3=100,leri-cr1=13 leri-cr2=100 leri-cr3=100,1171Mbit,1171Mbit,1
1790953599.364,leri-cr1=13 leri-cr2=100 leri-cr3=100,leri-cr1=13 leri-cr2=100 leri-cr3=100,leri-cr1=13 leri-cr2=100 leri-cr3=100,1171Mbit,1171Mbit,1
1790953609.631,leri-cr1=13 leri-cr2=100 leri-cr3=100,leri-cr1=13 leri-cr2=100 leri-cr3=100,leri-cr1=13 leri-cr2=100 leri-cr3=100,1171Mbit,1171Mbit,1
1790953619.687,leri-cr1=13 leri-cr2=100 leri-cr3=100,leri-cr1=13 leri-cr2=100 leri-cr3=100,leri-cr1=13 leri-cr2=100 leri-cr3=100,1171Mbit,1171Mbit,1
1790953629.743,leri-cr1=13 leri-cr2=100 leri-cr3=100,leri-cr1=13 leri-cr2=100 leri-cr3=100,leri-cr1=13 leri-cr2=100 leri-cr3=100,1171Mbit,1171Mbit,1
1790953639.792,leri-cr1=13 leri-cr2=100 leri-cr3=100,leri-cr1=13 leri-cr2=100 leri-cr3=100,leri-cr1=13 leri-cr2=100 leri-cr3=100,1171Mbit,1171Mbit,1
1790953649.853,leri-cr1=13 leri-cr2=100 leri-cr3=100,leri-cr1=13 leri-cr2=100 leri-cr3=100,leri-cr1=13 leri-cr2=100 leri-cr3=100,1171Mbit,1171Mbit,1
1790953659.899,leri-cr1=13 leri-cr2=100 leri-cr3=100,leri-cr1=13 leri-cr2=100 leri-cr3=100,leri-cr1=13 leri-cr2=100 leri-cr3=100,1171Mbit,1171Mbit,1
1790953670.125,leri-cr1=13 leri-cr2=100 leri-cr3=100,leri-cr1=13 leri-cr2=100 leri-cr3=100,leri-cr1=13 leri-cr2=100 leri-cr3=100,1171Mbit,1171Mbit,1
1790953680.166,leri-cr1=13 leri-cr2=100 leri-cr3=100,leri-cr1=13 leri-cr2=100 leri-cr3=100,leri-cr1=13 leri-cr2=100 leri-cr3=100,1171Mbit,1171Mbit,1
1790953690.216,leri-cr1=13 leri-cr2=100 leri-cr3=100,leri-cr1=13 leri-cr2=100 leri-cr3=100,leri-cr1=13 leri-cr2=100 leri-cr3=100,1171Mbit,1171Mbit,1
1790953700.264,leri-cr1=13 leri-cr2=100 leri-cr3=100,leri-cr1=13 leri-cr2=100 leri-cr3=100,leri-cr1=13 leri-cr2=100 leri-cr3=100,1171Mbit,1171Mbit,1
1790953710.315,leri-cr1=13 leri-cr2=100 leri-cr3=100,leri-cr1=13 leri-cr2=100 leri-cr3=100,leri-cr1=13 leri-cr2=100 leri-cr3=100,1171Mbit,1171Mbit,1
1790953720.369,leri-cr1=13 leri-cr2=100 leri-cr3=100,leri-cr1=13 leri-cr2=100 leri-cr3=100,leri-cr1=13 leri-cr2=100 leri-cr3=100,1171Mbit,1171Mbit,1
1790953730.664,leri-cr1=13 leri-cr2=100 leri-cr3=100,leri-cr1=13 leri-cr2=100 leri-cr3=100,leri-cr1=13 leri-cr2=100 leri-cr3=100,1171Mbit,1171Mbit,1
1790953740.720,leri-cr1=13 leri-cr2=100 leri-cr3=100,leri-cr1=13 leri-cr2=100 leri-cr3=100,leri-cr1=13 leri-cr2=100 leri-cr3=100,1171Mbit,1171Mbit,1
1790953750.772,leri-cr1=13 leri-cr2=100 leri-cr3=100,leri-cr1=13 leri-cr2=100 leri-cr3=100,leri-cr1=13 leri-cr2=100 leri-cr3=100,1171Mbit,1171Mbit,1
1790953760.826,leri-cr1=13 leri-cr2=100 leri-cr3=100,leri-cr1=13 leri-cr2=100 leri-cr3=100,leri-cr1=13 leri-cr2=100 leri-cr3=100,1171Mbit,1171Mbit,1
1790953770.878,leri-cr1=13 leri-cr2=100 leri-cr3=100,leri-cr1=13 leri-cr2=100 leri-cr3=100,leri-cr1=13 leri-cr2=100 leri-cr3=100,1171Mbit,1171Mbit,1
1790953780.930,leri-cr1=13 leri-cr2=100 leri-cr3=100,leri-cr1=13 leri-cr2=100 leri-cr3=100,leri-cr1=13 leri-cr2=100 leri-cr3=100,1171Mbit,1171Mbit,1
1790953791.218,leri-cr1=13 leri-cr2=100 leri-cr3=100,leri-cr1=13 leri-cr2=100 leri-cr3=100,leri-cr1=13 leri-cr2=100 leri-cr3=100,1171Mbit,1171Mbit,1
1790953801.270,leri-cr1=13 leri-cr2=100 leri-cr3=100,leri-cr1=13 leri-cr2=100 leri-cr3=100,leri-cr1=13 leri-cr2=100 leri-cr3=100,1171Mbit,1171Mbit,1
1790953811.320,leri-cr1=13 leri-cr2=100 leri-cr3=100,leri-cr1=13 leri-cr2=100 leri-cr3=100,leri-cr1=13 leri-cr2=100 leri-cr3=100,1171Mbit,1171Mbit,1
1790953821.368,leri-cr1=13 leri-cr2=100 leri-cr3=100,leri-cr1=13 leri-cr2=100 leri-cr3=100,leri-cr1=13 leri-cr2=100 leri-cr3=100,1171Mbit,1171Mbit,1
1790953831.408,leri-cr1=13 leri-cr2=100 leri-cr3=100,leri-cr1=13 leri-cr2=100 leri-cr3=100,leri-cr1=13 leri-cr2=100 leri-cr3=100,1171Mbit,1171Mbit,1
1790953841.459,leri-cr1=13 leri-cr2=100 leri-cr3=100,leri-cr1=13 leri-cr2=100 leri-cr3=100,leri-cr1=13 leri-cr2=100 leri-cr3=100,1171Mbit,1171Mbit,1
1790953851.773,leri-cr1=13 leri-cr2=100 leri-cr3=100,leri-cr1=13 leri-cr2=100 leri-cr3=100,leri-cr1=13 leri-cr2=100 leri-cr3=100,1171Mbit,1171Mbit,1
1790953861.830,leri-cr1=13 leri-cr2=100 leri-cr3=100,leri-cr1=13 leri-cr2=100 leri-cr3=100,leri-cr1=13 leri-cr2=100 leri-cr3=100,1171Mbit,1171Mbit,1
1790953871.918,leri-cr1=13 leri-cr2=100 leri-cr3=100,leri-cr1=13 leri-cr2=100 leri-cr3=100,leri-cr1=13 leri-cr2=100 leri-cr3=100,1171Mbit,1171Mbit,1
1790953881.971,leri-cr1=13 leri-cr2=100 leri-cr3=100,leri-cr1=13 leri-cr2=100 leri-cr3=100,leri-cr1=13 leri-cr2=100 leri-cr3=100,1171Mbit,1171Mbit,1
1790953892.018,leri-cr1=13 leri-cr2=100 leri-cr3=100,leri-cr1=13 leri-cr2=100 leri-cr3=100,leri-cr1=13 leri-cr2=100 leri-cr3=100,1171Mbit,1171Mbit,1
1790953902.072,leri-cr1=13 leri-cr2=100 leri-cr3=100,leri-cr1=13 leri-cr2=100 leri-cr3=100,leri-cr1=13 leri-cr2=100 leri-cr3=100,1171Mbit,1171Mbit,1
1790953912.336,leri-cr1=13 leri-cr2=100 leri-cr3=100,leri-cr1=13 leri-cr2=100 leri-cr3=100,leri-cr1=13 leri-cr2=100 leri-cr3=100,1171Mbit,1171Mbit,1
1790953922.391,leri-cr1=13 leri-cr2=100 leri-cr3=100,leri-cr1=13 leri-cr2=100 leri-cr3=100,leri-cr1=13 leri-cr2=100 leri-cr3=100,1171Mbit,1171Mbit,1
1790953932.446,leri-cr1=13 leri-cr2=100 leri-cr3=100,leri-cr1=13 leri-cr2=100 leri-cr3=100,leri-cr1=13 leri-cr2=100 leri-cr3=100,1171Mbit,1171Mbit,1
1790953942.495,leri-cr1=13 leri-cr2=100 leri-cr3=100,leri-cr1=13 leri-cr2=100 leri-cr3=100,leri-cr1=13 leri-cr2=100 leri-cr3=100,1171Mbit,1171Mbit,1
1790953952.552,leri-cr1=13 leri-cr2=100 leri-cr3=100,leri-cr1=13 leri-cr2=100 leri-cr3=100,leri-cr1=13 leri-cr2=100 leri-cr3=100,1171Mbit,1171Mbit,1
1790953962.603,leri-cr1=13 leri-cr2=100 leri-cr3=100,leri-cr1=13 leri-cr2=100 leri-cr3=100,leri-cr1=13 leri-cr2=100 leri-cr3=100,1171Mbit,1171Mbit,1
1790953972.877,leri-cr1=13 leri-cr2=100 leri-cr3=100,leri-cr1=13 leri-cr2=100 leri-cr3=100,leri-cr1=13 leri-cr2=100 leri-cr3=100,1171Mbit,1171Mbit,1
1790953982.926,leri-cr1=13 leri-cr2=100 leri-cr3=100,leri-cr1=13 leri-cr2=100 leri-cr3=100,leri-cr1=13 leri-cr2=100 leri-cr3=100,1171Mbit,1171Mbit,1
1790953992.979,leri-cr1=13 leri-cr2=100 leri-cr3=100,leri-cr1=13 leri-cr2=100 leri-cr3=100,leri-cr1=13 leri-cr2=100 leri-cr3=100,1171Mbit,1171Mbit,1
1790954003.027,leri-cr1=13 leri-cr2=100 leri-cr3=100,leri-cr1=13 leri-cr2=100 leri-cr3=100,leri-cr1=13 leri-cr2=100 leri-cr3=100,1171Mbit,1171Mbit,1
1790954013.078,leri-cr1=13 leri-cr2=100 leri-cr3=100,leri-cr1=13 leri-cr2=100 leri-cr3=100,leri-cr1=13 leri-cr2=100 leri-cr3=100,1171Mbit,1171Mbit,1
1790954023.134,leri-cr1=13 leri-cr2=100 leri-cr3=100,leri-cr1=13 leri-cr2=100 leri-cr3=100,leri-cr1=13 leri-cr2=100 leri-cr3=100,1171Mbit,1171Mbit,1
1790954033.410,leri-cr1=13 leri-cr2=100 leri-cr3=100,leri-cr1=13 leri-cr2=100 leri-cr3=100,leri-cr1=13 leri-cr2=100 leri-cr3=100,1171Mbit,1171Mbit,1
1790954043.460,leri-cr1=13 leri-cr2=100 leri-cr3=100,leri-cr1=13 leri-cr2=100 leri-cr3=100,leri-cr1=13 leri-cr2=100 leri-cr3=100,1171Mbit,1171Mbit,1
1790954053.512,leri-cr1=13 leri-cr2=100 leri-cr3=100,leri-cr1=13 leri-cr2=100 leri-cr3=100,leri-cr1=13 leri-cr2=100 leri-cr3=100,1171Mbit,1171Mbit,1
1790954063.561,leri-cr1=13 leri-cr2=100 leri-cr3=100,leri-cr1=13 leri-cr2=100 leri-cr3=100,leri-cr1=13 leri-cr2=100 leri-cr3=100,1171Mbit,1171Mbit,1
1790954073.612,leri-cr1=13 leri-cr2=100 leri-cr3=100,leri-cr1=13 leri-cr2=100 leri-cr3=100,leri-cr1=13 leri-cr2=100 leri-cr3=100,1171Mbit,1171Mbit,1
1790954083.665,leri-cr1=13 leri-cr2=100 leri-cr3=100,leri-cr1=13 leri-cr2=100 leri-cr3=100,leri-cr1=13 leri-cr2=100 leri-cr3=100,1171Mbit,1171Mbit,1
1790954093.950,leri-cr1=13 leri-cr2=100 leri-cr3=100,leri-cr1=13 leri-cr2=100 leri-cr3=100,leri-cr1=13 leri-cr2=100 leri-cr3=100,1171Mbit,1171Mbit,1
1790954103.997,leri-cr1=13 leri-cr2=100 leri-cr3=100,leri-cr1=13 leri-cr2=100 leri-cr3=100,leri-cr1=13 leri-cr2=100 leri-cr3=100,1171Mbit,1171Mbit,0
1790954114.080,leri-cr1=13 leri-cr2=100 leri-cr3=100,leri-cr1=13 leri-cr2=100 leri-cr3=100,leri-cr1=13 leri-cr2=100 leri-cr3=100,1171Mbit,1171Mbit,0
1790954124.162,leri-cr1=13 leri-cr2=100 leri-cr3=100,leri-cr1=13 leri-cr2=100 leri-cr3=100,leri-cr1=13 leri-cr2=100 leri-cr3=100,1171Mbit,1171Mbit,0
1790954134.242,leri-cr1=13 leri-cr2=100 leri-cr3=100,leri-cr1=13 leri-cr2=100 leri-cr3=100,leri-cr1=13 leri-cr2=100 leri-cr3=100,1171Mbit,1171Mbit,0
1790954144.320,leri-cr1=13 leri-cr2=100 leri-cr3=100,leri-cr1=13 leri-cr2=100 leri-cr3=100,leri-cr1=13 leri-cr2=100 leri-cr3=100,1171Mbit,1171Mbit,0
1790954154.766,leri-cr1=13 leri-cr2=100 leri-cr3=100,leri-cr1=13 leri-cr2=100 leri-cr3=100,leri-cr1=13 leri-cr2=100 leri-cr3=100,1171Mbit,1171Mbit,0
1790954164.851,leri-cr1=13 leri-cr2=100 leri-cr3=100,leri-cr1=13 leri-cr2=100 leri-cr3=100,leri-cr1=13 leri-cr2=100 leri-cr3=100,1171Mbit,1171Mbit,0
1790954174.930,leri-cr1=13 leri-cr2=100 leri-cr3=100,leri-cr1=13 leri-cr2=100 leri-cr3=100,leri-cr1=13 leri-cr2=100 leri-cr3=100,1171Mbit,1171Mbit,0
1790954185.010,leri-cr1=13 leri-cr2=100 leri-cr3=100,leri-cr1=13 leri-cr2=100 leri-cr3=100,leri-cr1=13 leri-cr2=100 leri-cr3=100,1171Mbit,1171Mbit,0
1790954195.091,leri-cr1=13 leri-cr2=100 leri-cr3=100,leri-cr1=13 leri-cr2=100 leri-cr3=100,leri-cr1=13 leri-cr2=100 leri-cr3=100,1171Mbit,1171Mbit,0
1790954205.170,leri-cr1=13 leri-cr2=100 leri-cr3=100,leri-cr1=13 leri-cr2=100 leri-cr3=100,leri-cr1=13 leri-cr2=100 leri-cr3=100,1171Mbit,1171Mbit,0
1790954215.594,leri-cr1=13 leri-cr2=100 leri-cr3=100,leri-cr1=13 leri-cr2=100 leri-cr3=100,leri-cr1=13 leri-cr2=100 leri-cr3=100,1171Mbit,1171Mbit,0
1790954225.676,leri-cr1=13 leri-cr2=100 leri-cr3=100,leri-cr1=13 leri-cr2=100 leri-cr3=100,leri-cr1=13 leri-cr2=100 leri-cr3=100,1171Mbit,1171Mbit,0
1790954235.729,leri-cr1=13 leri-cr2=100 leri-cr3=100,leri-cr1=13 leri-cr2=100 leri-cr3=100,leri-cr1=13 leri-cr2=100 leri-cr3=100,1171Mbit,1171Mbit,0
1790954245.780,leri-cr1=13 leri-cr2=100 leri-cr3=100,leri-cr1=13 leri-cr2=100 leri-cr3=100,leri-cr1=13 leri-cr2=100 leri-cr3=100,1171Mbit,1171Mbit,1
1790954255.828,leri-cr1=13 leri-cr2=100 leri-cr3=100,leri-cr1=13 leri-cr2=100 leri-cr3=100,leri-cr1=13 leri-cr2=100 leri-cr3=100,1171Mbit,1171Mbit,1
1790954265.877,leri-cr1=13 leri-cr2=100 leri-cr3=100,leri-cr1=13 leri-cr2=100 leri-cr3=100,leri-cr1=13 leri-cr2=100 leri-cr3=100,1171Mbit,1171Mbit,1
1790954276.104,leri-cr1=13 leri-cr2=100 leri-cr3=100,leri-cr1=13 leri-cr2=100 leri-cr3=100,leri-cr1=13 leri-cr2=100 leri-cr3=100,1171Mbit,1171Mbit,1
1790954286.154,leri-cr1=13 leri-cr2=100 leri-cr3=100,leri-cr1=13 leri-cr2=100 leri-cr3=100,leri-cr1=13 leri-cr2=100 leri-cr3=100,1171Mbit,1171Mbit,1
1790954296.206,leri-cr1=13 leri-cr2=100 leri-cr3=100,leri-cr1=13 leri-cr2=100 leri-cr3=100,leri-cr1=13 leri-cr2=100 leri-cr3=100,1171Mbit,1171Mbit,1
1790954306.256,leri-cr1=13 leri-cr2=100 leri-cr3=100,leri-cr1=13 leri-cr2=100 leri-cr3=100,leri-cr1=13 leri-cr2=100 leri-cr3=100,1171Mbit,1171Mbit,1
1790954316.314,leri-cr1=13 leri-cr2=100 leri-cr3=100,leri-cr1=13 leri-cr2=100 leri-cr3=100,leri-cr1=13 leri-cr2=100 leri-cr3=100,1171Mbit,1171Mbit,1
1790954326.364,leri-cr1=13 leri-cr2=100 leri-cr3=100,leri-cr1=13 leri-cr2=100 leri-cr3=100,leri-cr1=13 leri-cr2=100 leri-cr3=100,1171Mbit,1171Mbit,1
1790954336.634,leri-cr1=13 leri-cr2=100 leri-cr3=100,leri-cr1=13 leri-cr2=100 leri-cr3=100,leri-cr1=13 leri-cr2=100 leri-cr3=100,1171Mbit,1171Mbit,1
1790954346.680,leri-cr1=13 leri-cr2=100 leri-cr3=100,leri-cr1=13 leri-cr2=100 leri-cr3=100,leri-cr1=13 leri-cr2=100 leri-cr3=100,1171Mbit,1171Mbit,1
1790954356.726,leri-cr1=13 leri-cr2=100 leri-cr3=100,leri-cr1=13 leri-cr2=100 leri-cr3=100,leri-cr1=13 leri-cr2=100 leri-cr3=100,1171Mbit,1171Mbit,1
1790954366.775,leri-cr1=13 leri-cr2=100 leri-cr3=100,leri-cr1=13 leri-cr2=100 leri-cr3=100,leri-cr1=13 leri-cr2=100 leri-cr3=100,1171Mbit,1171Mbit,1
1790954376.829,leri-cr1=13 leri-cr2=100 leri-cr3=100,leri-cr1=13 leri-cr2=100 leri-cr3=100,leri-cr1=13 leri-cr2=100 leri-cr3=100,1171Mbit,1171Mbit,1
1790954386.883,leri-cr1=13 leri-cr2=100 leri-cr3=100,leri-cr1=13 leri-cr2=100 leri-cr3=100,leri-cr1=13 leri-cr2=100 leri-cr3=100,1171Mbit,1171Mbit,1
1790954397.189,leri-cr1=13 leri-cr2=100 leri-cr3=100,leri-cr1=13 leri-cr2=100 leri-cr3=100,leri-cr1=13 leri-cr2=100 leri-cr3=100,1171Mbit,1171Mbit,1
1790954407.242,leri-cr1=13 leri-cr2=100 leri-cr3=100,leri-cr1=13 leri-cr2=100 leri-cr3=100,leri-cr1=13 leri-cr2=100 leri-cr3=100,1171Mbit,1171Mbit,1
1790954417.289,leri-cr1=13 leri-cr2=100 leri-cr3=100,leri-cr1=13 leri-cr2=100 leri-cr3=100,leri-cr1=13 leri-cr2=100 leri-cr3=100,1171Mbit,1171Mbit,1
1790954427.335,leri-cr1=13 leri-cr2=100 leri-cr3=100,leri-cr1=13 leri-cr2=100 leri-cr3=100,leri-cr1=13 leri-cr2=100 leri-cr3=100,1171Mbit,1171Mbit,1
1790954437.384,leri-cr1=13 leri-cr2=100 leri-cr3=100,leri-cr1=13 leri-cr2=100 leri-cr3=100,leri-cr1=13 leri-cr2=100 leri-cr3=100,1171Mbit,1171Mbit,1
1790954447.434,leri-cr1=13 leri-cr2=100 leri-cr3=100,leri-cr1=13 leri-cr2=100 leri-cr3=100,leri-cr1=13 leri-cr2=100 leri-cr3=100,1171Mbit,1171Mbit,1
1790954457.735,leri-cr1=13 leri-cr2=100 leri-cr3=100,leri-cr1=13 leri-cr2=100 leri-cr3=100,leri-cr1=13 leri-cr2=100 leri-cr3=100,1171Mbit,1171Mbit,1
1790954467.790,leri-cr1=13 leri-cr2=100 leri-cr3=100,leri-cr1=13 leri-cr2=100 leri-cr3=100,leri-cr1=13 leri-cr2=100 leri-cr3=100,1171Mbit,1171Mbit,1
1790954477.838,leri-cr1=13 leri-cr2=100 leri-cr3=100,leri-cr1=13 leri-cr2=100 leri-cr3=100,leri-cr1=13 leri-cr2=100 leri-cr3=100,1171Mbit,1171Mbit,1
1790954487.890,leri-cr1=13 leri-cr2=100 leri-cr3=100,leri-cr1=13 leri-cr2=100 leri-cr3=100,leri-cr1=13 leri-cr2=100 leri-cr3=100,1171Mbit,1171Mbit,1
1790954497.944,leri-cr1=13 leri-cr2=100 leri-cr3=100,leri-cr1=13 leri-cr2=100 leri-cr3=100,leri-cr1=13 leri-cr2=100 leri-cr3=100,1171Mbit,1171Mbit,1
1790954507.998,leri-cr1=13 leri-cr2=100 leri-cr3=100,leri-cr1=13 leri-cr2=100 leri-cr3=100,leri-cr1=13 leri-cr2=100 leri-cr3=100,1171Mbit,1171Mbit,1
1790954518.313,leri-cr1=13 leri-cr2=100 leri-cr3=100,leri-cr1=13 leri-cr2=100 leri-cr3=100,leri-cr1=13 leri-cr2=100 leri-cr3=100,1171Mbit,1171Mbit,1
1790954528.369,leri-cr1=13 leri-cr2=100 leri-cr3=100,leri-cr1=13 leri-cr2=100 leri-cr3=100,leri-cr1=13 leri-cr2=100 leri-cr3=100,1171Mbit,1171Mbit,1
1790954538.422,leri-cr1=13 leri-cr2=100 leri-cr3=100,leri-cr1=13 leri-cr2=100 leri-cr3=100,leri-cr1=13 leri-cr2=100 leri-cr3=100,1171Mbit,1171Mbit,1
1790954548.477,leri-cr1=13 leri-cr2=100 leri-cr3=100,leri-cr1=13 leri-cr2=100 leri-cr3=100,leri-cr1=13 leri-cr2=100 leri-cr3=100,1171Mbit,1171Mbit,1
1790954558.531,leri-cr1=13 leri-cr2=100 leri-cr3=100,leri-cr1=13 leri-cr2=100 leri-cr3=100,leri-cr1=13 leri-cr2=100 leri-cr3=100,1171Mbit,1171Mbit,1
1790954568.838,leri-cr1=13 leri-cr2=100 leri-cr3=100,leri-cr1=13 leri-cr2=100 leri-cr3=100,leri-cr1=13 leri-cr2=100 leri-cr3=100,1171Mbit,1171Mbit,1
1790954578.887,leri-cr1=13 leri-cr2=100 leri-cr3=100,leri-cr1=13 leri-cr2=100 leri-cr3=100,leri-cr1=13 leri-cr2=100 leri-cr3=100,1171Mbit,1171Mbit,1
1790954588.927,leri-cr1=13 leri-cr2=100 leri-cr3=100,leri-cr1=13 leri-cr2=100 leri-cr3=100,leri-cr1=13 leri-cr2=100 leri-cr3=100,1171Mbit,1171Mbit,1
1790954598.976,leri-cr1=13 leri-cr2=100 leri-cr3=100,leri-cr1=13 leri-cr2=100 leri-cr3=100,leri-cr1=13 leri-cr2=100 leri-cr3=100,1171Mbit,1171Mbit,1
1790954609.021,leri-cr1=13 leri-cr2=100 leri-cr3=100,leri-cr1=13 leri-cr2=100 leri-cr3=100,leri-cr1=13 leri-cr2=100 leri-cr3=100,1171Mbit,1171Mbit,1
1790954619.072,leri-cr1=13 leri-cr2=100 leri-cr3=100,leri-cr1=13 leri-cr2=100 leri-cr3=100,leri-cr1=13 leri-cr2=100 leri-cr3=100,1171Mbit,1171Mbit,1
1790954629.341,leri-cr1=13 leri-cr2=100 leri-cr3=100,leri-cr1=13 leri-cr2=100 leri-cr3=100,leri-cr1=13 leri-cr2=100 leri-cr3=100,1171Mbit,1171Mbit,1
1790954639.393,leri-cr1=13 leri-cr2=100 leri-cr3=100,leri-cr1=13 leri-cr2=100 leri-cr3=100,leri-cr1=13 leri-cr2=100 leri-cr3=100,1171Mbit,1171Mbit,1
1790954649.447,leri-cr1=13 leri-cr2=100 leri-cr3=100,leri-cr1=13 leri-cr2=100 leri-cr3=100,leri-cr1=13 leri-cr2=100 leri-cr3=100,1171Mbit,1171Mbit,1
1790954659.496,leri-cr1=13 leri-cr2=100 leri-cr3=100,leri-cr1=13 leri-cr2=100 leri-cr3=100,leri-cr1=13 leri-cr2=100 leri-cr3=100,1171Mbit,1171Mbit,1
1790954669.547,leri-cr1=13 leri-cr2=100 leri-cr3=100,leri-cr1=13 leri-cr2=100 leri-cr3=100,leri-cr1=13 leri-cr2=100 leri-cr3=100,1171Mbit,1171Mbit,1
1790954679.598,leri-cr1=13 leri-cr2=100 leri-cr3=100,leri-cr1=13 leri-cr2=100 leri-cr3=100,leri-cr1=13 leri-cr2=100 leri-cr3=100,1171Mbit,1171Mbit,1
1790954689.790,leri-cr1=13 leri-cr2=100 leri-cr3=100,leri-cr1=13 leri-cr2=100 leri-cr3=100,leri-cr1=13 leri-cr2=100 leri-cr3=100,1171Mbit,1171Mbit,1
1790954699.842,leri-cr1=13 leri-cr2=100 leri-cr3=100,leri-cr1=13 leri-cr2=100 leri-cr3=100,leri-cr1=13 leri-cr2=100 leri-cr3=100,1171Mbit,1171Mbit,1
1790954709.891,leri-cr1=13 leri-cr2=100 leri-cr3=100,leri-cr1=13 leri-cr2=100 leri-cr3=100,leri-cr1=13 leri-cr2=100 leri-cr3=100,1171Mbit,1171Mbit,1
1790954719.938,leri-cr1=13 leri-cr2=100 leri-cr3=100,leri-cr1=13 leri-cr2=100 leri-cr3=100,leri-cr1=13 leri-cr2=100 leri-cr3=100,1171Mbit,1171Mbit,1
1790954729.991,leri-cr1=13 leri-cr2=100 leri-cr3=100,leri-cr1=13 leri-cr2=100 leri-cr3=100,leri-cr1=13 leri-cr2=100 leri-cr3=100,1171Mbit,1171Mbit,1
1790954740.065,leri-cr1=13 leri-cr2=100 leri-cr3=100,leri-cr1=13 leri-cr2=100 leri-cr3=100,leri-cr1=13 leri-cr2=100 leri-cr3=100,1171Mbit,1171Mbit,1
1790954750.359,leri-cr1=13 leri-cr2=100 leri-cr3=100,leri-cr1=13 leri-cr2=100 leri-cr3=100,leri-cr1=13 leri-cr2=100 leri-cr3=100,1171Mbit,1171Mbit,1
1790954760.404,leri-cr1=13 leri-cr2=100 leri-cr3=100,leri-cr1=13 leri-cr2=100 leri-cr3=100,leri-cr1=13 leri-cr2=100 leri-cr3=100,1171Mbit,1171Mbit,1
1790954770.458,leri-cr1=13 leri-cr2=100 leri-cr3=100,leri-cr1=13 leri-cr2=100 leri-cr3=100,leri-cr1=13 leri-cr2=100 leri-cr3=100,1171Mbit,1171Mbit,1
1790954780.508,leri-cr1=13 leri-cr2=100 leri-cr3=100,leri-cr1=13 leri-cr2=100 leri-cr3=100,leri-cr1=13 leri-cr2=100 leri-cr3=100,1171Mbit,1171Mbit,1
1790954790.556,leri-cr1=13 leri-cr2=100 leri-cr3=100,leri-cr1=13 leri-cr2=100 leri-cr3=100,leri-cr1=13 leri-cr2=100 leri-cr3=100,1171Mbit,1171Mbit,1
1790954800.616,leri-cr1=13 leri-cr2=100 leri-cr3=100,leri-cr1=13 leri-cr2=100 leri-cr3=100,leri-cr1=13 leri-cr2=100 leri-cr3=100,1171Mbit,1171Mbit,1
1790954810.896,leri-cr1=13 leri-cr2=100 leri-cr3=100,leri-cr1=13 leri-cr2=100 leri-cr3=100,leri-cr1=13 leri-cr2=100 leri-cr3=100,1171Mbit,1171Mbit,1
1790954820.952,leri-cr1=13 leri-cr2=100 leri-cr3=100,leri-cr1=13 leri-cr2=100 leri-cr3=100,leri-cr1=13 leri-cr2=100 leri-cr3=100,1171Mbit,1171Mbit,1
1790954831.007,leri-cr1=13 leri-cr2=100 leri-cr3=100,leri-cr1=13 leri-cr2=100 leri-cr3=100,leri-cr1=13 leri-cr2=100 leri-cr3=100,1171Mbit,1171Mbit,1
1790954841.057,leri-cr1=13 leri-cr2=100 leri-cr3=100,leri-cr1=13 leri-cr2=100 leri-cr3=100,leri-cr1=13 leri-cr2=100 leri-cr3=100,1171Mbit,1171Mbit,1
1790954851.109,leri-cr1=13 leri-cr2=100 leri-cr3=100,leri-cr1=13 leri-cr2=100 leri-cr3=100,leri-cr1=13 leri-cr2=100 leri-cr3=100,1171Mbit,1171Mbit,1
1790954861.161,leri-cr1=13 leri-cr2=100 leri-cr3=100,leri-cr1=13 leri-cr2=100 leri-cr3=100,leri-cr1=13 leri-cr2=100 leri-cr3=100,1171Mbit,1171Mbit,1
1790954871.423,leri-cr1=13 leri-cr2=100 leri-cr3=100,leri-cr1=13 leri-cr2=100 leri-cr3=100,leri-cr1=13 leri-cr2=100 leri-cr3=100,1171Mbit,1171Mbit,1
1790954881.478,leri-cr1=13 leri-cr2=100 leri-cr3=100,leri-cr1=13 leri-cr2=100 leri-cr3=100,leri-cr1=13 leri-cr2=100 leri-cr3=100,1171Mbit,1171Mbit,1
1790954891.521,leri-cr1=13 leri-cr2=100 leri-cr3=100,leri-cr1=13 leri-cr2=100 leri-cr3=100,leri-cr1=13 leri-cr2=100 leri-cr3=100,1171Mbit,1171Mbit,1
1790954901.580,leri-cr1=13 leri-cr2=100 leri-cr3=100,leri-cr1=13 leri-cr2=100 leri-cr3=100,leri-cr1=13 leri-cr2=100 leri-cr3=100,1171Mbit,1171Mbit,1
1790954911.636,leri-cr1=13 leri-cr2=100 leri-cr3=100,leri-cr1=13 leri-cr2=100 leri-cr3=100,leri-cr1=13 leri-cr2=100 leri-cr3=100,1171Mbit,1171Mbit,1
1790954921.693,leri-cr1=13 leri-cr2=100 leri-cr3=100,leri-cr1=13 leri-cr2=100 leri-cr3=100,leri-cr1=13 leri-cr2=100 leri-cr3=100,1171Mbit,1171Mbit,1
1790954931.982,leri-cr1=13 leri-cr2=100 leri-cr3=100,leri-cr1=13 leri-cr2=100 leri-cr3=100,leri-cr1=13 leri-cr2=100 leri-cr3=100,1171Mbit,1171Mbit,1
1790954942.036,leri-cr1=13 leri-cr2=100 leri-cr3=100,leri-cr1=13 leri-cr2=100 leri-cr3=100,leri-cr1=13 leri-cr2=100 leri-cr3=100,1171Mbit,1171Mbit,1
1790954952.087,leri-cr1=13 leri-cr2=100 leri-cr3=100,leri-cr1=13 leri-cr2=100 leri-cr3=100,leri-cr1=13 leri-cr2=100 leri-cr3=100,1171Mbit,1171Mbit,1
1790954962.139,leri-cr1=13 leri-cr2=100 leri-cr3=100,leri-cr1=13 leri-cr2=100 leri-cr3=100,leri-cr1=13 leri-cr2=100 leri-cr3=100,1171Mbit,1171Mbit,1
1790954972.192,leri-cr1=13 leri-cr2=100 leri-cr3=100,leri-cr1=13 leri-cr2=100 leri-cr3=100,leri-cr1=13 leri-cr2=100 leri-cr3=100,1171Mbit,1171Mbit,1
1790954982.244,leri-cr1=13 leri-cr2=100 leri-cr3=100,leri-cr1=13 leri-cr2=100 leri-cr3=100,leri-cr1=13 leri-cr2=100 leri-cr3=100,1171Mbit,1171Mbit,1
1790954992.518,leri-cr1=13 leri-cr2=100 leri-cr3=100,leri-cr1=13 leri-cr2=100 leri-cr3=100,leri-cr1=13 leri-cr2=100 leri-cr3=100,1171Mbit,1171Mbit,1
1790955002.567,leri-cr1=13 leri-cr2=100 leri-cr3=100,leri-cr1=13 leri-cr2=100 leri-cr3=100,leri-cr1=13 leri-cr2=100 leri-cr3=100,1171Mbit,1171Mbit,0
1790955012.640,leri-cr1=13 leri-cr2=100 leri-cr3=100,leri-cr1=13 leri-cr2=100 leri-cr3=100,leri-cr1=13 leri-cr2=100 leri-cr3=100,1171Mbit,1171Mbit,0
1790955022.709,leri-cr1=13 leri-cr2=100 leri-cr3=100,leri-cr1=13 leri-cr2=100 leri-cr3=100,leri-cr1=13 leri-cr2=100 leri-cr3=100,1171Mbit,1171Mbit,0
1790955032.780,leri-cr1=13 leri-cr2=100 leri-cr3=100,leri-cr1=13 leri-cr2=100 leri-cr3=100,leri-cr1=13 leri-cr2=100 leri-cr3=100,1171Mbit,1171Mbit,0
1790955042.855,leri-cr1=13 leri-cr2=100 leri-cr3=100,leri-cr1=13 leri-cr2=100 leri-cr3=100,leri-cr1=13 leri-cr2=100 leri-cr3=100,1171Mbit,1171Mbit,0
1790955053.276,leri-cr1=13 leri-cr2=100 leri-cr3=100,leri-cr1=13 leri-cr2=100 leri-cr3=100,leri-cr1=13 leri-cr2=100 leri-cr3=100,1171Mbit,1171Mbit,0
1790955063.352,leri-cr1=13 leri-cr2=100 leri-cr3=100,leri-cr1=13 leri-cr2=100 leri-cr3=100,leri-cr1=13 leri-cr2=100 leri-cr3=100,1171Mbit,1171Mbit,0
1790955073.431,leri-cr1=13 leri-cr2=100 leri-cr3=100,leri-cr1=13 leri-cr2=100 leri-cr3=100,leri-cr1=13 leri-cr2=100 leri-cr3=100,1171Mbit,1171Mbit,0
1790955083.505,leri-cr1=13 leri-cr2=100 leri-cr3=100,leri-cr1=13 leri-cr2=100 leri-cr3=100,leri-cr1=13 leri-cr2=100 leri-cr3=100,1171Mbit,1171Mbit,0
1790955093.580,leri-cr1=13 leri-cr2=100 leri-cr3=100,leri-cr1=13 leri-cr2=100 leri-cr3=100,leri-cr1=13 leri-cr2=100 leri-cr3=100,1171Mbit,1171Mbit,0
1790955103.654,leri-cr1=13 leri-cr2=100 leri-cr3=100,leri-cr1=13 leri-cr2=100 leri-cr3=100,leri-cr1=13 leri-cr2=100 leri-cr3=100,1171Mbit,1171Mbit,0
1790955114.064,leri-cr1=13 leri-cr2=100 leri-cr3=100,leri-cr1=13 leri-cr2=100 leri-cr3=100,leri-cr1=13 leri-cr2=100 leri-cr3=100,1171Mbit,1171Mbit,0
1790955124.141,leri-cr1=13 leri-cr2=100 leri-cr3=100,leri-cr1=13 leri-cr2=100 leri-cr3=100,leri-cr1=13 leri-cr2=100 leri-cr3=100,1171Mbit,1171Mbit,0
1790955134.196,leri-cr1=13 leri-cr2=100 leri-cr3=100,leri-cr1=13 leri-cr2=100 leri-cr3=100,leri-cr1=13 leri-cr2=100 leri-cr3=100,1171Mbit,1171Mbit,0
1790955144.249,leri-cr1=13 leri-cr2=100 leri-cr3=100,leri-cr1=13 leri-cr2=100 leri-cr3=100,leri-cr1=13 leri-cr2=100 leri-cr3=100,1171Mbit,1171Mbit,1
1790955154.305,leri-cr1=13 leri-cr2=100 leri-cr3=100,leri-cr1=13 leri-cr2=100 leri-cr3=100,leri-cr1=13 leri-cr2=100 leri-cr3=100,1171Mbit,1171Mbit,1
1790955164.356,leri-cr1=13 leri-cr2=100 leri-cr3=100,leri-cr1=13 leri-cr2=100 leri-cr3=100,leri-cr1=13 leri-cr2=100 leri-cr3=100,1171Mbit,1171Mbit,1
1790955174.614,leri-cr1=13 leri-cr2=100 leri-cr3=100,leri-cr1=13 leri-cr2=100 leri-cr3=100,leri-cr1=13 leri-cr2=100 leri-cr3=100,1171Mbit,1171Mbit,1
1790955184.667,leri-cr1=13 leri-cr2=100 leri-cr3=100,leri-cr1=13 leri-cr2=100 leri-cr3=100,leri-cr1=13 leri-cr2=100 leri-cr3=100,1171Mbit,1171Mbit,1
1790955194.722,leri-cr1=13 leri-cr2=100 leri-cr3=100,leri-cr1=13 leri-cr2=100 leri-cr3=100,leri-cr1=13 leri-cr2=100 leri-cr3=100,1171Mbit,1171Mbit,1
1790955204.766,leri-cr1=13 leri-cr2=100 leri-cr3=100,leri-cr1=13 leri-cr2=100 leri-cr3=100,leri-cr1=13 leri-cr2=100 leri-cr3=100,1171Mbit,1171Mbit,1
1790955214.823,leri-cr1=13 leri-cr2=100 leri-cr3=100,leri-cr1=13 leri-cr2=100 leri-cr3=100,leri-cr1=13 leri-cr2=100 leri-cr3=100,1171Mbit,1171Mbit,1
1790955224.873,leri-cr1=13 leri-cr2=100 leri-cr3=100,leri-cr1=13 leri-cr2=100 leri-cr3=100,leri-cr1=13 leri-cr2=100 leri-cr3=100,1171Mbit,1171Mbit,1
1790955235.103,leri-cr1=13 leri-cr2=100 leri-cr3=100,leri-cr1=13 leri-cr2=100 leri-cr3=100,leri-cr1=13 leri-cr2=100 leri-cr3=100,1171Mbit,1171Mbit,1
1790955245.184,leri-cr1=13 leri-cr2=100 leri-cr3=100,leri-cr1=13 leri-cr2=100 leri-cr3=100,leri-cr1=13 leri-cr2=100 leri-cr3=100,1171Mbit,1171Mbit,1
1790955255.242,leri-cr1=13 leri-cr2=100 leri-cr3=100,leri-cr1=13 leri-cr2=100 leri-cr3=100,leri-cr1=13 leri-cr2=100 leri-cr3=100,1171Mbit,1171Mbit,1
1790955265.290,leri-cr1=13 leri-cr2=100 leri-cr3=100,leri-cr1=13 leri-cr2=100 leri-cr3=100,leri-cr1=13 leri-cr2=100 leri-cr3=100,1171Mbit,1171Mbit,1
1790955275.341,leri-cr1=13 leri-cr2=100 leri-cr3=100,leri-cr1=13 leri-cr2=100 leri-cr3=100,leri-cr1=13 leri-cr2=100 leri-cr3=100,1171Mbit,1171Mbit,1
1790955285.402,leri-cr1=13 leri-cr2=100 leri-cr3=100,leri-cr1=13 leri-cr2=100 leri-cr3=100,leri-cr1=13 leri-cr2=100 leri-cr3=100,1171Mbit,1171Mbit,1
1790955295.670,leri-cr1=13 leri-cr2=100 leri-cr3=100,leri-cr1=13 leri-cr2=100 leri-cr3=100,leri-cr1=13 leri-cr2=100 leri-cr3=100,1171Mbit,1171Mbit,1
1790955305.721,leri-cr1=13 leri-cr2=100 leri-cr3=100,leri-cr1=13 leri-cr2=100 leri-cr3=100,leri-cr1=13 leri-cr2=100 leri-cr3=100,1171Mbit,1171Mbit,1
1790955315.773,leri-cr1=13 leri-cr2=100 leri-cr3=100,leri-cr1=13 leri-cr2=100 leri-cr3=100,leri-cr1=13 leri-cr2=100 leri-cr3=100,1171Mbit,1171Mbit,1
1790955325.828,leri-cr1=13 leri-cr2=100 leri-cr3=100,leri-cr1=13 leri-cr2=100 leri-cr3=100,leri-cr1=13 leri-cr2=100 leri-cr3=100,1171Mbit,1171Mbit,1
1790955335.877,leri-cr1=13 leri-cr2=100 leri-cr3=100,leri-cr1=13 leri-cr2=100 leri-cr3=100,leri-cr1=13 leri-cr2=100 leri-cr3=100,1171Mbit,1171Mbit,1
1790955345.936,leri-cr1=13 leri-cr2=100 leri-cr3=100,leri-cr1=13 leri-cr2=100 leri-cr3=100,leri-cr1=13 leri-cr2=100 leri-cr3=100,1171Mbit,1171Mbit,1
1790955356.174,leri-cr1=13 leri-cr2=100 leri-cr3=100,leri-cr1=13 leri-cr2=100 leri-cr3=100,leri-cr1=13 leri-cr2=100 leri-cr3=100,1171Mbit,1171Mbit,1
1790955366.226,leri-cr1=13 leri-cr2=100 leri-cr3=100,leri-cr1=13 leri-cr2=100 leri-cr3=100,leri-cr1=13 leri-cr2=100 leri-cr3=100,1171Mbit,1171Mbit,1
1790955376.278,leri-cr1=13 leri-cr2=100 leri-cr3=100,leri-cr1=13 leri-cr2=100 leri-cr3=100,leri-cr1=13 leri-cr2=100 leri-cr3=100,1171Mbit,1171Mbit,1
1790955386.332,leri-cr1=13 leri-cr2=100 leri-cr3=100,leri-cr1=13 leri-cr2=100 leri-cr3=100,leri-cr1=13 leri-cr2=100 leri-cr3=100,1171Mbit,1171Mbit,1
1790955396.386,leri-cr1=13 leri-cr2=100 leri-cr3=100,leri-cr1=13 leri-cr2=100 leri-cr3=100,leri-cr1=13 leri-cr2=100 leri-cr3=100,1171Mbit,1171Mbit,1
1790955406.444,leri-cr1=13 leri-cr2=100 leri-cr3=100,leri-cr1=13 leri-cr2=100 leri-cr3=100,leri-cr1=13 leri-cr2=100 leri-cr3=100,1171Mbit,1171Mbit,1
1790955416.731,leri-cr1=13 leri-cr2=100 leri-cr3=100,leri-cr1=13 leri-cr2=100 leri-cr3=100,leri-cr1=13 leri-cr2=100 leri-cr3=100,1171Mbit,1171Mbit,1
1790955426.784,leri-cr1=13 leri-cr2=100 leri-cr3=100,leri-cr1=13 leri-cr2=100 leri-cr3=100,leri-cr1=13 leri-cr2=100 leri-cr3=100,1171Mbit,1171Mbit,1
1790955436.838,leri-cr1=13 leri-cr2=100 leri-cr3=100,leri-cr1=13 leri-cr2=100 leri-cr3=100,leri-cr1=13 leri-cr2=100 leri-cr3=100,1171Mbit,1171Mbit,1
1790955446.888,leri-cr1=13 leri-cr2=100 leri-cr3=100,leri-cr1=13 leri-cr2=100 leri-cr3=100,leri-cr1=13 leri-cr2=100 leri-cr3=100,1171Mbit,1171Mbit,1
1790955456.944,leri-cr1=13 leri-cr2=100 leri-cr3=100,leri-cr1=13 leri-cr2=100 leri-cr3=100,leri-cr1=13 leri-cr2=100 leri-cr3=100,1171Mbit,1171Mbit,1
1790955466.999,leri-cr1=13 leri-cr2=100 leri-cr3=100,leri-cr1=13 leri-cr2=100 leri-cr3=100,leri-cr1=13 leri-cr2=100 leri-cr3=100,1171Mbit,1171Mbit,1
1790955477.262,leri-cr1=13 leri-cr2=100 leri-cr3=100,leri-cr1=13 leri-cr2=100 leri-cr3=100,leri-cr1=13 leri-cr2=100 leri-cr3=100,1171Mbit,1171Mbit,1
1790955487.318,leri-cr1=13 leri-cr2=100 leri-cr3=100,leri-cr1=13 leri-cr2=100 leri-cr3=100,leri-cr1=13 leri-cr2=100 leri-cr3=100,1171Mbit,1171Mbit,1
1790955497.369,leri-cr1=13 leri-cr2=100 leri-cr3=100,leri-cr1=13 leri-cr2=100 leri-cr3=100,leri-cr1=13 leri-cr2=100 leri-cr3=100,1171Mbit,1171Mbit,1
1790955507.411,leri-cr1=13 leri-cr2=100 leri-cr3=100,leri-cr1=13 leri-cr2=100 leri-cr3=100,leri-cr1=13 leri-cr2=100 leri-cr3=100,1171Mbit,1171Mbit,1
1790955517.470,leri-cr1=13 leri-cr2=100 leri-cr3=100,leri-cr1=13 leri-cr2=100 leri-cr3=100,leri-cr1=13 leri-cr2=100 leri-cr3=100,1171Mbit,1171Mbit,1
1790955527.512,leri-cr1=13 leri-cr2=100 leri-cr3=100,leri-cr1=13 leri-cr2=100 leri-cr3=100,leri-cr1=13 leri-cr2=100 leri-cr3=100,1171Mbit,1171Mbit,1
1790955537.773,leri-cr1=13 leri-cr2=100 leri-cr3=100,leri-cr1=13 leri-cr2=100 leri-cr3=100,leri-cr1=13 leri-cr2=100 leri-cr3=100,1171Mbit,1171Mbit,1
1790955547.818,leri-cr1=13 leri-cr2=100 leri-cr3=100,leri-cr1=13 leri-cr2=100 leri-cr3=100,leri-cr1=13 leri-cr2=100 leri-cr3=100,1171Mbit,1171Mbit,1
1790955557.870,leri-cr1=13 leri-cr2=100 leri-cr3=100,leri-cr1=13 leri-cr2=100 leri-cr3=100,leri-cr1=13 leri-cr2=100 leri-cr3=100,1171Mbit,1171Mbit,1
1790955567.923,leri-cr1=13 leri-cr2=100 leri-cr3=100,leri-cr1=13 leri-cr2=100 leri-cr3=100,leri-cr1=13 leri-cr2=100 leri-cr3=100,1171Mbit,1171Mbit,1
1790955577.973,leri-cr1=13 leri-cr2=100 leri-cr3=100,leri-cr1=13 leri-cr2=100 leri-cr3=100,leri-cr1=13 leri-cr2=100 leri-cr3=100,1171Mbit,1171Mbit,1
1790955588.025,leri-cr1=13 leri-cr2=100 leri-cr3=100,leri-cr1=13 leri-cr2=100 leri-cr3=100,leri-cr1=13 leri-cr2=100 leri-cr3=100,1171Mbit,1171Mbit,1
1790955598.316,leri-cr1=13 leri-cr2=100 leri-cr3=100,leri-cr1=13 leri-cr2=100 leri-cr3=100,leri-cr1=13 leri-cr2=100 leri-cr3=100,1171Mbit,1171Mbit,1
1790955608.371,leri-cr1=13 leri-cr2=100 leri-cr3=100,leri-cr1=13 leri-cr2=100 leri-cr3=100,leri-cr1=13 leri-cr2=100 leri-cr3=100,1171Mbit,1171Mbit,1
1790955618.423,leri-cr1=13 leri-cr2=100 leri-cr3=100,leri-cr1=13 leri-cr2=100 leri-cr3=100,leri-cr1=13 leri-cr2=100 leri-cr3=100,1171Mbit,1171Mbit,1
1790955628.471,leri-cr1=13 leri-cr2=100 leri-cr3=100,leri-cr1=13 leri-cr2=100 leri-cr3=100,leri-cr1=13 leri-cr2=100 leri-cr3=100,1171Mbit,1171Mbit,1
1790955638.518,leri-cr1=13 leri-cr2=100 leri-cr3=100,leri-cr1=13 leri-cr2=100 leri-cr3=100,leri-cr1=13 leri-cr2=100 leri-cr3=100,1171Mbit,1171Mbit,1
1790955648.569,leri-cr1=13 leri-cr2=100 leri-cr3=100,leri-cr1=13 leri-cr2=100 leri-cr3=100,leri-cr1=13 leri-cr2=100 leri-cr3=100,1171Mbit,1171Mbit,1
1790955658.846,leri-cr1=13 leri-cr2=100 leri-cr3=100,leri-cr1=13 leri-cr2=100 leri-cr3=100,leri-cr1=13 leri-cr2=100 leri-cr3=100,1171Mbit,1171Mbit,1
1790955668.903,leri-cr1=13 leri-cr2=100 leri-cr3=100,leri-cr1=13 leri-cr2=100 leri-cr3=100,leri-cr1=13 leri-cr2=100 leri-cr3=100,1171Mbit,1171Mbit,1
1790955678.951,leri-cr1=13 leri-cr2=100 leri-cr3=100,leri-cr1=13 leri-cr2=100 leri-cr3=100,leri-cr1=13 leri-cr2=100 leri-cr3=100,1171Mbit,1171Mbit,1
1790955689.002,leri-cr1=13 leri-cr2=100 leri-cr3=100,leri-cr1=13 leri-cr2=100 leri-cr3=100,leri-cr1=13 leri-cr2=100 leri-cr3=100,1171Mbit,1171Mbit,1
1790955699.053,leri-cr1=13 leri-cr2=100 leri-cr3=100,leri-cr1=13 leri-cr2=100 leri-cr3=100,leri-cr1=13 leri-cr2=100 leri-cr3=100,1171Mbit,1171Mbit,1
1790955709.104,leri-cr1=13 leri-cr2=100 leri-cr3=100,leri-cr1=13 leri-cr2=100 leri-cr3=100,leri-cr1=13 leri-cr2=100 leri-cr3=100,1171Mbit,1171Mbit,1
1790955719.390,leri-cr1=13 leri-cr2=100 leri-cr3=100,leri-cr1=13 leri-cr2=100 leri-cr3=100,leri-cr1=13 leri-cr2=100 leri-cr3=100,1171Mbit,1171Mbit,1
1790955729.443,leri-cr1=13 leri-cr2=100 leri-cr3=100,leri-cr1=13 leri-cr2=100 leri-cr3=100,leri-cr1=13 leri-cr2=100 leri-cr3=100,1171Mbit,1171Mbit,1
1790955739.491,leri-cr1=13 leri-cr2=100 leri-cr3=100,leri-cr1=13 leri-cr2=100 leri-cr3=100,leri-cr1=13 leri-cr2=100 leri-cr3=100,1171Mbit,1171Mbit,1
1790955749.546,leri-cr1=13 leri-cr2=100 leri-cr3=100,leri-cr1=13 leri-cr2=100 leri-cr3=100,leri-cr1=13 leri-cr2=100 leri-cr3=100,1171Mbit,1171Mbit,1
1790955759.605,leri-cr1=13 leri-cr2=100 leri-cr3=100,leri-cr1=13 leri-cr2=100 leri-cr3=100,leri-cr1=13 leri-cr2=100 leri-cr3=100,1171Mbit,1171Mbit,1
1790955769.661,leri-cr1=13 leri-cr2=100 leri-cr3=100,leri-cr1=13 leri-cr2=100 leri-cr3=100,leri-cr1=13 leri-cr2=100 leri-cr3=100,1171Mbit,1171Mbit,1
1790955779.944,leri-cr1=13 leri-cr2=100 leri-cr3=100,leri-cr1=13 leri-cr2=100 leri-cr3=100,leri-cr1=13 leri-cr2=100 leri-cr3=100,1171Mbit,1171Mbit,1
1790955789.999,leri-cr1=13 leri-cr2=100 leri-cr3=100,leri-cr1=13 leri-cr2=100 leri-cr3=100,leri-cr1=13 leri-cr2=100 leri-cr3=100,1171Mbit,1171Mbit,1
1790955800.053,leri-cr1=13 leri-cr2=100 leri-cr3=100,leri-cr1=13 leri-cr2=100 leri-cr3=100,leri-cr1=13 leri-cr2=100 leri-cr3=100,1171Mbit,1171Mbit,1
1790955810.104,leri-cr1=13 leri-cr2=100 leri-cr3=100,leri-cr1=13 leri-cr2=100 leri-cr3=100,leri-cr1=13 leri-cr2=100 leri-cr3=100,1171Mbit,1171Mbit,1
1790955820.159,leri-cr1=13 leri-cr2=100 leri-cr3=100,leri-cr1=13 leri-cr2=100 leri-cr3=100,leri-cr1=13 leri-cr2=100 leri-cr3=100,1171Mbit,1171Mbit,1
1790955830.345,leri-cr1=13 leri-cr2=100 leri-cr3=100,leri-cr1=13 leri-cr2=100 leri-cr3=100,leri-cr1=13 leri-cr2=100 leri-cr3=100,1171Mbit,1171Mbit,1
1790955840.395,leri-cr1=13 leri-cr2=100 leri-cr3=100,leri-cr1=13 leri-cr2=100 leri-cr3=100,leri-cr1=13 leri-cr2=100 leri-cr3=100,1171Mbit,1171Mbit,1
1790955850.445,leri-cr1=13 leri-cr2=100 leri-cr3=100,leri-cr1=13 leri-cr2=100 leri-cr3=100,leri-cr1=13 leri-cr2=100 leri-cr3=100,1171Mbit,1171Mbit,1
1790955860.497,leri-cr1=13 leri-cr2=100 leri-cr3=100,leri-cr1=13 leri-cr2=100 leri-cr3=100,leri-cr1=13 leri-cr2=100 leri-cr3=100,1171Mbit,1171Mbit,1
1790955870.543,leri-cr1=13 leri-cr2=100 leri-cr3=100,leri-cr1=13 leri-cr2=100 leri-cr3=100,leri-cr1=13 leri-cr2=100 leri-cr3=100,1171Mbit,1171Mbit,1
1790955880.593,leri-cr1=13 leri-cr2=100 leri-cr3=100,leri-cr1=13 leri-cr2=100 leri-cr3=100,leri-cr1=13 leri-cr2=100 leri-cr3=100,1171Mbit,1171Mbit,1
1790955890.854,leri-cr1=13 leri-cr2=100 leri-cr3=100,leri-cr1=13 leri-cr2=100 leri-cr3=100,leri-cr1=13 leri-cr2=100 leri-cr3=100,1171Mbit,1171Mbit,1
1790955900.907,leri-cr1=13 leri-cr2=100 leri-cr3=100,leri-cr1=13 leri-cr2=100 leri-cr3=100,leri-cr1=13 leri-cr2=100 leri-cr3=100,1171Mbit,1171Mbit,0
1790955910.980,leri-cr1=13 leri-cr2=100 leri-cr3=100,leri-cr1=13 leri-cr2=100 leri-cr3=100,leri-cr1=13 leri-cr2=100 leri-cr3=100,1171Mbit,1171Mbit,0
1790955921.049,leri-cr1=13 leri-cr2=100 leri-cr3=100,leri-cr1=13 leri-cr2=100 leri-cr3=100,leri-cr1=13 leri-cr2=100 leri-cr3=100,1171Mbit,1171Mbit,0
1790955931.124,leri-cr1=13 leri-cr2=100 leri-cr3=100,leri-cr1=13 leri-cr2=100 leri-cr3=100,leri-cr1=13 leri-cr2=100 leri-cr3=100,1171Mbit,1171Mbit,0
1790955941.196,leri-cr1=13 leri-cr2=100 leri-cr3=100,leri-cr1=13 leri-cr2=100 leri-cr3=100,leri-cr1=13 leri-cr2=100 leri-cr3=100,1171Mbit,1171Mbit,0
1790955951.595,leri-cr1=13 leri-cr2=100 leri-cr3=100,leri-cr1=13 leri-cr2=100 leri-cr3=100,leri-cr1=13 leri-cr2=100 leri-cr3=100,1171Mbit,1171Mbit,0
1790955961.672,leri-cr1=13 leri-cr2=100 leri-cr3=100,leri-cr1=13 leri-cr2=100 leri-cr3=100,leri-cr1=13 leri-cr2=100 leri-cr3=100,1171Mbit,1171Mbit,0
1790955971.750,leri-cr1=13 leri-cr2=100 leri-cr3=100,leri-cr1=13 leri-cr2=100 leri-cr3=100,leri-cr1=13 leri-cr2=100 leri-cr3=100,1171Mbit,1171Mbit,0
1790955981.824,leri-cr1=13 leri-cr2=100 leri-cr3=100,leri-cr1=13 leri-cr2=100 leri-cr3=100,leri-cr1=13 leri-cr2=100 leri-cr3=100,1171Mbit,1171Mbit,0
1790955991.897,leri-cr1=13 leri-cr2=100 leri-cr3=100,leri-cr1=13 leri-cr2=100 leri-cr3=100,leri-cr1=13 leri-cr2=100 leri-cr3=100,1171Mbit,1171Mbit,0
1790956001.975,leri-cr1=13 leri-cr2=100 leri-cr3=100,leri-cr1=13 leri-cr2=100 leri-cr3=100,leri-cr1=13 leri-cr2=100 leri-cr3=100,1171Mbit,1171Mbit,0
1790956012.378,leri-cr1=13 leri-cr2=100 leri-cr3=100,leri-cr1=13 leri-cr2=100 leri-cr3=100,leri-cr1=13 leri-cr2=100 leri-cr3=100,1171Mbit,1171Mbit,0
1790956022.456,leri-cr1=13 leri-cr2=100 leri-cr3=100,leri-cr1=13 leri-cr2=100 leri-cr3=100,leri-cr1=13 leri-cr2=100 leri-cr3=100,1171Mbit,1171Mbit,0
1790956032.502,leri-cr1=13 leri-cr2=100 leri-cr3=100,leri-cr1=13 leri-cr2=100 leri-cr3=100,leri-cr1=13 leri-cr2=100 leri-cr3=100,1171Mbit,1171Mbit,0
1790956042.560,leri-cr1=13 leri-cr2=100 leri-cr3=100,leri-cr1=13 leri-cr2=100 leri-cr3=100,leri-cr1=13 leri-cr2=100 leri-cr3=100,1171Mbit,1171Mbit,1
1790956052.615,leri-cr1=13 leri-cr2=100 leri-cr3=100,leri-cr1=13 leri-cr2=100 leri-cr3=100,leri-cr1=13 leri-cr2=100 leri-cr3=100,1171Mbit,1171Mbit,1
1790956062.670,leri-cr1=13 leri-cr2=100 leri-cr3=100,leri-cr1=13 leri-cr2=100 leri-cr3=100,leri-cr1=13 leri-cr2=100 leri-cr3=100,1171Mbit,1171Mbit,1
1790956072.995,leri-cr1=13 leri-cr2=100 leri-cr3=100,leri-cr1=13 leri-cr2=100 leri-cr3=100,leri-cr1=13 leri-cr2=100 leri-cr3=100,1171Mbit,1171Mbit,1
1790956083.044,leri-cr1=13 leri-cr2=100 leri-cr3=100,leri-cr1=13 leri-cr2=100 leri-cr3=100,leri-cr1=13 leri-cr2=100 leri-cr3=100,1171Mbit,1171Mbit,1
1790956093.101,leri-cr1=13 leri-cr2=100 leri-cr3=100,leri-cr1=13 leri-cr2=100 leri-cr3=100,leri-cr1=13 leri-cr2=100 leri-cr3=100,1171Mbit,1171Mbit,1
1790956103.154,leri-cr1=13 leri-cr2=100 leri-cr3=100,leri-cr1=13 leri-cr2=100 leri-cr3=100,leri-cr1=13 leri-cr2=100 leri-cr3=100,1171Mbit,1171Mbit,1
1790956113.210,leri-cr1=13 leri-cr2=100 leri-cr3=100,leri-cr1=13 leri-cr2=100 leri-cr3=100,leri-cr1=13 leri-cr2=100 leri-cr3=100,1171Mbit,1171Mbit,1
1790956123.301,leri-cr1=13 leri-cr2=100 leri-cr3=100,leri-cr1=13 leri-cr2=100 leri-cr3=100,leri-cr1=13 leri-cr2=100 leri-cr3=100,1171Mbit,1171Mbit,1
1790956133.606,leri-cr1=13 leri-cr2=100 leri-cr3=100,leri-cr1=13 leri-cr2=100 leri-cr3=100,leri-cr1=13 leri-cr2=100 leri-cr3=100,1171Mbit,1171Mbit,1
1790956143.652,leri-cr1=13 leri-cr2=100 leri-cr3=100,leri-cr1=13 leri-cr2=100 leri-cr3=100,leri-cr1=13 leri-cr2=100 leri-cr3=100,1171Mbit,1171Mbit,1
1790956153.702,leri-cr1=13 leri-cr2=100 leri-cr3=100,leri-cr1=13 leri-cr2=100 leri-cr3=100,leri-cr1=13 leri-cr2=100 leri-cr3=100,1171Mbit,1171Mbit,1
1790956163.751,leri-cr1=13 leri-cr2=100 leri-cr3=100,leri-cr1=13 leri-cr2=100 leri-cr3=100,leri-cr1=13 leri-cr2=100 leri-cr3=100,1171Mbit,1171Mbit,1
1790956173.800,leri-cr1=13 leri-cr2=100 leri-cr3=100,leri-cr1=13 leri-cr2=100 leri-cr3=100,leri-cr1=13 leri-cr2=100 leri-cr3=100,1171Mbit,1171Mbit,1
1790956183.849,leri-cr1=13 leri-cr2=100 leri-cr3=100,leri-cr1=13 leri-cr2=100 leri-cr3=100,leri-cr1=13 leri-cr2=100 leri-cr3=100,1171Mbit,1171Mbit,1
1790956194.064,leri-cr1=13 leri-cr2=100 leri-cr3=100,leri-cr1=13 leri-cr2=100 leri-cr3=100,leri-cr1=13 leri-cr2=100 leri-cr3=100,1171Mbit,1171Mbit,1
1790956204.117,leri-cr1=13 leri-cr2=100 leri-cr3=100,leri-cr1=13 leri-cr2=100 leri-cr3=100,leri-cr1=13 leri-cr2=100 leri-cr3=100,1171Mbit,1171Mbit,1
1790956214.168,leri-cr1=13 leri-cr2=100 leri-cr3=100,leri-cr1=13 leri-cr2=100 leri-cr3=100,leri-cr1=13 leri-cr2=100 leri-cr3=100,1171Mbit,1171Mbit,1
1790956224.223,leri-cr1=13 leri-cr2=100 leri-cr3=100,leri-cr1=13 leri-cr2=100 leri-cr3=100,leri-cr1=13 leri-cr2=100 leri-cr3=100,1171Mbit,1171Mbit,1
1790956234.271,leri-cr1=13 leri-cr2=100 leri-cr3=100,leri-cr1=13 leri-cr2=100 leri-cr3=100,leri-cr1=13 leri-cr2=100 leri-cr3=100,1171Mbit,1171Mbit,1
1790956244.321,leri-cr1=13 leri-cr2=100 leri-cr3=100,leri-cr1=13 leri-cr2=100 leri-cr3=100,leri-cr1=13 leri-cr2=100 leri-cr3=100,1171Mbit,1171Mbit,1
1790956254.626,leri-cr1=13 leri-cr2=100 leri-cr3=100,leri-cr1=13 leri-cr2=100 leri-cr3=100,leri-cr1=13 leri-cr2=100 leri-cr3=100,1171Mbit,1171Mbit,1
1790956264.677,leri-cr1=13 leri-cr2=100 leri-cr3=100,leri-cr1=13 leri-cr2=100 leri-cr3=100,leri-cr1=13 leri-cr2=100 leri-cr3=100,1171Mbit,1171Mbit,1
1790956274.725,leri-cr1=13 leri-cr2=100 leri-cr3=100,leri-cr1=13 leri-cr2=100 leri-cr3=100,leri-cr1=13 leri-cr2=100 leri-cr3=100,1171Mbit,1171Mbit,1
1790956284.782,leri-cr1=13 leri-cr2=100 leri-cr3=100,leri-cr1=13 leri-cr2=100 leri-cr3=100,leri-cr1=13 leri-cr2=100 leri-cr3=100,1171Mbit,1171Mbit,1
1790956294.830,leri-cr1=13 leri-cr2=100 leri-cr3=100,leri-cr1=13 leri-cr2=100 leri-cr3=100,leri-cr1=13 leri-cr2=100 leri-cr3=100,1171Mbit,1171Mbit,1
1790956304.882,leri-cr1=13 leri-cr2=100 leri-cr3=100,leri-cr1=13 leri-cr2=100 leri-cr3=100,leri-cr1=13 leri-cr2=100 leri-cr3=100,1171Mbit,1171Mbit,1
1790956315.169,leri-cr1=13 leri-cr2=100 leri-cr3=100,leri-cr1=13 leri-cr2=100 leri-cr3=100,leri-cr1=13 leri-cr2=100 leri-cr3=100,1171Mbit,1171Mbit,1
1790956325.222,leri-cr1=13 leri-cr2=100 leri-cr3=100,leri-cr1=13 leri-cr2=100 leri-cr3=100,leri-cr1=13 leri-cr2=100 leri-cr3=100,1171Mbit,1171Mbit,1
1790956335.270,leri-cr1=13 leri-cr2=100 leri-cr3=100,leri-cr1=13 leri-cr2=100 leri-cr3=100,leri-cr1=13 leri-cr2=100 leri-cr3=100,1171Mbit,1171Mbit,1
1790956345.324,leri-cr1=13 leri-cr2=100 leri-cr3=100,leri-cr1=13 leri-cr2=100 leri-cr3=100,leri-cr1=13 leri-cr2=100 leri-cr3=100,1171Mbit,1171Mbit,1
1790956355.384,leri-cr1=13 leri-cr2=100 leri-cr3=100,leri-cr1=13 leri-cr2=100 leri-cr3=100,leri-cr1=13 leri-cr2=100 leri-cr3=100,1171Mbit,1171Mbit,1
1790956365.436,leri-cr1=13 leri-cr2=100 leri-cr3=100,leri-cr1=13 leri-cr2=100 leri-cr3=100,leri-cr1=13 leri-cr2=100 leri-cr3=100,1171Mbit,1171Mbit,1
1790956375.655,leri-cr1=13 leri-cr2=100 leri-cr3=100,leri-cr1=13 leri-cr2=100 leri-cr3=100,leri-cr1=13 leri-cr2=100 leri-cr3=100,1171Mbit,1171Mbit,1
1790956385.711,leri-cr1=13 leri-cr2=100 leri-cr3=100,leri-cr1=13 leri-cr2=100 leri-cr3=100,leri-cr1=13 leri-cr2=100 leri-cr3=100,1171Mbit,1171Mbit,1
1790956395.765,leri-cr1=13 leri-cr2=100 leri-cr3=100,leri-cr1=13 leri-cr2=100 leri-cr3=100,leri-cr1=13 leri-cr2=100 leri-cr3=100,1171Mbit,1171Mbit,1
1790956405.817,leri-cr1=13 leri-cr2=100 leri-cr3=100,leri-cr1=13 leri-cr2=100 leri-cr3=100,leri-cr1=13 leri-cr2=100 leri-cr3=100,1171Mbit,1171Mbit,1
1790956415.877,leri-cr1=13 leri-cr2=100 leri-cr3=100,leri-cr1=13 leri-cr2=100 leri-cr3=100,leri-cr1=13 leri-cr2=100 leri-cr3=100,1171Mbit,1171Mbit,1
1790956425.923,leri-cr1=13 leri-cr2=100 leri-cr3=100,leri-cr1=13 leri-cr2=100 leri-cr3=100,leri-cr1=13 leri-cr2=100 leri-cr3=100,1171Mbit,1171Mbit,1
1790956436.223,leri-cr1=13 leri-cr2=100 leri-cr3=100,leri-cr1=13 leri-cr2=100 leri-cr3=100,leri-cr1=13 leri-cr2=100 leri-cr3=100,1171Mbit,1171Mbit,1
1790956446.279,leri-cr1=13 leri-cr2=100 leri-cr3=100,leri-cr1=13 leri-cr2=100 leri-cr3=100,leri-cr1=13 leri-cr2=100 leri-cr3=100,1171Mbit,1171Mbit,1
1790956456.326,leri-cr1=13 leri-cr2=100 leri-cr3=100,leri-cr1=13 leri-cr2=100 leri-cr3=100,leri-cr1=13 leri-cr2=100 leri-cr3=100,1171Mbit,1171Mbit,1
1790956466.378,leri-cr1=13 leri-cr2=100 leri-cr3=100,leri-cr1=13 leri-cr2=100 leri-cr3=100,leri-cr1=13 leri-cr2=100 leri-cr3=100,1171Mbit,1171Mbit,1
1790956476.431,leri-cr1=13 leri-cr2=100 leri-cr3=100,leri-cr1=13 leri-cr2=100 leri-cr3=100,leri-cr1=13 leri-cr2=100 leri-cr3=100,1171Mbit,1171Mbit,1
1790956486.477,leri-cr1=13 leri-cr2=100 leri-cr3=100,leri-cr1=13 leri-cr2=100 leri-cr3=100,leri-cr1=13 leri-cr2=100 leri-cr3=100,1171Mbit,1171Mbit,1
1790956496.747,leri-cr1=13 leri-cr2=100 leri-cr3=100,leri-cr1=13 leri-cr2=100 leri-cr3=100,leri-cr1=13 leri-cr2=100 leri-cr3=100,1171Mbit,1171Mbit,1
1790956506.804,leri-cr1=13 leri-cr2=100 leri-cr3=100,leri-cr1=13 leri-cr2=100 leri-cr3=100,leri-cr1=13 leri-cr2=100 leri-cr3=100,1171Mbit,1171Mbit,1
1790956516.853,leri-cr1=13 leri-cr2=100 leri-cr3=100,leri-cr1=13 leri-cr2=100 leri-cr3=100,leri-cr1=13 leri-cr2=100 leri-cr3=100,1171Mbit,1171Mbit,1
1790956526.911,leri-cr1=13 leri-cr2=100 leri-cr3=100,leri-cr1=13 leri-cr2=100 leri-cr3=100,leri-cr1=13 leri-cr2=100 leri-cr3=100,1171Mbit,1171Mbit,1
1790956536.967,leri-cr1=13 leri-cr2=100 leri-cr3=100,leri-cr1=13 leri-cr2=100 leri-cr3=100,leri-cr1=13 leri-cr2=100 leri-cr3=100,1171Mbit,1171Mbit,1
1790956547.011,leri-cr1=13 leri-cr2=100 leri-cr3=100,leri-cr1=13 leri-cr2=100 leri-cr3=100,leri-cr1=13 leri-cr2=100 leri-cr3=100,1171Mbit,1171Mbit,1
1790956557.259,leri-cr1=13 leri-cr2=100 leri-cr3=100,leri-cr1=13 leri-cr2=100 leri-cr3=100,leri-cr1=13 leri-cr2=100 leri-cr3=100,1171Mbit,1171Mbit,1
1790956567.316,leri-cr1=13 leri-cr2=100 leri-cr3=100,leri-cr1=13 leri-cr2=100 leri-cr3=100,leri-cr1=13 leri-cr2=100 leri-cr3=100,1171Mbit,1171Mbit,1
1790956577.365,leri-cr1=13 leri-cr2=100 leri-cr3=100,leri-cr1=13 leri-cr2=100 leri-cr3=100,leri-cr1=13 leri-cr2=100 leri-cr3=100,1171Mbit,1171Mbit,1
1790956587.419,leri-cr1=13 leri-cr2=100 leri-cr3=100,leri-cr1=13 leri-cr2=100 leri-cr3=100,leri-cr1=13 leri-cr2=100 leri-cr3=100,1171Mbit,1171Mbit,1
1790956597.472,leri-cr1=13 leri-cr2=100 leri-cr3=100,leri-cr1=13 leri-cr2=100 leri-cr3=100,leri-cr1=13 leri-cr2=100 leri-cr3=100,1171Mbit,1171Mbit,1
1790956607.522,leri-cr1=13 leri-cr2=100 leri-cr3=100,leri-cr1=13 leri-cr2=100 leri-cr3=100,leri-cr1=13 leri-cr2=100 leri-cr3=100,1171Mbit,1171Mbit,1
1790956617.813,leri-cr1=13 leri-cr2=100 leri-cr3=100,leri-cr1=13 leri-cr2=100 leri-cr3=100,leri-cr1=13 leri-cr2=100 leri-cr3=100,1171Mbit,1171Mbit,1
1790956627.867,leri-cr1=13 leri-cr2=100 leri-cr3=100,leri-cr1=13 leri-cr2=100 leri-cr3=100,leri-cr1=13 leri-cr2=100 leri-cr3=100,1171Mbit,1171Mbit,1
1790956637.918,leri-cr1=13 leri-cr2=100 leri-cr3=100,leri-cr1=13 leri-cr2=100 leri-cr3=100,leri-cr1=13 leri-cr2=100 leri-cr3=100,1171Mbit,1171Mbit,1
1790956647.970,leri-cr1=13 leri-cr2=100 leri-cr3=100,leri-cr1=13 leri-cr2=100 leri-cr3=100,leri-cr1=13 leri-cr2=100 leri-cr3=100,1171Mbit,1171Mbit,1
1790956658.015,leri-cr1=13 leri-cr2=100 leri-cr3=100,leri-cr1=13 leri-cr2=100 leri-cr3=100,leri-cr1=13 leri-cr2=100 leri-cr3=100,1171Mbit,1171Mbit,1
1790956668.068,leri-cr1=13 leri-cr2=100 leri-cr3=100,leri-cr1=13 leri-cr2=100 leri-cr3=100,leri-cr1=13 leri-cr2=100 leri-cr3=100,1171Mbit,1171Mbit,1
1790956678.372,leri-cr1=13 leri-cr2=100 leri-cr3=100,leri-cr1=13 leri-cr2=100 leri-cr3=100,leri-cr1=13 leri-cr2=100 leri-cr3=100,1171Mbit,1171Mbit,1
1790956688.427,leri-cr1=13 leri-cr2=100 leri-cr3=100,leri-cr1=13 leri-cr2=100 leri-cr3=100,leri-cr1=13 leri-cr2=100 leri-cr3=100,1171Mbit,1171Mbit,1
1790956698.524,leri-cr1=13 leri-cr2=100 leri-cr3=100,leri-cr1=13 leri-cr2=100 leri-cr3=100,leri-cr1=13 leri-cr2=100 leri-cr3=100,1171Mbit,1171Mbit,1
1790956708.574,leri-cr1=13 leri-cr2=100 leri-cr3=100,leri-cr1=13 leri-cr2=100 leri-cr3=100,leri-cr1=13 leri-cr2=100 leri-cr3=100,1171Mbit,1171Mbit,1
1790956718.622,leri-cr1=13 leri-cr2=100 leri-cr3=100,leri-cr1=13 leri-cr2=100 leri-cr3=100,leri-cr1=13 leri-cr2=100 leri-cr3=100,1171Mbit,1171Mbit,1
1790956728.674,leri-cr1=13 leri-cr2=100 leri-cr3=100,leri-cr1=13 leri-cr2=100 leri-cr3=100,leri-cr1=13 leri-cr2=100 leri-cr3=100,1171Mbit,1171Mbit,1
1790956738.951,leri-cr1=13 leri-cr2=100 leri-cr3=100,leri-cr1=13 leri-cr2=100 leri-cr3=100,leri-cr1=13 leri-cr2=100 leri-cr3=100,1171Mbit,1171Mbit,1
1790956749.005,leri-cr1=13 leri-cr2=100 leri-cr3=100,leri-cr1=13 leri-cr2=100 leri-cr3=100,leri-cr1=13 leri-cr2=100 leri-cr3=100,1171Mbit,1171Mbit,1
1790956759.064,leri-cr1=13 leri-cr2=100 leri-cr3=100,leri-cr1=13 leri-cr2=100 leri-cr3=100,leri-cr1=13 leri-cr2=100 leri-cr3=100,1171Mbit,1171Mbit,1
1790956769.116,leri-cr1=13 leri-cr2=100 leri-cr3=100,leri-cr1=13 leri-cr2=100 leri-cr3=100,leri-cr1=13 leri-cr2=100 leri-cr3=100,1171Mbit,1171Mbit,1
1790956779.171,leri-cr1=13 leri-cr2=100 leri-cr3=100,leri-cr1=13 leri-cr2=100 leri-cr3=100,leri-cr1=13 leri-cr2=100 leri-cr3=100,1171Mbit,1171Mbit,1
1790956789.218,leri-cr1=13 leri-cr2=100 leri-cr3=100,leri-cr1=13 leri-cr2=100 leri-cr3=100,leri-cr1=13 leri-cr2=100 leri-cr3=100,1171Mbit,1171Mbit,1
1790956799.492,leri-cr1=13 leri-cr2=100 leri-cr3=100,leri-cr1=13 leri-cr2=100 leri-cr3=100,leri-cr1=13 leri-cr2=100 leri-cr3=100,1171Mbit,1171Mbit,1
1790956809.567,leri-cr1=13 leri-cr2=100 leri-cr3=100,leri-cr1=13 leri-cr2=100 leri-cr3=100,leri-cr1=13 leri-cr2=100 leri-cr3=100,1171Mbit,1171Mbit,0
1790956819.644,leri-cr1=13 leri-cr2=100 leri-cr3=100,leri-cr1=13 leri-cr2=100 leri-cr3=100,leri-cr1=13 leri-cr2=100 leri-cr3=100,1171Mbit,1171Mbit,0
1790956829.725,leri-cr1=13 leri-cr2=100 leri-cr3=100,leri-cr1=13 leri-cr2=100 leri-cr3=100,leri-cr1=13 leri-cr2=100 leri-cr3=100,1171Mbit,1171Mbit,0
1790956839.805,leri-cr1=13 leri-cr2=100 leri-cr3=100,leri-cr1=13 leri-cr2=100 leri-cr3=100,leri-cr1=13 leri-cr2=100 leri-cr3=100,1171Mbit,1171Mbit,0
1790956849.921,leri-cr1=13 leri-cr2=100 leri-cr3=100,leri-cr1=13 leri-cr2=100 leri-cr3=100,leri-cr1=13 leri-cr2=100 leri-cr3=100,1171Mbit,1171Mbit,0
1790956860.352,leri-cr1=13 leri-cr2=100 leri-cr3=100,leri-cr1=13 leri-cr2=100 leri-cr3=100,leri-cr1=13 leri-cr2=100 leri-cr3=100,1171Mbit,1171Mbit,0
1790956870.433,leri-cr1=13 leri-cr2=100 leri-cr3=100,leri-cr1=13 leri-cr2=100 leri-cr3=100,leri-cr1=13 leri-cr2=100 leri-cr3=100,1171Mbit,1171Mbit,0
1790956880.518,leri-cr1=13 leri-cr2=100 leri-cr3=100,leri-cr1=13 leri-cr2=100 leri-cr3=100,leri-cr1=13 leri-cr2=100 leri-cr3=100,1171Mbit,1171Mbit,0
1790956890.593,leri-cr1=13 leri-cr2=100 leri-cr3=100,leri-cr1=13 leri-cr2=100 leri-cr3=100,leri-cr1=13 leri-cr2=100 leri-cr3=100,1171Mbit,1171Mbit,0
1790956900.674,leri-cr1=13 leri-cr2=100 leri-cr3=100,leri-cr1=13 leri-cr2=100 leri-cr3=100,leri-cr1=13 leri-cr2=100 leri-cr3=100,1171Mbit,1171Mbit,0
1790956910.756,leri-cr1=13 leri-cr2=100 leri-cr3=100,leri-cr1=13 leri-cr2=100 leri-cr3=100,leri-cr1=13 leri-cr2=100 leri-cr3=100,1171Mbit,1171Mbit,0
1790956921.165,leri-cr1=13 leri-cr2=100 leri-cr3=100,leri-cr1=13 leri-cr2=100 leri-cr3=100,leri-cr1=13 leri-cr2=100 leri-cr3=100,1171Mbit,1171Mbit,0
1790956931.214,leri-cr1=13 leri-cr2=100 leri-cr3=100,leri-cr1=13 leri-cr2=100 leri-cr3=100,leri-cr1=13 leri-cr2=100 leri-cr3=100,1171Mbit,1171Mbit,0
1790956941.267,leri-cr1=13 leri-cr2=100 leri-cr3=100,leri-cr1=13 leri-cr2=100 leri-cr3=100,leri-cr1=13 leri-cr2=100 leri-cr3=100,1171Mbit,1171Mbit,1
1790956951.319,leri-cr1=13 leri-cr2=100 leri-cr3=100,leri-cr1=13 leri-cr2=100 leri-cr3=100,leri-cr1=13 leri-cr2=100 leri-cr3=100,1171Mbit,1171Mbit,1
1790956961.371,leri-cr1=13 leri-cr2=100 leri-cr3=100,leri-cr1=13 leri-cr2=100 leri-cr3=100,leri-cr1=13 leri-cr2=100 leri-cr3=100,1171Mbit,1171Mbit,1
1790956971.427,leri-cr1=13 leri-cr2=100 leri-cr3=100,leri-cr1=13 leri-cr2=100 leri-cr3=100,leri-cr1=13 leri-cr2=100 leri-cr3=100,1171Mbit,1171Mbit,1
1790956981.719,leri-cr1=13 leri-cr2=100 leri-cr3=100,leri-cr1=13 leri-cr2=100 leri-cr3=100,leri-cr1=13 leri-cr2=100 leri-cr3=100,1171Mbit,1171Mbit,1
1790956991.777,leri-cr1=13 leri-cr2=100 leri-cr3=100,leri-cr1=13 leri-cr2=100 leri-cr3=100,leri-cr1=13 leri-cr2=100 leri-cr3=100,1171Mbit,1171Mbit,1
1790957001.830,leri-cr1=13 leri-cr2=100 leri-cr3=100,leri-cr1=13 leri-cr2=100 leri-cr3=100,leri-cr1=13 leri-cr2=100 leri-cr3=100,1171Mbit,1171Mbit,1
1790957011.884,leri-cr1=13 leri-cr2=100 leri-cr3=100,leri-cr1=13 leri-cr2=100 leri-cr3=100,leri-cr1=13 leri-cr2=100 leri-cr3=100,1171Mbit,1171Mbit,1
1790957021.934,leri-cr1=13 leri-cr2=100 leri-cr3=100,leri-cr1=13 leri-cr2=100 leri-cr3=100,leri-cr1=13 leri-cr2=100 leri-cr3=100,1171Mbit,1171Mbit,1
1790957031.988,leri-cr1=13 leri-cr2=100 leri-cr3=100,leri-cr1=13 leri-cr2=100 leri-cr3=100,leri-cr1=13 leri-cr2=100 leri-cr3=100,1171Mbit,1171Mbit,1
1790957042.293,leri-cr1=13 leri-cr2=100 leri-cr3=100,leri-cr1=13 leri-cr2=100 leri-cr3=100,leri-cr1=13 leri-cr2=100 leri-cr3=100,1171Mbit,1171Mbit,1
1790957052.347,leri-cr1=13 leri-cr2=100 leri-cr3=100,leri-cr1=13 leri-cr2=100 leri-cr3=100,leri-cr1=13 leri-cr2=100 leri-cr3=100,1171Mbit,1171Mbit,1
1790957062.399,leri-cr1=13 leri-cr2=100 leri-cr3=100,leri-cr1=13 leri-cr2=100 leri-cr3=100,leri-cr1=13 leri-cr2=100 leri-cr3=100,1171Mbit,1171Mbit,1
1790957072.451,leri-cr1=13 leri-cr2=100 leri-cr3=100,leri-cr1=13 leri-cr2=100 leri-cr3=100,leri-cr1=13 leri-cr2=100 leri-cr3=100,1171Mbit,1171Mbit,1
1790957082.495,leri-cr1=13 leri-cr2=100 leri-cr3=100,leri-cr1=13 leri-cr2=100 leri-cr3=100,leri-cr1=13 leri-cr2=100 leri-cr3=100,1171Mbit,1171Mbit,1
1790957092.552,leri-cr1=13 leri-cr2=100 leri-cr3=100,leri-cr1=13 leri-cr2=100 leri-cr3=100,leri-cr1=13 leri-cr2=100 leri-cr3=100,1171Mbit,1171Mbit,1
1790957102.829,leri-cr1=13 leri-cr2=100 leri-cr3=100,leri-cr1=13 leri-cr2=100 leri-cr3=100,leri-cr1=13 leri-cr2=100 leri-cr3=100,1171Mbit,1171Mbit,1
1790957112.879,leri-cr1=13 leri-cr2=100 leri-cr3=100,leri-cr1=13 leri-cr2=100 leri-cr3=100,leri-cr1=13 leri-cr2=100 leri-cr3=100,1171Mbit,1171Mbit,1
1790957122.926,leri-cr1=13 leri-cr2=100 leri-cr3=100,leri-cr1=13 leri-cr2=100 leri-cr3=100,leri-cr1=13 leri-cr2=100 leri-cr3=100,1171Mbit,1171Mbit,1
1790957132.981,leri-cr1=13 leri-cr2=100 leri-cr3=100,leri-cr1=13 leri-cr2=100 leri-cr3=100,leri-cr1=13 leri-cr2=100 leri-cr3=100,1171Mbit,1171Mbit,1
1790957143.035,leri-cr1=13 leri-cr2=100 leri-cr3=100,leri-cr1=13 leri-cr2=100 leri-cr3=100,leri-cr1=13 leri-cr2=100 leri-cr3=100,1171Mbit,1171Mbit,1
1790957153.086,leri-cr1=13 leri-cr2=100 leri-cr3=100,leri-cr1=13 leri-cr2=100 leri-cr3=100,leri-cr1=13 leri-cr2=100 leri-cr3=100,1171Mbit,1171Mbit,1
1790957163.337,leri-cr1=13 leri-cr2=100 leri-cr3=100,leri-cr1=13 leri-cr2=100 leri-cr3=100,leri-cr1=13 leri-cr2=100 leri-cr3=100,1171Mbit,1171Mbit,1
1790957173.390,leri-cr1=13 leri-cr2=100 leri-cr3=100,leri-cr1=13 leri-cr2=100 leri-cr3=100,leri-cr1=13 leri-cr2=100 leri-cr3=100,1171Mbit,1171Mbit,1
1790957183.443,leri-cr1=13 leri-cr2=100 leri-cr3=100,leri-cr1=13 leri-cr2=100 leri-cr3=100,leri-cr1=13 leri-cr2=100 leri-cr3=100,1171Mbit,1171Mbit,1
1790957193.498,leri-cr1=13 leri-cr2=100 leri-cr3=100,leri-cr1=13 leri-cr2=100 leri-cr3=100,leri-cr1=13 leri-cr2=100 leri-cr3=100,1171Mbit,1171Mbit,1
1790957203.549,leri-cr1=13 leri-cr2=100 leri-cr3=100,leri-cr1=13 leri-cr2=100 leri-cr3=100,leri-cr1=13 leri-cr2=100 leri-cr3=100,1171Mbit,1171Mbit,1
1790957213.596,leri-cr1=13 leri-cr2=100 leri-cr3=100,leri-cr1=13 leri-cr2=100 leri-cr3=100,leri-cr1=13 leri-cr2=100 leri-cr3=100,1171Mbit,1171Mbit,1
1790957223.844,leri-cr1=13 leri-cr2=100 leri-cr3=100,leri-cr1=13 leri-cr2=100 leri-cr3=100,leri-cr1=13 leri-cr2=100 leri-cr3=100,1171Mbit,1171Mbit,1
1790957233.893,leri-cr1=13 leri-cr2=100 leri-cr3=100,leri-cr1=13 leri-cr2=100 leri-cr3=100,leri-cr1=13 leri-cr2=100 leri-cr3=100,1171Mbit,1171Mbit,1
1790957243.947,leri-cr1=13 leri-cr2=100 leri-cr3=100,leri-cr1=13 leri-cr2=100 leri-cr3=100,leri-cr1=13 leri-cr2=100 leri-cr3=100,1171Mbit,1171Mbit,1
1790957254.036,leri-cr1=13 leri-cr2=100 leri-cr3=100,leri-cr1=13 leri-cr2=100 leri-cr3=100,leri-cr1=13 leri-cr2=100 leri-cr3=100,1171Mbit,1171Mbit,1
1790957264.091,leri-cr1=13 leri-cr2=100 leri-cr3=100,leri-cr1=13 leri-cr2=100 leri-cr3=100,leri-cr1=13 leri-cr2=100 leri-cr3=100,1171Mbit,1171Mbit,1
1790957274.146,leri-cr1=13 leri-cr2=100 leri-cr3=100,leri-cr1=13 leri-cr2=100 leri-cr3=100,leri-cr1=13 leri-cr2=100 leri-cr3=100,1171Mbit,1171Mbit,1
1790957284.405,leri-cr1=13 leri-cr2=100 leri-cr3=100,leri-cr1=13 leri-cr2=100 leri-cr3=100,leri-cr1=13 leri-cr2=100 leri-cr3=100,1171Mbit,1171Mbit,1
1790957294.458,leri-cr1=13 leri-cr2=100 leri-cr3=100,leri-cr1=13 leri-cr2=100 leri-cr3=100,leri-cr1=13 leri-cr2=100 leri-cr3=100,1171Mbit,1171Mbit,1
1790957304.517,leri-cr1=13 leri-cr2=100 leri-cr3=100,leri-cr1=13 leri-cr2=100 leri-cr3=100,leri-cr1=13 leri-cr2=100 leri-cr3=100,1171Mbit,1171Mbit,1
1790957314.573,leri-cr1=13 leri-cr2=100 leri-cr3=100,leri-cr1=13 leri-cr2=100 leri-cr3=100,leri-cr1=13 leri-cr2=100 leri-cr3=100,1171Mbit,1171Mbit,1
1790957324.624,leri-cr1=13 leri-cr2=100 leri-cr3=100,leri-cr1=13 leri-cr2=100 leri-cr3=100,leri-cr1=13 leri-cr2=100 leri-cr3=100,1171Mbit,1171Mbit,1
1790957334.919,leri-cr1=13 leri-cr2=100 leri-cr3=100,leri-cr1=13 leri-cr2=100 leri-cr3=100,leri-cr1=13 leri-cr2=100 leri-cr3=100,1171Mbit,1171Mbit,1
1790957344.967,leri-cr1=13 leri-cr2=100 leri-cr3=100,leri-cr1=13 leri-cr2=100 leri-cr3=100,leri-cr1=13 leri-cr2=100 leri-cr3=100,1171Mbit,1171Mbit,1
1790957355.021,leri-cr1=13 leri-cr2=100 leri-cr3=100,leri-cr1=13 leri-cr2=100 leri-cr3=100,leri-cr1=13 leri-cr2=100 leri-cr3=100,1171Mbit,1171Mbit,1
1790957365.067,leri-cr1=13 leri-cr2=100 leri-cr3=100,leri-cr1=13 leri-cr2=100 leri-cr3=100,leri-cr1=13 leri-cr2=100 leri-cr3=100,1171Mbit,1171Mbit,1
1790957375.119,leri-cr1=13 leri-cr2=100 leri-cr3=100,leri-cr1=13 leri-cr2=100 leri-cr3=100,leri-cr1=13 leri-cr2=100 leri-cr3=100,1171Mbit,1171Mbit,1
1790957385.202,leri-cr1=13 leri-cr2=100 leri-cr3=100,leri-cr1=13 leri-cr2=100 leri-cr3=100,leri-cr1=13 leri-cr2=100 leri-cr3=100,1171Mbit,1171Mbit,1
1790957395.467,leri-cr1=13 leri-cr2=100 leri-cr3=100,leri-cr1=13 leri-cr2=100 leri-cr3=100,leri-cr1=13 leri-cr2=100 leri-cr3=100,1171Mbit,1171Mbit,1
1790957405.509,leri-cr1=13 leri-cr2=100 leri-cr3=100,leri-cr1=13 leri-cr2=100 leri-cr3=100,leri-cr1=13 leri-cr2=100 leri-cr3=100,1171Mbit,1171Mbit,1
1790957415.563,leri-cr1=13 leri-cr2=100 leri-cr3=100,leri-cr1=13 leri-cr2=100 leri-cr3=100,leri-cr1=13 leri-cr2=100 leri-cr3=100,1171Mbit,1171Mbit,1
1790957425.614,leri-cr1=13 leri-cr2=100 leri-cr3=100,leri-cr1=13 leri-cr2=100 leri-cr3=100,leri-cr1=13 leri-cr2=100 leri-cr3=100,1171Mbit,1171Mbit,1
1790957435.666,leri-cr1=13 leri-cr2=100 leri-cr3=100,leri-cr1=13 leri-cr2=100 leri-cr3=100,leri-cr1=13 leri-cr2=100 leri-cr3=100,1171Mbit,1171Mbit,1
1790957445.719,leri-cr1=13 leri-cr2=100 leri-cr3=100,leri-cr1=13 leri-cr2=100 leri-cr3=100,leri-cr1=13 leri-cr2=100 leri-cr3=100,1171Mbit,1171Mbit,1
1790957455.967,leri-cr1=13 leri-cr2=100 leri-cr3=100,leri-cr1=13 leri-cr2=100 leri-cr3=100,leri-cr1=13 leri-cr2=100 leri-cr3=100,1171Mbit,1171Mbit,1
1790957466.024,leri-cr1=13 leri-cr2=100 leri-cr3=100,leri-cr1=13 leri-cr2=100 leri-cr3=100,leri-cr1=13 leri-cr2=100 leri-cr3=100,1171Mbit,1171Mbit,1
1790957476.074,leri-cr1=13 leri-cr2=100 leri-cr3=100,leri-cr1=13 leri-cr2=100 leri-cr3=100,leri-cr1=13 leri-cr2=100 leri-cr3=100,1171Mbit,1171Mbit,1
1790957486.124,leri-cr1=13 leri-cr2=100 leri-cr3=100,leri-cr1=13 leri-cr2=100 leri-cr3=100,leri-cr1=13 leri-cr2=100 leri-cr3=100,1171Mbit,1171Mbit,1
1790957496.175,leri-cr1=13 leri-cr2=100 leri-cr3=100,leri-cr1=13 leri-cr2=100 leri-cr3=100,leri-cr1=13 leri-cr2=100 leri-cr3=100,1171Mbit,1171Mbit,1
1790957506.222,leri-cr1=13 leri-cr2=100 leri-cr3=100,leri-cr1=13 leri-cr2=100 leri-cr3=100,leri-cr1=13 leri-cr2=100 leri-cr3=100,1171Mbit,1171Mbit,1
1790957516.482,leri-cr1=13 leri-cr2=100 leri-cr3=100,leri-cr1=13 leri-cr2=100 leri-cr3=100,leri-cr1=13 leri-cr2=100 leri-cr3=100,1171Mbit,1171Mbit,1
1790957526.528,leri-cr1=13 leri-cr2=100 leri-cr3=100,leri-cr1=13 leri-cr2=100 leri-cr3=100,leri-cr1=13 leri-cr2=100 leri-cr3=100,1171Mbit,1171Mbit,1
1790957536.579,leri-cr1=13 leri-cr2=100 leri-cr3=100,leri-cr1=13 leri-cr2=100 leri-cr3=100,leri-cr1=13 leri-cr2=100 leri-cr3=100,1171Mbit,1171Mbit,1
1790957546.629,leri-cr1=13 leri-cr2=100 leri-cr3=100,leri-cr1=13 leri-cr2=100 leri-cr3=100,leri-cr1=13 leri-cr2=100 leri-cr3=100,1171Mbit,1171Mbit,1
1790957556.682,leri-cr1=13 leri-cr2=100 leri-cr3=100,leri-cr1=13 leri-cr2=100 leri-cr3=100,leri-cr1=13 leri-cr2=100 leri-cr3=100,1171Mbit,1171Mbit,1
1790957566.732,leri-cr1=13 leri-cr2=100 leri-cr3=100,leri-cr1=13 leri-cr2=100 leri-cr3=100,leri-cr1=13 leri-cr2=100 leri-cr3=100,1171Mbit,1171Mbit,1
1790957577.007,leri-cr1=13 leri-cr2=100 leri-cr3=100,leri-cr1=13 leri-cr2=100 leri-cr3=100,leri-cr1=13 leri-cr2=100 leri-cr3=100,1171Mbit,1171Mbit,1
1790957587.054,leri-cr1=13 leri-cr2=100 leri-cr3=100,leri-cr1=13 leri-cr2=100 leri-cr3=100,leri-cr1=13 leri-cr2=100 leri-cr3=100,1171Mbit,1171Mbit,1
1790957597.105,leri-cr1=13 leri-cr2=100 leri-cr3=100,leri-cr1=13 leri-cr2=100 leri-cr3=100,leri-cr1=13 leri-cr2=100 leri-cr3=100,1171Mbit,1171Mbit,1
1790957607.156,leri-cr1=13 leri-cr2=100 leri-cr3=100,leri-cr1=13 leri-cr2=100 leri-cr3=100,leri-cr1=13 leri-cr2=100 leri-cr3=100,1171Mbit,1171Mbit,1
1790957617.211,leri-cr1=13 leri-cr2=100 leri-cr3=100,leri-cr1=13 leri-cr2=100 leri-cr3=100,leri-cr1=13 leri-cr2=100 leri-cr3=100,1171Mbit,1171Mbit,1
1790957627.255,leri-cr1=13 leri-cr2=100 leri-cr3=100,leri-cr1=13 leri-cr2=100 leri-cr3=100,leri-cr1=13 leri-cr2=100 leri-cr3=100,1171Mbit,1171Mbit,1
1790957637.526,leri-cr1=13 leri-cr2=100 leri-cr3=100,leri-cr1=13 leri-cr2=100 leri-cr3=100,leri-cr1=13 leri-cr2=100 leri-cr3=100,1171Mbit,1171Mbit,1
1790957647.572,leri-cr1=13 leri-cr2=100 leri-cr3=100,leri-cr1=13 leri-cr2=100 leri-cr3=100,leri-cr1=13 leri-cr2=100 leri-cr3=100,1171Mbit,1171Mbit,1
1790957657.627,leri-cr1=13 leri-cr2=100 leri-cr3=100,leri-cr1=13 leri-cr2=100 leri-cr3=100,leri-cr1=13 leri-cr2=100 leri-cr3=100,1171Mbit,1171Mbit,1
1790957667.714,leri-cr1=13 leri-cr2=100 leri-cr3=100,leri-cr1=13 leri-cr2=100 leri-cr3=100,leri-cr1=13 leri-cr2=100 leri-cr3=100,1171Mbit,1171Mbit,1
1790957677.759,leri-cr1=13 leri-cr2=100 leri-cr3=100,leri-cr1=13 leri-cr2=100 leri-cr3=100,leri-cr1=13 leri-cr2=100 leri-cr3=100,1171Mbit,1171Mbit,1
1790957687.812,leri-cr1=13 leri-cr2=100 leri-cr3=100,leri-cr1=13 leri-cr2=100 leri-cr3=100,leri-cr1=13 leri-cr2=100 leri-cr3=100,1171Mbit,1171Mbit,1
1790957698.062,leri-cr1=13 leri-cr2=100 leri-cr3=100,leri-cr1=13 leri-cr2=100 leri-cr3=100,leri-cr1=13 leri-cr2=100 leri-cr3=100,1171Mbit,1171Mbit,1
1790957708.113,leri-cr1=13 leri-cr2=100 leri-cr3=100,leri-cr1=13 leri-cr2=100 leri-cr3=100,leri-cr1=13 leri-cr2=100 leri-cr3=100,1171Mbit,1171Mbit,0
1790957718.186,leri-cr1=13 leri-cr2=100 leri-cr3=100,leri-cr1=13 leri-cr2=100 leri-cr3=100,leri-cr1=13 leri-cr2=100 leri-cr3=100,1171Mbit,1171Mbit,0
1790957728.259,leri-cr1=13 leri-cr2=100 leri-cr3=100,leri-cr1=13 leri-cr2=100 leri-cr3=100,leri-cr1=13 leri-cr2=100 leri-cr3=100,1171Mbit,1171Mbit,0
1790957738.332,leri-cr1=13 leri-cr2=100 leri-cr3=100,leri-cr1=13 leri-cr2=100 leri-cr3=100,leri-cr1=13 leri-cr2=100 leri-cr3=100,1171Mbit,1171Mbit,0
1790957748.405,leri-cr1=13 leri-cr2=100 leri-cr3=100,leri-cr1=13 leri-cr2=100 leri-cr3=100,leri-cr1=13 leri-cr2=100 leri-cr3=100,1171Mbit,1171Mbit,0
1790957758.819,leri-cr1=13 leri-cr2=100 leri-cr3=100,leri-cr1=13 leri-cr2=100 leri-cr3=100,leri-cr1=13 leri-cr2=100 leri-cr3=100,1171Mbit,1171Mbit,0
1790957768.895,leri-cr1=13 leri-cr2=100 leri-cr3=100,leri-cr1=13 leri-cr2=100 leri-cr3=100,leri-cr1=13 leri-cr2=100 leri-cr3=100,1171Mbit,1171Mbit,0
1790957778.970,leri-cr1=13 leri-cr2=100 leri-cr3=100,leri-cr1=13 leri-cr2=100 leri-cr3=100,leri-cr1=13 leri-cr2=100 leri-cr3=100,1171Mbit,1171Mbit,0
1790957789.048,leri-cr1=13 leri-cr2=100 leri-cr3=100,leri-cr1=13 leri-cr2=100 leri-cr3=100,leri-cr1=13 leri-cr2=100 leri-cr3=100,1171Mbit,1171Mbit,0
1790957799.125,leri-cr1=13 leri-cr2=100 leri-cr3=100,leri-cr1=13 leri-cr2=100 leri-cr3=100,leri-cr1=13 leri-cr2=100 leri-cr3=100,1171Mbit,1171Mbit,0
1790957809.203,leri-cr1=13 leri-cr2=100 leri-cr3=100,leri-cr1=13 leri-cr2=100 leri-cr3=100,leri-cr1=13 leri-cr2=100 leri-cr3=100,1171Mbit,1171Mbit,0
1790957819.606,leri-cr1=13 leri-cr2=100 leri-cr3=100,leri-cr1=13 leri-cr2=100 leri-cr3=100,leri-cr1=13 leri-cr2=100 leri-cr3=100,1171Mbit,1171Mbit,0
1790957829.648,leri-cr1=13 leri-cr2=100 leri-cr3=100,leri-cr1=13 leri-cr2=100 leri-cr3=100,leri-cr1=13 leri-cr2=100 leri-cr3=100,1171Mbit,1171Mbit,0
1790957839.698,leri-cr1=13 leri-cr2=100 leri-cr3=100,leri-cr1=13 leri-cr2=100 leri-cr3=100,leri-cr1=13 leri-cr2=100 leri-cr3=100,1171Mbit,1171Mbit,1
1790957849.746,leri-cr1=13 leri-cr2=100 leri-cr3=100,leri-cr1=13 leri-cr2=100 leri-cr3=100,leri-cr1=13 leri-cr2=100 leri-cr3=100,1171Mbit,1171Mbit,1
1790957859.799,leri-cr1=13 leri-cr2=100 leri-cr3=100,leri-cr1=13 leri-cr2=100 leri-cr3=100,leri-cr1=13 leri-cr2=100 leri-cr3=100,1171Mbit,1171Mbit,1
1790957869.850,leri-cr1=13 leri-cr2=100 leri-cr3=100,leri-cr1=13 leri-cr2=100 leri-cr3=100,leri-cr1=13 leri-cr2=100 leri-cr3=100,1171Mbit,1171Mbit,1
1790957880.088,leri-cr1=13 leri-cr2=100 leri-cr3=100,leri-cr1=13 leri-cr2=100 leri-cr3=100,leri-cr1=13 leri-cr2=100 leri-cr3=100,1171Mbit,1171Mbit,1
1790957890.139,leri-cr1=13 leri-cr2=100 leri-cr3=100,leri-cr1=13 leri-cr2=100 leri-cr3=100,leri-cr1=13 leri-cr2=100 leri-cr3=100,1171Mbit,1171Mbit,1
1790957900.190,leri-cr1=13 leri-cr2=100 leri-cr3=100,leri-cr1=13 leri-cr2=100 leri-cr3=100,leri-cr1=13 leri-cr2=100 leri-cr3=100,1171Mbit,1171Mbit,1
1790957910.246,leri-cr1=13 leri-cr2=100 leri-cr3=100,leri-cr1=13 leri-cr2=100 leri-cr3=100,leri-cr1=13 leri-cr2=100 leri-cr3=100,1171Mbit,1171Mbit,1
1790957920.299,leri-cr1=13 leri-cr2=100 leri-cr3=100,leri-cr1=13 leri-cr2=100 leri-cr3=100,leri-cr1=13 leri-cr2=100 leri-cr3=100,1171Mbit,1171Mbit,1
1790957930.352,leri-cr1=13 leri-cr2=100 leri-cr3=100,leri-cr1=13 leri-cr2=100 leri-cr3=100,leri-cr1=13 leri-cr2=100 leri-cr3=100,1171Mbit,1171Mbit,1
1790957940.642,leri-cr1=13 leri-cr2=100 leri-cr3=100,leri-cr1=13 leri-cr2=100 leri-cr3=100,leri-cr1=13 leri-cr2=100 leri-cr3=100,1171Mbit,1171Mbit,1
1790957950.690,leri-cr1=13 leri-cr2=100 leri-cr3=100,leri-cr1=13 leri-cr2=100 leri-cr3=100,leri-cr1=13 leri-cr2=100 leri-cr3=100,1171Mbit,1171Mbit,1
1790957960.742,leri-cr1=13 leri-cr2=100 leri-cr3=100,leri-cr1=13 leri-cr2=100 leri-cr3=100,leri-cr1=13 leri-cr2=100 leri-cr3=100,1171Mbit,1171Mbit,1
1790957970.788,leri-cr1=13 leri-cr2=100 leri-cr3=100,leri-cr1=13 leri-cr2=100 leri-cr3=100,leri-cr1=13 leri-cr2=100 leri-cr3=100,1171Mbit,1171Mbit,1
1790957980.851,leri-cr1=13 leri-cr2=100 leri-cr3=100,leri-cr1=13 leri-cr2=100 leri-cr3=100,leri-cr1=13 leri-cr2=100 leri-cr3=100,1171Mbit,1171Mbit,1
1790957990.902,leri-cr1=13 leri-cr2=100 leri-cr3=100,leri-cr1=13 leri-cr2=100 leri-cr3=100,leri-cr1=13 leri-cr2=100 leri-cr3=100,1171Mbit,1171Mbit,1
1790958001.183,leri-cr1=13 leri-cr2=100 leri-cr3=100,leri-cr1=13 leri-cr2=100 leri-cr3=100,leri-cr1=13 leri-cr2=100 leri-cr3=100,1171Mbit,1171Mbit,1
1790958011.234,leri-cr1=13 leri-cr2=100 leri-cr3=100,leri-cr1=13 leri-cr2=100 leri-cr3=100,leri-cr1=13 leri-cr2=100 leri-cr3=100,1171Mbit,1171Mbit,1
1790958021.290,leri-cr1=13 leri-cr2=100 leri-cr3=100,leri-cr1=13 leri-cr2=100 leri-cr3=100,leri-cr1=13 leri-cr2=100 leri-cr3=100,1171Mbit,1171Mbit,1
1790958031.343,leri-cr1=13 leri-cr2=100 leri-cr3=100,leri-cr1=13 leri-cr2=100 leri-cr3=100,leri-cr1=13 leri-cr2=100 leri-cr3=100,1171Mbit,1171Mbit,1
1790958041.394,leri-cr1=13 leri-cr2=100 leri-cr3=100,leri-cr1=13 leri-cr2=100 leri-cr3=100,leri-cr1=13 leri-cr2=100 leri-cr3=100,1171Mbit,1171Mbit,1
1790958051.443,leri-cr1=13 leri-cr2=100 leri-cr3=100,leri-cr1=13 leri-cr2=100 leri-cr3=100,leri-cr1=13 leri-cr2=100 leri-cr3=100,1171Mbit,1171Mbit,1
1790958061.682,leri-cr1=13 leri-cr2=100 leri-cr3=100,leri-cr1=13 leri-cr2=100 leri-cr3=100,leri-cr1=13 leri-cr2=100 leri-cr3=100,1171Mbit,1171Mbit,1
1790958071.731,leri-cr1=13 leri-cr2=100 leri-cr3=100,leri-cr1=13 leri-cr2=100 leri-cr3=100,leri-cr1=13 leri-cr2=100 leri-cr3=100,1171Mbit,1171Mbit,1
1790958081.786,leri-cr1=13 leri-cr2=100 leri-cr3=100,leri-cr1=13 leri-cr2=100 leri-cr3=100,leri-cr1=13 leri-cr2=100 leri-cr3=100,1171Mbit,1171Mbit,1
1790958091.833,leri-cr1=13 leri-cr2=100 leri-cr3=100,leri-cr1=13 leri-cr2=100 leri-cr3=100,leri-cr1=13 leri-cr2=100 leri-cr3=100,1171Mbit,1171Mbit,1
1790958101.887,leri-cr1=13 leri-cr2=100 leri-cr3=100,leri-cr1=13 leri-cr2=100 leri-cr3=100,leri-cr1=13 leri-cr2=100 leri-cr3=100,1171Mbit,1171Mbit,1
1790958111.937,leri-cr1=13 leri-cr2=100 leri-cr3=100,leri-cr1=13 leri-cr2=100 leri-cr3=100,leri-cr1=13 leri-cr2=100 leri-cr3=100,1171Mbit,1171Mbit,1
1790958122.230,leri-cr1=13 leri-cr2=100 leri-cr3=100,leri-cr1=13 leri-cr2=100 leri-cr3=100,leri-cr1=13 leri-cr2=100 leri-cr3=100,1171Mbit,1171Mbit,1
1790958132.278,leri-cr1=13 leri-cr2=100 leri-cr3=100,leri-cr1=13 leri-cr2=100 leri-cr3=100,leri-cr1=13 leri-cr2=100 leri-cr3=100,1171Mbit,1171Mbit,1
1790958142.329,leri-cr1=13 leri-cr2=100 leri-cr3=100,leri-cr1=13 leri-cr2=100 leri-cr3=100,leri-cr1=13 leri-cr2=100 leri-cr3=100,1171Mbit,1171Mbit,1
1790958152.383,leri-cr1=13 leri-cr2=100 leri-cr3=100,leri-cr1=13 leri-cr2=100 leri-cr3=100,leri-cr1=13 leri-cr2=100 leri-cr3=100,1171Mbit,1171Mbit,1
1790958162.434,leri-cr1=13 leri-cr2=100 leri-cr3=100,leri-cr1=13 leri-cr2=100 leri-cr3=100,leri-cr1=13 leri-cr2=100 leri-cr3=100,1171Mbit,1171Mbit,1
1790958172.488,leri-cr1=13 leri-cr2=100 leri-cr3=100,leri-cr1=13 leri-cr2=100 leri-cr3=100,leri-cr1=13 leri-cr2=100 leri-cr3=100,1171Mbit,1171Mbit,1
1790958182.759,leri-cr1=13 leri-cr2=100 leri-cr3=100,leri-cr1=13 leri-cr2=100 leri-cr3=100,leri-cr1=13 leri-cr2=100 leri-cr3=100,1171Mbit,1171Mbit,1
1790958192.806,leri-cr1=13 leri-cr2=100 leri-cr3=100,leri-cr1=13 leri-cr2=100 leri-cr3=100,leri-cr1=13 leri-cr2=100 leri-cr3=100,1171Mbit,1171Mbit,1
1790958202.855,leri-cr1=13 leri-cr2=100 leri-cr3=100,leri-cr1=13 leri-cr2=100 leri-cr3=100,leri-cr1=13 leri-cr2=100 leri-cr3=100,1171Mbit,1171Mbit,1
1790958212.911,leri-cr1=13 leri-cr2=100 leri-cr3=100,leri-cr1=13 leri-cr2=100 leri-cr3=100,leri-cr1=13 leri-cr2=100 leri-cr3=100,1171Mbit,1171Mbit,1
1790958222.963,leri-cr1=13 leri-cr2=100 leri-cr3=100,leri-cr1=13 leri-cr2=100 leri-cr3=100,leri-cr1=13 leri-cr2=100 leri-cr3=100,1171Mbit,1171Mbit,1
1790958233.016,leri-cr1=13 leri-cr2=100 leri-cr3=100,leri-cr1=13 leri-cr2=100 leri-cr3=100,leri-cr1=13 leri-cr2=100 leri-cr3=100,1171Mbit,1171Mbit,1
1790958243.312,leri-cr1=13 leri-cr2=100 leri-cr3=100,leri-cr1=13 leri-cr2=100 leri-cr3=100,leri-cr1=13 leri-cr2=100 leri-cr3=100,1171Mbit,1171Mbit,1
1790958253.368,leri-cr1=13 leri-cr2=100 leri-cr3=100,leri-cr1=13 leri-cr2=100 leri-cr3=100,leri-cr1=13 leri-cr2=100 leri-cr3=100,1171Mbit,1171Mbit,1
1790958263.418,leri-cr1=13 leri-cr2=100 leri-cr3=100,leri-cr1=13 leri-cr2=100 leri-cr3=100,leri-cr1=13 leri-cr2=100 leri-cr3=100,1171Mbit,1171Mbit,1
1790958273.471,leri-cr1=13 leri-cr2=100 leri-cr3=100,leri-cr1=13 leri-cr2=100 leri-cr3=100,leri-cr1=13 leri-cr2=100 leri-cr3=100,1171Mbit,1171Mbit,1
1790958283.521,leri-cr1=13 leri-cr2=100 leri-cr3=100,leri-cr1=13 leri-cr2=100 leri-cr3=100,leri-cr1=13 leri-cr2=100 leri-cr3=100,1171Mbit,1171Mbit,1
1790958293.575,leri-cr1=13 leri-cr2=100 leri-cr3=100,leri-cr1=13 leri-cr2=100 leri-cr3=100,leri-cr1=13 leri-cr2=100 leri-cr3=100,1171Mbit,1171Mbit,1
1790958303.842,leri-cr1=13 leri-cr2=100 leri-cr3=100,leri-cr1=13 leri-cr2=100 leri-cr3=100,leri-cr1=13 leri-cr2=100 leri-cr3=100,1171Mbit,1171Mbit,1
1790958313.895,leri-cr1=13 leri-cr2=100 leri-cr3=100,leri-cr1=13 leri-cr2=100 leri-cr3=100,leri-cr1=13 leri-cr2=100 leri-cr3=100,1171Mbit,1171Mbit,1
1790958323.952,leri-cr1=13 leri-cr2=100 leri-cr3=100,leri-cr1=13 leri-cr2=100 leri-cr3=100,leri-cr1=13 leri-cr2=100 leri-cr3=100,1171Mbit,1171Mbit,1
1790958333.997,leri-cr1=13 leri-cr2=100 leri-cr3=100,leri-cr1=13 leri-cr2=100 leri-cr3=100,leri-cr1=13 leri-cr2=100 leri-cr3=100,1171Mbit,1171Mbit,1
1790958344.046,leri-cr1=13 leri-cr2=100 leri-cr3=100,leri-cr1=13 leri-cr2=100 leri-cr3=100,leri-cr1=13 leri-cr2=100 leri-cr3=100,1171Mbit,1171Mbit,1
1790958354.109,leri-cr1=13 leri-cr2=100 leri-cr3=100,leri-cr1=13 leri-cr2=100 leri-cr3=100,leri-cr1=13 leri-cr2=100 leri-cr3=100,1171Mbit,1171Mbit,1
1790958364.370,leri-cr1=13 leri-cr2=100 leri-cr3=100,leri-cr1=13 leri-cr2=100 leri-cr3=100,leri-cr1=13 leri-cr2=100 leri-cr3=100,1171Mbit,1171Mbit,1
1790958374.413,leri-cr1=13 leri-cr2=100 leri-cr3=100,leri-cr1=13 leri-cr2=100 leri-cr3=100,leri-cr1=13 leri-cr2=100 leri-cr3=100,1171Mbit,1171Mbit,1
1790958384.464,leri-cr1=13 leri-cr2=100 leri-cr3=100,leri-cr1=13 leri-cr2=100 leri-cr3=100,leri-cr1=13 leri-cr2=100 leri-cr3=100,1171Mbit,1171Mbit,1
1790958394.516,leri-cr1=13 leri-cr2=100 leri-cr3=100,leri-cr1=13 leri-cr2=100 leri-cr3=100,leri-cr1=13 leri-cr2=100 leri-cr3=100,1171Mbit,1171Mbit,1
1790958404.567,leri-cr1=13 leri-cr2=100 leri-cr3=100,leri-cr1=13 leri-cr2=100 leri-cr3=100,leri-cr1=13 leri-cr2=100 leri-cr3=100,1171Mbit,1171Mbit,1
1790958414.619,leri-cr1=13 leri-cr2=100 leri-cr3=100,leri-cr1=13 leri-cr2=100 leri-cr3=100,leri-cr1=13 leri-cr2=100 leri-cr3=100,1171Mbit,1171Mbit,1
1790958424.900,leri-cr1=13 leri-cr2=100 leri-cr3=100,leri-cr1=13 leri-cr2=100 leri-cr3=100,leri-cr1=13 leri-cr2=100 leri-cr3=100,1171Mbit,1171Mbit,1
1790958434.958,leri-cr1=13 leri-cr2=100 leri-cr3=100,leri-cr1=13 leri-cr2=100 leri-cr3=100,leri-cr1=13 leri-cr2=100 leri-cr3=100,1171Mbit,1171Mbit,1
1790958445.010,leri-cr1=13 leri-cr2=100 leri-cr3=100,leri-cr1=13 leri-cr2=100 leri-cr3=100,leri-cr1=13 leri-cr2=100 leri-cr3=100,1171Mbit,1171Mbit,1
1790958455.061,leri-cr1=13 leri-cr2=100 leri-cr3=100,leri-cr1=13 leri-cr2=100 leri-cr3=100,leri-cr1=13 leri-cr2=100 leri-cr3=100,1171Mbit,1171Mbit,1
1790958465.132,leri-cr1=13 leri-cr2=100 leri-cr3=100,leri-cr1=13 leri-cr2=100 leri-cr3=100,leri-cr1=13 leri-cr2=100 leri-cr3=100,1171Mbit,1171Mbit,1
1790958475.186,leri-cr1=13 leri-cr2=100 leri-cr3=100,leri-cr1=13 leri-cr2=100 leri-cr3=100,leri-cr1=13 leri-cr2=100 leri-cr3=100,1171Mbit,1171Mbit,1
1790958485.481,leri-cr1=13 leri-cr2=100 leri-cr3=100,leri-cr1=13 leri-cr2=100 leri-cr3=100,leri-cr1=13 leri-cr2=100 leri-cr3=100,1171Mbit,1171Mbit,1
1790958495.535,leri-cr1=13 leri-cr2=100 leri-cr3=100,leri-cr1=13 leri-cr2=100 leri-cr3=100,leri-cr1=13 leri-cr2=100 leri-cr3=100,1171Mbit,1171Mbit,1
1790958505.587,leri-cr1=13 leri-cr2=100 leri-cr3=100,leri-cr1=13 leri-cr2=100 leri-cr3=100,leri-cr1=13 leri-cr2=100 leri-cr3=100,1171Mbit,1171Mbit,1
1790958515.638,leri-cr1=13 leri-cr2=100 leri-cr3=100,leri-cr1=13 leri-cr2=100 leri-cr3=100,leri-cr1=13 leri-cr2=100 leri-cr3=100,1171Mbit,1171Mbit,1
1790958525.692,leri-cr1=13 leri-cr2=100 leri-cr3=100,leri-cr1=13 leri-cr2=100 leri-cr3=100,leri-cr1=13 leri-cr2=100 leri-cr3=100,1171Mbit,1171Mbit,1
1790958535.743,leri-cr1=13 leri-cr2=100 leri-cr3=100,leri-cr1=13 leri-cr2=100 leri-cr3=100,leri-cr1=13 leri-cr2=100 leri-cr3=100,1171Mbit,1171Mbit,1
1790958546.013,leri-cr1=13 leri-cr2=100 leri-cr3=100,leri-cr1=13 leri-cr2=100 leri-cr3=100,leri-cr1=13 leri-cr2=100 leri-cr3=100,1171Mbit,1171Mbit,1
1790958556.061,leri-cr1=13 leri-cr2=100 leri-cr3=100,leri-cr1=13 leri-cr2=100 leri-cr3=100,leri-cr1=13 leri-cr2=100 leri-cr3=100,1171Mbit,1171Mbit,1
1790958566.111,leri-cr1=13 leri-cr2=100 leri-cr3=100,leri-cr1=13 leri-cr2=100 leri-cr3=100,leri-cr1=13 leri-cr2=100 leri-cr3=100,1171Mbit,1171Mbit,1
1790958576.160,leri-cr1=13 leri-cr2=100 leri-cr3=100,leri-cr1=13 leri-cr2=100 leri-cr3=100,leri-cr1=13 leri-cr2=100 leri-cr3=100,1171Mbit,1171Mbit,1
1790958586.210,leri-cr1=13 leri-cr2=100 leri-cr3=100,leri-cr1=13 leri-cr2=100 leri-cr3=100,leri-cr1=13 leri-cr2=100 leri-cr3=100,1171Mbit,1171Mbit,1
1790958596.492,leri-cr1=13 leri-cr2=100 leri-cr3=100,leri-cr1=13 leri-cr2=100 leri-cr3=100,leri-cr1=13 leri-cr2=100 leri-cr3=100,1171Mbit,1171Mbit,1
1790958606.544,leri-cr1=13 leri-cr2=100 leri-cr3=100,leri-cr1=13 leri-cr2=100 leri-cr3=100,leri-cr1=13 leri-cr2=100 leri-cr3=100,1171Mbit,1171Mbit,0
1790958616.620,leri-cr1=13 leri-cr2=100 leri-cr3=100,leri-cr1=13 leri-cr2=100 leri-cr3=100,leri-cr1=13 leri-cr2=100 leri-cr3=100,1171Mbit,1171Mbit,0
1790958626.695,leri-cr1=13 leri-cr2=100 leri-cr3=100,leri-cr1=13 leri-cr2=100 leri-cr3=100,leri-cr1=13 leri-cr2=100 leri-cr3=100,1171Mbit,1171Mbit,0
1790958636.772,leri-cr1=13 leri-cr2=100 leri-cr3=100,leri-cr1=13 leri-cr2=100 leri-cr3=100,leri-cr1=13 leri-cr2=100 leri-cr3=100,1171Mbit,1171Mbit,0
1790958646.847,leri-cr1=13 leri-cr2=100 leri-cr3=100,leri-cr1=13 leri-cr2=100 leri-cr3=100,leri-cr1=13 leri-cr2=100 leri-cr3=100,1171Mbit,1171Mbit,0
1790958657.236,leri-cr1=13 leri-cr2=100 leri-cr3=100,leri-cr1=13 leri-cr2=100 leri-cr3=100,leri-cr1=13 leri-cr2=100 leri-cr3=100,1171Mbit,1171Mbit,0
1790958667.309,leri-cr1=13 leri-cr2=100 leri-cr3=100,leri-cr1=13 leri-cr2=100 leri-cr3=100,leri-cr1=13 leri-cr2=100 leri-cr3=100,1171Mbit,1171Mbit,0
1790958677.389,leri-cr1=13 leri-cr2=100 leri-cr3=100,leri-cr1=13 leri-cr2=100 leri-cr3=100,leri-cr1=13 leri-cr2=100 leri-cr3=100,1171Mbit,1171Mbit,0
1790958687.464,leri-cr1=13 leri-cr2=100 leri-cr3=100,leri-cr1=13 leri-cr2=100 leri-cr3=100,leri-cr1=13 leri-cr2=100 leri-cr3=100,1171Mbit,1171Mbit,0
1790958697.539,leri-cr1=13 leri-cr2=100 leri-cr3=100,leri-cr1=13 leri-cr2=100 leri-cr3=100,leri-cr1=13 leri-cr2=100 leri-cr3=100,1171Mbit,1171Mbit,0
1790958707.651,leri-cr1=13 leri-cr2=100 leri-cr3=100,leri-cr1=13 leri-cr2=100 leri-cr3=100,leri-cr1=13 leri-cr2=100 leri-cr3=100,1171Mbit,1171Mbit,0
1790958718.066,leri-cr1=13 leri-cr2=100 leri-cr3=100,leri-cr1=13 leri-cr2=100 leri-cr3=100,leri-cr1=13 leri-cr2=100 leri-cr3=100,1171Mbit,1171Mbit,0
1790958728.116,leri-cr1=13 leri-cr2=100 leri-cr3=100,leri-cr1=13 leri-cr2=100 leri-cr3=100,leri-cr1=13 leri-cr2=100 leri-cr3=100,1171Mbit,1171Mbit,0
1790958738.167,leri-cr1=13 leri-cr2=100 leri-cr3=100,leri-cr1=13 leri-cr2=100 leri-cr3=100,leri-cr1=13 leri-cr2=100 leri-cr3=100,1171Mbit,1171Mbit,1
1790958748.220,leri-cr1=13 leri-cr2=100 leri-cr3=100,leri-cr1=13 leri-cr2=100 leri-cr3=100,leri-cr1=13 leri-cr2=100 leri-cr3=100,1171Mbit,1171Mbit,1
1790958758.264,leri-cr1=13 leri-cr2=100 leri-cr3=100,leri-cr1=13 leri-cr2=100 leri-cr3=100,leri-cr1=13 leri-cr2=100 leri-cr3=100,1171Mbit,1171Mbit,1
1790958768.322,leri-cr1=13 leri-cr2=100 leri-cr3=100,leri-cr1=13 leri-cr2=100 leri-cr3=100,leri-cr1=13 leri-cr2=100 leri-cr3=100,1171Mbit,1171Mbit,1
1790958778.613,leri-cr1=13 leri-cr2=100 leri-cr3=100,leri-cr1=13 leri-cr2=100 leri-cr3=100,leri-cr1=13 leri-cr2=100 leri-cr3=100,1171Mbit,1171Mbit,1
1790958788.666,leri-cr1=13 leri-cr2=100 leri-cr3=100,leri-cr1=13 leri-cr2=100 leri-cr3=100,leri-cr1=13 leri-cr2=100 leri-cr3=100,1171Mbit,1171Mbit,1
1790958798.719,leri-cr1=13 leri-cr2=100 leri-cr3=100,leri-cr1=13 leri-cr2=100 leri-cr3=100,leri-cr1=13 leri-cr2=100 leri-cr3=100,1171Mbit,1171Mbit,1
1790958808.772,leri-cr1=13 leri-cr2=100 leri-cr3=100,leri-cr1=13 leri-cr2=100 leri-cr3=100,leri-cr1=13 leri-cr2=100 leri-cr3=100,1171Mbit,1171Mbit,1
1790958818.828,leri-cr1=13 leri-cr2=100 leri-cr3=100,leri-cr1=13 leri-cr2=100 leri-cr3=100,leri-cr1=13 leri-cr2=100 leri-cr3=100,1171Mbit,1171Mbit,1
1790958828.884,leri-cr1=13 leri-cr2=100 leri-cr3=100,leri-cr1=13 leri-cr2=100 leri-cr3=100,leri-cr1=13 leri-cr2=100 leri-cr3=100,1171Mbit,1171Mbit,1
1790958839.155,leri-cr1=13 leri-cr2=100 leri-cr3=100,leri-cr1=13 leri-cr2=100 leri-cr3=100,leri-cr1=13 leri-cr2=100 leri-cr3=100,1171Mbit,1171Mbit,1
1790958849.207,leri-cr1=13 leri-cr2=100 leri-cr3=100,leri-cr1=13 leri-cr2=100 leri-cr3=100,leri-cr1=13 leri-cr2=100 leri-cr3=100,1171Mbit,1171Mbit,1
1790958859.263,leri-cr1=13 leri-cr2=100 leri-cr3=100,leri-cr1=13 leri-cr2=100 leri-cr3=100,leri-cr1=13 leri-cr2=100 leri-cr3=100,1171Mbit,1171Mbit,1
1790958869.314,leri-cr1=13 leri-cr2=100 leri-cr3=100,leri-cr1=13 leri-cr2=100 leri-cr3=100,leri-cr1=13 leri-cr2=100 leri-cr3=100,1171Mbit,1171Mbit,1
1790958879.370,leri-cr1=13 leri-cr2=100 leri-cr3=100,leri-cr1=13 leri-cr2=100 leri-cr3=100,leri-cr1=13 leri-cr2=100 leri-cr3=100,1171Mbit,1171Mbit,1
1790958889.411,leri-cr1=13 leri-cr2=100 leri-cr3=100,leri-cr1=13 leri-cr2=100 leri-cr3=100,leri-cr1=13 leri-cr2=100 leri-cr3=100,1171Mbit,1171Mbit,1
1790958899.686,leri-cr1=13 leri-cr2=100 leri-cr3=100,leri-cr1=13 leri-cr2=100 leri-cr3=100,leri-cr1=13 leri-cr2=100 leri-cr3=100,1171Mbit,1171Mbit,1
1790958909.736,leri-cr1=13 leri-cr2=100 leri-cr3=100,leri-cr1=13 leri-cr2=100 leri-cr3=100,leri-cr1=13 leri-cr2=100 leri-cr3=100,1171Mbit,1171Mbit,1
1790958919.789,leri-cr1=13 leri-cr2=100 leri-cr3=100,leri-cr1=13 leri-cr2=100 leri-cr3=100,leri-cr1=13 leri-cr2=100 leri-cr3=100,1171Mbit,1171Mbit,1
1790958929.832,leri-cr1=13 leri-cr2=100 leri-cr3=100,leri-cr1=13 leri-cr2=100 leri-cr3=100,leri-cr1=13 leri-cr2=100 leri-cr3=100,1171Mbit,1171Mbit,1
1790958939.884,leri-cr1=13 leri-cr2=100 leri-cr3=100,leri-cr1=13 leri-cr2=100 leri-cr3=100,leri-cr1=13 leri-cr2=100 leri-cr3=100,1171Mbit,1171Mbit,1
1790958949.944,leri-cr1=13 leri-cr2=100 leri-cr3=100,leri-cr1=13 leri-cr2=100 leri-cr3=100,leri-cr1=13 leri-cr2=100 leri-cr3=100,1171Mbit,1171Mbit,1
1790958960.220,leri-cr1=13 leri-cr2=100 leri-cr3=100,leri-cr1=13 leri-cr2=100 leri-cr3=100,leri-cr1=13 leri-cr2=100 leri-cr3=100,1171Mbit,1171Mbit,1
1790958970.269,leri-cr1=13 leri-cr2=100 leri-cr3=100,leri-cr1=13 leri-cr2=100 leri-cr3=100,leri-cr1=13 leri-cr2=100 leri-cr3=100,1171Mbit,1171Mbit,1
1790958980.322,leri-cr1=13 leri-cr2=100 leri-cr3=100,leri-cr1=13 leri-cr2=100 leri-cr3=100,leri-cr1=13 leri-cr2=100 leri-cr3=100,1171Mbit,1171Mbit,1
1790958990.368,leri-cr1=13 leri-cr2=100 leri-cr3=100,leri-cr1=13 leri-cr2=100 leri-cr3=100,leri-cr1=13 leri-cr2=100 leri-cr3=100,1171Mbit,1171Mbit,1
1790959000.421,leri-cr1=13 leri-cr2=100 leri-cr3=100,leri-cr1=13 leri-cr2=100 leri-cr3=100,leri-cr1=13 leri-cr2=100 leri-cr3=100,1171Mbit,1171Mbit,1
1790959010.474,leri-cr1=13 leri-cr2=100 leri-cr3=100,leri-cr1=13 leri-cr2=100 leri-cr3=100,leri-cr1=13 leri-cr2=100 leri-cr3=100,1171Mbit,1171Mbit,1
1790959020.769,leri-cr1=13 leri-cr2=100 leri-cr3=100,leri-cr1=13 leri-cr2=100 leri-cr3=100,leri-cr1=13 leri-cr2=100 leri-cr3=100,1171Mbit,1171Mbit,1
1790959030.820,leri-cr1=13 leri-cr2=100 leri-cr3=100,leri-cr1=13 leri-cr2=100 leri-cr3=100,leri-cr1=13 leri-cr2=100 leri-cr3=100,1171Mbit,1171Mbit,1
1790959040.865,leri-cr1=13 leri-cr2=100 leri-cr3=100,leri-cr1=13 leri-cr2=100 leri-cr3=100,leri-cr1=13 leri-cr2=100 leri-cr3=100,1171Mbit,1171Mbit,1
1790959050.917,leri-cr1=13 leri-cr2=100 leri-cr3=100,leri-cr1=13 leri-cr2=100 leri-cr3=100,leri-cr1=13 leri-cr2=100 leri-cr3=100,1171Mbit,1171Mbit,1
1790959061.017,leri-cr1=13 leri-cr2=100 leri-cr3=100,leri-cr1=13 leri-cr2=100 leri-cr3=100,leri-cr1=13 leri-cr2=100 leri-cr3=100,1171Mbit,1171Mbit,1
1790959071.070,leri-cr1=13 leri-cr2=100 leri-cr3=100,leri-cr1=13 leri-cr2=100 leri-cr3=100,leri-cr1=13 leri-cr2=100 leri-cr3=100,1171Mbit,1171Mbit,1
1790959081.329,leri-cr1=13 leri-cr2=100 leri-cr3=100,leri-cr1=13 leri-cr2=100 leri-cr3=100,leri-cr1=13 leri-cr2=100 leri-cr3=100,1171Mbit,1171Mbit,1
1790959091.383,leri-cr1=13 leri-cr2=100 leri-cr3=100,leri-cr1=13 leri-cr2=100 leri-cr3=100,leri-cr1=13 leri-cr2=100 leri-cr3=100,1171Mbit,1171Mbit,1
1790959101.438,leri-cr1=13 leri-cr2=100 leri-cr3=100,leri-cr1=13 leri-cr2=100 leri-cr3=100,leri-cr1=13 leri-cr2=100 leri-cr3=100,1171Mbit,1171Mbit,1
1790959111.491,leri-cr1=13 leri-cr2=100 leri-cr3=100,leri-cr1=13 leri-cr2=100 leri-cr3=100,leri-cr1=13 leri-cr2=100 leri-cr3=100,1171Mbit,1171Mbit,1
1790959121.542,leri-cr1=13 leri-cr2=100 leri-cr3=100,leri-cr1=13 leri-cr2=100 leri-cr3=100,leri-cr1=13 leri-cr2=100 leri-cr3=100,1171Mbit,1171Mbit,1
1790959131.594,leri-cr1=13 leri-cr2=100 leri-cr3=100,leri-cr1=13 leri-cr2=100 leri-cr3=100,leri-cr1=13 leri-cr2=100 leri-cr3=100,1171Mbit,1171Mbit,1
1790959141.895,leri-cr1=13 leri-cr2=100 leri-cr3=100,leri-cr1=13 leri-cr2=100 leri-cr3=100,leri-cr1=13 leri-cr2=100 leri-cr3=100,1171Mbit,1171Mbit,1
1790959151.949,leri-cr1=13 leri-cr2=100 leri-cr3=100,leri-cr1=13 leri-cr2=100 leri-cr3=100,leri-cr1=13 leri-cr2=100 leri-cr3=100,1171Mbit,1171Mbit,1
1790959162.007,leri-cr1=13 leri-cr2=100 leri-cr3=100,leri-cr1=13 leri-cr2=100 leri-cr3=100,leri-cr1=13 leri-cr2=100 leri-cr3=100,1171Mbit,1171Mbit,1
1790959172.061,leri-cr1=13 leri-cr2=100 leri-cr3=100,leri-cr1=13 leri-cr2=100 leri-cr3=100,leri-cr1=13 leri-cr2=100 leri-cr3=100,1171Mbit,1171Mbit,1
1790959182.116,leri-cr1=13 leri-cr2=100 leri-cr3=100,leri-cr1=13 leri-cr2=100 leri-cr3=100,leri-cr1=13 leri-cr2=100 leri-cr3=100,1171Mbit,1171Mbit,1
1790959192.167,leri-cr1=13 leri-cr2=100 leri-cr3=100,leri-cr1=13 leri-cr2=100 leri-cr3=100,leri-cr1=13 leri-cr2=100 leri-cr3=100,1171Mbit,1171Mbit,1
1790959202.410,leri-cr1=13 leri-cr2=100 leri-cr3=100,leri-cr1=13 leri-cr2=100 leri-cr3=100,leri-cr1=13 leri-cr2=100 leri-cr3=100,1171Mbit,1171Mbit,1
1790959212.454,leri-cr1=13 leri-cr2=100 leri-cr3=100,leri-cr1=13 leri-cr2=100 leri-cr3=100,leri-cr1=13 leri-cr2=100 leri-cr3=100,1171Mbit,1171Mbit,1
1790959222.504,leri-cr1=13 leri-cr2=100 leri-cr3=100,leri-cr1=13 leri-cr2=100 leri-cr3=100,leri-cr1=13 leri-cr2=100 leri-cr3=100,1171Mbit,1171Mbit,1
1790959232.552,leri-cr1=13 leri-cr2=100 leri-cr3=100,leri-cr1=13 leri-cr2=100 leri-cr3=100,leri-cr1=13 leri-cr2=100 leri-cr3=100,1171Mbit,1171Mbit,1
1790959242.602,leri-cr1=13 leri-cr2=100 leri-cr3=100,leri-cr1=13 leri-cr2=100 leri-cr3=100,leri-cr1=13 leri-cr2=100 leri-cr3=100,1171Mbit,1171Mbit,1
1790959252.648,leri-cr1=13 leri-cr2=100 leri-cr3=100,leri-cr1=13 leri-cr2=100 leri-cr3=100,leri-cr1=13 leri-cr2=100 leri-cr3=100,1171Mbit,1171Mbit,1
1790959262.929,leri-cr1=13 leri-cr2=100 leri-cr3=100,leri-cr1=13 leri-cr2=100 leri-cr3=100,leri-cr1=13 leri-cr2=100 leri-cr3=100,1171Mbit,1171Mbit,1
1790959272.979,leri-cr1=13 leri-cr2=100 leri-cr3=100,leri-cr1=13 leri-cr2=100 leri-cr3=100,leri-cr1=13 leri-cr2=100 leri-cr3=100,1171Mbit,1171Mbit,1
1790959283.033,leri-cr1=13 leri-cr2=100 leri-cr3=100,leri-cr1=13 leri-cr2=100 leri-cr3=100,leri-cr1=13 leri-cr2=100 leri-cr3=100,1171Mbit,1171Mbit,1
1790959293.088,leri-cr1=13 leri-cr2=100 leri-cr3=100,leri-cr1=13 leri-cr2=100 leri-cr3=100,leri-cr1=13 leri-cr2=100 leri-cr3=100,1171Mbit,1171Mbit,1
1790959303.139,leri-cr1=13 leri-cr2=100 leri-cr3=100,leri-cr1=13 leri-cr2=100 leri-cr3=100,leri-cr1=13 leri-cr2=100 leri-cr3=100,1171Mbit,1171Mbit,1
1790959313.196,leri-cr1=13 leri-cr2=100 leri-cr3=100,leri-cr1=13 leri-cr2=100 leri-cr3=100,leri-cr1=13 leri-cr2=100 leri-cr3=100,1171Mbit,1171Mbit,1
1790959323.475,leri-cr1=13 leri-cr2=100 leri-cr3=100,leri-cr1=13 leri-cr2=100 leri-cr3=100,leri-cr1=13 leri-cr2=100 leri-cr3=100,1171Mbit,1171Mbit,1
1790959333.526,leri-cr1=13 leri-cr2=100 leri-cr3=100,leri-cr1=13 leri-cr2=100 leri-cr3=100,leri-cr1=13 leri-cr2=100 leri-cr3=100,1171Mbit,1171Mbit,1
1790959343.585,leri-cr1=13 leri-cr2=100 leri-cr3=100,leri-cr1=13 leri-cr2=100 leri-cr3=100,leri-cr1=13 leri-cr2=100 leri-cr3=100,1171Mbit,1171Mbit,1
1790959353.638,leri-cr1=13 leri-cr2=100 leri-cr3=100,leri-cr1=13 leri-cr2=100 leri-cr3=100,leri-cr1=13 leri-cr2=100 leri-cr3=100,1171Mbit,1171Mbit,1
1790959363.696,leri-cr1=13 leri-cr2=100 leri-cr3=100,leri-cr1=13 leri-cr2=100 leri-cr3=100,leri-cr1=13 leri-cr2=100 leri-cr3=100,1171Mbit,1171Mbit,1
1790959373.746,leri-cr1=13 leri-cr2=100 leri-cr3=100,leri-cr1=13 leri-cr2=100 leri-cr3=100,leri-cr1=13 leri-cr2=100 leri-cr3=100,1171Mbit,1171Mbit,1
1790959383.975,leri-cr1=13 leri-cr2=100 leri-cr3=100,leri-cr1=13 leri-cr2=100 leri-cr3=100,leri-cr1=13 leri-cr2=100 leri-cr3=100,1171Mbit,1171Mbit,1
1790959394.027,leri-cr1=13 leri-cr2=100 leri-cr3=100,leri-cr1=13 leri-cr2=100 leri-cr3=100,leri-cr1=13 leri-cr2=100 leri-cr3=100,1171Mbit,1171Mbit,1
1790959404.081,leri-cr1=13 leri-cr2=100 leri-cr3=100,leri-cr1=13 leri-cr2=100 leri-cr3=100,leri-cr1=13 leri-cr2=100 leri-cr3=100,1171Mbit,1171Mbit,1
1790959414.132,leri-cr1=13 leri-cr2=100 leri-cr3=100,leri-cr1=13 leri-cr2=100 leri-cr3=100,leri-cr1=13 leri-cr2=100 leri-cr3=100,1171Mbit,1171Mbit,1
1790959424.180,leri-cr1=13 leri-cr2=100 leri-cr3=100,leri-cr1=13 leri-cr2=100 leri-cr3=100,leri-cr1=13 leri-cr2=100 leri-cr3=100,1171Mbit,1171Mbit,1
1790959434.231,leri-cr1=13 leri-cr2=100 leri-cr3=100,leri-cr1=13 leri-cr2=100 leri-cr3=100,leri-cr1=13 leri-cr2=100 leri-cr3=100,1171Mbit,1171Mbit,1
1790959444.510,leri-cr1=13 leri-cr2=100 leri-cr3=100,leri-cr1=13 leri-cr2=100 leri-cr3=100,leri-cr1=13 leri-cr2=100 leri-cr3=100,1171Mbit,1171Mbit,1
1790959454.558,leri-cr1=13 leri-cr2=100 leri-cr3=100,leri-cr1=13 leri-cr2=100 leri-cr3=100,leri-cr1=13 leri-cr2=100 leri-cr3=100,1171Mbit,1171Mbit,1
1790959464.612,leri-cr1=13 leri-cr2=100 leri-cr3=100,leri-cr1=13 leri-cr2=100 leri-cr3=100,leri-cr1=13 leri-cr2=100 leri-cr3=100,1171Mbit,1171Mbit,1
1790959474.682,leri-cr1=13 leri-cr2=100 leri-cr3=100,leri-cr1=13 leri-cr2=100 leri-cr3=100,leri-cr1=13 leri-cr2=100 leri-cr3=100,1171Mbit,1171Mbit,1
1790959484.738,leri-cr1=13 leri-cr2=100 leri-cr3=100,leri-cr1=13 leri-cr2=100 leri-cr3=100,leri-cr1=13 leri-cr2=100 leri-cr3=100,1171Mbit,1171Mbit,1
1790959494.793,leri-cr1=13 leri-cr2=100 leri-cr3=100,leri-cr1=13 leri-cr2=100 leri-cr3=100,leri-cr1=13 leri-cr2=100 leri-cr3=100,1171Mbit,1171Mbit,1
1790959505.059,leri-cr1=13 leri-cr2=100 leri-cr3=100,leri-cr1=13 leri-cr2=100 leri-cr3=100,leri-cr1=13 leri-cr2=100 leri-cr3=100,1171Mbit,1171Mbit,0
1790959515.134,leri-cr1=13 leri-cr2=100 leri-cr3=100,leri-cr1=13 leri-cr2=100 leri-cr3=100,leri-cr1=13 leri-cr2=100 leri-cr3=100,1171Mbit,1171Mbit,0
1790959525.209,leri-cr1=13 leri-cr2=100 leri-cr3=100,leri-cr1=13 leri-cr2=100 leri-cr3=100,leri-cr1=13 leri-cr2=100 leri-cr3=100,1171Mbit,1171Mbit,0
1790959535.285,leri-cr1=13 leri-cr2=100 leri-cr3=100,leri-cr1=13 leri-cr2=100 leri-cr3=100,leri-cr1=13 leri-cr2=100 leri-cr3=100,1171Mbit,1171Mbit,0
1790959545.360,leri-cr1=13 leri-cr2=100 leri-cr3=100,leri-cr1=13 leri-cr2=100 leri-cr3=100,leri-cr1=13 leri-cr2=100 leri-cr3=100,1171Mbit,1171Mbit,0
1790959555.439,leri-cr1=13 leri-cr2=100 leri-cr3=100,leri-cr1=13 leri-cr2=100 leri-cr3=100,leri-cr1=13 leri-cr2=100 leri-cr3=100,1171Mbit,1171Mbit,0
1790959565.864,leri-cr1=13 leri-cr2=100 leri-cr3=100,leri-cr1=13 leri-cr2=100 leri-cr3=100,leri-cr1=13 leri-cr2=100 leri-cr3=100,1171Mbit,1171Mbit,0
1790959575.945,leri-cr1=13 leri-cr2=100 leri-cr3=100,leri-cr1=13 leri-cr2=100 leri-cr3=100,leri-cr1=13 leri-cr2=100 leri-cr3=100,1171Mbit,1171Mbit,0
1790959586.020,leri-cr1=13 leri-cr2=100 leri-cr3=100,leri-cr1=13 leri-cr2=100 leri-cr3=100,leri-cr1=13 leri-cr2=100 leri-cr3=100,1171Mbit,1171Mbit,0
1790959596.102,leri-cr1=13 leri-cr2=100 leri-cr3=100,leri-cr1=13 leri-cr2=100 leri-cr3=100,leri-cr1=13 leri-cr2=100 leri-cr3=100,1171Mbit,1171Mbit,0
1790959606.179,leri-cr1=13 leri-cr2=100 leri-cr3=100,leri-cr1=13 leri-cr2=100 leri-cr3=100,leri-cr1=13 leri-cr2=100 leri-cr3=100,1171Mbit,1171Mbit,0
1790959616.309,leri-cr1=13 leri-cr2=100 leri-cr3=100,leri-cr1=13 leri-cr2=100 leri-cr3=100,leri-cr1=13 leri-cr2=100 leri-cr3=100,1171Mbit,1171Mbit,0
1790959626.720,leri-cr1=13 leri-cr2=100 leri-cr3=100,leri-cr1=13 leri-cr2=100 leri-cr3=100,leri-cr1=13 leri-cr2=100 leri-cr3=100,1171Mbit,1171Mbit,0
1790959636.777,leri-cr1=13 leri-cr2=100 leri-cr3=100,leri-cr1=13 leri-cr2=100 leri-cr3=100,leri-cr1=13 leri-cr2=100 leri-cr3=100,1171Mbit,1171Mbit,0
1790959646.829,leri-cr1=13 leri-cr2=100 leri-cr3=100,leri-cr1=13 leri-cr2=100 leri-cr3=100,leri-cr1=13 leri-cr2=100 leri-cr3=100,1171Mbit,1171Mbit,1
1790959656.882,leri-cr1=13 leri-cr2=100 leri-cr3=100,leri-cr1=13 leri-cr2=100 leri-cr3=100,leri-cr1=13 leri-cr2=100 leri-cr3=100,1171Mbit,1171Mbit,1
1790959666.936,leri-cr1=13 leri-cr2=100 leri-cr3=100,leri-cr1=13 leri-cr2=100 leri-cr3=100,leri-cr1=13 leri-cr2=100 leri-cr3=100,1171Mbit,1171Mbit,1
1790959676.984,leri-cr1=13 leri-cr2=100 leri-cr3=100,leri-cr1=13 leri-cr2=100 leri-cr3=100,leri-cr1=13 leri-cr2=100 leri-cr3=100,1171Mbit,1171Mbit,1
1790959687.233,leri-cr1=13 leri-cr2=100 leri-cr3=100,leri-cr1=13 leri-cr2=100 leri-cr3=100,leri-cr1=13 leri-cr2=100 leri-cr3=100,1171Mbit,1171Mbit,1
1790959697.285,leri-cr1=13 leri-cr2=100 leri-cr3=100,leri-cr1=13 leri-cr2=100 leri-cr3=100,leri-cr1=13 leri-cr2=100 leri-cr3=100,1171Mbit,1171Mbit,1
1790959707.334,leri-cr1=13 leri-cr2=100 leri-cr3=100,leri-cr1=13 leri-cr2=100 leri-cr3=100,leri-cr1=13 leri-cr2=100 leri-cr3=100,1171Mbit,1171Mbit,1
1790959717.386,leri-cr1=13 leri-cr2=100 leri-cr3=100,leri-cr1=13 leri-cr2=100 leri-cr3=100,leri-cr1=13 leri-cr2=100 leri-cr3=100,1171Mbit,1171Mbit,1
1790959727.439,leri-cr1=13 leri-cr2=100 leri-cr3=100,leri-cr1=13 leri-cr2=100 leri-cr3=100,leri-cr1=13 leri-cr2=100 leri-cr3=100,1171Mbit,1171Mbit,1
1790959737.491,leri-cr1=13 leri-cr2=100 leri-cr3=100,leri-cr1=13 leri-cr2=100 leri-cr3=100,leri-cr1=13 leri-cr2=100 leri-cr3=100,1171Mbit,1171Mbit,1
1790959747.757,leri-cr1=13 leri-cr2=100 leri-cr3=100,leri-cr1=13 leri-cr2=100 leri-cr3=100,leri-cr1=13 leri-cr2=100 leri-cr3=100,1171Mbit,1171Mbit,1
1790959757.809,leri-cr1=13 leri-cr2=100 leri-cr3=100,leri-cr1=13 leri-cr2=100 leri-cr3=100,leri-cr1=13 leri-cr2=100 leri-cr3=100,1171Mbit,1171Mbit,1
1790959767.862,leri-cr1=13 leri-cr2=100 leri-cr3=100,leri-cr1=13 leri-cr2=100 leri-cr3=100,leri-cr1=13 leri-cr2=100 leri-cr3=100,1171Mbit,1171Mbit,1
1790959777.912,leri-cr1=13 leri-cr2=100 leri-cr3=100,leri-cr1=13 leri-cr2=100 leri-cr3=100,leri-cr1=13 leri-cr2=100 leri-cr3=100,1171Mbit,1171Mbit,1
1790959787.967,leri-cr1=13 leri-cr2=100 leri-cr3=100,leri-cr1=13 leri-cr2=100 leri-cr3=100,leri-cr1=13 leri-cr2=100 leri-cr3=100,1171Mbit,1171Mbit,1
1790959798.014,leri-cr1=13 leri-cr2=100 leri-cr3=100,leri-cr1=13 leri-cr2=100 leri-cr3=100,leri-cr1=13 leri-cr2=100 leri-cr3=100,1171Mbit,1171Mbit,1
1790959808.301,leri-cr1=13 leri-cr2=100 leri-cr3=100,leri-cr1=13 leri-cr2=100 leri-cr3=100,leri-cr1=13 leri-cr2=100 leri-cr3=100,1171Mbit,1171Mbit,1
1790959818.347,leri-cr1=13 leri-cr2=100 leri-cr3=100,leri-cr1=13 leri-cr2=100 leri-cr3=100,leri-cr1=13 leri-cr2=100 leri-cr3=100,1171Mbit,1171Mbit,1
1790959828.398,leri-cr1=13 leri-cr2=100 leri-cr3=100,leri-cr1=13 leri-cr2=100 leri-cr3=100,leri-cr1=13 leri-cr2=100 leri-cr3=100,1171Mbit,1171Mbit,1
1790959838.482,leri-cr1=13 leri-cr2=100 leri-cr3=100,leri-cr1=13 leri-cr2=100 leri-cr3=100,leri-cr1=13 leri-cr2=100 leri-cr3=100,1171Mbit,1171Mbit,1
1790959848.535,leri-cr1=13 leri-cr2=100 leri-cr3=100,leri-cr1=13 leri-cr2=100 leri-cr3=100,leri-cr1=13 leri-cr2=100 leri-cr3=100,1171Mbit,1171Mbit,1
1790959858.592,leri-cr1=13 leri-cr2=100 leri-cr3=100,leri-cr1=13 leri-cr2=100 leri-cr3=100,leri-cr1=13 leri-cr2=100 leri-cr3=100,1171Mbit,1171Mbit,1
1790959868.859,leri-cr1=13 leri-cr2=100 leri-cr3=100,leri-cr1=13 leri-cr2=100 leri-cr3=100,leri-cr1=13 leri-cr2=100 leri-cr3=100,1171Mbit,1171Mbit,1
1790959878.918,leri-cr1=13 leri-cr2=100 leri-cr3=100,leri-cr1=13 leri-cr2=100 leri-cr3=100,leri-cr1=13 leri-cr2=100 leri-cr3=100,1171Mbit,1171Mbit,1
1790959888.967,leri-cr1=13 leri-cr2=100 leri-cr3=100,leri-cr1=13 leri-cr2=100 leri-cr3=100,leri-cr1=13 leri-cr2=100 leri-cr3=100,1171Mbit,1171Mbit,1
1790959899.018,leri-cr1=13 leri-cr2=100 leri-cr3=100,leri-cr1=13 leri-cr2=100 leri-cr3=100,leri-cr1=13 leri-cr2=100 leri-cr3=100,1171Mbit,1171Mbit,1
1790959909.065,leri-cr1=13 leri-cr2=100 leri-cr3=100,leri-cr1=13 leri-cr2=100 leri-cr3=100,leri-cr1=13 leri-cr2=100 leri-cr3=100,1171Mbit,1171Mbit,1
1790959919.343,leri-cr1=13 leri-cr2=100 leri-cr3=100,leri-cr1=13 leri-cr2=100 leri-cr3=100,leri-cr1=13 leri-cr2=100 leri-cr3=100,1171Mbit,1171Mbit,1
1790959929.393,leri-cr1=13 leri-cr2=100 leri-cr3=100,leri-cr1=13 leri-cr2=100 leri-cr3=100,leri-cr1=13 leri-cr2=100 leri-cr3=100,1171Mbit,1171Mbit,1
1790959939.449,leri-cr1=13 leri-cr2=100 leri-cr3=100,leri-cr1=13 leri-cr2=100 leri-cr3=100,leri-cr1=13 leri-cr2=100 leri-cr3=100,1171Mbit,1171Mbit,1
1790959949.495,leri-cr1=13 leri-cr2=100 leri-cr3=100,leri-cr1=13 leri-cr2=100 leri-cr3=100,leri-cr1=13 leri-cr2=100 leri-cr3=100,1171Mbit,1171Mbit,1
1790959959.546,leri-cr1=13 leri-cr2=100 leri-cr3=100,leri-cr1=13 leri-cr2=100 leri-cr3=100,leri-cr1=13 leri-cr2=100 leri-cr3=100,1171Mbit,1171Mbit,1
1790959969.599,leri-cr1=13 leri-cr2=100 leri-cr3=100,leri-cr1=13 leri-cr2=100 leri-cr3=100,leri-cr1=13 leri-cr2=100 leri-cr3=100,1171Mbit,1171Mbit,1
1790959979.895,leri-cr1=13 leri-cr2=100 leri-cr3=100,leri-cr1=13 leri-cr2=100 leri-cr3=100,leri-cr1=13 leri-cr2=100 leri-cr3=100,1171Mbit,1171Mbit,1
1790959989.952,leri-cr1=13 leri-cr2=100 leri-cr3=100,leri-cr1=13 leri-cr2=100 leri-cr3=100,leri-cr1=13 leri-cr2=100 leri-cr3=100,1171Mbit,1171Mbit,1
1790960000.002,leri-cr1=13 leri-cr2=100 leri-cr3=100,leri-cr1=13 leri-cr2=100 leri-cr3=100,leri-cr1=13 leri-cr2=100 leri-cr3=100,1171Mbit,1171Mbit,1
1790960010.055,leri-cr1=13 leri-cr2=100 leri-cr3=100,leri-cr1=13 leri-cr2=100 leri-cr3=100,leri-cr1=13 leri-cr2=100 leri-cr3=100,1171Mbit,1171Mbit,1
1790960020.106,leri-cr1=13 leri-cr2=100 leri-cr3=100,leri-cr1=13 leri-cr2=100 leri-cr3=100,leri-cr1=13 leri-cr2=100 leri-cr3=100,1171Mbit,1171Mbit,1
1790960030.160,leri-cr1=13 leri-cr2=100 leri-cr3=100,leri-cr1=13 leri-cr2=100 leri-cr3=100,leri-cr1=13 leri-cr2=100 leri-cr3=100,1171Mbit,1171Mbit,1
1790960040.419,leri-cr1=13 leri-cr2=100 leri-cr3=100,leri-cr1=13 leri-cr2=100 leri-cr3=100,leri-cr1=13 leri-cr2=100 leri-cr3=100,1171Mbit,1171Mbit,1
1790960050.473,leri-cr1=13 leri-cr2=100 leri-cr3=100,leri-cr1=13 leri-cr2=100 leri-cr3=100,leri-cr1=13 leri-cr2=100 leri-cr3=100,1171Mbit,1171Mbit,1
1790960060.536,leri-cr1=13 leri-cr2=100 leri-cr3=100,leri-cr1=13 leri-cr2=100 leri-cr3=100,leri-cr1=13 leri-cr2=100 leri-cr3=100,1171Mbit,1171Mbit,1
1790960070.593,leri-cr1=13 leri-cr2=100 leri-cr3=100,leri-cr1=13 leri-cr2=100 leri-cr3=100,leri-cr1=13 leri-cr2=100 leri-cr3=100,1171Mbit,1171Mbit,1
1790960080.639,leri-cr1=13 leri-cr2=100 leri-cr3=100,leri-cr1=13 leri-cr2=100 leri-cr3=100,leri-cr1=13 leri-cr2=100 leri-cr3=100,1171Mbit,1171Mbit,1
1790960090.690,leri-cr1=13 leri-cr2=100 leri-cr3=100,leri-cr1=13 leri-cr2=100 leri-cr3=100,leri-cr1=13 leri-cr2=100 leri-cr3=100,1171Mbit,1171Mbit,1
1790960100.895,leri-cr1=13 leri-cr2=100 leri-cr3=100,leri-cr1=13 leri-cr2=100 leri-cr3=100,leri-cr1=13 leri-cr2=100 leri-cr3=100,1171Mbit,1171Mbit,1
1790960110.945,leri-cr1=13 leri-cr2=100 leri-cr3=100,leri-cr1=13 leri-cr2=100 leri-cr3=100,leri-cr1=13 leri-cr2=100 leri-cr3=100,1171Mbit,1171Mbit,1
1790960121.001,leri-cr1=13 leri-cr2=100 leri-cr3=100,leri-cr1=13 leri-cr2=100 leri-cr3=100,leri-cr1=13 leri-cr2=100 leri-cr3=100,1171Mbit,1171Mbit,1
1790960131.053,leri-cr1=13 leri-cr2=100 leri-cr3=100,leri-cr1=13 leri-cr2=100 leri-cr3=100,leri-cr1=13 leri-cr2=100 leri-cr3=100,1171Mbit,1171Mbit,1
1790960141.109,leri-cr1=13 leri-cr2=100 leri-cr3=100,leri-cr1=13 leri-cr2=100 leri-cr3=100,leri-cr1=13 leri-cr2=100 leri-cr3=100,1171Mbit,1171Mbit,1
1790960151.163,leri-cr1=13 leri-cr2=100 leri-cr3=100,leri-cr1=13 leri-cr2=100 leri-cr3=100,leri-cr1=13 leri-cr2=100 leri-cr3=100,1171Mbit,1171Mbit,1
1790960161.461,leri-cr1=13 leri-cr2=100 leri-cr3=100,leri-cr1=13 leri-cr2=100 leri-cr3=100,leri-cr1=13 leri-cr2=100 leri-cr3=100,1171Mbit,1171Mbit,1
1790960171.514,leri-cr1=13 leri-cr2=100 leri-cr3=100,leri-cr1=13 leri-cr2=100 leri-cr3=100,leri-cr1=13 leri-cr2=100 leri-cr3=100,1171Mbit,1171Mbit,1
1790960181.565,leri-cr1=13 leri-cr2=100 leri-cr3=100,leri-cr1=13 leri-cr2=100 leri-cr3=100,leri-cr1=13 leri-cr2=100 leri-cr3=100,1171Mbit,1171Mbit,1
1790960191.618,leri-cr1=13 leri-cr2=100 leri-cr3=100,leri-cr1=13 leri-cr2=100 leri-cr3=100,leri-cr1=13 leri-cr2=100 leri-cr3=100,1171Mbit,1171Mbit,1
1790960201.672,leri-cr1=13 leri-cr2=100 leri-cr3=100,leri-cr1=13 leri-cr2=100 leri-cr3=100,leri-cr1=13 leri-cr2=100 leri-cr3=100,1171Mbit,1171Mbit,1
1790960211.723,leri-cr1=13 leri-cr2=100 leri-cr3=100,leri-cr1=13 leri-cr2=100 leri-cr3=100,leri-cr1=13 leri-cr2=100 leri-cr3=100,1171Mbit,1171Mbit,1
1790960221.986,leri-cr1=13 leri-cr2=100 leri-cr3=100,leri-cr1=13 leri-cr2=100 leri-cr3=100,leri-cr1=13 leri-cr2=100 leri-cr3=100,1171Mbit,1171Mbit,1
1790960232.031,leri-cr1=13 leri-cr2=100 leri-cr3=100,leri-cr1=13 leri-cr2=100 leri-cr3=100,leri-cr1=13 leri-cr2=100 leri-cr3=100,1171Mbit,1171Mbit,1
1790960242.081,leri-cr1=13 leri-cr2=100 leri-cr3=100,leri-cr1=13 leri-cr2=100 leri-cr3=100,leri-cr1=13 leri-cr2=100 leri-cr3=100,1171Mbit,1171Mbit,1
1790960252.139,leri-cr1=13 leri-cr2=100 leri-cr3=100,leri-cr1=13 leri-cr2=100 leri-cr3=100,leri-cr1=13 leri-cr2=100 leri-cr3=100,1171Mbit,1171Mbit,1
1790960262.190,leri-cr1=13 leri-cr2=100 leri-cr3=100,leri-cr1=13 leri-cr2=100 leri-cr3=100,leri-cr1=13 leri-cr2=100 leri-cr3=100,1171Mbit,1171Mbit,1
1790960272.253,leri-cr1=13 leri-cr2=100 leri-cr3=100,leri-cr1=13 leri-cr2=100 leri-cr3=100,leri-cr1=13 leri-cr2=100 leri-cr3=100,1171Mbit,1171Mbit,1
1790960282.482,leri-cr1=13 leri-cr2=100 leri-cr3=100,leri-cr1=13 leri-cr2=100 leri-cr3=100,leri-cr1=13 leri-cr2=100 leri-cr3=100,1171Mbit,1171Mbit,1
1790960292.537,leri-cr1=13 leri-cr2=100 leri-cr3=100,leri-cr1=13 leri-cr2=100 leri-cr3=100,leri-cr1=13 leri-cr2=100 leri-cr3=100,1171Mbit,1171Mbit,1
1790960302.590,leri-cr1=13 leri-cr2=100 leri-cr3=100,leri-cr1=13 leri-cr2=100 leri-cr3=100,leri-cr1=13 leri-cr2=100 leri-cr3=100,1171Mbit,1171Mbit,1
1790960312.648,leri-cr1=13 leri-cr2=100 leri-cr3=100,leri-cr1=13 leri-cr2=100 leri-cr3=100,leri-cr1=13 leri-cr2=100 leri-cr3=100,1171Mbit,1171Mbit,1
1790960322.695,leri-cr1=13 leri-cr2=100 leri-cr3=100,leri-cr1=13 leri-cr2=100 leri-cr3=100,leri-cr1=13 leri-cr2=100 leri-cr3=100,1171Mbit,1171Mbit,1
1790960332.748,leri-cr1=13 leri-cr2=100 leri-cr3=100,leri-cr1=13 leri-cr2=100 leri-cr3=100,leri-cr1=13 leri-cr2=100 leri-cr3=100,1171Mbit,1171Mbit,1
1790960343.016,leri-cr1=13 leri-cr2=100 leri-cr3=100,leri-cr1=13 leri-cr2=100 leri-cr3=100,leri-cr1=13 leri-cr2=100 leri-cr3=100,1171Mbit,1171Mbit,1
1790960353.067,leri-cr1=13 leri-cr2=100 leri-cr3=100,leri-cr1=13 leri-cr2=100 leri-cr3=100,leri-cr1=13 leri-cr2=100 leri-cr3=100,1171Mbit,1171Mbit,1
1790960363.116,leri-cr1=13 leri-cr2=100 leri-cr3=100,leri-cr1=13 leri-cr2=100 leri-cr3=100,leri-cr1=13 leri-cr2=100 leri-cr3=100,1171Mbit,1171Mbit,1
1790960373.170,leri-cr1=13 leri-cr2=100 leri-cr3=100,leri-cr1=13 leri-cr2=100 leri-cr3=100,leri-cr1=13 leri-cr2=100 leri-cr3=100,1171Mbit,1171Mbit,1
1790960383.221,leri-cr1=13 leri-cr2=100 leri-cr3=100,leri-cr1=13 leri-cr2=100 leri-cr3=100,leri-cr1=13 leri-cr2=100 leri-cr3=100,1171Mbit,1171Mbit,1
1790960393.272,leri-cr1=13 leri-cr2=100 leri-cr3=100,leri-cr1=13 leri-cr2=100 leri-cr3=100,leri-cr1=13 leri-cr2=100 leri-cr3=100,1171Mbit,1171Mbit,1
1790960403.555,leri-cr1=13 leri-cr2=100 leri-cr3=100,leri-cr1=13 leri-cr2=100 leri-cr3=100,leri-cr1=13 leri-cr2=100 leri-cr3=100,1171Mbit,1171Mbit,0
1790960413.632,leri-cr1=13 leri-cr2=100 leri-cr3=100,leri-cr1=13 leri-cr2=100 leri-cr3=100,leri-cr1=13 leri-cr2=100 leri-cr3=100,1171Mbit,1171Mbit,0
1790960423.710,leri-cr1=13 leri-cr2=100 leri-cr3=100,leri-cr1=13 leri-cr2=100 leri-cr3=100,leri-cr1=13 leri-cr2=100 leri-cr3=100,1171Mbit,1171Mbit,0
1790960433.787,leri-cr1=13 leri-cr2=100 leri-cr3=100,leri-cr1=13 leri-cr2=100 leri-cr3=100,leri-cr1=13 leri-cr2=100 leri-cr3=100,1171Mbit,1171Mbit,0
1790960443.869,leri-cr1=13 leri-cr2=100 leri-cr3=100,leri-cr1=13 leri-cr2=100 leri-cr3=100,leri-cr1=13 leri-cr2=100 leri-cr3=100,1171Mbit,1171Mbit,0
1790960453.942,leri-cr1=13 leri-cr2=100 leri-cr3=100,leri-cr1=13 leri-cr2=100 leri-cr3=100,leri-cr1=13 leri-cr2=100 leri-cr3=100,1171Mbit,1171Mbit,0
1790960464.367,leri-cr1=13 leri-cr2=100 leri-cr3=100,leri-cr1=13 leri-cr2=100 leri-cr3=100,leri-cr1=13 leri-cr2=100 leri-cr3=100,1171Mbit,1171Mbit,0
1790960474.449,leri-cr1=13 leri-cr2=100 leri-cr3=100,leri-cr1=13 leri-cr2=100 leri-cr3=100,leri-cr1=13 leri-cr2=100 leri-cr3=100,1171Mbit,1171Mbit,0
1790960484.527,leri-cr1=13 leri-cr2=100 leri-cr3=100,leri-cr1=13 leri-cr2=100 leri-cr3=100,leri-cr1=13 leri-cr2=100 leri-cr3=100,1171Mbit,1171Mbit,0
1790960494.610,leri-cr1=13 leri-cr2=100 leri-cr3=100,leri-cr1=13 leri-cr2=100 leri-cr3=100,leri-cr1=13 leri-cr2=100 leri-cr3=100,1171Mbit,1171Mbit,0
1790960504.688,leri-cr1=13 leri-cr2=100 leri-cr3=100,leri-cr1=13 leri-cr2=100 leri-cr3=100,leri-cr1=13 leri-cr2=100 leri-cr3=100,1171Mbit,1171Mbit,0
1790960514.768,leri-cr1=13 leri-cr2=100 leri-cr3=100,leri-cr1=13 leri-cr2=100 leri-cr3=100,leri-cr1=13 leri-cr2=100 leri-cr3=100,1171Mbit,1171Mbit,0
1790960525.174,leri-cr1=13 leri-cr2=100 leri-cr3=100,leri-cr1=13 leri-cr2=100 leri-cr3=100,leri-cr1=13 leri-cr2=100 leri-cr3=100,1171Mbit,1171Mbit,0
1790960535.225,leri-cr1=13 leri-cr2=100 leri-cr3=100,leri-cr1=13 leri-cr2=100 leri-cr3=100,leri-cr1=13 leri-cr2=100 leri-cr3=100,1171Mbit,1171Mbit,0
1790960545.282,leri-cr1=13 leri-cr2=100 leri-cr3=100,leri-cr1=13 leri-cr2=100 leri-cr3=100,leri-cr1=13 leri-cr2=100 leri-cr3=100,1171Mbit,1171Mbit,1
1790960555.328,leri-cr1=13 leri-cr2=100 leri-cr3=100,leri-cr1=13 leri-cr2=100 leri-cr3=100,leri-cr1=13 leri-cr2=100 leri-cr3=100,1171Mbit,1171Mbit,1
1790960565.383,leri-cr1=13 leri-cr2=100 leri-cr3=100,leri-cr1=13 leri-cr2=100 leri-cr3=100,leri-cr1=13 leri-cr2=100 leri-cr3=100,1171Mbit,1171Mbit,1
1790960575.456,leri-cr1=13 leri-cr2=100 leri-cr3=100,leri-cr1=13 leri-cr2=100 leri-cr3=100,leri-cr1=13 leri-cr2=100 leri-cr3=100,1171Mbit,1171Mbit,1
1790960585.730,leri-cr1=13 leri-cr2=100 leri-cr3=100,leri-cr1=13 leri-cr2=100 leri-cr3=100,leri-cr1=13 leri-cr2=100 leri-cr3=100,1171Mbit,1171Mbit,1
1790960595.787,leri-cr1=13 leri-cr2=100 leri-cr3=100,leri-cr1=13 leri-cr2=100 leri-cr3=100,leri-cr1=13 leri-cr2=100 leri-cr3=100,1171Mbit,1171Mbit,1
1790960605.841,leri-cr1=13 leri-cr2=100 leri-cr3=100,leri-cr1=13 leri-cr2=100 leri-cr3=100,leri-cr1=13 leri-cr2=100 leri-cr3=100,1171Mbit,1171Mbit,1
1790960615.889,leri-cr1=13 leri-cr2=100 leri-cr3=100,leri-cr1=13 leri-cr2=100 leri-cr3=100,leri-cr1=13 leri-cr2=100 leri-cr3=100,1171Mbit,1171Mbit,1
1790960625.939,leri-cr1=13 leri-cr2=100 leri-cr3=100,leri-cr1=13 leri-cr2=100 leri-cr3=100,leri-cr1=13 leri-cr2=100 leri-cr3=100,1171Mbit,1171Mbit,1
1790960635.992,leri-cr1=13 leri-cr2=100 leri-cr3=100,leri-cr1=13 leri-cr2=100 leri-cr3=100,leri-cr1=13 leri-cr2=100 leri-cr3=100,1171Mbit,1171Mbit,1
1790960646.306,leri-cr1=13 leri-cr2=100 leri-cr3=100,leri-cr1=13 leri-cr2=100 leri-cr3=100,leri-cr1=13 leri-cr2=100 leri-cr3=100,1171Mbit,1171Mbit,1
1790960656.367,leri-cr1=13 leri-cr2=100 leri-cr3=100,leri-cr1=13 leri-cr2=100 leri-cr3=100,leri-cr1=13 leri-cr2=100 leri-cr3=100,1171Mbit,1171Mbit,1
1790960666.408,leri-cr1=13 leri-cr2=100 leri-cr3=100,leri-cr1=13 leri-cr2=100 leri-cr3=100,leri-cr1=13 leri-cr2=100 leri-cr3=100,1171Mbit,1171Mbit,1
1790960676.462,leri-cr1=13 leri-cr2=100 leri-cr3=100,leri-cr1=13 leri-cr2=100 leri-cr3=100,leri-cr1=13 leri-cr2=100 leri-cr3=100,1171Mbit,1171Mbit,1
1790960686.508,leri-cr1=13 leri-cr2=100 leri-cr3=100,leri-cr1=13 leri-cr2=100 leri-cr3=100,leri-cr1=13 leri-cr2=100 leri-cr3=100,1171Mbit,1171Mbit,1
1790960696.561,leri-cr1=13 leri-cr2=100 leri-cr3=100,leri-cr1=13 leri-cr2=100 leri-cr3=100,leri-cr1=13 leri-cr2=100 leri-cr3=100,1171Mbit,1171Mbit,1
1790960706.823,leri-cr1=13 leri-cr2=100 leri-cr3=100,leri-cr1=13 leri-cr2=100 leri-cr3=100,leri-cr1=13 leri-cr2=100 leri-cr3=100,1171Mbit,1171Mbit,1
1790960716.874,leri-cr1=13 leri-cr2=100 leri-cr3=100,leri-cr1=13 leri-cr2=100 leri-cr3=100,leri-cr1=13 leri-cr2=100 leri-cr3=100,1171Mbit,1171Mbit,1
1790960726.929,leri-cr1=13 leri-cr2=100 leri-cr3=100,leri-cr1=13 leri-cr2=100 leri-cr3=100,leri-cr1=13 leri-cr2=100 leri-cr3=100,1171Mbit,1171Mbit,1
1790960736.982,leri-cr1=13 leri-cr2=100 leri-cr3=100,leri-cr1=13 leri-cr2=100 leri-cr3=100,leri-cr1=13 leri-cr2=100 leri-cr3=100,1171Mbit,1171Mbit,1
1790960747.034,leri-cr1=13 leri-cr2=100 leri-cr3=100,leri-cr1=13 leri-cr2=100 leri-cr3=100,leri-cr1=13 leri-cr2=100 leri-cr3=100,1171Mbit,1171Mbit,1
1790960757.089,leri-cr1=13 leri-cr2=100 leri-cr3=100,leri-cr1=13 leri-cr2=100 leri-cr3=100,leri-cr1=13 leri-cr2=100 leri-cr3=100,1171Mbit,1171Mbit,1
1790960767.386,leri-cr1=13 leri-cr2=100 leri-cr3=100,leri-cr1=13 leri-cr2=100 leri-cr3=100,leri-cr1=13 leri-cr2=100 leri-cr3=100,1171Mbit,1171Mbit,1
1790960777.442,leri-cr1=13 leri-cr2=100 leri-cr3=100,leri-cr1=13 leri-cr2=100 leri-cr3=100,leri-cr1=13 leri-cr2=100 leri-cr3=100,1171Mbit,1171Mbit,1
1790960787.494,leri-cr1=13 leri-cr2=100 leri-cr3=100,leri-cr1=13 leri-cr2=100 leri-cr3=100,leri-cr1=13 leri-cr2=100 leri-cr3=100,1171Mbit,1171Mbit,1
1790960797.542,leri-cr1=13 leri-cr2=100 leri-cr3=100,leri-cr1=13 leri-cr2=100 leri-cr3=100,leri-cr1=13 leri-cr2=100 leri-cr3=100,1171Mbit,1171Mbit,1
1790960807.597,leri-cr1=13 leri-cr2=100 leri-cr3=100,leri-cr1=13 leri-cr2=100 leri-cr3=100,leri-cr1=13 leri-cr2=100 leri-cr3=100,1171Mbit,1171Mbit,1
1790960817.642,leri-cr1=13 leri-cr2=100 leri-cr3=100,leri-cr1=13 leri-cr2=100 leri-cr3=100,leri-cr1=13 leri-cr2=100 leri-cr3=100,1171Mbit,1171Mbit,1
1790960827.914,leri-cr1=13 leri-cr2=100 leri-cr3=100,leri-cr1=13 leri-cr2=100 leri-cr3=100,leri-cr1=13 leri-cr2=100 leri-cr3=100,1171Mbit,1171Mbit,1
1790960837.995,leri-cr1=13 leri-cr2=100 leri-cr3=100,leri-cr1=13 leri-cr2=100 leri-cr3=100,leri-cr1=13 leri-cr2=100 leri-cr3=100,1171Mbit,1171Mbit,1
1790960848.047,leri-cr1=13 leri-cr2=100 leri-cr3=100,leri-cr1=13 leri-cr2=100 leri-cr3=100,leri-cr1=13 leri-cr2=100 leri-cr3=100,1171Mbit,1171Mbit,1
1790960858.098,leri-cr1=13 leri-cr2=100 leri-cr3=100,leri-cr1=13 leri-cr2=100 leri-cr3=100,leri-cr1=13 leri-cr2=100 leri-cr3=100,1171Mbit,1171Mbit,1
1790960868.151,leri-cr1=13 leri-cr2=100 leri-cr3=100,leri-cr1=13 leri-cr2=100 leri-cr3=100,leri-cr1=13 leri-cr2=100 leri-cr3=100,1171Mbit,1171Mbit,1
1790960878.204,leri-cr1=13 leri-cr2=100 leri-cr3=100,leri-cr1=13 leri-cr2=100 leri-cr3=100,leri-cr1=13 leri-cr2=100 leri-cr3=100,1171Mbit,1171Mbit,1
1790960888.424,leri-cr1=13 leri-cr2=100 leri-cr3=100,leri-cr1=13 leri-cr2=100 leri-cr3=100,leri-cr1=13 leri-cr2=100 leri-cr3=100,1171Mbit,1171Mbit,1
1790960898.471,leri-cr1=13 leri-cr2=100 leri-cr3=100,leri-cr1=13 leri-cr2=100 leri-cr3=100,leri-cr1=13 leri-cr2=100 leri-cr3=100,1171Mbit,1171Mbit,1
1790960908.520,leri-cr1=13 leri-cr2=100 leri-cr3=100,leri-cr1=13 leri-cr2=100 leri-cr3=100,leri-cr1=13 leri-cr2=100 leri-cr3=100,1171Mbit,1171Mbit,1
1790960918.570,leri-cr1=13 leri-cr2=100 leri-cr3=100,leri-cr1=13 leri-cr2=100 leri-cr3=100,leri-cr1=13 leri-cr2=100 leri-cr3=100,1171Mbit,1171Mbit,1
1790960928.617,leri-cr1=13 leri-cr2=100 leri-cr3=100,leri-cr1=13 leri-cr2=100 leri-cr3=100,leri-cr1=13 leri-cr2=100 leri-cr3=100,1171Mbit,1171Mbit,1
1790960938.665,leri-cr1=13 leri-cr2=100 leri-cr3=100,leri-cr1=13 leri-cr2=100 leri-cr3=100,leri-cr1=13 leri-cr2=100 leri-cr3=100,1171Mbit,1171Mbit,1
1790960948.920,leri-cr1=13 leri-cr2=100 leri-cr3=100,leri-cr1=13 leri-cr2=100 leri-cr3=100,leri-cr1=13 leri-cr2=100 leri-cr3=100,1171Mbit,1171Mbit,1
1790960958.969,leri-cr1=13 leri-cr2=100 leri-cr3=100,leri-cr1=13 leri-cr2=100 leri-cr3=100,leri-cr1=13 leri-cr2=100 leri-cr3=100,1171Mbit,1171Mbit,1
1790960969.042,leri-cr1=13 leri-cr2=100 leri-cr3=100,leri-cr1=13 leri-cr2=100 leri-cr3=100,leri-cr1=13 leri-cr2=100 leri-cr3=100,1171Mbit,1171Mbit,1
1790960979.094,leri-cr1=13 leri-cr2=100 leri-cr3=100,leri-cr1=13 leri-cr2=100 leri-cr3=100,leri-cr1=13 leri-cr2=100 leri-cr3=100,1171Mbit,1171Mbit,1
1790960989.149,leri-cr1=13 leri-cr2=100 leri-cr3=100,leri-cr1=13 leri-cr2=100 leri-cr3=100,leri-cr1=13 leri-cr2=100 leri-cr3=100,1171Mbit,1171Mbit,1
1790960999.203,leri-cr1=13 leri-cr2=100 leri-cr3=100,leri-cr1=13 leri-cr2=100 leri-cr3=100,leri-cr1=13 leri-cr2=100 leri-cr3=100,1171Mbit,1171Mbit,1
1790961009.518,leri-cr1=13 leri-cr2=100 leri-cr3=100,leri-cr1=13 leri-cr2=100 leri-cr3=100,leri-cr1=13 leri-cr2=100 leri-cr3=100,1171Mbit,1171Mbit,1
1790961019.570,leri-cr1=13 leri-cr2=100 leri-cr3=100,leri-cr1=13 leri-cr2=100 leri-cr3=100,leri-cr1=13 leri-cr2=100 leri-cr3=100,1171Mbit,1171Mbit,1
1790961029.625,leri-cr1=13 leri-cr2=100 leri-cr3=100,leri-cr1=13 leri-cr2=100 leri-cr3=100,leri-cr1=13 leri-cr2=100 leri-cr3=100,1171Mbit,1171Mbit,1
1790961039.680,leri-cr1=13 leri-cr2=100 leri-cr3=100,leri-cr1=13 leri-cr2=100 leri-cr3=100,leri-cr1=13 leri-cr2=100 leri-cr3=100,1171Mbit,1171Mbit,1
1790961049.732,leri-cr1=13 leri-cr2=100 leri-cr3=100,leri-cr1=13 leri-cr2=100 leri-cr3=100,leri-cr1=13 leri-cr2=100 leri-cr3=100,1171Mbit,1171Mbit,1
1790961059.783,leri-cr1=13 leri-cr2=100 leri-cr3=100,leri-cr1=13 leri-cr2=100 leri-cr3=100,leri-cr1=13 leri-cr2=100 leri-cr3=100,1171Mbit,1171Mbit,1
1790961070.049,leri-cr1=13 leri-cr2=100 leri-cr3=100,leri-cr1=13 leri-cr2=100 leri-cr3=100,leri-cr1=13 leri-cr2=100 leri-cr3=100,1171Mbit,1171Mbit,1
1790961080.099,leri-cr1=13 leri-cr2=100 leri-cr3=100,leri-cr1=13 leri-cr2=100 leri-cr3=100,leri-cr1=13 leri-cr2=100 leri-cr3=100,1171Mbit,1171Mbit,1
1790961090.150,leri-cr1=13 leri-cr2=100 leri-cr3=100,leri-cr1=13 leri-cr2=100 leri-cr3=100,leri-cr1=13 leri-cr2=100 leri-cr3=100,1171Mbit,1171Mbit,1
1790961100.194,leri-cr1=13 leri-cr2=100 leri-cr3=100,leri-cr1=13 leri-cr2=100 leri-cr3=100,leri-cr1=13 leri-cr2=100 leri-cr3=100,1171Mbit,1171Mbit,1
1790961110.247,leri-cr1=13 leri-cr2=100 leri-cr3=100,leri-cr1=13 leri-cr2=100 leri-cr3=100,leri-cr1=13 leri-cr2=100 leri-cr3=100,1171Mbit,1171Mbit,1
1790961120.296,leri-cr1=13 leri-cr2=100 leri-cr3=100,leri-cr1=13 leri-cr2=100 leri-cr3=100,leri-cr1=13 leri-cr2=100 leri-cr3=100,1171Mbit,1171Mbit,1
1790961130.572,leri-cr1=13 leri-cr2=100 leri-cr3=100,leri-cr1=13 leri-cr2=100 leri-cr3=100,leri-cr1=13 leri-cr2=100 leri-cr3=100,1171Mbit,1171Mbit,1
1790961140.628,leri-cr1=13 leri-cr2=100 leri-cr3=100,leri-cr1=13 leri-cr2=100 leri-cr3=100,leri-cr1=13 leri-cr2=100 leri-cr3=100,1171Mbit,1171Mbit,1
1790961150.680,leri-cr1=13 leri-cr2=100 leri-cr3=100,leri-cr1=13 leri-cr2=100 leri-cr3=100,leri-cr1=13 leri-cr2=100 leri-cr3=100,1171Mbit,1171Mbit,1
1790961160.734,leri-cr1=13 leri-cr2=100 leri-cr3=100,leri-cr1=13 leri-cr2=100 leri-cr3=100,leri-cr1=13 leri-cr2=100 leri-cr3=100,1171Mbit,1171Mbit,1
1790961170.785,leri-cr1=13 leri-cr2=100 leri-cr3=100,leri-cr1=13 leri-cr2=100 leri-cr3=100,leri-cr1=13 leri-cr2=100 leri-cr3=100,1171Mbit,1171Mbit,1
1790961180.836,leri-cr1=13 leri-cr2=100 leri-cr3=100,leri-cr1=13 leri-cr2=100 leri-cr3=100,leri-cr1=13 leri-cr2=100 leri-cr3=100,1171Mbit,1171Mbit,1
1790961191.101,leri-cr1=13 leri-cr2=100 leri-cr3=100,leri-cr1=13 leri-cr2=100 leri-cr3=100,leri-cr1=13 leri-cr2=100 leri-cr3=100,1171Mbit,1171Mbit,1
1790961201.148,leri-cr1=13 leri-cr2=100 leri-cr3=100,leri-cr1=13 leri-cr2=100 leri-cr3=100,leri-cr1=13 leri-cr2=100 leri-cr3=100,1171Mbit,1171Mbit,1
1790961211.200,leri-cr1=13 leri-cr2=100 leri-cr3=100,leri-cr1=13 leri-cr2=100 leri-cr3=100,leri-cr1=13 leri-cr2=100 leri-cr3=100,1171Mbit,1171Mbit,1
1790961221.262,leri-cr1=13 leri-cr2=100 leri-cr3=100,leri-cr1=13 leri-cr2=100 leri-cr3=100,leri-cr1=13 leri-cr2=100 leri-cr3=100,1171Mbit,1171Mbit,1
1790961231.327,leri-cr1=13 leri-cr2=100 leri-cr3=100,leri-cr1=13 leri-cr2=100 leri-cr3=100,leri-cr1=13 leri-cr2=100 leri-cr3=100,1171Mbit,1171Mbit,0
1790961241.409,leri-cr1=13 leri-cr2=100 leri-cr3=100,leri-cr1=13 leri-cr2=100 leri-cr3=100,leri-cr1=13 leri-cr2=100 leri-cr3=100,1171Mbit,1171Mbit,0
1790961251.857,leri-cr1=13 leri-cr2=100 leri-cr3=100,leri-cr1=13 leri-cr2=100 leri-cr3=100,leri-cr1=13 leri-cr2=100 leri-cr3=100,1171Mbit,1171Mbit,0
1790961261.941,leri-cr1=13 leri-cr2=100 leri-cr3=100,leri-cr1=13 leri-cr2=100 leri-cr3=100,leri-cr1=13 leri-cr2=100 leri-cr3=100,1171Mbit,1171Mbit,0
1790961272.040,leri-cr1=13 leri-cr2=100 leri-cr3=100,leri-cr1=13 leri-cr2=100 leri-cr3=100,leri-cr1=13 leri-cr2=100 leri-cr3=100,1171Mbit,1171Mbit,0
1790961282.121,leri-cr1=13 leri-cr2=100 leri-cr3=100,leri-cr1=13 leri-cr2=100 leri-cr3=100,leri-cr1=13 leri-cr2=100 leri-cr3=100,1171Mbit,1171Mbit,0
1790961292.204,leri-cr1=13 leri-cr2=100 leri-cr3=100,leri-cr1=13 leri-cr2=100 leri-cr3=100,leri-cr1=13 leri-cr2=100 leri-cr3=100,1171Mbit,1171Mbit,0
1790961302.281,leri-cr1=13 leri-cr2=100 leri-cr3=100,leri-cr1=13 leri-cr2=100 leri-cr3=100,leri-cr1=13 leri-cr2=100 leri-cr3=100,1171Mbit,1171Mbit,0
1790961312.721,leri-cr1=13 leri-cr2=100 leri-cr3=100,leri-cr1=13 leri-cr2=100 leri-cr3=100,leri-cr1=13 leri-cr2=100 leri-cr3=100,1171Mbit,1171Mbit,0
1790961322.803,leri-cr1=13 leri-cr2=100 leri-cr3=100,leri-cr1=13 leri-cr2=100 leri-cr3=100,leri-cr1=13 leri-cr2=100 leri-cr3=100,1171Mbit,1171Mbit,0
1790961332.888,leri-cr1=13 leri-cr2=100 leri-cr3=100,leri-cr1=13 leri-cr2=100 leri-cr3=100,leri-cr1=13 leri-cr2=100 leri-cr3=100,1171Mbit,1171Mbit,0
1790961342.970,leri-cr1=13 leri-cr2=100 leri-cr3=100,leri-cr1=13 leri-cr2=100 leri-cr3=100,leri-cr1=13 leri-cr2=100 leri-cr3=100,1171Mbit,1171Mbit,0
1790961353.018,leri-cr1=13 leri-cr2=100 leri-cr3=100,leri-cr1=13 leri-cr2=100 leri-cr3=100,leri-cr1=13 leri-cr2=100 leri-cr3=100,1171Mbit,1171Mbit,0
1790961363.202,leri-cr1=13 leri-cr2=100 leri-cr3=100,leri-cr1=13 leri-cr2=100 leri-cr3=100,leri-cr1=13 leri-cr2=100 leri-cr3=100,1171Mbit,1171Mbit,1
1790961373.256,leri-cr1=13 leri-cr2=100 leri-cr3=100,leri-cr1=13 leri-cr2=100 leri-cr3=100,leri-cr1=13 leri-cr2=100 leri-cr3=100,1171Mbit,1171Mbit,1
1790961383.308,leri-cr1=13 leri-cr2=100 leri-cr3=100,leri-cr1=13 leri-cr2=100 leri-cr3=100,leri-cr1=13 leri-cr2=100 leri-cr3=100,1171Mbit,1171Mbit,1
1790961393.363,leri-cr1=13 leri-cr2=100 leri-cr3=100,leri-cr1=13 leri-cr2=100 leri-cr3=100,leri-cr1=13 leri-cr2=100 leri-cr3=100,1171Mbit,1171Mbit,1
1790961403.414,leri-cr1=13 leri-cr2=100 leri-cr3=100,leri-cr1=13 leri-cr2=100 leri-cr3=100,leri-cr1=13 leri-cr2=100 leri-cr3=100,1171Mbit,1171Mbit,1
1790961413.467,leri-cr1=13 leri-cr2=100 leri-cr3=100,leri-cr1=13 leri-cr2=100 leri-cr3=100,leri-cr1=13 leri-cr2=100 leri-cr3=100,1171Mbit,1171Mbit,1
1790961423.714,leri-cr1=13 leri-cr2=100 leri-cr3=100,leri-cr1=13 leri-cr2=100 leri-cr3=100,leri-cr1=13 leri-cr2=100 leri-cr3=100,1171Mbit,1171Mbit,1
1790961433.767,leri-cr1=13 leri-cr2=100 leri-cr3=100,leri-cr1=13 leri-cr2=100 leri-cr3=100,leri-cr1=13 leri-cr2=100 leri-cr3=100,1171Mbit,1171Mbit,1
1790961443.822,leri-cr1=13 leri-cr2=100 leri-cr3=100,leri-cr1=13 leri-cr2=100 leri-cr3=100,leri-cr1=13 leri-cr2=100 leri-cr3=100,1171Mbit,1171Mbit,1
1790961453.875,leri-cr1=13 leri-cr2=100 leri-cr3=100,leri-cr1=13 leri-cr2=100 leri-cr3=100,leri-cr1=13 leri-cr2=100 leri-cr3=100,1171Mbit,1171Mbit,1
1790961463.926,leri-cr1=13 leri-cr2=100 leri-cr3=100,leri-cr1=13 leri-cr2=100 leri-cr3=100,leri-cr1=13 leri-cr2=100 leri-cr3=100,1171Mbit,1171Mbit,1
1790961473.979,leri-cr1=13 leri-cr2=100 leri-cr3=100,leri-cr1=13 leri-cr2=100 leri-cr3=100,leri-cr1=13 leri-cr2=100 leri-cr3=100,1171Mbit,1171Mbit,1
1790961484.254,leri-cr1=13 leri-cr2=100 leri-cr3=100,leri-cr1=13 leri-cr2=100 leri-cr3=100,leri-cr1=13 leri-cr2=100 leri-cr3=100,1171Mbit,1171Mbit,1
1790961494.305,leri-cr1=13 leri-cr2=100 leri-cr3=100,leri-cr1=13 leri-cr2=100 leri-cr3=100,leri-cr1=13 leri-cr2=100 leri-cr3=100,1171Mbit,1171Mbit,1
1790961504.359,leri-cr1=13 leri-cr2=100 leri-cr3=100,leri-cr1=13 leri-cr2=100 leri-cr3=100,leri-cr1=13 leri-cr2=100 leri-cr3=100,1171Mbit,1171Mbit,1
1790961514.408,leri-cr1=13 leri-cr2=100 leri-cr3=100,leri-cr1=13 leri-cr2=100 leri-cr3=100,leri-cr1=13 leri-cr2=100 leri-cr3=100,1171Mbit,1171Mbit,1
1790961524.455,leri-cr1=13 leri-cr2=100 leri-cr3=100,leri-cr1=13 leri-cr2=100 leri-cr3=100,leri-cr1=13 leri-cr2=100 leri-cr3=100,1171Mbit,1171Mbit,1
1790961534.504,leri-cr1=13 leri-cr2=100 leri-cr3=100,leri-cr1=13 leri-cr2=100 leri-cr3=100,leri-cr1=13 leri-cr2=100 leri-cr3=100,1171Mbit,1171Mbit,1
1790961544.751,leri-cr1=13 leri-cr2=100 leri-cr3=100,leri-cr1=13 leri-cr2=100 leri-cr3=100,leri-cr1=13 leri-cr2=100 leri-cr3=100,1171Mbit,1171Mbit,1
1790961554.796,leri-cr1=13 leri-cr2=100 leri-cr3=100,leri-cr1=13 leri-cr2=100 leri-cr3=100,leri-cr1=13 leri-cr2=100 leri-cr3=100,1171Mbit,1171Mbit,1
1790961564.851,leri-cr1=13 leri-cr2=100 leri-cr3=100,leri-cr1=13 leri-cr2=100 leri-cr3=100,leri-cr1=13 leri-cr2=100 leri-cr3=100,1171Mbit,1171Mbit,1
1790961574.901,leri-cr1=13 leri-cr2=100 leri-cr3=100,leri-cr1=13 leri-cr2=100 leri-cr3=100,leri-cr1=13 leri-cr2=100 leri-cr3=100,1171Mbit,1171Mbit,1
1790961584.954,leri-cr1=13 leri-cr2=100 leri-cr3=100,leri-cr1=13 leri-cr2=100 leri-cr3=100,leri-cr1=13 leri-cr2=100 leri-cr3=100,1171Mbit,1171Mbit,1
1790961595.006,leri-cr1=13 leri-cr2=100 leri-cr3=100,leri-cr1=13 leri-cr2=100 leri-cr3=100,leri-cr1=13 leri-cr2=100 leri-cr3=100,1171Mbit,1171Mbit,1
1790961605.298,leri-cr1=13 leri-cr2=100 leri-cr3=100,leri-cr1=13 leri-cr2=100 leri-cr3=100,leri-cr1=13 leri-cr2=100 leri-cr3=100,1171Mbit,1171Mbit,1
1790961615.350,leri-cr1=13 leri-cr2=100 leri-cr3=100,leri-cr1=13 leri-cr2=100 leri-cr3=100,leri-cr1=13 leri-cr2=100 leri-cr3=100,1171Mbit,1171Mbit,1
1790961625.396,leri-cr1=13 leri-cr2=100 leri-cr3=100,leri-cr1=13 leri-cr2=100 leri-cr3=100,leri-cr1=13 leri-cr2=100 leri-cr3=100,1171Mbit,1171Mbit,1
1790961635.449,leri-cr1=13 leri-cr2=100 leri-cr3=100,leri-cr1=13 leri-cr2=100 leri-cr3=100,leri-cr1=13 leri-cr2=100 leri-cr3=100,1171Mbit,1171Mbit,1
1790961645.500,leri-cr1=13 leri-cr2=100 leri-cr3=100,leri-cr1=13 leri-cr2=100 leri-cr3=100,leri-cr1=13 leri-cr2=100 leri-cr3=100,1171Mbit,1171Mbit,1
1790961655.554,leri-cr1=13 leri-cr2=100 leri-cr3=100,leri-cr1=13 leri-cr2=100 leri-cr3=100,leri-cr1=13 leri-cr2=100 leri-cr3=100,1171Mbit,1171Mbit,1
1790961665.834,leri-cr1=13 leri-cr2=100 leri-cr3=100,leri-cr1=13 leri-cr2=100 leri-cr3=100,leri-cr1=13 leri-cr2=100 leri-cr3=100,1171Mbit,1171Mbit,1
1790961675.883,leri-cr1=13 leri-cr2=100 leri-cr3=100,leri-cr1=13 leri-cr2=100 leri-cr3=100,leri-cr1=13 leri-cr2=100 leri-cr3=100,1171Mbit,1171Mbit,1
1790961685.980,leri-cr1=13 leri-cr2=100 leri-cr3=100,leri-cr1=13 leri-cr2=100 leri-cr3=100,leri-cr1=13 leri-cr2=100 leri-cr3=100,1171Mbit,1171Mbit,1
1790961696.034,leri-cr1=13 leri-cr2=100 leri-cr3=100,leri-cr1=13 leri-cr2=100 leri-cr3=100,leri-cr1=13 leri-cr2=100 leri-cr3=100,1171Mbit,1171Mbit,1
1790961706.102,leri-cr1=13 leri-cr2=100 leri-cr3=100,leri-cr1=13 leri-cr2=100 leri-cr3=100,leri-cr1=13 leri-cr2=100 leri-cr3=100,1171Mbit,1171Mbit,1
1790961716.149,leri-cr1=13 leri-cr2=100 leri-cr3=100,leri-cr1=13 leri-cr2=100 leri-cr3=100,leri-cr1=13 leri-cr2=100 leri-cr3=100,1171Mbit,1171Mbit,1
1790961726.402,leri-cr1=13 leri-cr2=100 leri-cr3=100,leri-cr1=13 leri-cr2=100 leri-cr3=100,leri-cr1=13 leri-cr2=100 leri-cr3=100,1171Mbit,1171Mbit,1
1790961736.455,leri-cr1=13 leri-cr2=100 leri-cr3=100,leri-cr1=13 leri-cr2=100 leri-cr3=100,leri-cr1=13 leri-cr2=100 leri-cr3=100,1171Mbit,1171Mbit,1
1790961746.505,leri-cr1=13 leri-cr2=100 leri-cr3=100,leri-cr1=13 leri-cr2=100 leri-cr3=100,leri-cr1=13 leri-cr2=100 leri-cr3=100,1171Mbit,1171Mbit,1
1790961756.557,leri-cr1=13 leri-cr2=100 leri-cr3=100,leri-cr1=13 leri-cr2=100 leri-cr3=100,leri-cr1=13 leri-cr2=100 leri-cr3=100,1171Mbit,1171Mbit,1
1790961766.611,leri-cr1=13 leri-cr2=100 leri-cr3=100,leri-cr1=13 leri-cr2=100 leri-cr3=100,leri-cr1=13 leri-cr2=100 leri-cr3=100,1171Mbit,1171Mbit,1
1790961776.663,leri-cr1=13 leri-cr2=100 leri-cr3=100,leri-cr1=13 leri-cr2=100 leri-cr3=100,leri-cr1=13 leri-cr2=100 leri-cr3=100,1171Mbit,1171Mbit,1
1790961786.923,leri-cr1=13 leri-cr2=100 leri-cr3=100,leri-cr1=13 leri-cr2=100 leri-cr3=100,leri-cr1=13 leri-cr2=100 leri-cr3=100,1171Mbit,1171Mbit,1
1790961796.975,leri-cr1=13 leri-cr2=100 leri-cr3=100,leri-cr1=13 leri-cr2=100 leri-cr3=100,leri-cr1=13 leri-cr2=100 leri-cr3=100,1171Mbit,1171Mbit,1
1790961807.026,leri-cr1=13 leri-cr2=100 leri-cr3=100,leri-cr1=13 leri-cr2=100 leri-cr3=100,leri-cr1=13 leri-cr2=100 leri-cr3=100,1171Mbit,1171Mbit,1
1790961817.076,leri-cr1=13 leri-cr2=100 leri-cr3=100,leri-cr1=13 leri-cr2=100 leri-cr3=100,leri-cr1=13 leri-cr2=100 leri-cr3=100,1171Mbit,1171Mbit,1
1790961827.130,leri-cr1=13 leri-cr2=100 leri-cr3=100,leri-cr1=13 leri-cr2=100 leri-cr3=100,leri-cr1=13 leri-cr2=100 leri-cr3=100,1171Mbit,1171Mbit,0
1790961837.212,leri-cr1=13 leri-cr2=100 leri-cr3=100,leri-cr1=13 leri-cr2=100 leri-cr3=100,leri-cr1=13 leri-cr2=100 leri-cr3=100,1171Mbit,1171Mbit,0
1790961847.663,leri-cr1=13 leri-cr2=100 leri-cr3=100,leri-cr1=13 leri-cr2=100 leri-cr3=100,leri-cr1=13 leri-cr2=100 leri-cr3=100,1171Mbit,1171Mbit,0
1790961857.747,leri-cr1=13 leri-cr2=100 leri-cr3=100,leri-cr1=13 leri-cr2=100 leri-cr3=100,leri-cr1=13 leri-cr2=100 leri-cr3=100,1171Mbit,1171Mbit,0
1790961867.828,leri-cr1=13 leri-cr2=100 leri-cr3=100,leri-cr1=13 leri-cr2=100 leri-cr3=100,leri-cr1=13 leri-cr2=100 leri-cr3=100,1171Mbit,1171Mbit,0
1790961877.908,leri-cr1=13 leri-cr2=100 leri-cr3=100,leri-cr1=13 leri-cr2=100 leri-cr3=100,leri-cr1=13 leri-cr2=100 leri-cr3=100,1171Mbit,1171Mbit,0
1790961887.982,leri-cr1=13 leri-cr2=100 leri-cr3=100,leri-cr1=13 leri-cr2=100 leri-cr3=100,leri-cr1=13 leri-cr2=100 leri-cr3=100,1171Mbit,1171Mbit,0
1790961898.060,leri-cr1=13 leri-cr2=100 leri-cr3=100,leri-cr1=13 leri-cr2=100 leri-cr3=100,leri-cr1=13 leri-cr2=100 leri-cr3=100,1171Mbit,1171Mbit,0
1790961908.481,leri-cr1=13 leri-cr2=100 leri-cr3=100,leri-cr1=13 leri-cr2=100 leri-cr3=100,leri-cr1=13 leri-cr2=100 leri-cr3=100,1171Mbit,1171Mbit,0
1790961918.558,leri-cr1=13 leri-cr2=100 leri-cr3=100,leri-cr1=13 leri-cr2=100 leri-cr3=100,leri-cr1=13 leri-cr2=100 leri-cr3=100,1171Mbit,1171Mbit,0
1790961928.685,leri-cr1=13 leri-cr2=100 leri-cr3=100,leri-cr1=13 leri-cr2=100 leri-cr3=100,leri-cr1=13 leri-cr2=100 leri-cr3=100,1171Mbit,1171Mbit,0
1790961938.764,leri-cr1=13 leri-cr2=100 leri-cr3=100,leri-cr1=13 leri-cr2=100 leri-cr3=100,leri-cr1=13 leri-cr2=100 leri-cr3=100,1171Mbit,1171Mbit,0
1790961948.845,leri-cr1=13 leri-cr2=100 leri-cr3=100,leri-cr1=13 leri-cr2=100 leri-cr3=100,leri-cr1=13 leri-cr2=100 leri-cr3=100,1171Mbit,1171Mbit,0
1790961958.898,leri-cr1=13 leri-cr2=100 leri-cr3=100,leri-cr1=13 leri-cr2=100 leri-cr3=100,leri-cr1=13 leri-cr2=100 leri-cr3=100,1171Mbit,1171Mbit,0
1790961969.173,leri-cr1=13 leri-cr2=100 leri-cr3=100,leri-cr1=13 leri-cr2=100 leri-cr3=100,leri-cr1=13 leri-cr2=100 leri-cr3=100,1171Mbit,1171Mbit,1
1790961979.231,leri-cr1=13 leri-cr2=100 leri-cr3=100,leri-cr1=13 leri-cr2=100 leri-cr3=100,leri-cr1=13 leri-cr2=100 leri-cr3=100,1171Mbit,1171Mbit,1
1790961989.286,leri-cr1=13 leri-cr2=100 leri-cr3=100,leri-cr1=13 leri-cr2=100 leri-cr3=100,leri-cr1=13 leri-cr2=100 leri-cr3=100,1171Mbit,1171Mbit,1
1790961999.342,leri-cr1=13 leri-cr2=100 leri-cr3=100,leri-cr1=13 leri-cr2=100 leri-cr3=100,leri-cr1=13 leri-cr2=100 leri-cr3=100,1171Mbit,1171Mbit,1
1790962009.390,leri-cr1=13 leri-cr2=100 leri-cr3=100,leri-cr1=13 leri-cr2=100 leri-cr3=100,leri-cr1=13 leri-cr2=100 leri-cr3=100,1171Mbit,1171Mbit,1
1790962019.443,leri-cr1=13 leri-cr2=100 leri-cr3=100,leri-cr1=13 leri-cr2=100 leri-cr3=100,leri-cr1=13 leri-cr2=100 leri-cr3=100,1171Mbit,1171Mbit,1
1790962029.715,leri-cr1=13 leri-cr2=100 leri-cr3=100,leri-cr1=13 leri-cr2=100 leri-cr3=100,leri-cr1=13 leri-cr2=100 leri-cr3=100,1171Mbit,1171Mbit,1
1790962039.768,leri-cr1=13 leri-cr2=100 leri-cr3=100,leri-cr1=13 leri-cr2=100 leri-cr3=100,leri-cr1=13 leri-cr2=100 leri-cr3=100,1171Mbit,1171Mbit,1
1790962049.811,leri-cr1=13 leri-cr2=100 leri-cr3=100,leri-cr1=13 leri-cr2=100 leri-cr3=100,leri-cr1=13 leri-cr2=100 leri-cr3=100,1171Mbit,1171Mbit,1
1790962059.863,leri-cr1=13 leri-cr2=100 leri-cr3=100,leri-cr1=13 leri-cr2=100 leri-cr3=100,leri-cr1=13 leri-cr2=100 leri-cr3=100,1171Mbit,1171Mbit,1
1790962069.914,leri-cr1=13 leri-cr2=100 leri-cr3=100,leri-cr1=13 leri-cr2=100 leri-cr3=100,leri-cr1=13 leri-cr2=100 leri-cr3=100,1171Mbit,1171Mbit,1
1790962079.968,leri-cr1=13 leri-cr2=100 leri-cr3=100,leri-cr1=13 leri-cr2=100 leri-cr3=100,leri-cr1=13 leri-cr2=100 leri-cr3=100,1171Mbit,1171Mbit,1
1790962090.242,leri-cr1=13 leri-cr2=100 leri-cr3=100,leri-cr1=13 leri-cr2=100 leri-cr3=100,leri-cr1=13 leri-cr2=100 leri-cr3=100,1171Mbit,1171Mbit,1
1790962100.293,leri-cr1=13 leri-cr2=100 leri-cr3=100,leri-cr1=13 leri-cr2=100 leri-cr3=100,leri-cr1=13 leri-cr2=100 leri-cr3=100,1171Mbit,1171Mbit,1
1790962110.342,leri-cr1=13 leri-cr2=100 leri-cr3=100,leri-cr1=13 leri-cr2=100 leri-cr3=100,leri-cr1=13 leri-cr2=100 leri-cr3=100,1171Mbit,1171Mbit,1
1790962120.398,leri-cr1=13 leri-cr2=100 leri-cr3=100,leri-cr1=13 leri-cr2=100 leri-cr3=100,leri-cr1=13 leri-cr2=100 leri-cr3=100,1171Mbit,1171Mbit,1
1790962130.452,leri-cr1=13 leri-cr2=100 leri-cr3=100,leri-cr1=13 leri-cr2=100 leri-cr3=100,leri-cr1=13 leri-cr2=100 leri-cr3=100,1171Mbit,1171Mbit,1
1790962140.506,leri-cr1=13 leri-cr2=100 leri-cr3=100,leri-cr1=13 leri-cr2=100 leri-cr3=100,leri-cr1=13 leri-cr2=100 leri-cr3=100,1171Mbit,1171Mbit,1
1790962150.763,leri-cr1=13 leri-cr2=100 leri-cr3=100,leri-cr1=13 leri-cr2=100 leri-cr3=100,leri-cr1=13 leri-cr2=100 leri-cr3=100,1171Mbit,1171Mbit,1
1790962160.806,leri-cr1=13 leri-cr2=100 leri-cr3=100,leri-cr1=13 leri-cr2=100 leri-cr3=100,leri-cr1=13 leri-cr2=100 leri-cr3=100,1171Mbit,1171Mbit,1
1790962170.862,leri-cr1=13 leri-cr2=100 leri-cr3=100,leri-cr1=13 leri-cr2=100 leri-cr3=100,leri-cr1=13 leri-cr2=100 leri-cr3=100,1171Mbit,1171Mbit,1
1790962180.937,leri-cr1=13 leri-cr2=100 leri-cr3=100,leri-cr1=13 leri-cr2=100 leri-cr3=100,leri-cr1=13 leri-cr2=100 leri-cr3=100,1171Mbit,1171Mbit,1
1790962190.984,leri-cr1=13 leri-cr2=100 leri-cr3=100,leri-cr1=13 leri-cr2=100 leri-cr3=100,leri-cr1=13 leri-cr2=100 leri-cr3=100,1171Mbit,1171Mbit,1
1790962201.035,leri-cr1=13 leri-cr2=100 leri-cr3=100,leri-cr1=13 leri-cr2=100 leri-cr3=100,leri-cr1=13 leri-cr2=100 leri-cr3=100,1171Mbit,1171Mbit,1
1790962211.346,leri-cr1=13 leri-cr2=100 leri-cr3=100,leri-cr1=13 leri-cr2=100 leri-cr3=100,leri-cr1=13 leri-cr2=100 leri-cr3=100,1171Mbit,1171Mbit,1
1790962221.398,leri-cr1=13 leri-cr2=100 leri-cr3=100,leri-cr1=13 leri-cr2=100 leri-cr3=100,leri-cr1=13 leri-cr2=100 leri-cr3=100,1171Mbit,1171Mbit,1
1790962231.451,leri-cr1=13 leri-cr2=100 leri-cr3=100,leri-cr1=13 leri-cr2=100 leri-cr3=100,leri-cr1=13 leri-cr2=100 leri-cr3=100,1171Mbit,1171Mbit,1
1790962241.499,leri-cr1=13 leri-cr2=100 leri-cr3=100,leri-cr1=13 leri-cr2=100 leri-cr3=100,leri-cr1=13 leri-cr2=100 leri-cr3=100,1171Mbit,1171Mbit,1
1790962251.551,leri-cr1=13 leri-cr2=100 leri-cr3=100,leri-cr1=13 leri-cr2=100 leri-cr3=100,leri-cr1=13 leri-cr2=100 leri-cr3=100,1171Mbit,1171Mbit,1
1790962261.601,leri-cr1=13 leri-cr2=100 leri-cr3=100,leri-cr1=13 leri-cr2=100 leri-cr3=100,leri-cr1=13 leri-cr2=100 leri-cr3=100,1171Mbit,1171Mbit,1
1790962271.876,leri-cr1=13 leri-cr2=100 leri-cr3=100,leri-cr1=13 leri-cr2=100 leri-cr3=100,leri-cr1=13 leri-cr2=100 leri-cr3=100,1171Mbit,1171Mbit,1
1790962281.932,leri-cr1=13 leri-cr2=100 leri-cr3=100,leri-cr1=13 leri-cr2=100 leri-cr3=100,leri-cr1=13 leri-cr2=100 leri-cr3=100,1171Mbit,1171Mbit,1
1790962291.980,leri-cr1=13 leri-cr2=100 leri-cr3=100,leri-cr1=13 leri-cr2=100 leri-cr3=100,leri-cr1=13 leri-cr2=100 leri-cr3=100,1171Mbit,1171Mbit,1
1790962302.034,leri-cr1=13 leri-cr2=100 leri-cr3=100,leri-cr1=13 leri-cr2=100 leri-cr3=100,leri-cr1=13 leri-cr2=100 leri-cr3=100,1171Mbit,1171Mbit,1
1790962312.086,leri-cr1=13 leri-cr2=100 leri-cr3=100,leri-cr1=13 leri-cr2=100 leri-cr3=100,leri-cr1=13 leri-cr2=100 leri-cr3=100,1171Mbit,1171Mbit,1
1790962322.139,leri-cr1=13 leri-cr2=100 leri-cr3=100,leri-cr1=13 leri-cr2=100 leri-cr3=100,leri-cr1=13 leri-cr2=100 leri-cr3=100,1171Mbit,1171Mbit,1
1790962332.417,leri-cr1=13 leri-cr2=100 leri-cr3=100,leri-cr1=13 leri-cr2=100 leri-cr3=100,leri-cr1=13 leri-cr2=100 leri-cr3=100,1171Mbit,1171Mbit,1
1790962342.467,leri-cr1=13 leri-cr2=100 leri-cr3=100,leri-cr1=13 leri-cr2=100 leri-cr3=100,leri-cr1=13 leri-cr2=100 leri-cr3=100,1171Mbit,1171Mbit,1
1790962352.518,leri-cr1=13 leri-cr2=100 leri-cr3=100,leri-cr1=13 leri-cr2=100 leri-cr3=100,leri-cr1=13 leri-cr2=100 leri-cr3=100,1171Mbit,1171Mbit,1
1790962362.574,leri-cr1=13 leri-cr2=100 leri-cr3=100,leri-cr1=13 leri-cr2=100 leri-cr3=100,leri-cr1=13 leri-cr2=100 leri-cr3=100,1171Mbit,1171Mbit,1
1790962372.631,leri-cr1=13 leri-cr2=100 leri-cr3=100,leri-cr1=13 leri-cr2=100 leri-cr3=100,leri-cr1=13 leri-cr2=100 leri-cr3=100,1171Mbit,1171Mbit,1
1790962382.684,leri-cr1=13 leri-cr2=100 leri-cr3=100,leri-cr1=13 leri-cr2=100 leri-cr3=100,leri-cr1=13 leri-cr2=100 leri-cr3=100,1171Mbit,1171Mbit,1
1790962392.981,leri-cr1=13 leri-cr2=100 leri-cr3=100,leri-cr1=13 leri-cr2=100 leri-cr3=100,leri-cr1=13 leri-cr2=100 leri-cr3=100,1171Mbit,1171Mbit,1
1790962403.027,leri-cr1=13 leri-cr2=100 leri-cr3=100,leri-cr1=13 leri-cr2=100 leri-cr3=100,leri-cr1=13 leri-cr2=100 leri-cr3=100,1171Mbit,1171Mbit,1
1790962413.077,leri-cr1=13 leri-cr2=100 leri-cr3=100,leri-cr1=13 leri-cr2=100 leri-cr3=100,leri-cr1=13 leri-cr2=100 leri-cr3=100,1171Mbit,1171Mbit,1
1790962423.131,leri-cr1=13 leri-cr2=100 leri-cr3=100,leri-cr1=13 leri-cr2=100 leri-cr3=100,leri-cr1=13 leri-cr2=100 leri-cr3=100,1171Mbit,1171Mbit,1
1790962433.197,leri-cr1=13 leri-cr2=100 leri-cr3=100,leri-cr1=13 leri-cr2=100 leri-cr3=100,leri-cr1=13 leri-cr2=100 leri-cr3=100,1171Mbit,1171Mbit,0
1790962443.274,leri-cr1=13 leri-cr2=100 leri-cr3=100,leri-cr1=13 leri-cr2=100 leri-cr3=100,leri-cr1=13 leri-cr2=100 leri-cr3=100,1171Mbit,1171Mbit,0
1790962453.706,leri-cr1=13 leri-cr2=100 leri-cr3=100,leri-cr1=13 leri-cr2=100 leri-cr3=100,leri-cr1=13 leri-cr2=100 leri-cr3=100,1171Mbit,1171Mbit,0
1790962463.791,leri-cr1=13 leri-cr2=100 leri-cr3=100,leri-cr1=13 leri-cr2=100 leri-cr3=100,leri-cr1=13 leri-cr2=100 leri-cr3=100,1171Mbit,1171Mbit,0
1790962473.875,leri-cr1=13 leri-cr2=100 leri-cr3=100,leri-cr1=13 leri-cr2=100 leri-cr3=100,leri-cr1=13 leri-cr2=100 leri-cr3=100,1171Mbit,1171Mbit,0
1790962483.959,leri-cr1=13 leri-cr2=100 leri-cr3=100,leri-cr1=13 leri-cr2=100 leri-cr3=100,leri-cr1=13 leri-cr2=100 leri-cr3=100,1171Mbit,1171Mbit,0
1790962494.038,leri-cr1=13 leri-cr2=100 leri-cr3=100,leri-cr1=13 leri-cr2=100 leri-cr3=100,leri-cr1=13 leri-cr2=100 leri-cr3=100,1171Mbit,1171Mbit,0
1790962504.119,leri-cr1=13 leri-cr2=100 leri-cr3=100,leri-cr1=13 leri-cr2=100 leri-cr3=100,leri-cr1=13 leri-cr2=100 leri-cr3=100,1171Mbit,1171Mbit,0
1790962514.541,leri-cr1=13 leri-cr2=100 leri-cr3=100,leri-cr1=13 leri-cr2=100 leri-cr3=100,leri-cr1=13 leri-cr2=100 leri-cr3=100,1171Mbit,1171Mbit,0
1790962524.624,leri-cr1=13 leri-cr2=100 leri-cr3=100,leri-cr1=13 leri-cr2=100 leri-cr3=100,leri-cr1=13 leri-cr2=100 leri-cr3=100,1171Mbit,1171Mbit,0
1790962534.703,leri-cr1=13 leri-cr2=100 leri-cr3=100,leri-cr1=13 leri-cr2=100 leri-cr3=100,leri-cr1=13 leri-cr2=100 leri-cr3=100,1171Mbit,1171Mbit,0
1790962544.774,leri-cr1=13 leri-cr2=100 leri-cr3=100,leri-cr1=13 leri-cr2=100 leri-cr3=100,leri-cr1=13 leri-cr2=100 leri-cr3=100,1171Mbit,1171Mbit,0
1790962554.824,leri-cr1=13 leri-cr2=100 leri-cr3=100,leri-cr1=13 leri-cr2=100 leri-cr3=100,leri-cr1=13 leri-cr2=100 leri-cr3=100,1171Mbit,1171Mbit,0
1790962564.884,leri-cr1=13 leri-cr2=100 leri-cr3=100,leri-cr1=13 leri-cr2=100 leri-cr3=100,leri-cr1=13 leri-cr2=100 leri-cr3=100,1171Mbit,1171Mbit,1
1790962575.175,leri-cr1=13 leri-cr2=100 leri-cr3=100,leri-cr1=13 leri-cr2=100 leri-cr3=100,leri-cr1=13 leri-cr2=100 leri-cr3=100,1171Mbit,1171Mbit,1
1790962585.230,leri-cr1=13 leri-cr2=100 leri-cr3=100,leri-cr1=13 leri-cr2=100 leri-cr3=100,leri-cr1=13 leri-cr2=100 leri-cr3=100,1171Mbit,1171Mbit,1
1790962595.280,leri-cr1=13 leri-cr2=100 leri-cr3=100,leri-cr1=13 leri-cr2=100 leri-cr3=100,leri-cr1=13 leri-cr2=100 leri-cr3=100,1171Mbit,1171Mbit,1
1790962605.332,leri-cr1=13 leri-cr2=100 leri-cr3=100,leri-cr1=13 leri-cr2=100 leri-cr3=100,leri-cr1=13 leri-cr2=100 leri-cr3=100,1171Mbit,1171Mbit,1
1790962615.382,leri-cr1=13 leri-cr2=100 leri-cr3=100,leri-cr1=13 leri-cr2=100 leri-cr3=100,leri-cr1=13 leri-cr2=100 leri-cr3=100,1171Mbit,1171Mbit,1
1790962625.665,leri-cr1=13 leri-cr2=100 leri-cr3=100,leri-cr1=13 leri-cr2=100 leri-cr3=100,leri-cr1=13 leri-cr2=100 leri-cr3=100,1171Mbit,1171Mbit,1
1790962635.716,leri-cr1=13 leri-cr2=100 leri-cr3=100,leri-cr1=13 leri-cr2=100 leri-cr3=100,leri-cr1=13 leri-cr2=100 leri-cr3=100,1171Mbit,1171Mbit,1
1790962645.769,leri-cr1=13 leri-cr2=100 leri-cr3=100,leri-cr1=13 leri-cr2=100 leri-cr3=100,leri-cr1=13 leri-cr2=100 leri-cr3=100,1171Mbit,1171Mbit,1
1790962655.829,leri-cr1=13 leri-cr2=100 leri-cr3=100,leri-cr1=13 leri-cr2=100 leri-cr3=100,leri-cr1=13 leri-cr2=100 leri-cr3=100,1171Mbit,1171Mbit,1
1790962665.879,leri-cr1=13 leri-cr2=100 leri-cr3=100,leri-cr1=13 leri-cr2=100 leri-cr3=100,leri-cr1=13 leri-cr2=100 leri-cr3=100,1171Mbit,1171Mbit,1
1790962675.933,leri-cr1=13 leri-cr2=100 leri-cr3=100,leri-cr1=13 leri-cr2=100 leri-cr3=100,leri-cr1=13 leri-cr2=100 leri-cr3=100,1171Mbit,1171Mbit,1
1790962686.238,leri-cr1=13 leri-cr2=100 leri-cr3=100,leri-cr1=13 leri-cr2=100 leri-cr3=100,leri-cr1=13 leri-cr2=100 leri-cr3=100,1171Mbit,1171Mbit,1
1790962696.291,leri-cr1=13 leri-cr2=100 leri-cr3=100,leri-cr1=13 leri-cr2=100 leri-cr3=100,leri-cr1=13 leri-cr2=100 leri-cr3=100,1171Mbit,1171Mbit,1
1790962706.373,leri-cr1=13 leri-cr2=100 leri-cr3=100,leri-cr1=13 leri-cr2=100 leri-cr3=100,leri-cr1=13 leri-cr2=100 leri-cr3=100,1171Mbit,1171Mbit,1
1790962716.428,leri-cr1=13 leri-cr2=100 leri-cr3=100,leri-cr1=13 leri-cr2=100 leri-cr3=100,leri-cr1=13 leri-cr2=100 leri-cr3=100,1171Mbit,1171Mbit,1
1790962726.479,leri-cr1=13 leri-cr2=100 leri-cr3=100,leri-cr1=13 leri-cr2=100 leri-cr3=100,leri-cr1=13 leri-cr2=100 leri-cr3=100,1171Mbit,1171Mbit,1
1790962736.552,leri-cr1=13 leri-cr2=100 leri-cr3=100,leri-cr1=13 leri-cr2=100 leri-cr3=100,leri-cr1=13 leri-cr2=100 leri-cr3=100,1171Mbit,1171Mbit,0
1790962746.918,leri-cr1=13 leri-cr2=100 leri-cr3=100,leri-cr1=13 leri-cr2=100 leri-cr3=100,leri-cr1=13 leri-cr2=100 leri-cr3=100,1171Mbit,1171Mbit,0
1790962756.993,leri-cr1=13 leri-cr2=100 leri-cr3=100,leri-cr1=13 leri-cr2=100 leri-cr3=100,leri-cr1=13 leri-cr2=100 leri-cr3=100,1171Mbit,1171Mbit,0
1790962767.066,leri-cr1=13 leri-cr2=100 leri-cr3=100,leri-cr1=13 leri-cr2=100 leri-cr3=100,leri-cr1=13 leri-cr2=100 leri-cr3=100,1171Mbit,1171Mbit,0
1790962777.143,leri-cr1=13 leri-cr2=100 leri-cr3=100,leri-cr1=13 leri-cr2=100 leri-cr3=100,leri-cr1=13 leri-cr2=100 leri-cr3=100,1171Mbit,1171Mbit,0
1790962787.219,leri-cr1=13 leri-cr2=100 leri-cr3=100,leri-cr1=13 leri-cr2=100 leri-cr3=100,leri-cr1=13 leri-cr2=100 leri-cr3=100,1171Mbit,1171Mbit,0
1790962797.341,leri-cr1=13 leri-cr2=100 leri-cr3=100,leri-cr1=13 leri-cr2=100 leri-cr3=100,leri-cr1=13 leri-cr2=100 leri-cr3=100,1171Mbit,1171Mbit,0
1790962807.765,leri-cr1=13 leri-cr2=100 leri-cr3=100,leri-cr1=13 leri-cr2=100 leri-cr3=100,leri-cr1=13 leri-cr2=100 leri-cr3=100,1171Mbit,1171Mbit,0
1790962817.843,leri-cr1=13 leri-cr2=100 leri-cr3=100,leri-cr1=13 leri-cr2=100 leri-cr3=100,leri-cr1=13 leri-cr2=100 leri-cr3=100,1171Mbit,1171Mbit,0
1790962827.924,leri-cr1=13 leri-cr2=100 leri-cr3=100,leri-cr1=13 leri-cr2=100 leri-cr3=100,leri-cr1=13 leri-cr2=100 leri-cr3=100,1171Mbit,1171Mbit,0
1790962838.012,leri-cr1=13 leri-cr2=100 leri-cr3=100,leri-cr1=13 leri-cr2=100 leri-cr3=100,leri-cr1=13 leri-cr2=100 leri-cr3=100,1171Mbit,1171Mbit,0
1790962848.093,leri-cr1=13 leri-cr2=100 leri-cr3=100,leri-cr1=13 leri-cr2=100 leri-cr3=100,leri-cr1=13 leri-cr2=100 leri-cr3=100,1171Mbit,1171Mbit,0
1790962858.144,leri-cr1=13 leri-cr2=100 leri-cr3=100,leri-cr1=13 leri-cr2=100 leri-cr3=100,leri-cr1=13 leri-cr2=100 leri-cr3=100,1171Mbit,1171Mbit,0
1790962868.472,leri-cr1=13 leri-cr2=100 leri-cr3=100,leri-cr1=13 leri-cr2=100 leri-cr3=100,leri-cr1=13 leri-cr2=100 leri-cr3=100,1171Mbit,1171Mbit,1
1790962878.527,leri-cr1=13 leri-cr2=100 leri-cr3=100,leri-cr1=13 leri-cr2=100 leri-cr3=100,leri-cr1=13 leri-cr2=100 leri-cr3=100,1171Mbit,1171Mbit,1
1790962888.582,leri-cr1=13 leri-cr2=100 leri-cr3=100,leri-cr1=13 leri-cr2=100 leri-cr3=100,leri-cr1=13 leri-cr2=100 leri-cr3=100,1171Mbit,1171Mbit,1
1790962898.631,leri-cr1=13 leri-cr2=100 leri-cr3=100,leri-cr1=13 leri-cr2=100 leri-cr3=100,leri-cr1=13 leri-cr2=100 leri-cr3=100,1171Mbit,1171Mbit,1
1790962908.682,leri-cr1=13 leri-cr2=100 leri-cr3=100,leri-cr1=13 leri-cr2=100 leri-cr3=100,leri-cr1=13 leri-cr2=100 leri-cr3=100,1171Mbit,1171Mbit,1
1790962918.735,leri-cr1=13 leri-cr2=100 leri-cr3=100,leri-cr1=13 leri-cr2=100 leri-cr3=100,leri-cr1=13 leri-cr2=100 leri-cr3=100,1171Mbit,1171Mbit,1
1790962929.040,leri-cr1=13 leri-cr2=100 leri-cr3=100,leri-cr1=13 leri-cr2=100 leri-cr3=100,leri-cr1=13 leri-cr2=100 leri-cr3=100,1171Mbit,1171Mbit,1
1790962939.094,leri-cr1=13 leri-cr2=100 leri-cr3=100,leri-cr1=13 leri-cr2=100 leri-cr3=100,leri-cr1=13 leri-cr2=100 leri-cr3=100,1171Mbit,1171Mbit,1
1790962949.148,leri-cr1=13 leri-cr2=100 leri-cr3=100,leri-cr1=13 leri-cr2=100 leri-cr3=100,leri-cr1=13 leri-cr2=100 leri-cr3=100,1171Mbit,1171Mbit,1
1790962959.205,leri-cr1=13 leri-cr2=100 leri-cr3=100,leri-cr1=13 leri-cr2=100 leri-cr3=100,leri-cr1=13 leri-cr2=100 leri-cr3=100,1171Mbit,1171Mbit,1
1790962969.259,leri-cr1=13 leri-cr2=100 leri-cr3=100,leri-cr1=13 leri-cr2=100 leri-cr3=100,leri-cr1=13 leri-cr2=100 leri-cr3=100,1171Mbit,1171Mbit,1
1790962979.308,leri-cr1=13 leri-cr2=100 leri-cr3=100,leri-cr1=13 leri-cr2=100 leri-cr3=100,leri-cr1=13 leri-cr2=100 leri-cr3=100,1171Mbit,1171Mbit,1
1790962989.516,leri-cr1=13 leri-cr2=100 leri-cr3=100,leri-cr1=13 leri-cr2=100 leri-cr3=100,leri-cr1=13 leri-cr2=100 leri-cr3=100,1171Mbit,1171Mbit,1
1790962999.563,leri-cr1=13 leri-cr2=100 leri-cr3=100,leri-cr1=13 leri-cr2=100 leri-cr3=100,leri-cr1=13 leri-cr2=100 leri-cr3=100,1171Mbit,1171Mbit,1
1790963009.618,leri-cr1=13 leri-cr2=100 leri-cr3=100,leri-cr1=13 leri-cr2=100 leri-cr3=100,leri-cr1=13 leri-cr2=100 leri-cr3=100,1171Mbit,1171Mbit,1
1790963019.674,leri-cr1=13 leri-cr2=100 leri-cr3=100,leri-cr1=13 leri-cr2=100 leri-cr3=100,leri-cr1=13 leri-cr2=100 leri-cr3=100,1171Mbit,1171Mbit,1
1790963029.730,leri-cr1=13 leri-cr2=100 leri-cr3=100,leri-cr1=13 leri-cr2=100 leri-cr3=100,leri-cr1=13 leri-cr2=100 leri-cr3=100,1171Mbit,1171Mbit,1
1790963039.783,leri-cr1=13 leri-cr2=100 leri-cr3=100,leri-cr1=13 leri-cr2=100 leri-cr3=100,leri-cr1=13 leri-cr2=100 leri-cr3=100,1171Mbit,1171Mbit,1
1790963050.098,leri-cr1=13 leri-cr2=100 leri-cr3=100,leri-cr1=13 leri-cr2=100 leri-cr3=100,leri-cr1=13 leri-cr2=100 leri-cr3=100,1171Mbit,1171Mbit,1
1790963060.153,leri-cr1=13 leri-cr2=100 leri-cr3=100,leri-cr1=13 leri-cr2=100 leri-cr3=100,leri-cr1=13 leri-cr2=100 leri-cr3=100,1171Mbit,1171Mbit,1
1790963070.204,leri-cr1=13 leri-cr2=100 leri-cr3=100,leri-cr1=13 leri-cr2=100 leri-cr3=100,leri-cr1=13 leri-cr2=100 leri-cr3=100,1171Mbit,1171Mbit,1
1790963080.254,leri-cr1=13 leri-cr2=100 leri-cr3=100,leri-cr1=13 leri-cr2=100 leri-cr3=100,leri-cr1=13 leri-cr2=100 leri-cr3=100,1171Mbit,1171Mbit,1
1790963090.307,leri-cr1=13 leri-cr2=100 leri-cr3=100,leri-cr1=13 leri-cr2=100 leri-cr3=100,leri-cr1=13 leri-cr2=100 leri-cr3=100,1171Mbit,1171Mbit,1
1790963100.358,leri-cr1=13 leri-cr2=100 leri-cr3=100,leri-cr1=13 leri-cr2=100 leri-cr3=100,leri-cr1=13 leri-cr2=100 leri-cr3=100,1171Mbit,1171Mbit,1
1790963110.605,leri-cr1=13 leri-cr2=100 leri-cr3=100,leri-cr1=13 leri-cr2=100 leri-cr3=100,leri-cr1=13 leri-cr2=100 leri-cr3=100,1171Mbit,1171Mbit,1
1790963120.658,leri-cr1=13 leri-cr2=100 leri-cr3=100,leri-cr1=13 leri-cr2=100 leri-cr3=100,leri-cr1=13 leri-cr2=100 leri-cr3=100,1171Mbit,1171Mbit,1
1790963130.706,leri-cr1=13 leri-cr2=100 leri-cr3=100,leri-cr1=13 leri-cr2=100 leri-cr3=100,leri-cr1=13 leri-cr2=100 leri-cr3=100,1171Mbit,1171Mbit,1
1790963140.757,leri-cr1=13 leri-cr2=100 leri-cr3=100,leri-cr1=13 leri-cr2=100 leri-cr3=100,leri-cr1=13 leri-cr2=100 leri-cr3=100,1171Mbit,1171Mbit,1
1790963150.806,leri-cr1=13 leri-cr2=100 leri-cr3=100,leri-cr1=13 leri-cr2=100 leri-cr3=100,leri-cr1=13 leri-cr2=100 leri-cr3=100,1171Mbit,1171Mbit,1
1790963160.851,leri-cr1=13 leri-cr2=100 leri-cr3=100,leri-cr1=13 leri-cr2=100 leri-cr3=100,leri-cr1=13 leri-cr2=100 leri-cr3=100,1171Mbit,1171Mbit,1
1790963171.126,leri-cr1=13 leri-cr2=100 leri-cr3=100,leri-cr1=13 leri-cr2=100 leri-cr3=100,leri-cr1=13 leri-cr2=100 leri-cr3=100,1171Mbit,1171Mbit,1
1790963181.179,leri-cr1=13 leri-cr2=100 leri-cr3=100,leri-cr1=13 leri-cr2=100 leri-cr3=100,leri-cr1=13 leri-cr2=100 leri-cr3=100,1171Mbit,1171Mbit,1
1790963191.222,leri-cr1=13 leri-cr2=100 leri-cr3=100,leri-cr1=13 leri-cr2=100 leri-cr3=100,leri-cr1=13 leri-cr2=100 leri-cr3=100,1171Mbit,1171Mbit,1
1790963201.275,leri-cr1=13 leri-cr2=100 leri-cr3=100,leri-cr1=13 leri-cr2=100 leri-cr3=100,leri-cr1=13 leri-cr2=100 leri-cr3=100,1171Mbit,1171Mbit,1
1790963211.328,leri-cr1=13 leri-cr2=100 leri-cr3=100,leri-cr1=13 leri-cr2=100 leri-cr3=100,leri-cr1=13 leri-cr2=100 leri-cr3=100,1171Mbit,1171Mbit,1
1790963221.383,leri-cr1=13 leri-cr2=100 leri-cr3=100,leri-cr1=13 leri-cr2=100 leri-cr3=100,leri-cr1=13 leri-cr2=100 leri-cr3=100,1171Mbit,1171Mbit,1
1790963231.671,leri-cr1=13 leri-cr2=100 leri-cr3=100,leri-cr1=13 leri-cr2=100 leri-cr3=100,leri-cr1=13 leri-cr2=100 leri-cr3=100,1171Mbit,1171Mbit,1
1790963241.721,leri-cr1=13 leri-cr2=100 leri-cr3=100,leri-cr1=13 leri-cr2=100 leri-cr3=100,leri-cr1=13 leri-cr2=100 leri-cr3=100,1171Mbit,1171Mbit,1
1790963251.776,leri-cr1=13 leri-cr2=100 leri-cr3=100,leri-cr1=13 leri-cr2=100 leri-cr3=100,leri-cr1=13 leri-cr2=100 leri-cr3=100,1171Mbit,1171Mbit,1
1790963261.828,leri-cr1=13 leri-cr2=100 leri-cr3=100,leri-cr1=13 leri-cr2=100 leri-cr3=100,leri-cr1=13 leri-cr2=100 leri-cr3=100,1171Mbit,1171Mbit,1
1790963271.878,leri-cr1=13 leri-cr2=100 leri-cr3=100,leri-cr1=13 leri-cr2=100 leri-cr3=100,leri-cr1=13 leri-cr2=100 leri-cr3=100,1171Mbit,1171Mbit,1
1790963281.930,leri-cr1=13 leri-cr2=100 leri-cr3=100,leri-cr1=13 leri-cr2=100 leri-cr3=100,leri-cr1=13 leri-cr2=100 leri-cr3=100,1171Mbit,1171Mbit,1
1790963292.207,leri-cr1=13 leri-cr2=100 leri-cr3=100,leri-cr1=13 leri-cr2=100 leri-cr3=100,leri-cr1=13 leri-cr2=100 leri-cr3=100,1171Mbit,1171Mbit,1
1790963302.259,leri-cr1=13 leri-cr2=100 leri-cr3=100,leri-cr1=13 leri-cr2=100 leri-cr3=100,leri-cr1=13 leri-cr2=100 leri-cr3=100,1171Mbit,1171Mbit,1
1790963312.308,leri-cr1=13 leri-cr2=100 leri-cr3=100,leri-cr1=13 leri-cr2=100 leri-cr3=100,leri-cr1=13 leri-cr2=100 leri-cr3=100,1171Mbit,1171Mbit,1
1790963322.361,leri-cr1=13 leri-cr2=100 leri-cr3=100,leri-cr1=13 leri-cr2=100 leri-cr3=100,leri-cr1=13 leri-cr2=100 leri-cr3=100,1171Mbit,1171Mbit,1
1790963332.413,leri-cr1=13 leri-cr2=100 leri-cr3=100,leri-cr1=13 leri-cr2=100 leri-cr3=100,leri-cr1=13 leri-cr2=100 leri-cr3=100,1171Mbit,1171Mbit,0
1790963342.482,leri-cr1=13 leri-cr2=100 leri-cr3=100,leri-cr1=13 leri-cr2=100 leri-cr3=100,leri-cr1=13 leri-cr2=100 leri-cr3=100,1171Mbit,1171Mbit,0
1790963352.885,leri-cr1=13 leri-cr2=100 leri-cr3=100,leri-cr1=13 leri-cr2=100 leri-cr3=100,leri-cr1=13 leri-cr2=100 leri-cr3=100,1171Mbit,1171Mbit,0
1790963362.966,leri-cr1=13 leri-cr2=100 leri-cr3=100,leri-cr1=13 leri-cr2=100 leri-cr3=100,leri-cr1=13 leri-cr2=100 leri-cr3=100,1171Mbit,1171Mbit,0
1790963373.047,leri-cr1=13 leri-cr2=100 leri-cr3=100,leri-cr1=13 leri-cr2=100 leri-cr3=100,leri-cr1=13 leri-cr2=100 leri-cr3=100,1171Mbit,1171Mbit,0
1790963383.127,leri-cr1=13 leri-cr2=100 leri-cr3=100,leri-cr1=13 leri-cr2=100 leri-cr3=100,leri-cr1=13 leri-cr2=100 leri-cr3=100,1171Mbit,1171Mbit,0
1790963393.201,leri-cr1=13 leri-cr2=100 leri-cr3=100,leri-cr1=13 leri-cr2=100 leri-cr3=100,leri-cr1=13 leri-cr2=100 leri-cr3=100,1171Mbit,1171Mbit,0
1790963403.278,leri-cr1=13 leri-cr2=100 leri-cr3=100,leri-cr1=13 leri-cr2=100 leri-cr3=100,leri-cr1=13 leri-cr2=100 leri-cr3=100,1171Mbit,1171Mbit,0
1790963413.680,leri-cr1=13 leri-cr2=100 leri-cr3=100,leri-cr1=13 leri-cr2=100 leri-cr3=100,leri-cr1=13 leri-cr2=100 leri-cr3=100,1171Mbit,1171Mbit,0
1790963423.788,leri-cr1=13 leri-cr2=100 leri-cr3=100,leri-cr1=13 leri-cr2=100 leri-cr3=100,leri-cr1=13 leri-cr2=100 leri-cr3=100,1171Mbit,1171Mbit,0
1790963433.866,leri-cr1=13 leri-cr2=100 leri-cr3=100,leri-cr1=13 leri-cr2=100 leri-cr3=100,leri-cr1=13 leri-cr2=100 leri-cr3=100,1171Mbit,1171Mbit,0
1790963443.942,leri-cr1=13 leri-cr2=100 leri-cr3=100,leri-cr1=13 leri-cr2=100 leri-cr3=100,leri-cr1=13 leri-cr2=100 leri-cr3=100,1171Mbit,1171Mbit,0
1790963454.008,leri-cr1=13 leri-cr2=100 leri-cr3=100,leri-cr1=13 leri-cr2=100 leri-cr3=100,leri-cr1=13 leri-cr2=100 leri-cr3=100,1171Mbit,1171Mbit,0
1790963464.054,leri-cr1=13 leri-cr2=100 leri-cr3=100,leri-cr1=13 leri-cr2=100 leri-cr3=100,leri-cr1=13 leri-cr2=100 leri-cr3=100,1171Mbit,1171Mbit,1
1790963474.371,leri-cr1=13 leri-cr2=100 leri-cr3=100,leri-cr1=13 leri-cr2=100 leri-cr3=100,leri-cr1=13 leri-cr2=100 leri-cr3=100,1171Mbit,1171Mbit,1
1790963484.423,leri-cr1=13 leri-cr2=100 leri-cr3=100,leri-cr1=13 leri-cr2=100 leri-cr3=100,leri-cr1=13 leri-cr2=100 leri-cr3=100,1171Mbit,1171Mbit,1
1790963494.476,leri-cr1=13 leri-cr2=100 leri-cr3=100,leri-cr1=13 leri-cr2=100 leri-cr3=100,leri-cr1=13 leri-cr2=100 leri-cr3=100,1171Mbit,1171Mbit,1
1790963504.568,leri-cr1=13 leri-cr2=100 leri-cr3=100,leri-cr1=13 leri-cr2=100 leri-cr3=100,leri-cr1=13 leri-cr2=100 leri-cr3=100,1171Mbit,1171Mbit,1
1790963514.619,leri-cr1=13 leri-cr2=100 leri-cr3=100,leri-cr1=13 leri-cr2=100 leri-cr3=100,leri-cr1=13 leri-cr2=100 leri-cr3=100,1171Mbit,1171Mbit,1
1790963524.667,leri-cr1=13 leri-cr2=100 leri-cr3=100,leri-cr1=13 leri-cr2=100 leri-cr3=100,leri-cr1=13 leri-cr2=100 leri-cr3=100,1171Mbit,1171Mbit,1
1790963534.946,leri-cr1=13 leri-cr2=100 leri-cr3=100,leri-cr1=13 leri-cr2=100 leri-cr3=100,leri-cr1=13 leri-cr2=100 leri-cr3=100,1171Mbit,1171Mbit,1
1790963545.001,leri-cr1=13 leri-cr2=100 leri-cr3=100,leri-cr1=13 leri-cr2=100 leri-cr3=100,leri-cr1=13 leri-cr2=100 leri-cr3=100,1171Mbit,1171Mbit,1
1790963555.054,leri-cr1=13 leri-cr2=100 leri-cr3=100,leri-cr1=13 leri-cr2=100 leri-cr3=100,leri-cr1=13 leri-cr2=100 leri-cr3=100,1171Mbit,1171Mbit,1
1790963565.109,leri-cr1=13 leri-cr2=100 leri-cr3=100,leri-cr1=13 leri-cr2=100 leri-cr3=100,leri-cr1=13 leri-cr2=100 leri-cr3=100,1171Mbit,1171Mbit,1
1790963575.159,leri-cr1=13 leri-cr2=100 leri-cr3=100,leri-cr1=13 leri-cr2=100 leri-cr3=100,leri-cr1=13 leri-cr2=100 leri-cr3=100,1171Mbit,1171Mbit,1
1790963585.211,leri-cr1=13 leri-cr2=100 leri-cr3=100,leri-cr1=13 leri-cr2=100 leri-cr3=100,leri-cr1=13 leri-cr2=100 leri-cr3=100,1171Mbit,1171Mbit,1
1790963595.503,leri-cr1=13 leri-cr2=100 leri-cr3=100,leri-cr1=13 leri-cr2=100 leri-cr3=100,leri-cr1=13 leri-cr2=100 leri-cr3=100,1171Mbit,1171Mbit,1
1790963605.555,leri-cr1=13 leri-cr2=100 leri-cr3=100,leri-cr1=13 leri-cr2=100 leri-cr3=100,leri-cr1=13 leri-cr2=100 leri-cr3=100,1171Mbit,1171Mbit,1
1790963615.608,leri-cr1=13 leri-cr2=100 leri-cr3=100,leri-cr1=13 leri-cr2=100 leri-cr3=100,leri-cr1=13 leri-cr2=100 leri-cr3=100,1171Mbit,1171Mbit,1
1790963625.662,leri-cr1=13 leri-cr2=100 leri-cr3=100,leri-cr1=13 leri-cr2=100 leri-cr3=100,leri-cr1=13 leri-cr2=100 leri-cr3=100,1171Mbit,1171Mbit,1
1790963635.721,leri-cr1=13 leri-cr2=100 leri-cr3=100,leri-cr1=13 leri-cr2=100 leri-cr3=100,leri-cr1=13 leri-cr2=100 leri-cr3=100,1171Mbit,1171Mbit,1
1790963645.772,leri-cr1=13 leri-cr2=100 leri-cr3=100,leri-cr1=13 leri-cr2=100 leri-cr3=100,leri-cr1=13 leri-cr2=100 leri-cr3=100,1171Mbit,1171Mbit,1
1790963656.072,leri-cr1=13 leri-cr2=100 leri-cr3=100,leri-cr1=13 leri-cr2=100 leri-cr3=100,leri-cr1=13 leri-cr2=100 leri-cr3=100,1171Mbit,1171Mbit,1
1790963666.121,leri-cr1=13 leri-cr2=100 leri-cr3=100,leri-cr1=13 leri-cr2=100 leri-cr3=100,leri-cr1=13 leri-cr2=100 leri-cr3=100,1171Mbit,1171Mbit,1
1790963676.172,leri-cr1=13 leri-cr2=100 leri-cr3=100,leri-cr1=13 leri-cr2=100 leri-cr3=100,leri-cr1=13 leri-cr2=100 leri-cr3=100,1171Mbit,1171Mbit,1
1790963686.222,leri-cr1=13 leri-cr2=100 leri-cr3=100,leri-cr1=13 leri-cr2=100 leri-cr3=100,leri-cr1=13 leri-cr2=100 leri-cr3=100,1171Mbit,1171Mbit,1
1790963696.268,leri-cr1=13 leri-cr2=100 leri-cr3=100,leri-cr1=13 leri-cr2=100 leri-cr3=100,leri-cr1=13 leri-cr2=100 leri-cr3=100,1171Mbit,1171Mbit,1
1790963706.318,leri-cr1=13 leri-cr2=100 leri-cr3=100,leri-cr1=13 leri-cr2=100 leri-cr3=100,leri-cr1=13 leri-cr2=100 leri-cr3=100,1171Mbit,1171Mbit,1
1790963716.596,leri-cr1=13 leri-cr2=100 leri-cr3=100,leri-cr1=13 leri-cr2=100 leri-cr3=100,leri-cr1=13 leri-cr2=100 leri-cr3=100,1171Mbit,1171Mbit,1
1790963726.651,leri-cr1=13 leri-cr2=100 leri-cr3=100,leri-cr1=13 leri-cr2=100 leri-cr3=100,leri-cr1=13 leri-cr2=100 leri-cr3=100,1171Mbit,1171Mbit,1
1790963736.703,leri-cr1=13 leri-cr2=100 leri-cr3=100,leri-cr1=13 leri-cr2=100 leri-cr3=100,leri-cr1=13 leri-cr2=100 leri-cr3=100,1171Mbit,1171Mbit,1
1790963746.754,leri-cr1=13 leri-cr2=100 leri-cr3=100,leri-cr1=13 leri-cr2=100 leri-cr3=100,leri-cr1=13 leri-cr2=100 leri-cr3=100,1171Mbit,1171Mbit,1
1790963756.810,leri-cr1=13 leri-cr2=100 leri-cr3=100,leri-cr1=13 leri-cr2=100 leri-cr3=100,leri-cr1=13 leri-cr2=100 leri-cr3=100,1171Mbit,1171Mbit,1
1790963766.863,leri-cr1=13 leri-cr2=100 leri-cr3=100,leri-cr1=13 leri-cr2=100 leri-cr3=100,leri-cr1=13 leri-cr2=100 leri-cr3=100,1171Mbit,1171Mbit,1
1790963777.180,leri-cr1=13 leri-cr2=100 leri-cr3=100,leri-cr1=13 leri-cr2=100 leri-cr3=100,leri-cr1=13 leri-cr2=100 leri-cr3=100,1171Mbit,1171Mbit,1
1790963787.236,leri-cr1=13 leri-cr2=100 leri-cr3=100,leri-cr1=13 leri-cr2=100 leri-cr3=100,leri-cr1=13 leri-cr2=100 leri-cr3=100,1171Mbit,1171Mbit,1
1790963797.293,leri-cr1=13 leri-cr2=100 leri-cr3=100,leri-cr1=13 leri-cr2=100 leri-cr3=100,leri-cr1=13 leri-cr2=100 leri-cr3=100,1171Mbit,1171Mbit,1
1790963807.343,leri-cr1=13 leri-cr2=100 leri-cr3=100,leri-cr1=13 leri-cr2=100 leri-cr3=100,leri-cr1=13 leri-cr2=100 leri-cr3=100,1171Mbit,1171Mbit,1
1790963817.401,leri-cr1=13 leri-cr2=100 leri-cr3=100,leri-cr1=13 leri-cr2=100 leri-cr3=100,leri-cr1=13 leri-cr2=100 leri-cr3=100,1171Mbit,1171Mbit,1
1790963827.447,leri-cr1=13 leri-cr2=100 leri-cr3=100,leri-cr1=13 leri-cr2=100 leri-cr3=100,leri-cr1=13 leri-cr2=100 leri-cr3=100,1171Mbit,1171Mbit,1
1790963837.753,leri-cr1=13 leri-cr2=100 leri-cr3=100,leri-cr1=13 leri-cr2=100 leri-cr3=100,leri-cr1=13 leri-cr2=100 leri-cr3=100,1171Mbit,1171Mbit,1
1790963847.805,leri-cr1=13 leri-cr2=100 leri-cr3=100,leri-cr1=13 leri-cr2=100 leri-cr3=100,leri-cr1=13 leri-cr2=100 leri-cr3=100,1171Mbit,1171Mbit,1
1790963857.862,leri-cr1=13 leri-cr2=100 leri-cr3=100,leri-cr1=13 leri-cr2=100 leri-cr3=100,leri-cr1=13 leri-cr2=100 leri-cr3=100,1171Mbit,1171Mbit,1
1790963867.918,leri-cr1=13 leri-cr2=100 leri-cr3=100,leri-cr1=13 leri-cr2=100 leri-cr3=100,leri-cr1=13 leri-cr2=100 leri-cr3=100,1171Mbit,1171Mbit,1
1790963877.970,leri-cr1=13 leri-cr2=100 leri-cr3=100,leri-cr1=13 leri-cr2=100 leri-cr3=100,leri-cr1=13 leri-cr2=100 leri-cr3=100,1171Mbit,1171Mbit,1
1790963888.023,leri-cr1=13 leri-cr2=100 leri-cr3=100,leri-cr1=13 leri-cr2=100 leri-cr3=100,leri-cr1=13 leri-cr2=100 leri-cr3=100,1171Mbit,1171Mbit,1
1790963898.276,leri-cr1=13 leri-cr2=100 leri-cr3=100,leri-cr1=13 leri-cr2=100 leri-cr3=100,leri-cr1=13 leri-cr2=100 leri-cr3=100,1171Mbit,1171Mbit,1
1790963908.328,leri-cr1=13 leri-cr2=100 leri-cr3=100,leri-cr1=13 leri-cr2=100 leri-cr3=100,leri-cr1=13 leri-cr2=100 leri-cr3=100,1171Mbit,1171Mbit,1
1790963918.385,leri-cr1=13 leri-cr2=100 leri-cr3=100,leri-cr1=13 leri-cr2=100 leri-cr3=100,leri-cr1=13 leri-cr2=100 leri-cr3=100,1171Mbit,1171Mbit,1
1790963928.440,leri-cr1=13 leri-cr2=100 leri-cr3=100,leri-cr1=13 leri-cr2=100 leri-cr3=100,leri-cr1=13 leri-cr2=100 leri-cr3=100,1171Mbit,1171Mbit,0
1790963938.527,leri-cr1=13 leri-cr2=100 leri-cr3=100,leri-cr1=13 leri-cr2=100 leri-cr3=100,leri-cr1=13 leri-cr2=100 leri-cr3=100,1171Mbit,1171Mbit,0
1790963948.965,leri-cr1=13 leri-cr2=100 leri-cr3=100,leri-cr1=13 leri-cr2=100 leri-cr3=100,leri-cr1=13 leri-cr2=100 leri-cr3=100,1171Mbit,1171Mbit,0
1790963959.045,leri-cr1=13 leri-cr2=100 leri-cr3=100,leri-cr1=13 leri-cr2=100 leri-cr3=100,leri-cr1=13 leri-cr2=100 leri-cr3=100,1171Mbit,1171Mbit,0
1790963969.128,leri-cr1=13 leri-cr2=100 leri-cr3=100,leri-cr1=13 leri-cr2=100 leri-cr3=100,leri-cr1=13 leri-cr2=100 leri-cr3=100,1171Mbit,1171Mbit,0
1790963979.239,leri-cr1=13 leri-cr2=100 leri-cr3=100,leri-cr1=13 leri-cr2=100 leri-cr3=100,leri-cr1=13 leri-cr2=100 leri-cr3=100,1171Mbit,1171Mbit,0
1790963989.319,leri-cr1=13 leri-cr2=100 leri-cr3=100,leri-cr1=13 leri-cr2=100 leri-cr3=100,leri-cr1=13 leri-cr2=100 leri-cr3=100,1171Mbit,1171Mbit,0
1790963999.403,leri-cr1=13 leri-cr2=100 leri-cr3=100,leri-cr1=13 leri-cr2=100 leri-cr3=100,leri-cr1=13 leri-cr2=100 leri-cr3=100,1171Mbit,1171Mbit,0
1790964009.841,leri-cr1=13 leri-cr2=100 leri-cr3=100,leri-cr1=13 leri-cr2=100 leri-cr3=100,leri-cr1=13 leri-cr2=100 leri-cr3=100,1171Mbit,1171Mbit,0
1790964019.934,leri-cr1=13 leri-cr2=100 leri-cr3=100,leri-cr1=13 leri-cr2=100 leri-cr3=100,leri-cr1=13 leri-cr2=100 leri-cr3=100,1171Mbit,1171Mbit,0
1790964030.012,leri-cr1=13 leri-cr2=100 leri-cr3=100,leri-cr1=13 leri-cr2=100 leri-cr3=100,leri-cr1=13 leri-cr2=100 leri-cr3=100,1171Mbit,1171Mbit,0
1790964040.095,leri-cr1=13 leri-cr2=100 leri-cr3=100,leri-cr1=13 leri-cr2=100 leri-cr3=100,leri-cr1=13 leri-cr2=100 leri-cr3=100,1171Mbit,1171Mbit,0
1790964050.178,leri-cr1=13 leri-cr2=100 leri-cr3=100,leri-cr1=13 leri-cr2=100 leri-cr3=100,leri-cr1=13 leri-cr2=100 leri-cr3=100,1171Mbit,1171Mbit,0
1790964060.232,leri-cr1=13 leri-cr2=100 leri-cr3=100,leri-cr1=13 leri-cr2=100 leri-cr3=100,leri-cr1=13 leri-cr2=100 leri-cr3=100,1171Mbit,1171Mbit,0
1790964070.480,leri-cr1=13 leri-cr2=100 leri-cr3=100,leri-cr1=13 leri-cr2=100 leri-cr3=100,leri-cr1=13 leri-cr2=100 leri-cr3=100,1171Mbit,1171Mbit,1
1790964080.541,leri-cr1=13 leri-cr2=100 leri-cr3=100,leri-cr1=13 leri-cr2=100 leri-cr3=100,leri-cr1=13 leri-cr2=100 leri-cr3=100,1171Mbit,1171Mbit,1
1790964090.591,leri-cr1=13 leri-cr2=100 leri-cr3=100,leri-cr1=13 leri-cr2=100 leri-cr3=100,leri-cr1=13 leri-cr2=100 leri-cr3=100,1171Mbit,1171Mbit,1
1790964100.641,leri-cr1=13 leri-cr2=100 leri-cr3=100,leri-cr1=13 leri-cr2=100 leri-cr3=100,leri-cr1=13 leri-cr2=100 leri-cr3=100,1171Mbit,1171Mbit,1
1790964110.690,leri-cr1=13 leri-cr2=100 leri-cr3=100,leri-cr1=13 leri-cr2=100 leri-cr3=100,leri-cr1=13 leri-cr2=100 leri-cr3=100,1171Mbit,1171Mbit,1
1790964120.743,leri-cr1=13 leri-cr2=100 leri-cr3=100,leri-cr1=13 leri-cr2=100 leri-cr3=100,leri-cr1=13 leri-cr2=100 leri-cr3=100,1171Mbit,1171Mbit,1
1790964131.020,leri-cr1=13 leri-cr2=100 leri-cr3=100,leri-cr1=13 leri-cr2=100 leri-cr3=100,leri-cr1=13 leri-cr2=100 leri-cr3=100,1171Mbit,1171Mbit,1
1790964141.075,leri-cr1=13 leri-cr2=100 leri-cr3=100,leri-cr1=13 leri-cr2=100 leri-cr3=100,leri-cr1=13 leri-cr2=100 leri-cr3=100,1171Mbit,1171Mbit,1
1790964151.123,leri-cr1=13 leri-cr2=100 leri-cr3=100,leri-cr1=13 leri-cr2=100 leri-cr3=100,leri-cr1=13 leri-cr2=100 leri-cr3=100,1171Mbit,1171Mbit,1
1790964161.176,leri-cr1=13 leri-cr2=100 leri-cr3=100,leri-cr1=13 leri-cr2=100 leri-cr3=100,leri-cr1=13 leri-cr2=100 leri-cr3=100,1171Mbit,1171Mbit,1
1790964171.220,leri-cr1=13 leri-cr2=100 leri-cr3=100,leri-cr1=13 leri-cr2=100 leri-cr3=100,leri-cr1=13 leri-cr2=100 leri-cr3=100,1171Mbit,1171Mbit,1
1790964181.276,leri-cr1=13 leri-cr2=100 leri-cr3=100,leri-cr1=13 leri-cr2=100 leri-cr3=100,leri-cr1=13 leri-cr2=100 leri-cr3=100,1171Mbit,1171Mbit,1
1790964191.568,leri-cr1=13 leri-cr2=100 leri-cr3=100,leri-cr1=13 leri-cr2=100 leri-cr3=100,leri-cr1=13 leri-cr2=100 leri-cr3=100,1171Mbit,1171Mbit,1
1790964201.617,leri-cr1=13 leri-cr2=100 leri-cr3=100,leri-cr1=13 leri-cr2=100 leri-cr3=100,leri-cr1=13 leri-cr2=100 leri-cr3=100,1171Mbit,1171Mbit,1
1790964211.669,leri-cr1=13 leri-cr2=100 leri-cr3=100,leri-cr1=13 leri-cr2=100 leri-cr3=100,leri-cr1=13 leri-cr2=100 leri-cr3=100,1171Mbit,1171Mbit,1
1790964221.719,leri-cr1=13 leri-cr2=100 leri-cr3=100,leri-cr1=13 leri-cr2=100 leri-cr3=100,leri-cr1=13 leri-cr2=100 leri-cr3=100,1171Mbit,1171Mbit,1
1790964231.766,leri-cr1=13 leri-cr2=100 leri-cr3=100,leri-cr1=13 leri-cr2=100 leri-cr3=100,leri-cr1=13 leri-cr2=100 leri-cr3=100,1171Mbit,1171Mbit,1
1790964241.819,leri-cr1=13 leri-cr2=100 leri-cr3=100,leri-cr1=13 leri-cr2=100 leri-cr3=100,leri-cr1=13 leri-cr2=100 leri-cr3=100,1171Mbit,1171Mbit,1
1790964252.096,leri-cr1=13 leri-cr2=100 leri-cr3=100,leri-cr1=13 leri-cr2=100 leri-cr3=100,leri-cr1=13 leri-cr2=100 leri-cr3=100,1171Mbit,1171Mbit,1
1790964262.144,leri-cr1=13 leri-cr2=100 leri-cr3=100,leri-cr1=13 leri-cr2=100 leri-cr3=100,leri-cr1=13 leri-cr2=100 leri-cr3=100,1171Mbit,1171Mbit,1
1790964272.194,leri-cr1=13 leri-cr2=100 leri-cr3=100,leri-cr1=13 leri-cr2=100 leri-cr3=100,leri-cr1=13 leri-cr2=100 leri-cr3=100,1171Mbit,1171Mbit,1
1790964282.246,leri-cr1=13 leri-cr2=100 leri-cr3=100,leri-cr1=13 leri-cr2=100 leri-cr3=100,leri-cr1=13 leri-cr2=100 leri-cr3=100,1171Mbit,1171Mbit,1
1790964292.296,leri-cr1=13 leri-cr2=100 leri-cr3=100,leri-cr1=13 leri-cr2=100 leri-cr3=100,leri-cr1=13 leri-cr2=100 leri-cr3=100,1171Mbit,1171Mbit,1
1790964302.343,leri-cr1=13 leri-cr2=100 leri-cr3=100,leri-cr1=13 leri-cr2=100 leri-cr3=100,leri-cr1=13 leri-cr2=100 leri-cr3=100,1171Mbit,1171Mbit,1
1790964312.596,leri-cr1=13 leri-cr2=100 leri-cr3=100,leri-cr1=13 leri-cr2=100 leri-cr3=100,leri-cr1=13 leri-cr2=100 leri-cr3=100,1171Mbit,1171Mbit,1
1790964322.646,leri-cr1=13 leri-cr2=100 leri-cr3=100,leri-cr1=13 leri-cr2=100 leri-cr3=100,leri-cr1=13 leri-cr2=100 leri-cr3=100,1171Mbit,1171Mbit,1
1790964332.698,leri-cr1=13 leri-cr2=100 leri-cr3=100,leri-cr1=13 leri-cr2=100 leri-cr3=100,leri-cr1=13 leri-cr2=100 leri-cr3=100,1171Mbit,1171Mbit,1
1790964342.750,leri-cr1=13 leri-cr2=100 leri-cr3=100,leri-cr1=13 leri-cr2=100 leri-cr3=100,leri-cr1=13 leri-cr2=100 leri-cr3=100,1171Mbit,1171Mbit,1
1790964352.804,leri-cr1=13 leri-cr2=100 leri-cr3=100,leri-cr1=13 leri-cr2=100 leri-cr3=100,leri-cr1=13 leri-cr2=100 leri-cr3=100,1171Mbit,1171Mbit,1
1790964362.856,leri-cr1=13 leri-cr2=100 leri-cr3=100,leri-cr1=13 leri-cr2=100 leri-cr3=100,leri-cr1=13 leri-cr2=100 leri-cr3=100,1171Mbit,1171Mbit,1
1790964373.188,leri-cr1=13 leri-cr2=100 leri-cr3=100,leri-cr1=13 leri-cr2=100 leri-cr3=100,leri-cr1=13 leri-cr2=100 leri-cr3=100,1171Mbit,1171Mbit,1
1790964383.238,leri-cr1=13 leri-cr2=100 leri-cr3=100,leri-cr1=13 leri-cr2=100 leri-cr3=100,leri-cr1=13 leri-cr2=100 leri-cr3=100,1171Mbit,1171Mbit,1
1790964393.292,leri-cr1=13 leri-cr2=100 leri-cr3=100,leri-cr1=13 leri-cr2=100 leri-cr3=100,leri-cr1=13 leri-cr2=100 leri-cr3=100,1171Mbit,1171Mbit,1
1790964403.349,leri-cr1=13 leri-cr2=100 leri-cr3=100,leri-cr1=13 leri-cr2=100 leri-cr3=100,leri-cr1=13 leri-cr2=100 leri-cr3=100,1171Mbit,1171Mbit,1
1790964413.402,leri-cr1=13 leri-cr2=100 leri-cr3=100,leri-cr1=13 leri-cr2=100 leri-cr3=100,leri-cr1=13 leri-cr2=100 leri-cr3=100,1171Mbit,1171Mbit,1
1790964423.454,leri-cr1=13 leri-cr2=100 leri-cr3=100,leri-cr1=13 leri-cr2=100 leri-cr3=100,leri-cr1=13 leri-cr2=100 leri-cr3=100,1171Mbit,1171Mbit,1
1790964433.726,leri-cr1=13 leri-cr2=100 leri-cr3=100,leri-cr1=13 leri-cr2=100 leri-cr3=100,leri-cr1=13 leri-cr2=100 leri-cr3=100,1171Mbit,1171Mbit,1
1790964443.777,leri-cr1=13 leri-cr2=100 leri-cr3=100,leri-cr1=13 leri-cr2=100 leri-cr3=100,leri-cr1=13 leri-cr2=100 leri-cr3=100,1171Mbit,1171Mbit,1
1790964453.825,leri-cr1=13 leri-cr2=100 leri-cr3=100,leri-cr1=13 leri-cr2=100 leri-cr3=100,leri-cr1=13 leri-cr2=100 leri-cr3=100,1171Mbit,1171Mbit,1
1790964463.881,leri-cr1=13 leri-cr2=100 leri-cr3=100,leri-cr1=13 leri-cr2=100 leri-cr3=100,leri-cr1=13 leri-cr2=100 leri-cr3=100,1171Mbit,1171Mbit,1
1790964473.932,leri-cr1=13 leri-cr2=100 leri-cr3=100,leri-cr1=13 leri-cr2=100 leri-cr3=100,leri-cr1=13 leri-cr2=100 leri-cr3=100,1171Mbit,1171Mbit,1
1790964483.986,leri-cr1=13 leri-cr2=100 leri-cr3=100,leri-cr1=13 leri-cr2=100 leri-cr3=100,leri-cr1=13 leri-cr2=100 leri-cr3=100,1171Mbit,1171Mbit,1
1790964494.286,leri-cr1=13 leri-cr2=100 leri-cr3=100,leri-cr1=13 leri-cr2=100 leri-cr3=100,leri-cr1=13 leri-cr2=100 leri-cr3=100,1171Mbit,1171Mbit,1
1790964504.340,leri-cr1=13 leri-cr2=100 leri-cr3=100,leri-cr1=13 leri-cr2=100 leri-cr3=100,leri-cr1=13 leri-cr2=100 leri-cr3=100,1171Mbit,1171Mbit,1
1790964514.390,leri-cr1=13 leri-cr2=100 leri-cr3=100,leri-cr1=13 leri-cr2=100 leri-cr3=100,leri-cr1=13 leri-cr2=100 leri-cr3=100,1171Mbit,1171Mbit,1
1790964524.442,leri-cr1=13 leri-cr2=100 leri-cr3=100,leri-cr1=13 leri-cr2=100 leri-cr3=100,leri-cr1=13 leri-cr2=100 leri-cr3=100,1171Mbit,1171Mbit,1
1790964534.497,leri-cr1=13 leri-cr2=100 leri-cr3=100,leri-cr1=13 leri-cr2=100 leri-cr3=100,leri-cr1=13 leri-cr2=100 leri-cr3=100,1171Mbit,1171Mbit,0
1790964544.585,leri-cr1=13 leri-cr2=100 leri-cr3=100,leri-cr1=13 leri-cr2=100 leri-cr3=100,leri-cr1=13 leri-cr2=100 leri-cr3=100,1171Mbit,1171Mbit,0
1790964554.988,leri-cr1=13 leri-cr2=100 leri-cr3=100,leri-cr1=13 leri-cr2=100 leri-cr3=100,leri-cr1=13 leri-cr2=100 leri-cr3=100,1171Mbit,1171Mbit,0
1790964565.063,leri-cr1=13 leri-cr2=100 leri-cr3=100,leri-cr1=13 leri-cr2=100 leri-cr3=100,leri-cr1=13 leri-cr2=100 leri-cr3=100,1171Mbit,1171Mbit,0
1790964575.141,leri-cr1=13 leri-cr2=100 leri-cr3=100,leri-cr1=13 leri-cr2=100 leri-cr3=100,leri-cr1=13 leri-cr2=100 leri-cr3=100,1171Mbit,1171Mbit,0
1790964585.218,leri-cr1=13 leri-cr2=100 leri-cr3=100,leri-cr1=13 leri-cr2=100 leri-cr3=100,leri-cr1=13 leri-cr2=100 leri-cr3=100,1171Mbit,1171Mbit,0
1790964595.290,leri-cr1=13 leri-cr2=100 leri-cr3=100,leri-cr1=13 leri-cr2=100 leri-cr3=100,leri-cr1=13 leri-cr2=100 leri-cr3=100,1171Mbit,1171Mbit,0
1790964605.366,leri-cr1=13 leri-cr2=100 leri-cr3=100,leri-cr1=13 leri-cr2=100 leri-cr3=100,leri-cr1=13 leri-cr2=100 leri-cr3=100,1171Mbit,1171Mbit,0
1790964615.790,leri-cr1=13 leri-cr2=100 leri-cr3=100,leri-cr1=13 leri-cr2=100 leri-cr3=100,leri-cr1=13 leri-cr2=100 leri-cr3=100,1171Mbit,1171Mbit,0
1790964625.866,leri-cr1=13 leri-cr2=100 leri-cr3=100,leri-cr1=13 leri-cr2=100 leri-cr3=100,leri-cr1=13 leri-cr2=100 leri-cr3=100,1171Mbit,1171Mbit,0
1790964635.943,leri-cr1=13 leri-cr2=100 leri-cr3=100,leri-cr1=13 leri-cr2=100 leri-cr3=100,leri-cr1=13 leri-cr2=100 leri-cr3=100,1171Mbit,1171Mbit,0
1790964646.019,leri-cr1=13 leri-cr2=100 leri-cr3=100,leri-cr1=13 leri-cr2=100 leri-cr3=100,leri-cr1=13 leri-cr2=100 leri-cr3=100,1171Mbit,1171Mbit,0
1790964656.060,leri-cr1=13 leri-cr2=100 leri-cr3=100,leri-cr1=13 leri-cr2=100 leri-cr3=100,leri-cr1=13 leri-cr2=100 leri-cr3=100,1171Mbit,1171Mbit,0
1790964666.109,leri-cr1=13 leri-cr2=100 leri-cr3=100,leri-cr1=13 leri-cr2=100 leri-cr3=100,leri-cr1=13 leri-cr2=100 leri-cr3=100,1171Mbit,1171Mbit,1
1790964676.380,leri-cr1=13 leri-cr2=100 leri-cr3=100,leri-cr1=13 leri-cr2=100 leri-cr3=100,leri-cr1=13 leri-cr2=100 leri-cr3=100,1171Mbit,1171Mbit,1
1790964686.434,leri-cr1=13 leri-cr2=100 leri-cr3=100,leri-cr1=13 leri-cr2=100 leri-cr3=100,leri-cr1=13 leri-cr2=100 leri-cr3=100,1171Mbit,1171Mbit,1
1790964696.494,leri-cr1=13 leri-cr2=100 leri-cr3=100,leri-cr1=13 leri-cr2=100 leri-cr3=100,leri-cr1=13 leri-cr2=100 leri-cr3=100,1171Mbit,1171Mbit,1
1790964706.542,leri-cr1=13 leri-cr2=100 leri-cr3=100,leri-cr1=13 leri-cr2=100 leri-cr3=100,leri-cr1=13 leri-cr2=100 leri-cr3=100,1171Mbit,1171Mbit,1
1790964716.596,leri-cr1=13 leri-cr2=100 leri-cr3=100,leri-cr1=13 leri-cr2=100 leri-cr3=100,leri-cr1=13 leri-cr2=100 leri-cr3=100,1171Mbit,1171Mbit,1
1790964726.638,leri-cr1=13 leri-cr2=100 leri-cr3=100,leri-cr1=13 leri-cr2=100 leri-cr3=100,leri-cr1=13 leri-cr2=100 leri-cr3=100,1171Mbit,1171Mbit,1
1790964736.920,leri-cr1=13 leri-cr2=100 leri-cr3=100,leri-cr1=13 leri-cr2=100 leri-cr3=100,leri-cr1=13 leri-cr2=100 leri-cr3=100,1171Mbit,1171Mbit,1
1790964746.985,leri-cr1=13 leri-cr2=100 leri-cr3=100,leri-cr1=13 leri-cr2=100 leri-cr3=100,leri-cr1=13 leri-cr2=100 leri-cr3=100,1171Mbit,1171Mbit,1
1790964757.037,leri-cr1=13 leri-cr2=100 leri-cr3=100,leri-cr1=13 leri-cr2=100 leri-cr3=100,leri-cr1=13 leri-cr2=100 leri-cr3=100,1171Mbit,1171Mbit,1
1790964767.087,leri-cr1=13 leri-cr2=100 leri-cr3=100,leri-cr1=13 leri-cr2=100 leri-cr3=100,leri-cr1=13 leri-cr2=100 leri-cr3=100,1171Mbit,1171Mbit,1
1790964777.134,leri-cr1=13 leri-cr2=100 leri-cr3=100,leri-cr1=13 leri-cr2=100 leri-cr3=100,leri-cr1=13 leri-cr2=100 leri-cr3=100,1171Mbit,1171Mbit,1
1790964787.187,leri-cr1=13 leri-cr2=100 leri-cr3=100,leri-cr1=13 leri-cr2=100 leri-cr3=100,leri-cr1=13 leri-cr2=100 leri-cr3=100,1171Mbit,1171Mbit,1
1790964797.453,leri-cr1=13 leri-cr2=100 leri-cr3=100,leri-cr1=13 leri-cr2=100 leri-cr3=100,leri-cr1=13 leri-cr2=100 leri-cr3=100,1171Mbit,1171Mbit,1
1790964807.503,leri-cr1=13 leri-cr2=100 leri-cr3=100,leri-cr1=13 leri-cr2=100 leri-cr3=100,leri-cr1=13 leri-cr2=100 leri-cr3=100,1171Mbit,1171Mbit,1
1790964817.555,leri-cr1=13 leri-cr2=100 leri-cr3=100,leri-cr1=13 leri-cr2=100 leri-cr3=100,leri-cr1=13 leri-cr2=100 leri-cr3=100,1171Mbit,1171Mbit,1
1790964827.606,leri-cr1=13 leri-cr2=100 leri-cr3=100,leri-cr1=13 leri-cr2=100 leri-cr3=100,leri-cr1=13 leri-cr2=100 leri-cr3=100,1171Mbit,1171Mbit,1
1790964837.660,leri-cr1=13 leri-cr2=100 leri-cr3=100,leri-cr1=13 leri-cr2=100 leri-cr3=100,leri-cr1=13 leri-cr2=100 leri-cr3=100,1171Mbit,1171Mbit,1
1790964847.708,leri-cr1=13 leri-cr2=100 leri-cr3=100,leri-cr1=13 leri-cr2=100 leri-cr3=100,leri-cr1=13 leri-cr2=100 leri-cr3=100,1171Mbit,1171Mbit,1
1790964857.984,leri-cr1=13 leri-cr2=100 leri-cr3=100,leri-cr1=13 leri-cr2=100 leri-cr3=100,leri-cr1=13 leri-cr2=100 leri-cr3=100,1171Mbit,1171Mbit,1
1790964868.037,leri-cr1=13 leri-cr2=100 leri-cr3=100,leri-cr1=13 leri-cr2=100 leri-cr3=100,leri-cr1=13 leri-cr2=100 leri-cr3=100,1171Mbit,1171Mbit,1
1790964878.092,leri-cr1=13 leri-cr2=100 leri-cr3=100,leri-cr1=13 leri-cr2=100 leri-cr3=100,leri-cr1=13 leri-cr2=100 leri-cr3=100,1171Mbit,1171Mbit,1
1790964888.143,leri-cr1=13 leri-cr2=100 leri-cr3=100,leri-cr1=13 leri-cr2=100 leri-cr3=100,leri-cr1=13 leri-cr2=100 leri-cr3=100,1171Mbit,1171Mbit,1
1790964898.208,leri-cr1=13 leri-cr2=100 leri-cr3=100,leri-cr1=13 leri-cr2=100 leri-cr3=100,leri-cr1=13 leri-cr2=100 leri-cr3=100,1171Mbit,1171Mbit,1
1790964908.265,leri-cr1=13 leri-cr2=100 leri-cr3=100,leri-cr1=13 leri-cr2=100 leri-cr3=100,leri-cr1=13 leri-cr2=100 leri-cr3=100,1171Mbit,1171Mbit,1
1790964918.527,leri-cr1=13 leri-cr2=100 leri-cr3=100,leri-cr1=13 leri-cr2=100 leri-cr3=100,leri-cr1=13 leri-cr2=100 leri-cr3=100,1171Mbit,1171Mbit,1
1790964928.584,leri-cr1=13 leri-cr2=100 leri-cr3=100,leri-cr1=13 leri-cr2=100 leri-cr3=100,leri-cr1=13 leri-cr2=100 leri-cr3=100,1171Mbit,1171Mbit,1
1790964938.640,leri-cr1=13 leri-cr2=100 leri-cr3=100,leri-cr1=13 leri-cr2=100 leri-cr3=100,leri-cr1=13 leri-cr2=100 leri-cr3=100,1171Mbit,1171Mbit,1
1790964948.695,leri-cr1=13 leri-cr2=100 leri-cr3=100,leri-cr1=13 leri-cr2=100 leri-cr3=100,leri-cr1=13 leri-cr2=100 leri-cr3=100,1171Mbit,1171Mbit,1
1790964958.748,leri-cr1=13 leri-cr2=100 leri-cr3=100,leri-cr1=13 leri-cr2=100 leri-cr3=100,leri-cr1=13 leri-cr2=100 leri-cr3=100,1171Mbit,1171Mbit,1
1790964968.803,leri-cr1=13 leri-cr2=100 leri-cr3=100,leri-cr1=13 leri-cr2=100 leri-cr3=100,leri-cr1=13 leri-cr2=100 leri-cr3=100,1171Mbit,1171Mbit,1
1790964979.119,leri-cr1=13 leri-cr2=100 leri-cr3=100,leri-cr1=13 leri-cr2=100 leri-cr3=100,leri-cr1=13 leri-cr2=100 leri-cr3=100,1171Mbit,1171Mbit,1
1790964989.172,leri-cr1=13 leri-cr2=100 leri-cr3=100,leri-cr1=13 leri-cr2=100 leri-cr3=100,leri-cr1=13 leri-cr2=100 leri-cr3=100,1171Mbit,1171Mbit,1
1790964999.232,leri-cr1=13 leri-cr2=100 leri-cr3=100,leri-cr1=13 leri-cr2=100 leri-cr3=100,leri-cr1=13 leri-cr2=100 leri-cr3=100,1171Mbit,1171Mbit,1
1790965009.283,leri-cr1=13 leri-cr2=100 leri-cr3=100,leri-cr1=13 leri-cr2=100 leri-cr3=100,leri-cr1=13 leri-cr2=100 leri-cr3=100,1171Mbit,1171Mbit,1
1790965019.337,leri-cr1=13 leri-cr2=100 leri-cr3=100,leri-cr1=13 leri-cr2=100 leri-cr3=100,leri-cr1=13 leri-cr2=100 leri-cr3=100,1171Mbit,1171Mbit,1
1790965029.381,leri-cr1=13 leri-cr2=100 leri-cr3=100,leri-cr1=13 leri-cr2=100 leri-cr3=100,leri-cr1=13 leri-cr2=100 leri-cr3=100,1171Mbit,1171Mbit,1
1790965039.686,leri-cr1=13 leri-cr2=100 leri-cr3=100,leri-cr1=13 leri-cr2=100 leri-cr3=100,leri-cr1=13 leri-cr2=100 leri-cr3=100,1171Mbit,1171Mbit,1
1790965049.732,leri-cr1=13 leri-cr2=100 leri-cr3=100,leri-cr1=13 leri-cr2=100 leri-cr3=100,leri-cr1=13 leri-cr2=100 leri-cr3=100,1171Mbit,1171Mbit,1
1790965059.779,leri-cr1=13 leri-cr2=100 leri-cr3=100,leri-cr1=13 leri-cr2=100 leri-cr3=100,leri-cr1=13 leri-cr2=100 leri-cr3=100,1171Mbit,1171Mbit,1
1790965069.832,leri-cr1=13 leri-cr2=100 leri-cr3=100,leri-cr1=13 leri-cr2=100 leri-cr3=100,leri-cr1=13 leri-cr2=100 leri-cr3=100,1171Mbit,1171Mbit,1
1790965079.885,leri-cr1=13 leri-cr2=100 leri-cr3=100,leri-cr1=13 leri-cr2=100 leri-cr3=100,leri-cr1=13 leri-cr2=100 leri-cr3=100,1171Mbit,1171Mbit,1
1790965089.938,leri-cr1=13 leri-cr2=100 leri-cr3=100,leri-cr1=13 leri-cr2=100 leri-cr3=100,leri-cr1=13 leri-cr2=100 leri-cr3=100,1171Mbit,1171Mbit,1
1790965100.247,leri-cr1=13 leri-cr2=100 leri-cr3=100,leri-cr1=13 leri-cr2=100 leri-cr3=100,leri-cr1=13 leri-cr2=100 leri-cr3=100,1171Mbit,1171Mbit,1
1790965110.299,leri-cr1=13 leri-cr2=100 leri-cr3=100,leri-cr1=13 leri-cr2=100 leri-cr3=100,leri-cr1=13 leri-cr2=100 leri-cr3=100,1171Mbit,1171Mbit,1
1790965120.354,leri-cr1=13 leri-cr2=100 leri-cr3=100,leri-cr1=13 leri-cr2=100 leri-cr3=100,leri-cr1=13 leri-cr2=100 leri-cr3=100,1171Mbit,1171Mbit,1
1790965130.409,leri-cr1=13 leri-cr2=100 leri-cr3=100,leri-cr1=13 leri-cr2=100 leri-cr3=100,leri-cr1=13 leri-cr2=100 leri-cr3=100,1171Mbit,1171Mbit,0
1790965140.487,leri-cr1=13 leri-cr2=100 leri-cr3=100,leri-cr1=13 leri-cr2=100 leri-cr3=100,leri-cr1=13 leri-cr2=100 leri-cr3=100,1171Mbit,1171Mbit,0
1790965150.898,leri-cr1=13 leri-cr2=100 leri-cr3=100,leri-cr1=13 leri-cr2=100 leri-cr3=100,leri-cr1=13 leri-cr2=100 leri-cr3=100,1171Mbit,1171Mbit,0
1790965160.975,leri-cr1=13 leri-cr2=100 leri-cr3=100,leri-cr1=13 leri-cr2=100 leri-cr3=100,leri-cr1=13 leri-cr2=100 leri-cr3=100,1171Mbit,1171Mbit,0
1790965171.053,leri-cr1=13 leri-cr2=100 leri-cr3=100,leri-cr1=13 leri-cr2=100 leri-cr3=100,leri-cr1=13 leri-cr2=100 leri-cr3=100,1171Mbit,1171Mbit,0
1790965181.126,leri-cr1=13 leri-cr2=100 leri-cr3=100,leri-cr1=13 leri-cr2=100 leri-cr3=100,leri-cr1=13 leri-cr2=100 leri-cr3=100,1171Mbit,1171Mbit,0
1790965191.204,leri-cr1=13 leri-cr2=100 leri-cr3=100,leri-cr1=13 leri-cr2=100 leri-cr3=100,leri-cr1=13 leri-cr2=100 leri-cr3=100,1171Mbit,1171Mbit,0
1790965201.280,leri-cr1=13 leri-cr2=100 leri-cr3=100,leri-cr1=13 leri-cr2=100 leri-cr3=100,leri-cr1=13 leri-cr2=100 leri-cr3=100,1171Mbit,1171Mbit,0
1790965211.703,leri-cr1=13 leri-cr2=100 leri-cr3=100,leri-cr1=13 leri-cr2=100 leri-cr3=100,leri-cr1=13 leri-cr2=100 leri-cr3=100,1171Mbit,1171Mbit,0
1790965221.777,leri-cr1=13 leri-cr2=100 leri-cr3=100,leri-cr1=13 leri-cr2=100 leri-cr3=100,leri-cr1=13 leri-cr2=100 leri-cr3=100,1171Mbit,1171Mbit,0
1790965231.853,leri-cr1=13 leri-cr2=100 leri-cr3=100,leri-cr1=13 leri-cr2=100 leri-cr3=100,leri-cr1=13 leri-cr2=100 leri-cr3=100,1171Mbit,1171Mbit,0
1790965241.932,leri-cr1=13 leri-cr2=100 leri-cr3=100,leri-cr1=13 leri-cr2=100 leri-cr3=100,leri-cr1=13 leri-cr2=100 leri-cr3=100,1171Mbit,1171Mbit,0
1790965252.010,leri-cr1=13 leri-cr2=100 leri-cr3=100,leri-cr1=13 leri-cr2=100 leri-cr3=100,leri-cr1=13 leri-cr2=100 leri-cr3=100,1171Mbit,1171Mbit,0
1790965262.058,leri-cr1=13 leri-cr2=100 leri-cr3=100,leri-cr1=13 leri-cr2=100 leri-cr3=100,leri-cr1=13 leri-cr2=100 leri-cr3=100,1171Mbit,1171Mbit,0
1790965272.287,leri-cr1=13 leri-cr2=100 leri-cr3=100,leri-cr1=13 leri-cr2=100 leri-cr3=100,leri-cr1=13 leri-cr2=100 leri-cr3=100,1171Mbit,1171Mbit,1
1790965282.339,leri-cr1=13 leri-cr2=100 leri-cr3=100,leri-cr1=13 leri-cr2=100 leri-cr3=100,leri-cr1=13 leri-cr2=100 leri-cr3=100,1171Mbit,1171Mbit,1
1790965292.394,leri-cr1=13 leri-cr2=100 leri-cr3=100,leri-cr1=13 leri-cr2=100 leri-cr3=100,leri-cr1=13 leri-cr2=100 leri-cr3=100,1171Mbit,1171Mbit,1
1790965302.444,leri-cr1=13 leri-cr2=100 leri-cr3=100,leri-cr1=13 leri-cr2=100 leri-cr3=100,leri-cr1=13 leri-cr2=100 leri-cr3=100,1171Mbit,1171Mbit,1
1790965312.498,leri-cr1=13 leri-cr2=100 leri-cr3=100,leri-cr1=13 leri-cr2=100 leri-cr3=100,leri-cr1=13 leri-cr2=100 leri-cr3=100,1171Mbit,1171Mbit,1
1790965322.569,leri-cr1=13 leri-cr2=100 leri-cr3=100,leri-cr1=13 leri-cr2=100 leri-cr3=100,leri-cr1=13 leri-cr2=100 leri-cr3=100,1171Mbit,1171Mbit,1
1790965332.842,leri-cr1=13 leri-cr2=100 leri-cr3=100,leri-cr1=13 leri-cr2=100 leri-cr3=100,leri-cr1=13 leri-cr2=100 leri-cr3=100,1171Mbit,1171Mbit,1
1790965342.888,leri-cr1=13 leri-cr2=100 leri-cr3=100,leri-cr1=13 leri-cr2=100 leri-cr3=100,leri-cr1=13 leri-cr2=100 leri-cr3=100,1171Mbit,1171Mbit,1
1790965352.942,leri-cr1=13 leri-cr2=100 leri-cr3=100,leri-cr1=13 leri-cr2=100 leri-cr3=100,leri-cr1=13 leri-cr2=100 leri-cr3=100,1171Mbit,1171Mbit,1
1790965362.995,leri-cr1=13 leri-cr2=100 leri-cr3=100,leri-cr1=13 leri-cr2=100 leri-cr3=100,leri-cr1=13 leri-cr2=100 leri-cr3=100,1171Mbit,1171Mbit,1
1790965373.047,leri-cr1=13 leri-cr2=100 leri-cr3=100,leri-cr1=13 leri-cr2=100 leri-cr3=100,leri-cr1=13 leri-cr2=100 leri-cr3=100,1171Mbit,1171Mbit,1
1790965383.097,leri-cr1=13 leri-cr2=100 leri-cr3=100,leri-cr1=13 leri-cr2=100 leri-cr3=100,leri-cr1=13 leri-cr2=100 leri-cr3=100,1171Mbit,1171Mbit,1
1790965393.364,leri-cr1=13 leri-cr2=100 leri-cr3=100,leri-cr1=13 leri-cr2=100 leri-cr3=100,leri-cr1=13 leri-cr2=100 leri-cr3=100,1171Mbit,1171Mbit,1
1790965403.414,leri-cr1=13 leri-cr2=100 leri-cr3=100,leri-cr1=13 leri-cr2=100 leri-cr3=100,leri-cr1=13 leri-cr2=100 leri-cr3=100,1171Mbit,1171Mbit,1
1790965413.462,leri-cr1=13 leri-cr2=100 leri-cr3=100,leri-cr1=13 leri-cr2=100 leri-cr3=100,leri-cr1=13 leri-cr2=100 leri-cr3=100,1171Mbit,1171Mbit,1
1790965423.510,leri-cr1=13 leri-cr2=100 leri-cr3=100,leri-cr1=13 leri-cr2=100 leri-cr3=100,leri-cr1=13 leri-cr2=100 leri-cr3=100,1171Mbit,1171Mbit,1
1790965433.566,leri-cr1=13 leri-cr2=100 leri-cr3=100,leri-cr1=13 leri-cr2=100 leri-cr3=100,leri-cr1=13 leri-cr2=100 leri-cr3=100,1171Mbit,1171Mbit,1
1790965443.618,leri-cr1=13 leri-cr2=100 leri-cr3=100,leri-cr1=13 leri-cr2=100 leri-cr3=100,leri-cr1=13 leri-cr2=100 leri-cr3=100,1171Mbit,1171Mbit,1
1790965453.894,leri-cr1=13 leri-cr2=100 leri-cr3=100,leri-cr1=13 leri-cr2=100 leri-cr3=100,leri-cr1=13 leri-cr2=100 leri-cr3=100,1171Mbit,1171Mbit,1
1790965463.947,leri-cr1=13 leri-cr2=100 leri-cr3=100,leri-cr1=13 leri-cr2=100 leri-cr3=100,leri-cr1=13 leri-cr2=100 leri-cr3=100,1171Mbit,1171Mbit,1
1790965474.004,leri-cr1=13 leri-cr2=100 leri-cr3=100,leri-cr1=13 leri-cr2=100 leri-cr3=100,leri-cr1=13 leri-cr2=100 leri-cr3=100,1171Mbit,1171Mbit,1
1790965484.061,leri-cr1=13 leri-cr2=100 leri-cr3=100,leri-cr1=13 leri-cr2=100 leri-cr3=100,leri-cr1=13 leri-cr2=100 leri-cr3=100,1171Mbit,1171Mbit,1
1790965494.114,leri-cr1=13 leri-cr2=100 leri-cr3=100,leri-cr1=13 leri-cr2=100 leri-cr3=100,leri-cr1=13 leri-cr2=100 leri-cr3=100,1171Mbit,1171Mbit,1
1790965504.166,leri-cr1=13 leri-cr2=100 leri-cr3=100,leri-cr1=13 leri-cr2=100 leri-cr3=100,leri-cr1=13 leri-cr2=100 leri-cr3=100,1171Mbit,1171Mbit,1
1790965514.451,leri-cr1=13 leri-cr2=100 leri-cr3=100,leri-cr1=13 leri-cr2=100 leri-cr3=100,leri-cr1=13 leri-cr2=100 leri-cr3=100,1171Mbit,1171Mbit,1
1790965524.499,leri-cr1=13 leri-cr2=100 leri-cr3=100,leri-cr1=13 leri-cr2=100 leri-cr3=100,leri-cr1=13 leri-cr2=100 leri-cr3=100,1171Mbit,1171Mbit,1
1790965534.555,leri-cr1=13 leri-cr2=100 leri-cr3=100,leri-cr1=13 leri-cr2=100 leri-cr3=100,leri-cr1=13 leri-cr2=100 leri-cr3=100,1171Mbit,1171Mbit,1
1790965544.603,leri-cr1=13 leri-cr2=100 leri-cr3=100,leri-cr1=13 leri-cr2=100 leri-cr3=100,leri-cr1=13 leri-cr2=100 leri-cr3=100,1171Mbit,1171Mbit,1
1790965554.658,leri-cr1=13 leri-cr2=100 leri-cr3=100,leri-cr1=13 leri-cr2=100 leri-cr3=100,leri-cr1=13 leri-cr2=100 leri-cr3=100,1171Mbit,1171Mbit,1
1790965564.699,leri-cr1=13 leri-cr2=100 leri-cr3=100,leri-cr1=13 leri-cr2=100 leri-cr3=100,leri-cr1=13 leri-cr2=100 leri-cr3=100,1171Mbit,1171Mbit,1
1790965574.985,leri-cr1=13 leri-cr2=100 leri-cr3=100,leri-cr1=13 leri-cr2=100 leri-cr3=100,leri-cr1=13 leri-cr2=100 leri-cr3=100,1171Mbit,1171Mbit,1
1790965585.030,leri-cr1=13 leri-cr2=100 leri-cr3=100,leri-cr1=13 leri-cr2=100 leri-cr3=100,leri-cr1=13 leri-cr2=100 leri-cr3=100,1171Mbit,1171Mbit,1
1790965595.083,leri-cr1=13 leri-cr2=100 leri-cr3=100,leri-cr1=13 leri-cr2=100 leri-cr3=100,leri-cr1=13 leri-cr2=100 leri-cr3=100,1171Mbit,1171Mbit,1
1790965605.144,leri-cr1=13 leri-cr2=100 leri-cr3=100,leri-cr1=13 leri-cr2=100 leri-cr3=100,leri-cr1=13 leri-cr2=100 leri-cr3=100,1171Mbit,1171Mbit,1
1790965615.198,leri-cr1=13 leri-cr2=100 leri-cr3=100,leri-cr1=13 leri-cr2=100 leri-cr3=100,leri-cr1=13 leri-cr2=100 leri-cr3=100,1171Mbit,1171Mbit,1
1790965625.248,leri-cr1=13 leri-cr2=100 leri-cr3=100,leri-cr1=13 leri-cr2=100 leri-cr3=100,leri-cr1=13 leri-cr2=100 leri-cr3=100,1171Mbit,1171Mbit,1
1790965635.510,leri-cr1=13 leri-cr2=100 leri-cr3=100,leri-cr1=13 leri-cr2=100 leri-cr3=100,leri-cr1=13 leri-cr2=100 leri-cr3=100,1171Mbit,1171Mbit,1
1790965645.560,leri-cr1=13 leri-cr2=100 leri-cr3=100,leri-cr1=13 leri-cr2=100 leri-cr3=100,leri-cr1=13 leri-cr2=100 leri-cr3=100,1171Mbit,1171Mbit,1
1790965655.613,leri-cr1=13 leri-cr2=100 leri-cr3=100,leri-cr1=13 leri-cr2=100 leri-cr3=100,leri-cr1=13 leri-cr2=100 leri-cr3=100,1171Mbit,1171Mbit,1
1790965665.661,leri-cr1=13 leri-cr2=100 leri-cr3=100,leri-cr1=13 leri-cr2=100 leri-cr3=100,leri-cr1=13 leri-cr2=100 leri-cr3=100,1171Mbit,1171Mbit,1
1790965675.713,leri-cr1=13 leri-cr2=100 leri-cr3=100,leri-cr1=13 leri-cr2=100 leri-cr3=100,leri-cr1=13 leri-cr2=100 leri-cr3=100,1171Mbit,1171Mbit,1
1790965685.766,leri-cr1=13 leri-cr2=100 leri-cr3=100,leri-cr1=13 leri-cr2=100 leri-cr3=100,leri-cr1=13 leri-cr2=100 leri-cr3=100,1171Mbit,1171Mbit,1
1790965696.006,leri-cr1=13 leri-cr2=100 leri-cr3=100,leri-cr1=13 leri-cr2=100 leri-cr3=100,leri-cr1=13 leri-cr2=100 leri-cr3=100,1171Mbit,1171Mbit,1
1790965706.059,leri-cr1=13 leri-cr2=100 leri-cr3=100,leri-cr1=13 leri-cr2=100 leri-cr3=100,leri-cr1=13 leri-cr2=100 leri-cr3=100,1171Mbit,1171Mbit,1
1790965716.107,leri-cr1=13 leri-cr2=100 leri-cr3=100,leri-cr1=13 leri-cr2=100 leri-cr3=100,leri-cr1=13 leri-cr2=100 leri-cr3=100,1171Mbit,1171Mbit,1
1790965726.158,leri-cr1=13 leri-cr2=100 leri-cr3=100,leri-cr1=13 leri-cr2=100 leri-cr3=100,leri-cr1=13 leri-cr2=100 leri-cr3=100,1171Mbit,1171Mbit,1
1790965736.275,leri-cr1=13 leri-cr2=100 leri-cr3=100,leri-cr1=13 leri-cr2=100 leri-cr3=100,leri-cr1=13 leri-cr2=100 leri-cr3=100,1171Mbit,1171Mbit,0
1790965746.354,leri-cr1=13 leri-cr2=100 leri-cr3=100,leri-cr1=13 leri-cr2=100 leri-cr3=100,leri-cr1=13 leri-cr2=100 leri-cr3=100,1171Mbit,1171Mbit,0
1790965756.794,leri-cr1=13 leri-cr2=100 leri-cr3=100,leri-cr1=13 leri-cr2=100 leri-cr3=100,leri-cr1=13 leri-cr2=100 leri-cr3=100,1171Mbit,1171Mbit,0
1790965766.874,leri-cr1=13 leri-cr2=100 leri-cr3=100,leri-cr1=13 leri-cr2=100 leri-cr3=100,leri-cr1=13 leri-cr2=100 leri-cr3=100,1171Mbit,1171Mbit,0
1790965776.952,leri-cr1=13 leri-cr2=100 leri-cr3=100,leri-cr1=13 leri-cr2=100 leri-cr3=100,leri-cr1=13 leri-cr2=100 leri-cr3=100,1171Mbit,1171Mbit,0
1790965787.028,leri-cr1=13 leri-cr2=100 leri-cr3=100,leri-cr1=13 leri-cr2=100 leri-cr3=100,leri-cr1=13 leri-cr2=100 leri-cr3=100,1171Mbit,1171Mbit,0
1790965797.105,leri-cr1=13 leri-cr2=100 leri-cr3=100,leri-cr1=13 leri-cr2=100 leri-cr3=100,leri-cr1=13 leri-cr2=100 leri-cr3=100,1171Mbit,1171Mbit,0
1790965807.182,leri-cr1=13 leri-cr2=100 leri-cr3=100,leri-cr1=13 leri-cr2=100 leri-cr3=100,leri-cr1=13 leri-cr2=100 leri-cr3=100,1171Mbit,1171Mbit,0
1790965817.621,leri-cr1=13 leri-cr2=100 leri-cr3=100,leri-cr1=13 leri-cr2=100 leri-cr3=100,leri-cr1=13 leri-cr2=100 leri-cr3=100,1171Mbit,1171Mbit,0
1790965827.696,leri-cr1=13 leri-cr2=100 leri-cr3=100,leri-cr1=13 leri-cr2=100 leri-cr3=100,leri-cr1=13 leri-cr2=100 leri-cr3=100,1171Mbit,1171Mbit,0
1790965837.774,leri-cr1=13 leri-cr2=100 leri-cr3=100,leri-cr1=13 leri-cr2=100 leri-cr3=100,leri-cr1=13 leri-cr2=100 leri-cr3=100,1171Mbit,1171Mbit,0
1790965847.849,leri-cr1=13 leri-cr2=100 leri-cr3=100,leri-cr1=13 leri-cr2=100 leri-cr3=100,leri-cr1=13 leri-cr2=100 leri-cr3=100,1171Mbit,1171Mbit,0
1790965857.926,leri-cr1=13 leri-cr2=100 leri-cr3=100,leri-cr1=13 leri-cr2=100 leri-cr3=100,leri-cr1=13 leri-cr2=100 leri-cr3=100,1171Mbit,1171Mbit,0
1790965867.971,leri-cr1=13 leri-cr2=100 leri-cr3=100,leri-cr1=13 leri-cr2=100 leri-cr3=100,leri-cr1=13 leri-cr2=100 leri-cr3=100,1171Mbit,1171Mbit,1
1790965878.220,leri-cr1=13 leri-cr2=100 leri-cr3=100,leri-cr1=13 leri-cr2=100 leri-cr3=100,leri-cr1=13 leri-cr2=100 leri-cr3=100,1171Mbit,1171Mbit,1
1790965888.272,leri-cr1=13 leri-cr2=100 leri-cr3=100,leri-cr1=13 leri-cr2=100 leri-cr3=100,leri-cr1=13 leri-cr2=100 leri-cr3=100,1171Mbit,1171Mbit,1
1790965898.326,leri-cr1=13 leri-cr2=100 leri-cr3=100,leri-cr1=13 leri-cr2=100 leri-cr3=100,leri-cr1=13 leri-cr2=100 leri-cr3=100,1171Mbit,1171Mbit,1
1790965908.379,leri-cr1=13 leri-cr2=100 leri-cr3=100,leri-cr1=13 leri-cr2=100 leri-cr3=100,leri-cr1=13 leri-cr2=100 leri-cr3=100,1171Mbit,1171Mbit,1
1790965918.432,leri-cr1=13 leri-cr2=100 leri-cr3=100,leri-cr1=13 leri-cr2=100 leri-cr3=100,leri-cr1=13 leri-cr2=100 leri-cr3=100,1171Mbit,1171Mbit,1
1790965928.484,leri-cr1=13 leri-cr2=100 leri-cr3=100,leri-cr1=13 leri-cr2=100 leri-cr3=100,leri-cr1=13 leri-cr2=100 leri-cr3=100,1171Mbit,1171Mbit,1
1790965938.734,leri-cr1=13 leri-cr2=100 leri-cr3=100,leri-cr1=13 leri-cr2=100 leri-cr3=100,leri-cr1=13 leri-cr2=100 leri-cr3=100,1171Mbit,1171Mbit,1
1790965948.786,leri-cr1=13 leri-cr2=100 leri-cr3=100,leri-cr1=13 leri-cr2=100 leri-cr3=100,leri-cr1=13 leri-cr2=100 leri-cr3=100,1171Mbit,1171Mbit,1
1790965958.840,leri-cr1=13 leri-cr2=100 leri-cr3=100,leri-cr1=13 leri-cr2=100 leri-cr3=100,leri-cr1=13 leri-cr2=100 leri-cr3=100,1171Mbit,1171Mbit,1
1790965968.883,leri-cr1=13 leri-cr2=100 leri-cr3=100,leri-cr1=13 leri-cr2=100 leri-cr3=100,leri-cr1=13 leri-cr2=100 leri-cr3=100,1171Mbit,1171Mbit,1
1790965978.933,leri-cr1=13 leri-cr2=100 leri-cr3=100,leri-cr1=13 leri-cr2=100 leri-cr3=100,leri-cr1=13 leri-cr2=100 leri-cr3=100,1171Mbit,1171Mbit,1
1790965988.988,leri-cr1=13 leri-cr2=100 leri-cr3=100,leri-cr1=13 leri-cr2=100 leri-cr3=100,leri-cr1=13 leri-cr2=100 leri-cr3=100,1171Mbit,1171Mbit,1
1790965999.258,leri-cr1=13 leri-cr2=100 leri-cr3=100,leri-cr1=13 leri-cr2=100 leri-cr3=100,leri-cr1=13 leri-cr2=100 leri-cr3=100,1171Mbit,1171Mbit,1
1790966009.316,leri-cr1=13 leri-cr2=100 leri-cr3=100,leri-cr1=13 leri-cr2=100 leri-cr3=100,leri-cr1=13 leri-cr2=100 leri-cr3=100,1171Mbit,1171Mbit,1
1790966019.362,leri-cr1=13 leri-cr2=100 leri-cr3=100,leri-cr1=13 leri-cr2=100 leri-cr3=100,leri-cr1=13 leri-cr2=100 leri-cr3=100,1171Mbit,1171Mbit,1
1790966029.415,leri-cr1=13 leri-cr2=100 leri-cr3=100,leri-cr1=13 leri-cr2=100 leri-cr3=100,leri-cr1=13 leri-cr2=100 leri-cr3=100,1171Mbit,1171Mbit,1
1790966039.466,leri-cr1=13 leri-cr2=100 leri-cr3=100,leri-cr1=13 leri-cr2=100 leri-cr3=100,leri-cr1=13 leri-cr2=100 leri-cr3=100,1171Mbit,1171Mbit,1
1790966049.522,leri-cr1=13 leri-cr2=100 leri-cr3=100,leri-cr1=13 leri-cr2=100 leri-cr3=100,leri-cr1=13 leri-cr2=100 leri-cr3=100,1171Mbit,1171Mbit,1
1790966059.784,leri-cr1=13 leri-cr2=100 leri-cr3=100,leri-cr1=13 leri-cr2=100 leri-cr3=100,leri-cr1=13 leri-cr2=100 leri-cr3=100,1171Mbit,1171Mbit,1
1790966069.842,leri-cr1=13 leri-cr2=100 leri-cr3=100,leri-cr1=13 leri-cr2=100 leri-cr3=100,leri-cr1=13 leri-cr2=100 leri-cr3=100,1171Mbit,1171Mbit,1
1790966079.885,leri-cr1=13 leri-cr2=100 leri-cr3=100,leri-cr1=13 leri-cr2=100 leri-cr3=100,leri-cr1=13 leri-cr2=100 leri-cr3=100,1171Mbit,1171Mbit,1
1790966089.938,leri-cr1=13 leri-cr2=100 leri-cr3=100,leri-cr1=13 leri-cr2=100 leri-cr3=100,leri-cr1=13 leri-cr2=100 leri-cr3=100,1171Mbit,1171Mbit,1
1790966099.990,leri-cr1=13 leri-cr2=100 leri-cr3=100,leri-cr1=13 leri-cr2=100 leri-cr3=100,leri-cr1=13 leri-cr2=100 leri-cr3=100,1171Mbit,1171Mbit,1
1790966110.041,leri-cr1=13 leri-cr2=100 leri-cr3=100,leri-cr1=13 leri-cr2=100 leri-cr3=100,leri-cr1=13 leri-cr2=100 leri-cr3=100,1171Mbit,1171Mbit,1
1790966120.343,leri-cr1=13 leri-cr2=100 leri-cr3=100,leri-cr1=13 leri-cr2=100 leri-cr3=100,leri-cr1=13 leri-cr2=100 leri-cr3=100,1171Mbit,1171Mbit,1
1790966130.394,leri-cr1=13 leri-cr2=100 leri-cr3=100,leri-cr1=13 leri-cr2=100 leri-cr3=100,leri-cr1=13 leri-cr2=100 leri-cr3=100,1171Mbit,1171Mbit,1
1790966140.448,leri-cr1=13 leri-cr2=100 leri-cr3=100,leri-cr1=13 leri-cr2=100 leri-cr3=100,leri-cr1=13 leri-cr2=100 leri-cr3=100,1171Mbit,1171Mbit,1
1790966150.502,leri-cr1=13 leri-cr2=100 leri-cr3=100,leri-cr1=13 leri-cr2=100 leri-cr3=100,leri-cr1=13 leri-cr2=100 leri-cr3=100,1171Mbit,1171Mbit,1
1790966160.556,leri-cr1=13 leri-cr2=100 leri-cr3=100,leri-cr1=13 leri-cr2=100 leri-cr3=100,leri-cr1=13 leri-cr2=100 leri-cr3=100,1171Mbit,1171Mbit,1
1790966170.612,leri-cr1=13 leri-cr2=100 leri-cr3=100,leri-cr1=13 leri-cr2=100 leri-cr3=100,leri-cr1=13 leri-cr2=100 leri-cr3=100,1171Mbit,1171Mbit,1
1790966180.884,leri-cr1=13 leri-cr2=100 leri-cr3=100,leri-cr1=13 leri-cr2=100 leri-cr3=100,leri-cr1=13 leri-cr2=100 leri-cr3=100,1171Mbit,1171Mbit,1
1790966190.936,leri-cr1=13 leri-cr2=100 leri-cr3=100,leri-cr1=13 leri-cr2=100 leri-cr3=100,leri-cr1=13 leri-cr2=100 leri-cr3=100,1171Mbit,1171Mbit,1
1790966200.994,leri-cr1=13 leri-cr2=100 leri-cr3=100,leri-cr1=13 leri-cr2=100 leri-cr3=100,leri-cr1=13 leri-cr2=100 leri-cr3=100,1171Mbit,1171Mbit,1
1790966211.040,leri-cr1=13 leri-cr2=100 leri-cr3=100,leri-cr1=13 leri-cr2=100 leri-cr3=100,leri-cr1=13 leri-cr2=100 leri-cr3=100,1171Mbit,1171Mbit,1
1790966221.095,leri-cr1=13 leri-cr2=100 leri-cr3=100,leri-cr1=13 leri-cr2=100 leri-cr3=100,leri-cr1=13 leri-cr2=100 leri-cr3=100,1171Mbit,1171Mbit,1
1790966231.163,leri-cr1=13 leri-cr2=100 leri-cr3=100,leri-cr1=13 leri-cr2=100 leri-cr3=100,leri-cr1=13 leri-cr2=100 leri-cr3=100,1171Mbit,1171Mbit,1
1790966241.426,leri-cr1=13 leri-cr2=100 leri-cr3=100,leri-cr1=13 leri-cr2=100 leri-cr3=100,leri-cr1=13 leri-cr2=100 leri-cr3=100,1171Mbit,1171Mbit,1
1790966251.474,leri-cr1=13 leri-cr2=100 leri-cr3=100,leri-cr1=13 leri-cr2=100 leri-cr3=100,leri-cr1=13 leri-cr2=100 leri-cr3=100,1171Mbit,1171Mbit,1
1790966261.534,leri-cr1=13 leri-cr2=100 leri-cr3=100,leri-cr1=13 leri-cr2=100 leri-cr3=100,leri-cr1=13 leri-cr2=100 leri-cr3=100,1171Mbit,1171Mbit,1
1790966271.587,leri-cr1=13 leri-cr2=100 leri-cr3=100,leri-cr1=13 leri-cr2=100 leri-cr3=100,leri-cr1=13 leri-cr2=100 leri-cr3=100,1171Mbit,1171Mbit,1
1790966281.642,leri-cr1=13 leri-cr2=100 leri-cr3=100,leri-cr1=13 leri-cr2=100 leri-cr3=100,leri-cr1=13 leri-cr2=100 leri-cr3=100,1171Mbit,1171Mbit,1
1790966291.696,leri-cr1=13 leri-cr2=100 leri-cr3=100,leri-cr1=13 leri-cr2=100 leri-cr3=100,leri-cr1=13 leri-cr2=100 leri-cr3=100,1171Mbit,1171Mbit,1
1790966301.908,leri-cr1=13 leri-cr2=100 leri-cr3=100,leri-cr1=13 leri-cr2=100 leri-cr3=100,leri-cr1=13 leri-cr2=100 leri-cr3=100,1171Mbit,1171Mbit,1
1790966311.963,leri-cr1=13 leri-cr2=100 leri-cr3=100,leri-cr1=13 leri-cr2=100 leri-cr3=100,leri-cr1=13 leri-cr2=100 leri-cr3=100,1171Mbit,1171Mbit,1
1790966322.010,leri-cr1=13 leri-cr2=100 leri-cr3=100,leri-cr1=13 leri-cr2=100 leri-cr3=100,leri-cr1=13 leri-cr2=100 leri-cr3=100,1171Mbit,1171Mbit,1
1790966332.062,leri-cr1=13 leri-cr2=100 leri-cr3=100,leri-cr1=13 leri-cr2=100 leri-cr3=100,leri-cr1=13 leri-cr2=100 leri-cr3=100,1171Mbit,1171Mbit,0
1790966342.161,leri-cr1=13 leri-cr2=100 leri-cr3=100,leri-cr1=13 leri-cr2=100 leri-cr3=100,leri-cr1=13 leri-cr2=100 leri-cr3=100,1171Mbit,1171Mbit,0
1790966352.243,leri-cr1=13 leri-cr2=100 leri-cr3=100,leri-cr1=13 leri-cr2=100 leri-cr3=100,leri-cr1=13 leri-cr2=100 leri-cr3=100,1171Mbit,1171Mbit,0
1790966362.641,leri-cr1=13 leri-cr2=100 leri-cr3=100,leri-cr1=13 leri-cr2=100 leri-cr3=100,leri-cr1=13 leri-cr2=100 leri-cr3=100,1171Mbit,1171Mbit,0
1790966372.723,leri-cr1=13 leri-cr2=100 leri-cr3=100,leri-cr1=13 leri-cr2=100 leri-cr3=100,leri-cr1=13 leri-cr2=100 leri-cr3=100,1171Mbit,1171Mbit,0
1790966382.805,leri-cr1=13 leri-cr2=100 leri-cr3=100,leri-cr1=13 leri-cr2=100 leri-cr3=100,leri-cr1=13 leri-cr2=100 leri-cr3=100,1171Mbit,1171Mbit,0
1790966392.879,leri-cr1=13 leri-cr2=100 leri-cr3=100,leri-cr1=13 leri-cr2=100 leri-cr3=100,leri-cr1=13 leri-cr2=100 leri-cr3=100,1171Mbit,1171Mbit,0
1790966402.960,leri-cr1=13 leri-cr2=100 leri-cr3=100,leri-cr1=13 leri-cr2=100 leri-cr3=100,leri-cr1=13 leri-cr2=100 leri-cr3=100,1171Mbit,1171Mbit,0
1790966413.039,leri-cr1=13 leri-cr2=100 leri-cr3=100,leri-cr1=13 leri-cr2=100 leri-cr3=100,leri-cr1=13 leri-cr2=100 leri-cr3=100,1171Mbit,1171Mbit,0
1790966423.462,leri-cr1=13 leri-cr2=100 leri-cr3=100,leri-cr1=13 leri-cr2=100 leri-cr3=100,leri-cr1=13 leri-cr2=100 leri-cr3=100,1171Mbit,1171Mbit,0
1790966433.542,leri-cr1=13 leri-cr2=100 leri-cr3=100,leri-cr1=13 leri-cr2=100 leri-cr3=100,leri-cr1=13 leri-cr2=100 leri-cr3=100,1171Mbit,1171Mbit,0
1790966443.623,leri-cr1=13 leri-cr2=100 leri-cr3=100,leri-cr1=13 leri-cr2=100 leri-cr3=100,leri-cr1=13 leri-cr2=100 leri-cr3=100,1171Mbit,1171Mbit,0
1790966453.705,leri-cr1=13 leri-cr2=100 leri-cr3=100,leri-cr1=13 leri-cr2=100 leri-cr3=100,leri-cr1=13 leri-cr2=100 leri-cr3=100,1171Mbit,1171Mbit,0
1790966463.753,leri-cr1=13 leri-cr2=100 leri-cr3=100,leri-cr1=13 leri-cr2=100 leri-cr3=100,leri-cr1=13 leri-cr2=100 leri-cr3=100,1171Mbit,1171Mbit,1
1790966474.051,leri-cr1=13 leri-cr2=100 leri-cr3=100,leri-cr1=13 leri-cr2=100 leri-cr3=100,leri-cr1=13 leri-cr2=100 leri-cr3=100,1171Mbit,1171Mbit,1
1790966484.104,leri-cr1=13 leri-cr2=100 leri-cr3=100,leri-cr1=13 leri-cr2=100 leri-cr3=100,leri-cr1=13 leri-cr2=100 leri-cr3=100,1171Mbit,1171Mbit,1
1790966494.152,leri-cr1=13 leri-cr2=100 leri-cr3=100,leri-cr1=13 leri-cr2=100 leri-cr3=100,leri-cr1=13 leri-cr2=100 leri-cr3=100,1171Mbit,1171Mbit,1
1790966504.203,leri-cr1=13 leri-cr2=100 leri-cr3=100,leri-cr1=13 leri-cr2=100 leri-cr3=100,leri-cr1=13 leri-cr2=100 leri-cr3=100,1171Mbit,1171Mbit,1
1790966514.257,leri-cr1=13 leri-cr2=100 leri-cr3=100,leri-cr1=13 leri-cr2=100 leri-cr3=100,leri-cr1=13 leri-cr2=100 leri-cr3=100,1171Mbit,1171Mbit,1
1790966524.306,leri-cr1=13 leri-cr2=100 leri-cr3=100,leri-cr1=13 leri-cr2=100 leri-cr3=100,leri-cr1=13 leri-cr2=100 leri-cr3=100,1171Mbit,1171Mbit,1
1790966534.593,leri-cr1=13 leri-cr2=100 leri-cr3=100,leri-cr1=13 leri-cr2=100 leri-cr3=100,leri-cr1=13 leri-cr2=100 leri-cr3=100,1171Mbit,1171Mbit,1
1790966544.643,leri-cr1=13 leri-cr2=100 leri-cr3=100,leri-cr1=13 leri-cr2=100 leri-cr3=100,leri-cr1=13 leri-cr2=100 leri-cr3=100,1171Mbit,1171Mbit,1
1790966554.694,leri-cr1=13 leri-cr2=100 leri-cr3=100,leri-cr1=13 leri-cr2=100 leri-cr3=100,leri-cr1=13 leri-cr2=100 leri-cr3=100,1171Mbit,1171Mbit,1
1790966564.746,leri-cr1=13 leri-cr2=100 leri-cr3=100,leri-cr1=13 leri-cr2=100 leri-cr3=100,leri-cr1=13 leri-cr2=100 leri-cr3=100,1171Mbit,1171Mbit,1
1790966574.794,leri-cr1=13 leri-cr2=100 leri-cr3=100,leri-cr1=13 leri-cr2=100 leri-cr3=100,leri-cr1=13 leri-cr2=100 leri-cr3=100,1171Mbit,1171Mbit,1
1790966584.846,leri-cr1=13 leri-cr2=100 leri-cr3=100,leri-cr1=13 leri-cr2=100 leri-cr3=100,leri-cr1=13 leri-cr2=100 leri-cr3=100,1171Mbit,1171Mbit,1
1790966595.156,leri-cr1=13 leri-cr2=100 leri-cr3=100,leri-cr1=13 leri-cr2=100 leri-cr3=100,leri-cr1=13 leri-cr2=100 leri-cr3=100,1171Mbit,1171Mbit,1
1790966605.211,leri-cr1=13 leri-cr2=100 leri-cr3=100,leri-cr1=13 leri-cr2=100 leri-cr3=100,leri-cr1=13 leri-cr2=100 leri-cr3=100,1171Mbit,1171Mbit,1
1790966615.260,leri-cr1=13 leri-cr2=100 leri-cr3=100,leri-cr1=13 leri-cr2=100 leri-cr3=100,leri-cr1=13 leri-cr2=100 leri-cr3=100,1171Mbit,1171Mbit,1
1790966625.315,leri-cr1=13 leri-cr2=100 leri-cr3=100,leri-cr1=13 leri-cr2=100 leri-cr3=100,leri-cr1=13 leri-cr2=100 leri-cr3=100,1171Mbit,1171Mbit,1
1790966635.367,leri-cr1=13 leri-cr2=100 leri-cr3=100,leri-cr1=13 leri-cr2=100 leri-cr3=100,leri-cr1=13 leri-cr2=100 leri-cr3=100,1171Mbit,1171Mbit,1
1790966645.422,leri-cr1=13 leri-cr2=100 leri-cr3=100,leri-cr1=13 leri-cr2=100 leri-cr3=100,leri-cr1=13 leri-cr2=100 leri-cr3=100,1171Mbit,1171Mbit,1
1790966655.686,leri-cr1=13 leri-cr2=100 leri-cr3=100,leri-cr1=13 leri-cr2=100 leri-cr3=100,leri-cr1=13 leri-cr2=100 leri-cr3=100,1171Mbit,1171Mbit,1
1790966665.743,leri-cr1=13 leri-cr2=100 leri-cr3=100,leri-cr1=13 leri-cr2=100 leri-cr3=100,leri-cr1=13 leri-cr2=100 leri-cr3=100,1171Mbit,1171Mbit,1
1790966675.797,leri-cr1=13 leri-cr2=100 leri-cr3=100,leri-cr1=13 leri-cr2=100 leri-cr3=100,leri-cr1=13 leri-cr2=100 leri-cr3=100,1171Mbit,1171Mbit,1
1790966685.850,leri-cr1=13 leri-cr2=100 leri-cr3=100,leri-cr1=13 leri-cr2=100 leri-cr3=100,leri-cr1=13 leri-cr2=100 leri-cr3=100,1171Mbit,1171Mbit,1
1790966695.902,leri-cr1=13 leri-cr2=100 leri-cr3=100,leri-cr1=13 leri-cr2=100 leri-cr3=100,leri-cr1=13 leri-cr2=100 leri-cr3=100,1171Mbit,1171Mbit,1
1790966705.954,leri-cr1=13 leri-cr2=100 leri-cr3=100,leri-cr1=13 leri-cr2=100 leri-cr3=100,leri-cr1=13 leri-cr2=100 leri-cr3=100,1171Mbit,1171Mbit,1
1790966716.210,leri-cr1=13 leri-cr2=100 leri-cr3=100,leri-cr1=13 leri-cr2=100 leri-cr3=100,leri-cr1=13 leri-cr2=100 leri-cr3=100,1171Mbit,1171Mbit,1
1790966726.262,leri-cr1=13 leri-cr2=100 leri-cr3=100,leri-cr1=13 leri-cr2=100 leri-cr3=100,leri-cr1=13 leri-cr2=100 leri-cr3=100,1171Mbit,1171Mbit,1
1790966736.314,leri-cr1=13 leri-cr2=100 leri-cr3=100,leri-cr1=13 leri-cr2=100 leri-cr3=100,leri-cr1=13 leri-cr2=100 leri-cr3=100,1171Mbit,1171Mbit,1
1790966746.362,leri-cr1=13 leri-cr2=100 leri-cr3=100,leri-cr1=13 leri-cr2=100 leri-cr3=100,leri-cr1=13 leri-cr2=100 leri-cr3=100,1171Mbit,1171Mbit,1
1790966756.419,leri-cr1=13 leri-cr2=100 leri-cr3=100,leri-cr1=13 leri-cr2=100 leri-cr3=100,leri-cr1=13 leri-cr2=100 leri-cr3=100,1171Mbit,1171Mbit,1
1790966766.470,leri-cr1=13 leri-cr2=100 leri-cr3=100,leri-cr1=13 leri-cr2=100 leri-cr3=100,leri-cr1=13 leri-cr2=100 leri-cr3=100,1171Mbit,1171Mbit,1
1790966776.764,leri-cr1=13 leri-cr2=100 leri-cr3=100,leri-cr1=13 leri-cr2=100 leri-cr3=100,leri-cr1=13 leri-cr2=100 leri-cr3=100,1171Mbit,1171Mbit,1
1790966786.810,leri-cr1=13 leri-cr2=100 leri-cr3=100,leri-cr1=13 leri-cr2=100 leri-cr3=100,leri-cr1=13 leri-cr2=100 leri-cr3=100,1171Mbit,1171Mbit,1
1790966796.862,leri-cr1=13 leri-cr2=100 leri-cr3=100,leri-cr1=13 leri-cr2=100 leri-cr3=100,leri-cr1=13 leri-cr2=100 leri-cr3=100,1171Mbit,1171Mbit,1
1790966806.910,leri-cr1=13 leri-cr2=100 leri-cr3=100,leri-cr1=13 leri-cr2=100 leri-cr3=100,leri-cr1=13 leri-cr2=100 leri-cr3=100,1171Mbit,1171Mbit,1
1790966816.959,leri-cr1=13 leri-cr2=100 leri-cr3=100,leri-cr1=13 leri-cr2=100 leri-cr3=100,leri-cr1=13 leri-cr2=100 leri-cr3=100,1171Mbit,1171Mbit,1
1790966827.010,leri-cr1=13 leri-cr2=100 leri-cr3=100,leri-cr1=13 leri-cr2=100 leri-cr3=100,leri-cr1=13 leri-cr2=100 leri-cr3=100,1171Mbit,1171Mbit,1
1790966837.290,leri-cr1=13 leri-cr2=100 leri-cr3=100,leri-cr1=13 leri-cr2=100 leri-cr3=100,leri-cr1=13 leri-cr2=100 leri-cr3=100,1171Mbit,1171Mbit,1
1790966847.338,leri-cr1=13 leri-cr2=100 leri-cr3=100,leri-cr1=13 leri-cr2=100 leri-cr3=100,leri-cr1=13 leri-cr2=100 leri-cr3=100,1171Mbit,1171Mbit,1
1790966857.391,leri-cr1=13 leri-cr2=100 leri-cr3=100,leri-cr1=13 leri-cr2=100 leri-cr3=100,leri-cr1=13 leri-cr2=100 leri-cr3=100,1171Mbit,1171Mbit,1
1790966867.441,leri-cr1=13 leri-cr2=100 leri-cr3=100,leri-cr1=13 leri-cr2=100 leri-cr3=100,leri-cr1=13 leri-cr2=100 leri-cr3=100,1171Mbit,1171Mbit,1
1790966877.517,leri-cr1=13 leri-cr2=100 leri-cr3=100,leri-cr1=13 leri-cr2=100 leri-cr3=100,leri-cr1=13 leri-cr2=100 leri-cr3=100,1171Mbit,1171Mbit,1
1790966887.569,leri-cr1=13 leri-cr2=100 leri-cr3=100,leri-cr1=13 leri-cr2=100 leri-cr3=100,leri-cr1=13 leri-cr2=100 leri-cr3=100,1171Mbit,1171Mbit,1
1790966897.848,leri-cr1=13 leri-cr2=100 leri-cr3=100,leri-cr1=13 leri-cr2=100 leri-cr3=100,leri-cr1=13 leri-cr2=100 leri-cr3=100,1171Mbit,1171Mbit,1
1790966907.902,leri-cr1=13 leri-cr2=100 leri-cr3=100,leri-cr1=13 leri-cr2=100 leri-cr3=100,leri-cr1=13 leri-cr2=100 leri-cr3=100,1171Mbit,1171Mbit,1
1790966917.957,leri-cr1=13 leri-cr2=100 leri-cr3=100,leri-cr1=13 leri-cr2=100 leri-cr3=100,leri-cr1=13 leri-cr2=100 leri-cr3=100,1171Mbit,1171Mbit,1
1790966928.019,leri-cr1=13 leri-cr2=100 leri-cr3=100,leri-cr1=13 leri-cr2=100 leri-cr3=100,leri-cr1=13 leri-cr2=100 leri-cr3=100,1171Mbit,1171Mbit,1
1790966938.090,leri-cr1=13 leri-cr2=100 leri-cr3=100,leri-cr1=13 leri-cr2=100 leri-cr3=100,leri-cr1=13 leri-cr2=100 leri-cr3=100,1171Mbit,1171Mbit,0
1790966948.163,leri-cr1=13 leri-cr2=100 leri-cr3=100,leri-cr1=13 leri-cr2=100 leri-cr3=100,leri-cr1=13 leri-cr2=100 leri-cr3=100,1171Mbit,1171Mbit,0
1790966958.565,leri-cr1=13 leri-cr2=100 leri-cr3=100,leri-cr1=13 leri-cr2=100 leri-cr3=100,leri-cr1=13 leri-cr2=100 leri-cr3=100,1171Mbit,1171Mbit,0
1790966968.639,leri-cr1=13 leri-cr2=100 leri-cr3=100,leri-cr1=13 leri-cr2=100 leri-cr3=100,leri-cr1=13 leri-cr2=100 leri-cr3=100,1171Mbit,1171Mbit,0
1790966978.716,leri-cr1=13 leri-cr2=100 leri-cr3=100,leri-cr1=13 leri-cr2=100 leri-cr3=100,leri-cr1=13 leri-cr2=100 leri-cr3=100,1171Mbit,1171Mbit,0
1790966988.793,leri-cr1=13 leri-cr2=100 leri-cr3=100,leri-cr1=13 leri-cr2=100 leri-cr3=100,leri-cr1=13 leri-cr2=100 leri-cr3=100,1171Mbit,1171Mbit,0
1790966998.866,leri-cr1=13 leri-cr2=100 leri-cr3=100,leri-cr1=13 leri-cr2=100 leri-cr3=100,leri-cr1=13 leri-cr2=100 leri-cr3=100,1171Mbit,1171Mbit,0
1790967008.942,leri-cr1=13 leri-cr2=100 leri-cr3=100,leri-cr1=13 leri-cr2=100 leri-cr3=100,leri-cr1=13 leri-cr2=100 leri-cr3=100,1171Mbit,1171Mbit,0
1790967019.395,leri-cr1=13 leri-cr2=100 leri-cr3=100,leri-cr1=13 leri-cr2=100 leri-cr3=100,leri-cr1=13 leri-cr2=100 leri-cr3=100,1171Mbit,1171Mbit,0
1790967029.470,leri-cr1=13 leri-cr2=100 leri-cr3=100,leri-cr1=13 leri-cr2=100 leri-cr3=100,leri-cr1=13 leri-cr2=100 leri-cr3=100,1171Mbit,1171Mbit,0
1790967039.545,leri-cr1=13 leri-cr2=100 leri-cr3=100,leri-cr1=13 leri-cr2=100 leri-cr3=100,leri-cr1=13 leri-cr2=100 leri-cr3=100,1171Mbit,1171Mbit,0
1790967049.620,leri-cr1=13 leri-cr2=100 leri-cr3=100,leri-cr1=13 leri-cr2=100 leri-cr3=100,leri-cr1=13 leri-cr2=100 leri-cr3=100,1171Mbit,1171Mbit,0
1790967059.664,leri-cr1=13 leri-cr2=100 leri-cr3=100,leri-cr1=13 leri-cr2=100 leri-cr3=100,leri-cr1=13 leri-cr2=100 leri-cr3=100,1171Mbit,1171Mbit,0
1790967069.717,leri-cr1=13 leri-cr2=100 leri-cr3=100,leri-cr1=13 leri-cr2=100 leri-cr3=100,leri-cr1=13 leri-cr2=100 leri-cr3=100,1171Mbit,1171Mbit,1
1790967080.064,leri-cr1=13 leri-cr2=100 leri-cr3=100,leri-cr1=13 leri-cr2=100 leri-cr3=100,leri-cr1=13 leri-cr2=100 leri-cr3=100,1171Mbit,1171Mbit,1
1790967090.116,leri-cr1=13 leri-cr2=100 leri-cr3=100,leri-cr1=13 leri-cr2=100 leri-cr3=100,leri-cr1=13 leri-cr2=100 leri-cr3=100,1171Mbit,1171Mbit,1
1790967100.172,leri-cr1=13 leri-cr2=100 leri-cr3=100,leri-cr1=13 leri-cr2=100 leri-cr3=100,leri-cr1=13 leri-cr2=100 leri-cr3=100,1171Mbit,1171Mbit,1
1790967110.225,leri-cr1=13 leri-cr2=100 leri-cr3=100,leri-cr1=13 leri-cr2=100 leri-cr3=100,leri-cr1=13 leri-cr2=100 leri-cr3=100,1171Mbit,1171Mbit,1
1790967120.279,leri-cr1=13 leri-cr2=100 leri-cr3=100,leri-cr1=13 leri-cr2=100 leri-cr3=100,leri-cr1=13 leri-cr2=100 leri-cr3=100,1171Mbit,1171Mbit,1
1790967130.332,leri-cr1=13 leri-cr2=100 leri-cr3=100,leri-cr1=13 leri-cr2=100 leri-cr3=100,leri-cr1=13 leri-cr2=100 leri-cr3=100,1171Mbit,1171Mbit,1
1790967140.550,leri-cr1=13 leri-cr2=100 leri-cr3=100,leri-cr1=13 leri-cr2=100 leri-cr3=100,leri-cr1=13 leri-cr2=100 leri-cr3=100,1171Mbit,1171Mbit,1
1790967150.607,leri-cr1=13 leri-cr2=100 leri-cr3=100,leri-cr1=13 leri-cr2=100 leri-cr3=100,leri-cr1=13 leri-cr2=100 leri-cr3=100,1171Mbit,1171Mbit,1
1790967160.659,leri-cr1=13 leri-cr2=100 leri-cr3=100,leri-cr1=13 leri-cr2=100 leri-cr3=100,leri-cr1=13 leri-cr2=100 leri-cr3=100,1171Mbit,1171Mbit,1
1790967170.710,leri-cr1=13 leri-cr2=100 leri-cr3=100,leri-cr1=13 leri-cr2=100 leri-cr3=100,leri-cr1=13 leri-cr2=100 leri-cr3=100,1171Mbit,1171Mbit,1
1790967180.761,leri-cr1=13 leri-cr2=100 leri-cr3=100,leri-cr1=13 leri-cr2=100 leri-cr3=100,leri-cr1=13 leri-cr2=100 leri-cr3=100,1171Mbit,1171Mbit,1
1790967190.807,leri-cr1=13 leri-cr2=100 leri-cr3=100,leri-cr1=13 leri-cr2=100 leri-cr3=100,leri-cr1=13 leri-cr2=100 leri-cr3=100,1171Mbit,1171Mbit,1
1790967201.079,leri-cr1=13 leri-cr2=100 leri-cr3=100,leri-cr1=13 leri-cr2=100 leri-cr3=100,leri-cr1=13 leri-cr2=100 leri-cr3=100,1171Mbit,1171Mbit,1
1790967211.130,leri-cr1=13 leri-cr2=100 leri-cr3=100,leri-cr1=13 leri-cr2=100 leri-cr3=100,leri-cr1=13 leri-cr2=100 leri-cr3=100,1171Mbit,1171Mbit,1
1790967221.185,leri-cr1=13 leri-cr2=100 leri-cr3=100,leri-cr1=13 leri-cr2=100 leri-cr3=100,leri-cr1=13 leri-cr2=100 leri-cr3=100,1171Mbit,1171Mbit,1
1790967231.239,leri-cr1=13 leri-cr2=100 leri-cr3=100,leri-cr1=13 leri-cr2=100 leri-cr3=100,leri-cr1=13 leri-cr2=100 leri-cr3=100,1171Mbit,1171Mbit,1
1790967241.294,leri-cr1=13 leri-cr2=100 leri-cr3=100,leri-cr1=13 leri-cr2=100 leri-cr3=100,leri-cr1=13 leri-cr2=100 leri-cr3=100,1171Mbit,1171Mbit,1
1790967251.346,leri-cr1=13 leri-cr2=100 leri-cr3=100,leri-cr1=13 leri-cr2=100 leri-cr3=100,leri-cr1=13 leri-cr2=100 leri-cr3=100,1171Mbit,1171Mbit,1
1790967261.642,leri-cr1=13 leri-cr2=100 leri-cr3=100,leri-cr1=13 leri-cr2=100 leri-cr3=100,leri-cr1=13 leri-cr2=100 leri-cr3=100,1171Mbit,1171Mbit,1
1790967271.697,leri-cr1=13 leri-cr2=100 leri-cr3=100,leri-cr1=13 leri-cr2=100 leri-cr3=100,leri-cr1=13 leri-cr2=100 leri-cr3=100,1171Mbit,1171Mbit,1
1790967281.751,leri-cr1=13 leri-cr2=100 leri-cr3=100,leri-cr1=13 leri-cr2=100 leri-cr3=100,leri-cr1=13 leri-cr2=100 leri-cr3=100,1171Mbit,1171Mbit,1
1790967291.827,leri-cr1=13 leri-cr2=100 leri-cr3=100,leri-cr1=13 leri-cr2=100 leri-cr3=100,leri-cr1=13 leri-cr2=100 leri-cr3=100,1171Mbit,1171Mbit,0
1790967301.897,leri-cr1=13 leri-cr2=100 leri-cr3=100,leri-cr1=13 leri-cr2=100 leri-cr3=100,leri-cr1=13 leri-cr2=100 leri-cr3=100,1171Mbit,1171Mbit,0
1790967311.966,leri-cr1=13 leri-cr2=100 leri-cr3=100,leri-cr1=13 leri-cr2=100 leri-cr3=100,leri-cr1=13 leri-cr2=100 leri-cr3=100,1171Mbit,1171Mbit,0
1790967322.369,leri-cr1=13 leri-cr2=100 leri-cr3=100,leri-cr1=13 leri-cr2=100 leri-cr3=100,leri-cr1=13 leri-cr2=100 leri-cr3=100,1171Mbit,1171Mbit,0
1790967332.442,leri-cr1=13 leri-cr2=100 leri-cr3=100,leri-cr1=13 leri-cr2=100 leri-cr3=100,leri-cr1=13 leri-cr2=100 leri-cr3=100,1171Mbit,1171Mbit,0
1790967342.519,leri-cr1=13 leri-cr2=100 leri-cr3=100,leri-cr1=13 leri-cr2=100 leri-cr3=100,leri-cr1=13 leri-cr2=100 leri-cr3=100,1171Mbit,1171Mbit,0
1790967352.593,leri-cr1=13 leri-cr2=100 leri-cr3=100,leri-cr1=13 leri-cr2=100 leri-cr3=100,leri-cr1=13 leri-cr2=100 leri-cr3=100,1171Mbit,1171Mbit,0
1790967362.665,leri-cr1=13 leri-cr2=100 leri-cr3=100,leri-cr1=13 leri-cr2=100 leri-cr3=100,leri-cr1=13 leri-cr2=100 leri-cr3=100,1171Mbit,1171Mbit,0
1790967372.739,leri-cr1=13 leri-cr2=100 leri-cr3=100,leri-cr1=13 leri-cr2=100 leri-cr3=100,leri-cr1=13 leri-cr2=100 leri-cr3=100,1171Mbit,1171Mbit,0
1790967383.168,leri-cr1=13 leri-cr2=100 leri-cr3=100,leri-cr1=13 leri-cr2=100 leri-cr3=100,leri-cr1=13 leri-cr2=100 leri-cr3=100,1171Mbit,1171Mbit,0
1790967393.240,leri-cr1=13 leri-cr2=100 leri-cr3=100,leri-cr1=13 leri-cr2=100 leri-cr3=100,leri-cr1=13 leri-cr2=100 leri-cr3=100,1171Mbit,1171Mbit,0
1790967403.311,leri-cr1=13 leri-cr2=100 leri-cr3=100,leri-cr1=13 leri-cr2=100 leri-cr3=100,leri-cr1=13 leri-cr2=100 leri-cr3=100,1171Mbit,1171Mbit,0
1790967413.366,leri-cr1=13 leri-cr2=100 leri-cr3=100,leri-cr1=13 leri-cr2=100 leri-cr3=100,leri-cr1=13 leri-cr2=100 leri-cr3=100,1171Mbit,1171Mbit,0
1790967423.414,leri-cr1=13 leri-cr2=100 leri-cr3=100,leri-cr1=13 leri-cr2=100 leri-cr3=100,leri-cr1=13 leri-cr2=100 leri-cr3=100,1171Mbit,1171Mbit,1
1790967433.470,leri-cr1=13 leri-cr2=100 leri-cr3=100,leri-cr1=13 leri-cr2=100 leri-cr3=100,leri-cr1=13 leri-cr2=100 leri-cr3=100,1171Mbit,1171Mbit,1
1790967443.735,leri-cr1=13 leri-cr2=100 leri-cr3=100,leri-cr1=13 leri-cr2=100 leri-cr3=100,leri-cr1=13 leri-cr2=100 leri-cr3=100,1171Mbit,1171Mbit,1
1790967453.789,leri-cr1=13 leri-cr2=100 leri-cr3=100,leri-cr1=13 leri-cr2=100 leri-cr3=100,leri-cr1=13 leri-cr2=100 leri-cr3=100,1171Mbit,1171Mbit,1
1790967463.842,leri-cr1=13 leri-cr2=100 leri-cr3=100,leri-cr1=13 leri-cr2=100 leri-cr3=100,leri-cr1=13 leri-cr2=100 leri-cr3=100,1171Mbit,1171Mbit,1
1790967473.896,leri-cr1=13 leri-cr2=100 leri-cr3=100,leri-cr1=13 leri-cr2=100 leri-cr3=100,leri-cr1=13 leri-cr2=100 leri-cr3=100,1171Mbit,1171Mbit,1
1790967483.946,leri-cr1=13 leri-cr2=100 leri-cr3=100,leri-cr1=13 leri-cr2=100 leri-cr3=100,leri-cr1=13 leri-cr2=100 leri-cr3=100,1171Mbit,1171Mbit,1
1790967494.005,leri-cr1=13 leri-cr2=100 leri-cr3=100,leri-cr1=13 leri-cr2=100 leri-cr3=100,leri-cr1=13 leri-cr2=100 leri-cr3=100,1171Mbit,1171Mbit,1
1790967504.271,leri-cr1=13 leri-cr2=100 leri-cr3=100,leri-cr1=13 leri-cr2=100 leri-cr3=100,leri-cr1=13 leri-cr2=100 leri-cr3=100,1171Mbit,1171Mbit,1
1790967514.324,leri-cr1=13 leri-cr2=100 leri-cr3=100,leri-cr1=13 leri-cr2=100 leri-cr3=100,leri-cr1=13 leri-cr2=100 leri-cr3=100,1171Mbit,1171Mbit,1
1790967524.374,leri-cr1=13 leri-cr2=100 leri-cr3=100,leri-cr1=13 leri-cr2=100 leri-cr3=100,leri-cr1=13 leri-cr2=100 leri-cr3=100,1171Mbit,1171Mbit,1
1790967534.428,leri-cr1=13 leri-cr2=100 leri-cr3=100,leri-cr1=13 leri-cr2=100 leri-cr3=100,leri-cr1=13 leri-cr2=100 leri-cr3=100,1171Mbit,1171Mbit,1
1790967544.482,leri-cr1=13 leri-cr2=100 leri-cr3=100,leri-cr1=13 leri-cr2=100 leri-cr3=100,leri-cr1=13 leri-cr2=100 leri-cr3=100,1171Mbit,1171Mbit,1
1790967554.536,leri-cr1=13 leri-cr2=100 leri-cr3=100,leri-cr1=13 leri-cr2=100 leri-cr3=100,leri-cr1=13 leri-cr2=100 leri-cr3=100,1171Mbit,1171Mbit,1
1790967564.850,leri-cr1=13 leri-cr2=100 leri-cr3=100,leri-cr1=13 leri-cr2=100 leri-cr3=100,leri-cr1=13 leri-cr2=100 leri-cr3=100,1171Mbit,1171Mbit,1
1790967574.898,leri-cr1=13 leri-cr2=100 leri-cr3=100,leri-cr1=13 leri-cr2=100 leri-cr3=100,leri-cr1=13 leri-cr2=100 leri-cr3=100,1171Mbit,1171Mbit,1
1790967584.950,leri-cr1=13 leri-cr2=100 leri-cr3=100,leri-cr1=13 leri-cr2=100 leri-cr3=100,leri-cr1=13 leri-cr2=100 leri-cr3=100,1171Mbit,1171Mbit,0
1790967595.028,leri-cr1=13 leri-cr2=100 leri-cr3=100,leri-cr1=13 leri-cr2=100 leri-cr3=100,leri-cr1=13 leri-cr2=100 leri-cr3=100,1171Mbit,1171Mbit,0
1790967605.105,leri-cr1=13 leri-cr2=100 leri-cr3=100,leri-cr1=13 leri-cr2=100 leri-cr3=100,leri-cr1=13 leri-cr2=100 leri-cr3=100,1171Mbit,1171Mbit,0
1790967615.187,leri-cr1=13 leri-cr2=100 leri-cr3=100,leri-cr1=13 leri-cr2=100 leri-cr3=100,leri-cr1=13 leri-cr2=100 leri-cr3=100,1171Mbit,1171Mbit,0
1790967625.610,leri-cr1=13 leri-cr2=100 leri-cr3=100,leri-cr1=13 leri-cr2=100 leri-cr3=100,leri-cr1=13 leri-cr2=100 leri-cr3=100,1171Mbit,1171Mbit,0
1790967635.686,leri-cr1=13 leri-cr2=100 leri-cr3=100,leri-cr1=13 leri-cr2=100 leri-cr3=100,leri-cr1=13 leri-cr2=100 leri-cr3=100,1171Mbit,1171Mbit,0
1790967645.767,leri-cr1=13 leri-cr2=100 leri-cr3=100,leri-cr1=13 leri-cr2=100 leri-cr3=100,leri-cr1=13 leri-cr2=100 leri-cr3=100,1171Mbit,1171Mbit,0
1790967655.846,leri-cr1=13 leri-cr2=100 leri-cr3=100,leri-cr1=13 leri-cr2=100 leri-cr3=100,leri-cr1=13 leri-cr2=100 leri-cr3=100,1171Mbit,1171Mbit,0
1790967665.929,leri-cr1=13 leri-cr2=100 leri-cr3=100,leri-cr1=13 leri-cr2=100 leri-cr3=100,leri-cr1=13 leri-cr2=100 leri-cr3=100,1171Mbit,1171Mbit,0
1790967676.009,leri-cr1=13 leri-cr2=100 leri-cr3=100,leri-cr1=13 leri-cr2=100 leri-cr3=100,leri-cr1=13 leri-cr2=100 leri-cr3=100,1171Mbit,1171Mbit,0
1790967686.421,leri-cr1=13 leri-cr2=100 leri-cr3=100,leri-cr1=13 leri-cr2=100 leri-cr3=100,leri-cr1=13 leri-cr2=100 leri-cr3=100,1171Mbit,1171Mbit,0
1790967696.504,leri-cr1=13 leri-cr2=100 leri-cr3=100,leri-cr1=13 leri-cr2=100 leri-cr3=100,leri-cr1=13 leri-cr2=100 leri-cr3=100,1171Mbit,1171Mbit,0
1790967706.586,leri-cr1=13 leri-cr2=100 leri-cr3=100,leri-cr1=13 leri-cr2=100 leri-cr3=100,leri-cr1=13 leri-cr2=100 leri-cr3=100,1171Mbit,1171Mbit,0
1790967716.637,leri-cr1=13 leri-cr2=100 leri-cr3=100,leri-cr1=13 leri-cr2=100 leri-cr3=100,leri-cr1=13 leri-cr2=100 leri-cr3=100,1171Mbit,1171Mbit,0
1790967726.690,leri-cr1=13 leri-cr2=100 leri-cr3=100,leri-cr1=13 leri-cr2=100 leri-cr3=100,leri-cr1=13 leri-cr2=100 leri-cr3=100,1171Mbit,1171Mbit,1
1790967736.961,leri-cr1=13 leri-cr2=100 leri-cr3=100,leri-cr1=13 leri-cr2=100 leri-cr3=100,leri-cr1=13 leri-cr2=100 leri-cr3=100,1171Mbit,1171Mbit,1
1790967747.016,leri-cr1=13 leri-cr2=100 leri-cr3=100,leri-cr1=13 leri-cr2=100 leri-cr3=100,leri-cr1=13 leri-cr2=100 leri-cr3=100,1171Mbit,1171Mbit,1
1790967757.075,leri-cr1=13 leri-cr2=100 leri-cr3=100,leri-cr1=13 leri-cr2=100 leri-cr3=100,leri-cr1=13 leri-cr2=100 leri-cr3=100,1171Mbit,1171Mbit,1
1790967767.118,leri-cr1=13 leri-cr2=100 leri-cr3=100,leri-cr1=13 leri-cr2=100 leri-cr3=100,leri-cr1=13 leri-cr2=100 leri-cr3=100,1171Mbit,1171Mbit,1
1790967777.164,leri-cr1=13 leri-cr2=100 leri-cr3=100,leri-cr1=13 leri-cr2=100 leri-cr3=100,leri-cr1=13 leri-cr2=100 leri-cr3=100,1171Mbit,1171Mbit,1
1790967787.219,leri-cr1=13 leri-cr2=100 leri-cr3=100,leri-cr1=13 leri-cr2=100 leri-cr3=100,leri-cr1=13 leri-cr2=100 leri-cr3=100,1171Mbit,1171Mbit,1
1790967797.419,leri-cr1=13 leri-cr2=100 leri-cr3=100,leri-cr1=13 leri-cr2=100 leri-cr3=100,leri-cr1=13 leri-cr2=100 leri-cr3=100,1171Mbit,1171Mbit,1
1790967807.474,leri-cr1=13 leri-cr2=100 leri-cr3=100,leri-cr1=13 leri-cr2=100 leri-cr3=100,leri-cr1=13 leri-cr2=100 leri-cr3=100,1171Mbit,1171Mbit,1
1790967817.526,leri-cr1=13 leri-cr2=100 leri-cr3=100,leri-cr1=13 leri-cr2=100 leri-cr3=100,leri-cr1=13 leri-cr2=100 leri-cr3=100,1171Mbit,1171Mbit,1
1790967827.580,leri-cr1=13 leri-cr2=100 leri-cr3=100,leri-cr1=13 leri-cr2=100 leri-cr3=100,leri-cr1=13 leri-cr2=100 leri-cr3=100,1171Mbit,1171Mbit,1
1790967837.630,leri-cr1=13 leri-cr2=100 leri-cr3=100,leri-cr1=13 leri-cr2=100 leri-cr3=100,leri-cr1=13 leri-cr2=100 leri-cr3=100,1171Mbit,1171Mbit,1
1790967847.678,leri-cr1=13 leri-cr2=100 leri-cr3=100,leri-cr1=13 leri-cr2=100 leri-cr3=100,leri-cr1=13 leri-cr2=100 leri-cr3=100,1171Mbit,1171Mbit,1
1790967858.006,leri-cr1=13 leri-cr2=100 leri-cr3=100,leri-cr1=13 leri-cr2=100 leri-cr3=100,leri-cr1=13 leri-cr2=100 leri-cr3=100,1171Mbit,1171Mbit,1
1790967868.058,leri-cr1=13 leri-cr2=100 leri-cr3=100,leri-cr1=13 leri-cr2=100 leri-cr3=100,leri-cr1=13 leri-cr2=100 leri-cr3=100,1171Mbit,1171Mbit,1
1790967878.111,leri-cr1=13 leri-cr2=100 leri-cr3=100,leri-cr1=13 leri-cr2=100 leri-cr3=100,leri-cr1=13 leri-cr2=100 leri-cr3=100,1171Mbit,1171Mbit,1
1790967888.170,leri-cr1=13 leri-cr2=100 leri-cr3=100,leri-cr1=13 leri-cr2=100 leri-cr3=100,leri-cr1=13 leri-cr2=100 leri-cr3=100,1171Mbit,1171Mbit,0
1790967898.247,leri-cr1=13 leri-cr2=100 leri-cr3=100,leri-cr1=13 leri-cr2=100 leri-cr3=100,leri-cr1=13 leri-cr2=100 leri-cr3=100,1171Mbit,1171Mbit,0
1790967908.329,leri-cr1=13 leri-cr2=100 leri-cr3=100,leri-cr1=13 leri-cr2=100 leri-cr3=100,leri-cr1=13 leri-cr2=100 leri-cr3=100,1171Mbit,1171Mbit,0
1790967918.735,leri-cr1=13 leri-cr2=100 leri-cr3=100,leri-cr1=13 leri-cr2=100 leri-cr3=100,leri-cr1=13 leri-cr2=100 leri-cr3=100,1171Mbit,1171Mbit,0
1790967928.806,leri-cr1=13 leri-cr2=100 leri-cr3=100,leri-cr1=13 leri-cr2=100 leri-cr3=100,leri-cr1=13 leri-cr2=100 leri-cr3=100,1171Mbit,1171Mbit,0
1790967938.882,leri-cr1=13 leri-cr2=100 leri-cr3=100,leri-cr1=13 leri-cr2=100 leri-cr3=100,leri-cr1=13 leri-cr2=100 leri-cr3=100,1171Mbit,1171Mbit,0
1790967948.957,leri-cr1=13 leri-cr2=100 leri-cr3=100,leri-cr1=13 leri-cr2=100 leri-cr3=100,leri-cr1=13 leri-cr2=100 leri-cr3=100,1171Mbit,1171Mbit,0
1790967959.037,leri-cr1=13 leri-cr2=100 leri-cr3=100,leri-cr1=13 leri-cr2=100 leri-cr3=100,leri-cr1=13 leri-cr2=100 leri-cr3=100,1171Mbit,1171Mbit,0
1790967969.117,leri-cr1=13 leri-cr2=100 leri-cr3=100,leri-cr1=13 leri-cr2=100 leri-cr3=100,leri-cr1=13 leri-cr2=100 leri-cr3=100,1171Mbit,1171Mbit,0
1790967979.522,leri-cr1=13 leri-cr2=100 leri-cr3=100,leri-cr1=13 leri-cr2=100 leri-cr3=100,leri-cr1=13 leri-cr2=100 leri-cr3=100,1171Mbit,1171Mbit,0
1790967989.598,leri-cr1=13 leri-cr2=100 leri-cr3=100,leri-cr1=13 leri-cr2=100 leri-cr3=100,leri-cr1=13 leri-cr2=100 leri-cr3=100,1171Mbit,1171Mbit,0
1790967999.677,leri-cr1=13 leri-cr2=100 leri-cr3=100,leri-cr1=13 leri-cr2=100 leri-cr3=100,leri-cr1=13 leri-cr2=100 leri-cr3=100,1171Mbit,1171Mbit,0
1790968009.759,leri-cr1=13 leri-cr2=100 leri-cr3=100,leri-cr1=13 leri-cr2=100 leri-cr3=100,leri-cr1=13 leri-cr2=100 leri-cr3=100,1171Mbit,1171Mbit,0
1790968019.810,leri-cr1=13 leri-cr2=100 leri-cr3=100,leri-cr1=13 leri-cr2=100 leri-cr3=100,leri-cr1=13 leri-cr2=100 leri-cr3=100,1171Mbit,1171Mbit,0
1790968029.866,leri-cr1=13 leri-cr2=100 leri-cr3=100,leri-cr1=13 leri-cr2=100 leri-cr3=100,leri-cr1=13 leri-cr2=100 leri-cr3=100,1171Mbit,1171Mbit,1
1790968040.097,leri-cr1=13 leri-cr2=100 leri-cr3=100,leri-cr1=13 leri-cr2=100 leri-cr3=100,leri-cr1=13 leri-cr2=100 leri-cr3=100,1171Mbit,1171Mbit,1
1790968050.152,leri-cr1=13 leri-cr2=100 leri-cr3=100,leri-cr1=13 leri-cr2=100 leri-cr3=100,leri-cr1=13 leri-cr2=100 leri-cr3=100,1171Mbit,1171Mbit,1
1790968060.202,leri-cr1=13 leri-cr2=100 leri-cr3=100,leri-cr1=13 leri-cr2=100 leri-cr3=100,leri-cr1=13 leri-cr2=100 leri-cr3=100,1171Mbit,1171Mbit,1
1790968070.256,leri-cr1=13 leri-cr2=100 leri-cr3=100,leri-cr1=13 leri-cr2=100 leri-cr3=100,leri-cr1=13 leri-cr2=100 leri-cr3=100,1171Mbit,1171Mbit,1
1790968080.304,leri-cr1=13 leri-cr2=100 leri-cr3=100,leri-cr1=13 leri-cr2=100 leri-cr3=100,leri-cr1=13 leri-cr2=100 leri-cr3=100,1171Mbit,1171Mbit,1
1790968090.360,leri-cr1=13 leri-cr2=100 leri-cr3=100,leri-cr1=13 leri-cr2=100 leri-cr3=100,leri-cr1=13 leri-cr2=100 leri-cr3=100,1171Mbit,1171Mbit,1
1790968100.620,leri-cr1=13 leri-cr2=100 leri-cr3=100,leri-cr1=13 leri-cr2=100 leri-cr3=100,leri-cr1=13 leri-cr2=100 leri-cr3=100,1171Mbit,1171Mbit,1
1790968110.667,leri-cr1=13 leri-cr2=100 leri-cr3=100,leri-cr1=13 leri-cr2=100 leri-cr3=100,leri-cr1=13 leri-cr2=100 leri-cr3=100,1171Mbit,1171Mbit,1
1790968120.719,leri-cr1=13 leri-cr2=100 leri-cr3=100,leri-cr1=13 leri-cr2=100 leri-cr3=100,leri-cr1=13 leri-cr2=100 leri-cr3=100,1171Mbit,1171Mbit,1
1790968130.771,leri-cr1=13 leri-cr2=100 leri-cr3=100,leri-cr1=13 leri-cr2=100 leri-cr3=100,leri-cr1=13 leri-cr2=100 leri-cr3=100,1171Mbit,1171Mbit,1
1790968140.825,leri-cr1=13 leri-cr2=100 leri-cr3=100,leri-cr1=13 leri-cr2=100 leri-cr3=100,leri-cr1=13 leri-cr2=100 leri-cr3=100,1171Mbit,1171Mbit,1
1790968150.876,leri-cr1=13 leri-cr2=100 leri-cr3=100,leri-cr1=13 leri-cr2=100 leri-cr3=100,leri-cr1=13 leri-cr2=100 leri-cr3=100,1171Mbit,1171Mbit,1
1790968161.180,leri-cr1=13 leri-cr2=100 leri-cr3=100,leri-cr1=13 leri-cr2=100 leri-cr3=100,leri-cr1=13 leri-cr2=100 leri-cr3=100,1171Mbit,1171Mbit,1
1790968171.235,leri-cr1=13 leri-cr2=100 leri-cr3=100,leri-cr1=13 leri-cr2=100 leri-cr3=100,leri-cr1=13 leri-cr2=100 leri-cr3=100,1171Mbit,1171Mbit,1
1790968181.289,leri-cr1=13 leri-cr2=100 leri-cr3=100,leri-cr1=13 leri-cr2=100 leri-cr3=100,leri-cr1=13 leri-cr2=100 leri-cr3=100,1171Mbit,1171Mbit,1
1790968191.342,leri-cr1=13 leri-cr2=100 leri-cr3=100,leri-cr1=13 leri-cr2=100 leri-cr3=100,leri-cr1=13 leri-cr2=100 leri-cr3=100,1171Mbit,1171Mbit,1
1790968201.395,leri-cr1=13 leri-cr2=100 leri-cr3=100,leri-cr1=13 leri-cr2=100 leri-cr3=100,leri-cr1=13 leri-cr2=100 leri-cr3=100,1171Mbit,1171Mbit,1
1790968211.440,leri-cr1=13 leri-cr2=100 leri-cr3=100,leri-cr1=13 leri-cr2=100 leri-cr3=100,leri-cr1=13 leri-cr2=100 leri-cr3=100,1171Mbit,1171Mbit,1
1790968221.654,leri-cr1=13 leri-cr2=100 leri-cr3=100,leri-cr1=13 leri-cr2=100 leri-cr3=100,leri-cr1=13 leri-cr2=100 leri-cr3=100,1171Mbit,1171Mbit,1
1790968231.702,leri-cr1=13 leri-cr2=100 leri-cr3=100,leri-cr1=13 leri-cr2=100 leri-cr3=100,leri-cr1=13 leri-cr2=100 leri-cr3=100,1171Mbit,1171Mbit,1
1790968241.759,leri-cr1=13 leri-cr2=100 leri-cr3=100,leri-cr1=13 leri-cr2=100 leri-cr3=100,leri-cr1=13 leri-cr2=100 leri-cr3=100,1171Mbit,1171Mbit,1
1790968251.816,leri-cr1=13 leri-cr2=100 leri-cr3=100,leri-cr1=13 leri-cr2=100 leri-cr3=100,leri-cr1=13 leri-cr2=100 leri-cr3=100,1171Mbit,1171Mbit,1
1790968261.862,leri-cr1=13 leri-cr2=100 leri-cr3=100,leri-cr1=13 leri-cr2=100 leri-cr3=100,leri-cr1=13 leri-cr2=100 leri-cr3=100,1171Mbit,1171Mbit,1
1790968271.914,leri-cr1=13 leri-cr2=100 leri-cr3=100,leri-cr1=13 leri-cr2=100 leri-cr3=100,leri-cr1=13 leri-cr2=100 leri-cr3=100,1171Mbit,1171Mbit,1
1790968282.191,leri-cr1=13 leri-cr2=100 leri-cr3=100,leri-cr1=13 leri-cr2=100 leri-cr3=100,leri-cr1=13 leri-cr2=100 leri-cr3=100,1171Mbit,1171Mbit,1
1790968292.242,leri-cr1=13 leri-cr2=100 leri-cr3=100,leri-cr1=13 leri-cr2=100 leri-cr3=100,leri-cr1=13 leri-cr2=100 leri-cr3=100,1171Mbit,1171Mbit,1
1790968302.291,leri-cr1=13 leri-cr2=100 leri-cr3=100,leri-cr1=13 leri-cr2=100 leri-cr3=100,leri-cr1=13 leri-cr2=100 leri-cr3=100,1171Mbit,1171Mbit,1
1790968312.343,leri-cr1=13 leri-cr2=100 leri-cr3=100,leri-cr1=13 leri-cr2=100 leri-cr3=100,leri-cr1=13 leri-cr2=100 leri-cr3=100,1171Mbit,1171Mbit,1
1790968322.394,leri-cr1=13 leri-cr2=100 leri-cr3=100,leri-cr1=13 leri-cr2=100 leri-cr3=100,leri-cr1=13 leri-cr2=100 leri-cr3=100,1171Mbit,1171Mbit,1
1790968332.446,leri-cr1=13 leri-cr2=100 leri-cr3=100,leri-cr1=13 leri-cr2=100 leri-cr3=100,leri-cr1=13 leri-cr2=100 leri-cr3=100,1171Mbit,1171Mbit,1
1790968342.736,leri-cr1=13 leri-cr2=100 leri-cr3=100,leri-cr1=13 leri-cr2=100 leri-cr3=100,leri-cr1=13 leri-cr2=100 leri-cr3=100,1171Mbit,1171Mbit,1
1790968352.790,leri-cr1=13 leri-cr2=100 leri-cr3=100,leri-cr1=13 leri-cr2=100 leri-cr3=100,leri-cr1=13 leri-cr2=100 leri-cr3=100,1171Mbit,1171Mbit,1
1790968362.839,leri-cr1=13 leri-cr2=100 leri-cr3=100,leri-cr1=13 leri-cr2=100 leri-cr3=100,leri-cr1=13 leri-cr2=100 leri-cr3=100,1171Mbit,1171Mbit,1
1790968372.892,leri-cr1=13 leri-cr2=100 leri-cr3=100,leri-cr1=13 leri-cr2=100 leri-cr3=100,leri-cr1=13 leri-cr2=100 leri-cr3=100,1171Mbit,1171Mbit,1
1790968382.939,leri-cr1=13 leri-cr2=100 leri-cr3=100,leri-cr1=13 leri-cr2=100 leri-cr3=100,leri-cr1=13 leri-cr2=100 leri-cr3=100,1171Mbit,1171Mbit,1
1790968392.996,leri-cr1=13 leri-cr2=100 leri-cr3=100,leri-cr1=13 leri-cr2=100 leri-cr3=100,leri-cr1=13 leri-cr2=100 leri-cr3=100,1171Mbit,1171Mbit,1
1790968403.171,leri-cr1=13 leri-cr2=100 leri-cr3=100,leri-cr1=13 leri-cr2=100 leri-cr3=100,leri-cr1=13 leri-cr2=100 leri-cr3=100,1171Mbit,1171Mbit,1
1790968413.223,leri-cr1=13 leri-cr2=100 leri-cr3=100,leri-cr1=13 leri-cr2=100 leri-cr3=100,leri-cr1=13 leri-cr2=100 leri-cr3=100,1171Mbit,1171Mbit,1
1790968423.268,leri-cr1=13 leri-cr2=100 leri-cr3=100,leri-cr1=13 leri-cr2=100 leri-cr3=100,leri-cr1=13 leri-cr2=100 leri-cr3=100,1171Mbit,1171Mbit,1
1790968433.322,leri-cr1=13 leri-cr2=100 leri-cr3=100,leri-cr1=13 leri-cr2=100 leri-cr3=100,leri-cr1=13 leri-cr2=100 leri-cr3=100,1171Mbit,1171Mbit,1
1790968443.375,leri-cr1=13 leri-cr2=100 leri-cr3=100,leri-cr1=13 leri-cr2=100 leri-cr3=100,leri-cr1=13 leri-cr2=100 leri-cr3=100,1171Mbit,1171Mbit,1
1790968453.426,leri-cr1=13 leri-cr2=100 leri-cr3=100,leri-cr1=13 leri-cr2=100 leri-cr3=100,leri-cr1=13 leri-cr2=100 leri-cr3=100,1171Mbit,1171Mbit,1
1790968463.756,leri-cr1=13 leri-cr2=100 leri-cr3=100,leri-cr1=13 leri-cr2=100 leri-cr3=100,leri-cr1=13 leri-cr2=100 leri-cr3=100,1171Mbit,1171Mbit,1
1790968473.806,leri-cr1=13 leri-cr2=100 leri-cr3=100,leri-cr1=13 leri-cr2=100 leri-cr3=100,leri-cr1=13 leri-cr2=100 leri-cr3=100,1171Mbit,1171Mbit,1
1790968483.857,leri-cr1=13 leri-cr2=100 leri-cr3=100,leri-cr1=13 leri-cr2=100 leri-cr3=100,leri-cr1=13 leri-cr2=100 leri-cr3=100,1171Mbit,1171Mbit,1
1790968493.909,leri-cr1=13 leri-cr2=100 leri-cr3=100,leri-cr1=13 leri-cr2=100 leri-cr3=100,leri-cr1=13 leri-cr2=100 leri-cr3=100,1171Mbit,1171Mbit,0
1790968503.983,leri-cr1=13 leri-cr2=100 leri-cr3=100,leri-cr1=13 leri-cr2=100 leri-cr3=100,leri-cr1=13 leri-cr2=100 leri-cr3=100,1171Mbit,1171Mbit,0
1790968514.054,leri-cr1=13 leri-cr2=100 leri-cr3=100,leri-cr1=13 leri-cr2=100 leri-cr3=100,leri-cr1=13 leri-cr2=100 leri-cr3=100,1171Mbit,1171Mbit,0
1790968524.426,leri-cr1=13 leri-cr2=100 leri-cr3=100,leri-cr1=13 leri-cr2=100 leri-cr3=100,leri-cr1=13 leri-cr2=100 leri-cr3=100,1171Mbit,1171Mbit,0
1790968534.499,leri-cr1=13 leri-cr2=100 leri-cr3=100,leri-cr1=13 leri-cr2=100 leri-cr3=100,leri-cr1=13 leri-cr2=100 leri-cr3=100,1171Mbit,1171Mbit,0
1790968544.573,leri-cr1=13 leri-cr2=100 leri-cr3=100,leri-cr1=13 leri-cr2=100 leri-cr3=100,leri-cr1=13 leri-cr2=100 leri-cr3=100,1171Mbit,1171Mbit,0
1790968554.651,leri-cr1=13 leri-cr2=100 leri-cr3=100,leri-cr1=13 leri-cr2=100 leri-cr3=100,leri-cr1=13 leri-cr2=100 leri-cr3=100,1171Mbit,1171Mbit,0
1790968564.727,leri-cr1=13 leri-cr2=100 leri-cr3=100,leri-cr1=13 leri-cr2=100 leri-cr3=100,leri-cr1=13 leri-cr2=100 leri-cr3=100,1171Mbit,1171Mbit,0
1790968574.804,leri-cr1=13 leri-cr2=100 leri-cr3=100,leri-cr1=13 leri-cr2=100 leri-cr3=100,leri-cr1=13 leri-cr2=100 leri-cr3=100,1171Mbit,1171Mbit,0
1790968585.213,leri-cr1=13 leri-cr2=100 leri-cr3=100,leri-cr1=13 leri-cr2=100 leri-cr3=100,leri-cr1=13 leri-cr2=100 leri-cr3=100,1171Mbit,1171Mbit,0
1790968595.289,leri-cr1=13 leri-cr2=100 leri-cr3=100,leri-cr1=13 leri-cr2=100 leri-cr3=100,leri-cr1=13 leri-cr2=100 leri-cr3=100,1171Mbit,1171Mbit,0
1790968605.407,leri-cr1=13 leri-cr2=100 leri-cr3=100,leri-cr1=13 leri-cr2=100 leri-cr3=100,leri-cr1=13 leri-cr2=100 leri-cr3=100,1171Mbit,1171Mbit,0
1790968615.453,leri-cr1=13 leri-cr2=100 leri-cr3=100,leri-cr1=13 leri-cr2=100 leri-cr3=100,leri-cr1=13 leri-cr2=100 leri-cr3=100,1171Mbit,1171Mbit,0
1790968625.506,leri-cr1=13 leri-cr2=100 leri-cr3=100,leri-cr1=13 leri-cr2=100 leri-cr3=100,leri-cr1=13 leri-cr2=100 leri-cr3=100,1171Mbit,1171Mbit,1
1790968635.558,leri-cr1=13 leri-cr2=100 leri-cr3=100,leri-cr1=13 leri-cr2=100 leri-cr3=100,leri-cr1=13 leri-cr2=100 leri-cr3=100,1171Mbit,1171Mbit,1
1790968645.800,leri-cr1=13 leri-cr2=100 leri-cr3=100,leri-cr1=13 leri-cr2=100 leri-cr3=100,leri-cr1=13 leri-cr2=100 leri-cr3=100,1171Mbit,1171Mbit,1
1790968655.846,leri-cr1=13 leri-cr2=100 leri-cr3=100,leri-cr1=13 leri-cr2=100 leri-cr3=100,leri-cr1=13 leri-cr2=100 leri-cr3=100,1171Mbit,1171Mbit,1
1790968665.897,leri-cr1=13 leri-cr2=100 leri-cr3=100,leri-cr1=13 leri-cr2=100 leri-cr3=100,leri-cr1=13 leri-cr2=100 leri-cr3=100,1171Mbit,1171Mbit,1
1790968675.950,leri-cr1=13 leri-cr2=100 leri-cr3=100,leri-cr1=13 leri-cr2=100 leri-cr3=100,leri-cr1=13 leri-cr2=100 leri-cr3=100,1171Mbit,1171Mbit,1
1790968686.002,leri-cr1=13 leri-cr2=100 leri-cr3=100,leri-cr1=13 leri-cr2=100 leri-cr3=100,leri-cr1=13 leri-cr2=100 leri-cr3=100,1171Mbit,1171Mbit,1
1790968696.050,leri-cr1=13 leri-cr2=100 leri-cr3=100,leri-cr1=13 leri-cr2=100 leri-cr3=100,leri-cr1=13 leri-cr2=100 leri-cr3=100,1171Mbit,1171Mbit,1
1790968706.349,leri-cr1=13 leri-cr2=100 leri-cr3=100,leri-cr1=13 leri-cr2=100 leri-cr3=100,leri-cr1=13 leri-cr2=100 leri-cr3=100,1171Mbit,1171Mbit,1
1790968716.395,leri-cr1=13 leri-cr2=100 leri-cr3=100,leri-cr1=13 leri-cr2=100 leri-cr3=100,leri-cr1=13 leri-cr2=100 leri-cr3=100,1171Mbit,1171Mbit,1
1790968726.448,leri-cr1=13 leri-cr2=100 leri-cr3=100,leri-cr1=13 leri-cr2=100 leri-cr3=100,leri-cr1=13 leri-cr2=100 leri-cr3=100,1171Mbit,1171Mbit,1
1790968736.503,leri-cr1=13 leri-cr2=100 leri-cr3=100,leri-cr1=13 leri-cr2=100 leri-cr3=100,leri-cr1=13 leri-cr2=100 leri-cr3=100,1171Mbit,1171Mbit,1
1790968746.555,leri-cr1=13 leri-cr2=100 leri-cr3=100,leri-cr1=13 leri-cr2=100 leri-cr3=100,leri-cr1=13 leri-cr2=100 leri-cr3=100,1171Mbit,1171Mbit,1
1790968756.608,leri-cr1=13 leri-cr2=100 leri-cr3=100,leri-cr1=13 leri-cr2=100 leri-cr3=100,leri-cr1=13 leri-cr2=100 leri-cr3=100,1171Mbit,1171Mbit,1
1790968766.887,leri-cr1=13 leri-cr2=100 leri-cr3=100,leri-cr1=13 leri-cr2=100 leri-cr3=100,leri-cr1=13 leri-cr2=100 leri-cr3=100,1171Mbit,1171Mbit,1
1790968776.944,leri-cr1=13 leri-cr2=100 leri-cr3=100,leri-cr1=13 leri-cr2=100 leri-cr3=100,leri-cr1=13 leri-cr2=100 leri-cr3=100,1171Mbit,1171Mbit,1
1790968786.994,leri-cr1=13 leri-cr2=100 leri-cr3=100,leri-cr1=13 leri-cr2=100 leri-cr3=100,leri-cr1=13 leri-cr2=100 leri-cr3=100,1171Mbit,1171Mbit,1
1790968797.048,leri-cr1=13 leri-cr2=100 leri-cr3=100,leri-cr1=13 leri-cr2=100 leri-cr3=100,leri-cr1=13 leri-cr2=100 leri-cr3=100,1171Mbit,1171Mbit,1
1790968807.106,leri-cr1=13 leri-cr2=100 leri-cr3=100,leri-cr1=13 leri-cr2=100 leri-cr3=100,leri-cr1=13 leri-cr2=100 leri-cr3=100,1171Mbit,1171Mbit,1
1790968817.162,leri-cr1=13 leri-cr2=100 leri-cr3=100,leri-cr1=13 leri-cr2=100 leri-cr3=100,leri-cr1=13 leri-cr2=100 leri-cr3=100,1171Mbit,1171Mbit,1
1790968827.390,leri-cr1=13 leri-cr2=100 leri-cr3=100,leri-cr1=13 leri-cr2=100 leri-cr3=100,leri-cr1=13 leri-cr2=100 leri-cr3=100,1171Mbit,1171Mbit,1
1790968837.443,leri-cr1=13 leri-cr2=100 leri-cr3=100,leri-cr1=13 leri-cr2=100 leri-cr3=100,leri-cr1=13 leri-cr2=100 leri-cr3=100,1171Mbit,1171Mbit,1
1790968847.495,leri-cr1=13 leri-cr2=100 leri-cr3=100,leri-cr1=13 leri-cr2=100 leri-cr3=100,leri-cr1=13 leri-cr2=100 leri-cr3=100,1171Mbit,1171Mbit,1
1790968857.546,leri-cr1=13 leri-cr2=100 leri-cr3=100,leri-cr1=13 leri-cr2=100 leri-cr3=100,leri-cr1=13 leri-cr2=100 leri-cr3=100,1171Mbit,1171Mbit,1
1790968867.592,leri-cr1=13 leri-cr2=100 leri-cr3=100,leri-cr1=13 leri-cr2=100 leri-cr3=100,leri-cr1=13 leri-cr2=100 leri-cr3=100,1171Mbit,1171Mbit,1
1790968877.647,leri-cr1=13 leri-cr2=100 leri-cr3=100,leri-cr1=13 leri-cr2=100 leri-cr3=100,leri-cr1=13 leri-cr2=100 leri-cr3=100,1171Mbit,1171Mbit,1
1790968887.938,leri-cr1=13 leri-cr2=100 leri-cr3=100,leri-cr1=13 leri-cr2=100 leri-cr3=100,leri-cr1=13 leri-cr2=100 leri-cr3=100,1171Mbit,1171Mbit,1
1790968897.988,leri-cr1=13 leri-cr2=100 leri-cr3=100,leri-cr1=13 leri-cr2=100 leri-cr3=100,leri-cr1=13 leri-cr2=100 leri-cr3=100,1171Mbit,1171Mbit,1
1790968908.038,leri-cr1=13 leri-cr2=100 leri-cr3=100,leri-cr1=13 leri-cr2=100 leri-cr3=100,leri-cr1=13 leri-cr2=100 leri-cr3=100,1171Mbit,1171Mbit,1
1790968918.089,leri-cr1=13 leri-cr2=100 leri-cr3=100,leri-cr1=13 leri-cr2=100 leri-cr3=100,leri-cr1=13 leri-cr2=100 leri-cr3=100,1171Mbit,1171Mbit,1
1790968928.137,leri-cr1=13 leri-cr2=100 leri-cr3=100,leri-cr1=13 leri-cr2=100 leri-cr3=100,leri-cr1=13 leri-cr2=100 leri-cr3=100,1171Mbit,1171Mbit,1
1790968938.184,leri-cr1=13 leri-cr2=100 leri-cr3=100,leri-cr1=13 leri-cr2=100 leri-cr3=100,leri-cr1=13 leri-cr2=100 leri-cr3=100,1171Mbit,1171Mbit,1
1790968948.448,leri-cr1=13 leri-cr2=100 leri-cr3=100,leri-cr1=13 leri-cr2=100 leri-cr3=100,leri-cr1=13 leri-cr2=100 leri-cr3=100,1171Mbit,1171Mbit,1
1790968958.502,leri-cr1=13 leri-cr2=100 leri-cr3=100,leri-cr1=13 leri-cr2=100 leri-cr3=100,leri-cr1=13 leri-cr2=100 leri-cr3=100,1171Mbit,1171Mbit,1
1790968968.550,leri-cr1=13 leri-cr2=100 leri-cr3=100,leri-cr1=13 leri-cr2=100 leri-cr3=100,leri-cr1=13 leri-cr2=100 leri-cr3=100,1171Mbit,1171Mbit,1
1790968978.605,leri-cr1=13 leri-cr2=100 leri-cr3=100,leri-cr1=13 leri-cr2=100 leri-cr3=100,leri-cr1=13 leri-cr2=100 leri-cr3=100,1171Mbit,1171Mbit,1
1790968988.658,leri-cr1=13 leri-cr2=100 leri-cr3=100,leri-cr1=13 leri-cr2=100 leri-cr3=100,leri-cr1=13 leri-cr2=100 leri-cr3=100,1171Mbit,1171Mbit,1
1790968998.712,leri-cr1=13 leri-cr2=100 leri-cr3=100,leri-cr1=13 leri-cr2=100 leri-cr3=100,leri-cr1=13 leri-cr2=100 leri-cr3=100,1171Mbit,1171Mbit,1
1790969008.944,leri-cr1=13 leri-cr2=100 leri-cr3=100,leri-cr1=13 leri-cr2=100 leri-cr3=100,leri-cr1=13 leri-cr2=100 leri-cr3=100,1171Mbit,1171Mbit,1
1790969018.990,leri-cr1=13 leri-cr2=100 leri-cr3=100,leri-cr1=13 leri-cr2=100 leri-cr3=100,leri-cr1=13 leri-cr2=100 leri-cr3=100,1171Mbit,1171Mbit,1
1790969029.042,leri-cr1=13 leri-cr2=100 leri-cr3=100,leri-cr1=13 leri-cr2=100 leri-cr3=100,leri-cr1=13 leri-cr2=100 leri-cr3=100,1171Mbit,1171Mbit,1
1790969039.101,leri-cr1=13 leri-cr2=100 leri-cr3=100,leri-cr1=13 leri-cr2=100 leri-cr3=100,leri-cr1=13 leri-cr2=100 leri-cr3=100,1171Mbit,1171Mbit,1
1790969049.152,leri-cr1=13 leri-cr2=100 leri-cr3=100,leri-cr1=13 leri-cr2=100 leri-cr3=100,leri-cr1=13 leri-cr2=100 leri-cr3=100,1171Mbit,1171Mbit,1
1790969059.226,leri-cr1=13 leri-cr2=100 leri-cr3=100,leri-cr1=13 leri-cr2=100 leri-cr3=100,leri-cr1=13 leri-cr2=100 leri-cr3=100,1171Mbit,1171Mbit,1
1790969069.470,leri-cr1=13 leri-cr2=100 leri-cr3=100,leri-cr1=13 leri-cr2=100 leri-cr3=100,leri-cr1=13 leri-cr2=100 leri-cr3=100,1171Mbit,1171Mbit,1
1790969079.556,leri-cr1=13 leri-cr2=100 leri-cr3=100,leri-cr1=13 leri-cr2=100 leri-cr3=100,leri-cr1=13 leri-cr2=100 leri-cr3=100,1171Mbit,1171Mbit,1
1790969089.610,leri-cr1=13 leri-cr2=100 leri-cr3=100,leri-cr1=13 leri-cr2=100 leri-cr3=100,leri-cr1=13 leri-cr2=100 leri-cr3=100,1171Mbit,1171Mbit,1
1790969099.685,leri-cr1=13 leri-cr2=100 leri-cr3=100,leri-cr1=13 leri-cr2=100 leri-cr3=100,leri-cr1=13 leri-cr2=100 leri-cr3=100,1171Mbit,1171Mbit,0
1790969109.760,leri-cr1=13 leri-cr2=100 leri-cr3=100,leri-cr1=13 leri-cr2=100 leri-cr3=100,leri-cr1=13 leri-cr2=100 leri-cr3=100,1171Mbit,1171Mbit,0
1790969119.838,leri-cr1=13 leri-cr2=100 leri-cr3=100,leri-cr1=13 leri-cr2=100 leri-cr3=100,leri-cr1=13 leri-cr2=100 leri-cr3=100,1171Mbit,1171Mbit,0
1790969130.253,leri-cr1=13 leri-cr2=100 leri-cr3=100,leri-cr1=13 leri-cr2=100 leri-cr3=100,leri-cr1=13 leri-cr2=100 leri-cr3=100,1171Mbit,1171Mbit,0
1790969140.332,leri-cr1=13 leri-cr2=100 leri-cr3=100,leri-cr1=13 leri-cr2=100 leri-cr3=100,leri-cr1=13 leri-cr2=100 leri-cr3=100,1171Mbit,1171Mbit,0
1790969150.412,leri-cr1=13 leri-cr2=100 leri-cr3=100,leri-cr1=13 leri-cr2=100 leri-cr3=100,leri-cr1=13 leri-cr2=100 leri-cr3=100,1171Mbit,1171Mbit,0
1790969160.488,leri-cr1=13 leri-cr2=100 leri-cr3=100,leri-cr1=13 leri-cr2=100 leri-cr3=100,leri-cr1=13 leri-cr2=100 leri-cr3=100,1171Mbit,1171Mbit,0
1790969170.567,leri-cr1=13 leri-cr2=100 leri-cr3=100,leri-cr1=13 leri-cr2=100 leri-cr3=100,leri-cr1=13 leri-cr2=100 leri-cr3=100,1171Mbit,1171Mbit,0
1790969180.649,leri-cr1=13 leri-cr2=100 leri-cr3=100,leri-cr1=13 leri-cr2=100 leri-cr3=100,leri-cr1=13 leri-cr2=100 leri-cr3=100,1171Mbit,1171Mbit,0
1790969191.078,leri-cr1=13 leri-cr2=100 leri-cr3=100,leri-cr1=13 leri-cr2=100 leri-cr3=100,leri-cr1=13 leri-cr2=100 leri-cr3=100,1171Mbit,1171Mbit,0
1790969201.171,leri-cr1=13 leri-cr2=100 leri-cr3=100,leri-cr1=13 leri-cr2=100 leri-cr3=100,leri-cr1=13 leri-cr2=100 leri-cr3=100,1171Mbit,1171Mbit,0
1790969211.253,leri-cr1=13 leri-cr2=100 leri-cr3=100,leri-cr1=13 leri-cr2=100 leri-cr3=100,leri-cr1=13 leri-cr2=100 leri-cr3=100,1171Mbit,1171Mbit,0
1790969221.303,leri-cr1=13 leri-cr2=100 leri-cr3=100,leri-cr1=13 leri-cr2=100 leri-cr3=100,leri-cr1=13 leri-cr2=100 leri-cr3=100,1171Mbit,1171Mbit,0
1790969231.348,leri-cr1=13 leri-cr2=100 leri-cr3=100,leri-cr1=13 leri-cr2=100 leri-cr3=100,leri-cr1=13 leri-cr2=100 leri-cr3=100,1171Mbit,1171Mbit,1
1790969241.396,leri-cr1=13 leri-cr2=100 leri-cr3=100,leri-cr1=13 leri-cr2=100 leri-cr3=100,leri-cr1=13 leri-cr2=100 leri-cr3=100,1171Mbit,1171Mbit,1
1790969251.674,leri-cr1=13 leri-cr2=100 leri-cr3=100,leri-cr1=13 leri-cr2=100 leri-cr3=100,leri-cr1=13 leri-cr2=100 leri-cr3=100,1171Mbit,1171Mbit,1
1790969261.720,leri-cr1=13 leri-cr2=100 leri-cr3=100,leri-cr1=13 leri-cr2=100 leri-cr3=100,leri-cr1=13 leri-cr2=100 leri-cr3=100,1171Mbit,1171Mbit,1
1790969271.766,leri-cr1=13 leri-cr2=100 leri-cr3=100,leri-cr1=13 leri-cr2=100 leri-cr3=100,leri-cr1=13 leri-cr2=100 leri-cr3=100,1171Mbit,1171Mbit,1
1790969281.819,leri-cr1=13 leri-cr2=100 leri-cr3=100,leri-cr1=13 leri-cr2=100 leri-cr3=100,leri-cr1=13 leri-cr2=100 leri-cr3=100,1171Mbit,1171Mbit,1
1790969291.872,leri-cr1=13 leri-cr2=100 leri-cr3=100,leri-cr1=13 leri-cr2=100 leri-cr3=100,leri-cr1=13 leri-cr2=100 leri-cr3=100,1171Mbit,1171Mbit,1
1790969302.156,leri-cr1=13 leri-cr2=100 leri-cr3=100,leri-cr1=13 leri-cr2=100 leri-cr3=100,leri-cr1=13 leri-cr2=100 leri-cr3=100,1171Mbit,1171Mbit,1
1790969312.209,leri-cr1=13 leri-cr2=100 leri-cr3=100,leri-cr1=13 leri-cr2=100 leri-cr3=100,leri-cr1=13 leri-cr2=100 leri-cr3=100,1171Mbit,1171Mbit,1
1790969322.260,leri-cr1=13 leri-cr2=100 leri-cr3=100,leri-cr1=13 leri-cr2=100 leri-cr3=100,leri-cr1=13 leri-cr2=100 leri-cr3=100,1171Mbit,1171Mbit,1
1790969332.314,leri-cr1=13 leri-cr2=100 leri-cr3=100,leri-cr1=13 leri-cr2=100 leri-cr3=100,leri-cr1=13 leri-cr2=100 leri-cr3=100,1171Mbit,1171Mbit,1
1790969342.363,leri-cr1=13 leri-cr2=100 leri-cr3=100,leri-cr1=13 leri-cr2=100 leri-cr3=100,leri-cr1=13 leri-cr2=100 leri-cr3=100,1171Mbit,1171Mbit,1
1790969352.416,leri-cr1=13 leri-cr2=100 leri-cr3=100,leri-cr1=13 leri-cr2=100 leri-cr3=100,leri-cr1=13 leri-cr2=100 leri-cr3=100,1171Mbit,1171Mbit,1
1790969362.659,leri-cr1=13 leri-cr2=100 leri-cr3=100,leri-cr1=13 leri-cr2=100 leri-cr3=100,leri-cr1=13 leri-cr2=100 leri-cr3=100,1171Mbit,1171Mbit,1
1790969372.710,leri-cr1=13 leri-cr2=100 leri-cr3=100,leri-cr1=13 leri-cr2=100 leri-cr3=100,leri-cr1=13 leri-cr2=100 leri-cr3=100,1171Mbit,1171Mbit,1
1790969382.764,leri-cr1=13 leri-cr2=100 leri-cr3=100,leri-cr1=13 leri-cr2=100 leri-cr3=100,leri-cr1=13 leri-cr2=100 leri-cr3=100,1171Mbit,1171Mbit,1
1790969392.818,leri-cr1=13 leri-cr2=100 leri-cr3=100,leri-cr1=13 leri-cr2=100 leri-cr3=100,leri-cr1=13 leri-cr2=100 leri-cr3=100,1171Mbit,1171Mbit,1
1790969402.866,leri-cr1=13 leri-cr2=100 leri-cr3=100,leri-cr1=13 leri-cr2=100 leri-cr3=100,leri-cr1=13 leri-cr2=100 leri-cr3=100,1171Mbit,1171Mbit,1
1790969412.912,leri-cr1=13 leri-cr2=100 leri-cr3=100,leri-cr1=13 leri-cr2=100 leri-cr3=100,leri-cr1=13 leri-cr2=100 leri-cr3=100,1171Mbit,1171Mbit,1
1790969423.203,leri-cr1=13 leri-cr2=100 leri-cr3=100,leri-cr1=13 leri-cr2=100 leri-cr3=100,leri-cr1=13 leri-cr2=100 leri-cr3=100,1171Mbit,1171Mbit,1
1790969433.253,leri-cr1=13 leri-cr2=100 leri-cr3=100,leri-cr1=13 leri-cr2=100 leri-cr3=100,leri-cr1=13 leri-cr2=100 leri-cr3=100,1171Mbit,1171Mbit,1
1790969443.296,leri-cr1=13 leri-cr2=100 leri-cr3=100,leri-cr1=13 leri-cr2=100 leri-cr3=100,leri-cr1=13 leri-cr2=100 leri-cr3=100,1171Mbit,1171Mbit,1
1790969453.350,leri-cr1=13 leri-cr2=100 leri-cr3=100,leri-cr1=13 leri-cr2=100 leri-cr3=100,leri-cr1=13 leri-cr2=100 leri-cr3=100,1171Mbit,1171Mbit,1
1790969463.397,leri-cr1=13 leri-cr2=100 leri-cr3=100,leri-cr1=13 leri-cr2=100 leri-cr3=100,leri-cr1=13 leri-cr2=100 leri-cr3=100,1171Mbit,1171Mbit,1
1790969473.453,leri-cr1=13 leri-cr2=100 leri-cr3=100,leri-cr1=13 leri-cr2=100 leri-cr3=100,leri-cr1=13 leri-cr2=100 leri-cr3=100,1171Mbit,1171Mbit,1
1790969483.713,leri-cr1=13 leri-cr2=100 leri-cr3=100,leri-cr1=13 leri-cr2=100 leri-cr3=100,leri-cr1=13 leri-cr2=100 leri-cr3=100,1171Mbit,1171Mbit,1
1790969493.762,leri-cr1=13 leri-cr2=100 leri-cr3=100,leri-cr1=13 leri-cr2=100 leri-cr3=100,leri-cr1=13 leri-cr2=100 leri-cr3=100,1171Mbit,1171Mbit,1
1790969503.814,leri-cr1=13 leri-cr2=100 leri-cr3=100,leri-cr1=13 leri-cr2=100 leri-cr3=100,leri-cr1=13 leri-cr2=100 leri-cr3=100,1171Mbit,1171Mbit,1
1790969513.866,leri-cr1=13 leri-cr2=100 leri-cr3=100,leri-cr1=13 leri-cr2=100 leri-cr3=100,leri-cr1=13 leri-cr2=100 leri-cr3=100,1171Mbit,1171Mbit,1
1790969523.915,leri-cr1=13 leri-cr2=100 leri-cr3=100,leri-cr1=13 leri-cr2=100 leri-cr3=100,leri-cr1=13 leri-cr2=100 leri-cr3=100,1171Mbit,1171Mbit,1
1790969533.968,leri-cr1=13 leri-cr2=100 leri-cr3=100,leri-cr1=13 leri-cr2=100 leri-cr3=100,leri-cr1=13 leri-cr2=100 leri-cr3=100,1171Mbit,1171Mbit,1
1790969544.222,leri-cr1=13 leri-cr2=100 leri-cr3=100,leri-cr1=13 leri-cr2=100 leri-cr3=100,leri-cr1=13 leri-cr2=100 leri-cr3=100,1171Mbit,1171Mbit,1
1790969554.270,leri-cr1=13 leri-cr2=100 leri-cr3=100,leri-cr1=13 leri-cr2=100 leri-cr3=100,leri-cr1=13 leri-cr2=100 leri-cr3=100,1171Mbit,1171Mbit,1
1790969564.323,leri-cr1=13 leri-cr2=100 leri-cr3=100,leri-cr1=13 leri-cr2=100 leri-cr3=100,leri-cr1=13 leri-cr2=100 leri-cr3=100,1171Mbit,1171Mbit,1
1790969574.373,leri-cr1=13 leri-cr2=100 leri-cr3=100,leri-cr1=13 leri-cr2=100 leri-cr3=100,leri-cr1=13 leri-cr2=100 leri-cr3=100,1171Mbit,1171Mbit,1
1790969584.424,leri-cr1=13 leri-cr2=100 leri-cr3=100,leri-cr1=13 leri-cr2=100 leri-cr3=100,leri-cr1=13 leri-cr2=100 leri-cr3=100,1171Mbit,1171Mbit,1
1790969594.498,leri-cr1=13 leri-cr2=100 leri-cr3=100,leri-cr1=13 leri-cr2=100 leri-cr3=100,leri-cr1=13 leri-cr2=100 leri-cr3=100,1171Mbit,1171Mbit,1
1790969604.751,leri-cr1=13 leri-cr2=100 leri-cr3=100,leri-cr1=13 leri-cr2=100 leri-cr3=100,leri-cr1=13 leri-cr2=100 leri-cr3=100,1171Mbit,1171Mbit,1
1790969614.795,leri-cr1=13 leri-cr2=100 leri-cr3=100,leri-cr1=13 leri-cr2=100 leri-cr3=100,leri-cr1=13 leri-cr2=100 leri-cr3=100,1171Mbit,1171Mbit,1
1790969624.846,leri-cr1=13 leri-cr2=100 leri-cr3=100,leri-cr1=13 leri-cr2=100 leri-cr3=100,leri-cr1=13 leri-cr2=100 leri-cr3=100,1171Mbit,1171Mbit,1
1790969634.890,leri-cr1=13 leri-cr2=100 leri-cr3=100,leri-cr1=13 leri-cr2=100 leri-cr3=100,leri-cr1=13 leri-cr2=100 leri-cr3=100,1171Mbit,1171Mbit,1
1790969644.938,leri-cr1=13 leri-cr2=100 leri-cr3=100,leri-cr1=13 leri-cr2=100 leri-cr3=100,leri-cr1=13 leri-cr2=100 leri-cr3=100,1171Mbit,1171Mbit,1
1790969654.992,leri-cr1=13 leri-cr2=100 leri-cr3=100,leri-cr1=13 leri-cr2=100 leri-cr3=100,leri-cr1=13 leri-cr2=100 leri-cr3=100,1171Mbit,1171Mbit,1
1790969665.250,leri-cr1=13 leri-cr2=100 leri-cr3=100,leri-cr1=13 leri-cr2=100 leri-cr3=100,leri-cr1=13 leri-cr2=100 leri-cr3=100,1171Mbit,1171Mbit,1
1790969675.302,leri-cr1=13 leri-cr2=100 leri-cr3=100,leri-cr1=13 leri-cr2=100 leri-cr3=100,leri-cr1=13 leri-cr2=100 leri-cr3=100,1171Mbit,1171Mbit,1
1790969685.352,leri-cr1=13 leri-cr2=100 leri-cr3=100,leri-cr1=13 leri-cr2=100 leri-cr3=100,leri-cr1=13 leri-cr2=100 leri-cr3=100,1171Mbit,1171Mbit,1
1790969695.401,leri-cr1=13 leri-cr2=100 leri-cr3=100,leri-cr1=13 leri-cr2=100 leri-cr3=100,leri-cr1=13 leri-cr2=100 leri-cr3=100,1171Mbit,1171Mbit,0
1790969705.475,leri-cr1=13 leri-cr2=100 leri-cr3=100,leri-cr1=13 leri-cr2=100 leri-cr3=100,leri-cr1=13 leri-cr2=100 leri-cr3=100,1171Mbit,1171Mbit,0
1790969715.551,leri-cr1=13 leri-cr2=100 leri-cr3=100,leri-cr1=13 leri-cr2=100 leri-cr3=100,leri-cr1=13 leri-cr2=100 leri-cr3=100,1171Mbit,1171Mbit,0
1790969725.977,leri-cr1=13 leri-cr2=100 leri-cr3=100,leri-cr1=13 leri-cr2=100 leri-cr3=100,leri-cr1=13 leri-cr2=100 leri-cr3=100,1171Mbit,1171Mbit,0
1790969736.055,leri-cr1=13 leri-cr2=100 leri-cr3=100,leri-cr1=13 leri-cr2=100 leri-cr3=100,leri-cr1=13 leri-cr2=100 leri-cr3=100,1171Mbit,1171Mbit,0
1790969746.157,leri-cr1=13 leri-cr2=100 leri-cr3=100,leri-cr1=13 leri-cr2=100 leri-cr3=100,leri-cr1=13 leri-cr2=100 leri-cr3=100,1171Mbit,1171Mbit,0
1790969756.232,leri-cr1=13 leri-cr2=100 leri-cr3=100,leri-cr1=13 leri-cr2=100 leri-cr3=100,leri-cr1=13 leri-cr2=100 leri-cr3=100,1171Mbit,1171Mbit,0
1790969766.311,leri-cr1=13 leri-cr2=100 leri-cr3=100,leri-cr1=13 leri-cr2=100 leri-cr3=100,leri-cr1=13 leri-cr2=100 leri-cr3=100,1171Mbit,1171Mbit,0
1790969776.387,leri-cr1=13 leri-cr2=100 leri-cr3=100,leri-cr1=13 leri-cr2=100 leri-cr3=100,leri-cr1=13 leri-cr2=100 leri-cr3=100,1171Mbit,1171Mbit,0
1790969786.817,leri-cr1=13 leri-cr2=100 leri-cr3=100,leri-cr1=13 leri-cr2=100 leri-cr3=100,leri-cr1=13 leri-cr2=100 leri-cr3=100,1171Mbit,1171Mbit,0
1790969796.889,leri-cr1=13 leri-cr2=100 leri-cr3=100,leri-cr1=13 leri-cr2=100 leri-cr3=100,leri-cr1=13 leri-cr2=100 leri-cr3=100,1171Mbit,1171Mbit,0
1790969806.968,leri-cr1=13 leri-cr2=100 leri-cr3=100,leri-cr1=13 leri-cr2=100 leri-cr3=100,leri-cr1=13 leri-cr2=100 leri-cr3=100,1171Mbit,1171Mbit,0
1790969817.045,leri-cr1=13 leri-cr2=100 leri-cr3=100,leri-cr1=13 leri-cr2=100 leri-cr3=100,leri-cr1=13 leri-cr2=100 leri-cr3=100,1171Mbit,1171Mbit,0
1790969827.090,leri-cr1=13 leri-cr2=100 leri-cr3=100,leri-cr1=13 leri-cr2=100 leri-cr3=100,leri-cr1=13 leri-cr2=100 leri-cr3=100,1171Mbit,1171Mbit,0
1790969837.143,leri-cr1=13 leri-cr2=100 leri-cr3=100,leri-cr1=13 leri-cr2=100 leri-cr3=100,leri-cr1=13 leri-cr2=100 leri-cr3=100,1171Mbit,1171Mbit,1
1790969847.391,leri-cr1=13 leri-cr2=100 leri-cr3=100,leri-cr1=13 leri-cr2=100 leri-cr3=100,leri-cr1=13 leri-cr2=100 leri-cr3=100,1171Mbit,1171Mbit,1
1790969857.446,leri-cr1=13 leri-cr2=100 leri-cr3=100,leri-cr1=13 leri-cr2=100 leri-cr3=100,leri-cr1=13 leri-cr2=100 leri-cr3=100,1171Mbit,1171Mbit,1
1790969867.500,leri-cr1=13 leri-cr2=100 leri-cr3=100,leri-cr1=13 leri-cr2=100 leri-cr3=100,leri-cr1=13 leri-cr2=100 leri-cr3=100,1171Mbit,1171Mbit,1
1790969877.549,leri-cr1=13 leri-cr2=100 leri-cr3=100,leri-cr1=13 leri-cr2=100 leri-cr3=100,leri-cr1=13 leri-cr2=100 leri-cr3=100,1171Mbit,1171Mbit,1
1790969887.599,leri-cr1=13 leri-cr2=100 leri-cr3=100,leri-cr1=13 leri-cr2=100 leri-cr3=100,leri-cr1=13 leri-cr2=100 leri-cr3=100,1171Mbit,1171Mbit,1
1790969897.654,leri-cr1=13 leri-cr2=100 leri-cr3=100,leri-cr1=13 leri-cr2=100 leri-cr3=100,leri-cr1=13 leri-cr2=100 leri-cr3=100,1171Mbit,1171Mbit,1
1790969907.959,leri-cr1=13 leri-cr2=100 leri-cr3=100,leri-cr1=13 leri-cr2=100 leri-cr3=100,leri-cr1=13 leri-cr2=100 leri-cr3=100,1171Mbit,1171Mbit,1
1790969918.012,leri-cr1=13 leri-cr2=100 leri-cr3=100,leri-cr1=13 leri-cr2=100 leri-cr3=100,leri-cr1=13 leri-cr2=100 leri-cr3=100,1171Mbit,1171Mbit,1
1790969928.068,leri-cr1=13 leri-cr2=100 leri-cr3=100,leri-cr1=13 leri-cr2=100 leri-cr3=100,leri-cr1=13 leri-cr2=100 leri-cr3=100,1171Mbit,1171Mbit,1
1790969938.121,leri-cr1=13 leri-cr2=100 leri-cr3=100,leri-cr1=13 leri-cr2=100 leri-cr3=100,leri-cr1=13 leri-cr2=100 leri-cr3=100,1171Mbit,1171Mbit,1
1790969948.178,leri-cr1=13 leri-cr2=100 leri-cr3=100,leri-cr1=13 leri-cr2=100 leri-cr3=100,leri-cr1=13 leri-cr2=100 leri-cr3=100,1171Mbit,1171Mbit,1
1790969958.220,leri-cr1=13 leri-cr2=100 leri-cr3=100,leri-cr1=13 leri-cr2=100 leri-cr3=100,leri-cr1=13 leri-cr2=100 leri-cr3=100,1171Mbit,1171Mbit,1
1790969968.526,leri-cr1=13 leri-cr2=100 leri-cr3=100,leri-cr1=13 leri-cr2=100 leri-cr3=100,leri-cr1=13 leri-cr2=100 leri-cr3=100,1171Mbit,1171Mbit,1
1790969978.571,leri-cr1=13 leri-cr2=100 leri-cr3=100,leri-cr1=13 leri-cr2=100 leri-cr3=100,leri-cr1=13 leri-cr2=100 leri-cr3=100,1171Mbit,1171Mbit,1
1790969988.624,leri-cr1=13 leri-cr2=100 leri-cr3=100,leri-cr1=13 leri-cr2=100 leri-cr3=100,leri-cr1=13 leri-cr2=100 leri-cr3=100,1171Mbit,1171Mbit,1
1790969998.674,leri-cr1=13 leri-cr2=100 leri-cr3=100,leri-cr1=13 leri-cr2=100 leri-cr3=100,leri-cr1=13 leri-cr2=100 leri-cr3=100,1171Mbit,1171Mbit,1
1790970008.725,leri-cr1=13 leri-cr2=100 leri-cr3=100,leri-cr1=13 leri-cr2=100 leri-cr3=100,leri-cr1=13 leri-cr2=100 leri-cr3=100,1171Mbit,1171Mbit,1
1790970018.787,leri-cr1=13 leri-cr2=100 leri-cr3=100,leri-cr1=13 leri-cr2=100 leri-cr3=100,leri-cr1=13 leri-cr2=100 leri-cr3=100,1171Mbit,1171Mbit,1
1790970029.072,leri-cr1=13 leri-cr2=100 leri-cr3=100,leri-cr1=13 leri-cr2=100 leri-cr3=100,leri-cr1=13 leri-cr2=100 leri-cr3=100,1171Mbit,1171Mbit,1
1790970039.125,leri-cr1=13 leri-cr2=100 leri-cr3=100,leri-cr1=13 leri-cr2=100 leri-cr3=100,leri-cr1=13 leri-cr2=100 leri-cr3=100,1171Mbit,1171Mbit,1
1790970049.175,leri-cr1=13 leri-cr2=100 leri-cr3=100,leri-cr1=13 leri-cr2=100 leri-cr3=100,leri-cr1=13 leri-cr2=100 leri-cr3=100,1171Mbit,1171Mbit,1
1790970059.232,leri-cr1=13 leri-cr2=100 leri-cr3=100,leri-cr1=13 leri-cr2=100 leri-cr3=100,leri-cr1=13 leri-cr2=100 leri-cr3=100,1171Mbit,1171Mbit,1
1790970069.278,leri-cr1=13 leri-cr2=100 leri-cr3=100,leri-cr1=13 leri-cr2=100 leri-cr3=100,leri-cr1=13 leri-cr2=100 leri-cr3=100,1171Mbit,1171Mbit,1
1790970079.331,leri-cr1=13 leri-cr2=100 leri-cr3=100,leri-cr1=13 leri-cr2=100 leri-cr3=100,leri-cr1=13 leri-cr2=100 leri-cr3=100,1171Mbit,1171Mbit,1
1790970089.634,leri-cr1=13 leri-cr2=100 leri-cr3=100,leri-cr1=13 leri-cr2=100 leri-cr3=100,leri-cr1=13 leri-cr2=100 leri-cr3=100,1171Mbit,1171Mbit,1
1790970099.687,leri-cr1=13 leri-cr2=100 leri-cr3=100,leri-cr1=13 leri-cr2=100 leri-cr3=100,leri-cr1=13 leri-cr2=100 leri-cr3=100,1171Mbit,1171Mbit,1
1790970109.731,leri-cr1=13 leri-cr2=100 leri-cr3=100,leri-cr1=13 leri-cr2=100 leri-cr3=100,leri-cr1=13 leri-cr2=100 leri-cr3=100,1171Mbit,1171Mbit,1
1790970119.780,leri-cr1=13 leri-cr2=100 leri-cr3=100,leri-cr1=13 leri-cr2=100 leri-cr3=100,leri-cr1=13 leri-cr2=100 leri-cr3=100,1171Mbit,1171Mbit,1
1790970129.834,leri-cr1=13 leri-cr2=100 leri-cr3=100,leri-cr1=13 leri-cr2=100 leri-cr3=100,leri-cr1=13 leri-cr2=100 leri-cr3=100,1171Mbit,1171Mbit,1
1790970139.886,leri-cr1=13 leri-cr2=100 leri-cr3=100,leri-cr1=13 leri-cr2=100 leri-cr3=100,leri-cr1=13 leri-cr2=100 leri-cr3=100,1171Mbit,1171Mbit,1
1790970150.154,leri-cr1=13 leri-cr2=100 leri-cr3=100,leri-cr1=13 leri-cr2=100 leri-cr3=100,leri-cr1=13 leri-cr2=100 leri-cr3=100,1171Mbit,1171Mbit,1
1790970160.206,leri-cr1=13 leri-cr2=100 leri-cr3=100,leri-cr1=13 leri-cr2=100 leri-cr3=100,leri-cr1=13 leri-cr2=100 leri-cr3=100,1171Mbit,1171Mbit,1
1790970170.255,leri-cr1=13 leri-cr2=100 leri-cr3=100,leri-cr1=13 leri-cr2=100 leri-cr3=100,leri-cr1=13 leri-cr2=100 leri-cr3=100,1171Mbit,1171Mbit,1
1790970180.306,leri-cr1=13 leri-cr2=100 leri-cr3=100,leri-cr1=13 leri-cr2=100 leri-cr3=100,leri-cr1=13 leri-cr2=100 leri-cr3=100,1171Mbit,1171Mbit,1
1790970190.360,leri-cr1=13 leri-cr2=100 leri-cr3=100,leri-cr1=13 leri-cr2=100 leri-cr3=100,leri-cr1=13 leri-cr2=100 leri-cr3=100,1171Mbit,1171Mbit,1
1790970200.413,leri-cr1=13 leri-cr2=100 leri-cr3=100,leri-cr1=13 leri-cr2=100 leri-cr3=100,leri-cr1=13 leri-cr2=100 leri-cr3=100,1171Mbit,1171Mbit,1
1790970210.695,leri-cr1=13 leri-cr2=100 leri-cr3=100,leri-cr1=13 leri-cr2=100 leri-cr3=100,leri-cr1=13 leri-cr2=100 leri-cr3=100,1171Mbit,1171Mbit,1
1790970220.746,leri-cr1=13 leri-cr2=100 leri-cr3=100,leri-cr1=13 leri-cr2=100 leri-cr3=100,leri-cr1=13 leri-cr2=100 leri-cr3=100,1171Mbit,1171Mbit,1
1790970230.795,leri-cr1=13 leri-cr2=100 leri-cr3=100,leri-cr1=13 leri-cr2=100 leri-cr3=100,leri-cr1=13 leri-cr2=100 leri-cr3=100,1171Mbit,1171Mbit,1
1790970240.840,leri-cr1=13 leri-cr2=100 leri-cr3=100,leri-cr1=13 leri-cr2=100 leri-cr3=100,leri-cr1=13 leri-cr2=100 leri-cr3=100,1171Mbit,1171Mbit,1
1790970250.895,leri-cr1=13 leri-cr2=100 leri-cr3=100,leri-cr1=13 leri-cr2=100 leri-cr3=100,leri-cr1=13 leri-cr2=100 leri-cr3=100,1171Mbit,1171Mbit,1
1790970260.952,leri-cr1=13 leri-cr2=100 leri-cr3=100,leri-cr1=13 leri-cr2=100 leri-cr3=100,leri-cr1=13 leri-cr2=100 leri-cr3=100,1171Mbit,1171Mbit,1
1790970271.228,leri-cr1=13 leri-cr2=100 leri-cr3=100,leri-cr1=13 leri-cr2=100 leri-cr3=100,leri-cr1=13 leri-cr2=100 leri-cr3=100,1171Mbit,1171Mbit,1
1790970281.282,leri-cr1=13 leri-cr2=100 leri-cr3=100,leri-cr1=13 leri-cr2=100 leri-cr3=100,leri-cr1=13 leri-cr2=100 leri-cr3=100,1171Mbit,1171Mbit,1
1790970291.332,leri-cr1=13 leri-cr2=100 leri-cr3=100,leri-cr1=13 leri-cr2=100 leri-cr3=100,leri-cr1=13 leri-cr2=100 leri-cr3=100,1171Mbit,1171Mbit,1
1790970301.407,leri-cr1=13 leri-cr2=100 leri-cr3=100,leri-cr1=13 leri-cr2=100 leri-cr3=100,leri-cr1=13 leri-cr2=100 leri-cr3=100,1171Mbit,1171Mbit,0
1790970311.481,leri-cr1=13 leri-cr2=100 leri-cr3=100,leri-cr1=13 leri-cr2=100 leri-cr3=100,leri-cr1=13 leri-cr2=100 leri-cr3=100,1171Mbit,1171Mbit,0
1790970321.557,leri-cr1=13 leri-cr2=100 leri-cr3=100,leri-cr1=13 leri-cr2=100 leri-cr3=100,leri-cr1=13 leri-cr2=100 leri-cr3=100,1171Mbit,1171Mbit,0
1790970331.954,leri-cr1=13 leri-cr2=100 leri-cr3=100,leri-cr1=13 leri-cr2=100 leri-cr3=100,leri-cr1=13 leri-cr2=100 leri-cr3=100,1171Mbit,1171Mbit,0
1790970342.043,leri-cr1=13 leri-cr2=100 leri-cr3=100,leri-cr1=13 leri-cr2=100 leri-cr3=100,leri-cr1=13 leri-cr2=100 leri-cr3=100,1171Mbit,1171Mbit,0
1790970352.118,leri-cr1=13 leri-cr2=100 leri-cr3=100,leri-cr1=13 leri-cr2=100 leri-cr3=100,leri-cr1=13 leri-cr2=100 leri-cr3=100,1171Mbit,1171Mbit,0
1790970362.192,leri-cr1=13 leri-cr2=100 leri-cr3=100,leri-cr1=13 leri-cr2=100 leri-cr3=100,leri-cr1=13 leri-cr2=100 leri-cr3=100,1171Mbit,1171Mbit,0
1790970372.269,leri-cr1=13 leri-cr2=100 leri-cr3=100,leri-cr1=13 leri-cr2=100 leri-cr3=100,leri-cr1=13 leri-cr2=100 leri-cr3=100,1171Mbit,1171Mbit,0
1790970382.345,leri-cr1=13 leri-cr2=100 leri-cr3=100,leri-cr1=13 leri-cr2=100 leri-cr3=100,leri-cr1=13 leri-cr2=100 leri-cr3=100,1171Mbit,1171Mbit,0
1790970392.770,leri-cr1=13 leri-cr2=100 leri-cr3=100,leri-cr1=13 leri-cr2=100 leri-cr3=100,leri-cr1=13 leri-cr2=100 leri-cr3=100,1171Mbit,1171Mbit,0
1790970402.847,leri-cr1=13 leri-cr2=100 leri-cr3=100,leri-cr1=13 leri-cr2=100 leri-cr3=100,leri-cr1=13 leri-cr2=100 leri-cr3=100,1171Mbit,1171Mbit,0
1790970412.925,leri-cr1=13 leri-cr2=100 leri-cr3=100,leri-cr1=13 leri-cr2=100 leri-cr3=100,leri-cr1=13 leri-cr2=100 leri-cr3=100,1171Mbit,1171Mbit,0
1790970423.006,leri-cr1=13 leri-cr2=100 leri-cr3=100,leri-cr1=13 leri-cr2=100 leri-cr3=100,leri-cr1=13 leri-cr2=100 leri-cr3=100,1171Mbit,1171Mbit,0
1790970433.062,leri-cr1=13 leri-cr2=100 leri-cr3=100,leri-cr1=13 leri-cr2=100 leri-cr3=100,leri-cr1=13 leri-cr2=100 leri-cr3=100,1171Mbit,1171Mbit,1
1790970443.113,leri-cr1=13 leri-cr2=100 leri-cr3=100,leri-cr1=13 leri-cr2=100 leri-cr3=100,leri-cr1=13 leri-cr2=100 leri-cr3=100,1171Mbit,1171Mbit,1
1790970453.429,leri-cr1=13 leri-cr2=100 leri-cr3=100,leri-cr1=13 leri-cr2=100 leri-cr3=100,leri-cr1=13 leri-cr2=100 leri-cr3=100,1171Mbit,1171Mbit,1
1790970463.484,leri-cr1=13 leri-cr2=100 leri-cr3=100,leri-cr1=13 leri-cr2=100 leri-cr3=100,leri-cr1=13 leri-cr2=100 leri-cr3=100,1171Mbit,1171Mbit,1
1790970473.538,leri-cr1=13 leri-cr2=100 leri-cr3=100,leri-cr1=13 leri-cr2=100 leri-cr3=100,leri-cr1=13 leri-cr2=100 leri-cr3=100,1171Mbit,1171Mbit,1
1790970483.590,leri-cr1=13 leri-cr2=100 leri-cr3=100,leri-cr1=13 leri-cr2=100 leri-cr3=100,leri-cr1=13 leri-cr2=100 leri-cr3=100,1171Mbit,1171Mbit,1
1790970493.642,leri-cr1=13 leri-cr2=100 leri-cr3=100,leri-cr1=13 leri-cr2=100 leri-cr3=100,leri-cr1=13 leri-cr2=100 leri-cr3=100,1171Mbit,1171Mbit,1
1790970503.696,leri-cr1=13 leri-cr2=100 leri-cr3=100,leri-cr1=13 leri-cr2=100 leri-cr3=100,leri-cr1=13 leri-cr2=100 leri-cr3=100,1171Mbit,1171Mbit,1
1790970513.922,leri-cr1=13 leri-cr2=100 leri-cr3=100,leri-cr1=13 leri-cr2=100 leri-cr3=100,leri-cr1=13 leri-cr2=100 leri-cr3=100,1171Mbit,1171Mbit,1
1790970523.980,leri-cr1=13 leri-cr2=100 leri-cr3=100,leri-cr1=13 leri-cr2=100 leri-cr3=100,leri-cr1=13 leri-cr2=100 leri-cr3=100,1171Mbit,1171Mbit,1
1790970534.035,leri-cr1=13 leri-cr2=100 leri-cr3=100,leri-cr1=13 leri-cr2=100 leri-cr3=100,leri-cr1=13 leri-cr2=100 leri-cr3=100,1171Mbit,1171Mbit,1
1790970544.087,leri-cr1=13 leri-cr2=100 leri-cr3=100,leri-cr1=13 leri-cr2=100 leri-cr3=100,leri-cr1=13 leri-cr2=100 leri-cr3=100,1171Mbit,1171Mbit,1
1790970554.131,leri-cr1=13 leri-cr2=100 leri-cr3=100,leri-cr1=13 leri-cr2=100 leri-cr3=100,leri-cr1=13 leri-cr2=100 leri-cr3=100,1171Mbit,1171Mbit,1
1790970564.189,leri-cr1=13 leri-cr2=100 leri-cr3=100,leri-cr1=13 leri-cr2=100 leri-cr3=100,leri-cr1=13 leri-cr2=100 leri-cr3=100,1171Mbit,1171Mbit,1
1790970574.462,leri-cr1=13 leri-cr2=100 leri-cr3=100,leri-cr1=13 leri-cr2=100 leri-cr3=100,leri-cr1=13 leri-cr2=100 leri-cr3=100,1171Mbit,1171Mbit,1
1790970584.514,leri-cr1=13 leri-cr2=100 leri-cr3=100,leri-cr1=13 leri-cr2=100 leri-cr3=100,leri-cr1=13 leri-cr2=100 leri-cr3=100,1171Mbit,1171Mbit,1
1790970594.567,leri-cr1=13 leri-cr2=100 leri-cr3=100,leri-cr1=13 leri-cr2=100 leri-cr3=100,leri-cr1=13 leri-cr2=100 leri-cr3=100,1171Mbit,1171Mbit,1
1790970604.620,leri-cr1=13 leri-cr2=100 leri-cr3=100,leri-cr1=13 leri-cr2=100 leri-cr3=100,leri-cr1=13 leri-cr2=100 leri-cr3=100,1171Mbit,1171Mbit,1
1790970614.675,leri-cr1=13 leri-cr2=100 leri-cr3=100,leri-cr1=13 leri-cr2=100 leri-cr3=100,leri-cr1=13 leri-cr2=100 leri-cr3=100,1171Mbit,1171Mbit,1
1790970624.721,leri-cr1=13 leri-cr2=100 leri-cr3=100,leri-cr1=13 leri-cr2=100 leri-cr3=100,leri-cr1=13 leri-cr2=100 leri-cr3=100,1171Mbit,1171Mbit,1
1790970634.998,leri-cr1=13 leri-cr2=100 leri-cr3=100,leri-cr1=13 leri-cr2=100 leri-cr3=100,leri-cr1=13 leri-cr2=100 leri-cr3=100,1171Mbit,1171Mbit,1
1790970645.050,leri-cr1=13 leri-cr2=100 leri-cr3=100,leri-cr1=13 leri-cr2=100 leri-cr3=100,leri-cr1=13 leri-cr2=100 leri-cr3=100,1171Mbit,1171Mbit,1
1790970655.104,leri-cr1=13 leri-cr2=100 leri-cr3=100,leri-cr1=13 leri-cr2=100 leri-cr3=100,leri-cr1=13 leri-cr2=100 leri-cr3=100,1171Mbit,1171Mbit,1
1790970665.150,leri-cr1=13 leri-cr2=100 leri-cr3=100,leri-cr1=13 leri-cr2=100 leri-cr3=100,leri-cr1=13 leri-cr2=100 leri-cr3=100,1171Mbit,1171Mbit,1
1790970675.207,leri-cr1=13 leri-cr2=100 leri-cr3=100,leri-cr1=13 leri-cr2=100 leri-cr3=100,leri-cr1=13 leri-cr2=100 leri-cr3=100,1171Mbit,1171Mbit,1
1790970685.259,leri-cr1=13 leri-cr2=100 leri-cr3=100,leri-cr1=13 leri-cr2=100 leri-cr3=100,leri-cr1=13 leri-cr2=100 leri-cr3=100,1171Mbit,1171Mbit,1
1790970695.507,leri-cr1=13 leri-cr2=100 leri-cr3=100,leri-cr1=13 leri-cr2=100 leri-cr3=100,leri-cr1=13 leri-cr2=100 leri-cr3=100,1171Mbit,1171Mbit,1
1790970705.555,leri-cr1=13 leri-cr2=100 leri-cr3=100,leri-cr1=13 leri-cr2=100 leri-cr3=100,leri-cr1=13 leri-cr2=100 leri-cr3=100,1171Mbit,1171Mbit,1
1790970715.608,leri-cr1=13 leri-cr2=100 leri-cr3=100,leri-cr1=13 leri-cr2=100 leri-cr3=100,leri-cr1=13 leri-cr2=100 leri-cr3=100,1171Mbit,1171Mbit,1
1790970725.659,leri-cr1=13 leri-cr2=100 leri-cr3=100,leri-cr1=13 leri-cr2=100 leri-cr3=100,leri-cr1=13 leri-cr2=100 leri-cr3=100,1171Mbit,1171Mbit,1
1790970735.711,leri-cr1=13 leri-cr2=100 leri-cr3=100,leri-cr1=13 leri-cr2=100 leri-cr3=100,leri-cr1=13 leri-cr2=100 leri-cr3=100,1171Mbit,1171Mbit,1
1790970745.767,leri-cr1=13 leri-cr2=100 leri-cr3=100,leri-cr1=13 leri-cr2=100 leri-cr3=100,leri-cr1=13 leri-cr2=100 leri-cr3=100,1171Mbit,1171Mbit,1
1790970756.010,leri-cr1=13 leri-cr2=100 leri-cr3=100,leri-cr1=13 leri-cr2=100 leri-cr3=100,leri-cr1=13 leri-cr2=100 leri-cr3=100,1171Mbit,1171Mbit,1
1790970766.070,leri-cr1=13 leri-cr2=100 leri-cr3=100,leri-cr1=13 leri-cr2=100 leri-cr3=100,leri-cr1=13 leri-cr2=100 leri-cr3=100,1171Mbit,1171Mbit,1
1790970776.123,leri-cr1=13 leri-cr2=100 leri-cr3=100,leri-cr1=13 leri-cr2=100 leri-cr3=100,leri-cr1=13 leri-cr2=100 leri-cr3=100,1171Mbit,1171Mbit,1
1790970786.175,leri-cr1=13 leri-cr2=100 leri-cr3=100,leri-cr1=13 leri-cr2=100 leri-cr3=100,leri-cr1=13 leri-cr2=100 leri-cr3=100,1171Mbit,1171Mbit,1
1790970796.222,leri-cr1=13 leri-cr2=100 leri-cr3=100,leri-cr1=13 leri-cr2=100 leri-cr3=100,leri-cr1=13 leri-cr2=100 leri-cr3=100,1171Mbit,1171Mbit,1
1790970806.271,leri-cr1=13 leri-cr2=100 leri-cr3=100,leri-cr1=13 leri-cr2=100 leri-cr3=100,leri-cr1=13 leri-cr2=100 leri-cr3=100,1171Mbit,1171Mbit,1
1790970816.584,leri-cr1=13 leri-cr2=100 leri-cr3=100,leri-cr1=13 leri-cr2=100 leri-cr3=100,leri-cr1=13 leri-cr2=100 leri-cr3=100,1171Mbit,1171Mbit,1
1790970826.638,leri-cr1=13 leri-cr2=100 leri-cr3=100,leri-cr1=13 leri-cr2=100 leri-cr3=100,leri-cr1=13 leri-cr2=100 leri-cr3=100,1171Mbit,1171Mbit,1
1790970836.684,leri-cr1=13 leri-cr2=100 leri-cr3=100,leri-cr1=13 leri-cr2=100 leri-cr3=100,leri-cr1=13 leri-cr2=100 leri-cr3=100,1171Mbit,1171Mbit,1
1790970846.738,leri-cr1=13 leri-cr2=100 leri-cr3=100,leri-cr1=13 leri-cr2=100 leri-cr3=100,leri-cr1=13 leri-cr2=100 leri-cr3=100,1171Mbit,1171Mbit,1
1790970856.790,leri-cr1=13 leri-cr2=100 leri-cr3=100,leri-cr1=13 leri-cr2=100 leri-cr3=100,leri-cr1=13 leri-cr2=100 leri-cr3=100,1171Mbit,1171Mbit,1
1790970866.839,leri-cr1=13 leri-cr2=100 leri-cr3=100,leri-cr1=13 leri-cr2=100 leri-cr3=100,leri-cr1=13 leri-cr2=100 leri-cr3=100,1171Mbit,1171Mbit,1
1790970877.143,leri-cr1=13 leri-cr2=100 leri-cr3=100,leri-cr1=13 leri-cr2=100 leri-cr3=100,leri-cr1=13 leri-cr2=100 leri-cr3=100,1171Mbit,1171Mbit,1
1790970887.198,leri-cr1=13 leri-cr2=100 leri-cr3=100,leri-cr1=13 leri-cr2=100 leri-cr3=100,leri-cr1=13 leri-cr2=100 leri-cr3=100,1171Mbit,1171Mbit,1
1790970897.254,leri-cr1=13 leri-cr2=100 leri-cr3=100,leri-cr1=13 leri-cr2=100 leri-cr3=100,leri-cr1=13 leri-cr2=100 leri-cr3=100,1171Mbit,1171Mbit,0
1790970907.333,leri-cr1=13 leri-cr2=100 leri-cr3=100,leri-cr1=13 leri-cr2=100 leri-cr3=100,leri-cr1=13 leri-cr2=100 leri-cr3=100,1171Mbit,1171Mbit,0
1790970917.411,leri-cr1=13 leri-cr2=100 leri-cr3=100,leri-cr1=13 leri-cr2=100 leri-cr3=100,leri-cr1=13 leri-cr2=100 leri-cr3=100,1171Mbit,1171Mbit,0
1790970927.870,leri-cr1=13 leri-cr2=100 leri-cr3=100,leri-cr1=13 leri-cr2=100 leri-cr3=100,leri-cr1=13 leri-cr2=100 leri-cr3=100,1171Mbit,1171Mbit,0
1790970937.945,leri-cr1=13 leri-cr2=100 leri-cr3=100,leri-cr1=13 leri-cr2=100 leri-cr3=100,leri-cr1=13 leri-cr2=100 leri-cr3=100,1171Mbit,1171Mbit,0
1790970948.020,leri-cr1=13 leri-cr2=100 leri-cr3=100,leri-cr1=13 leri-cr2=100 leri-cr3=100,leri-cr1=13 leri-cr2=100 leri-cr3=100,1171Mbit,1171Mbit,0
1790970958.102,leri-cr1=13 leri-cr2=100 leri-cr3=100,leri-cr1=13 leri-cr2=100 leri-cr3=100,leri-cr1=13 leri-cr2=100 leri-cr3=100,1171Mbit,1171Mbit,0
1790970968.179,leri-cr1=13 leri-cr2=100 leri-cr3=100,leri-cr1=13 leri-cr2=100 leri-cr3=100,leri-cr1=13 leri-cr2=100 leri-cr3=100,1171Mbit,1171Mbit,0
1790970978.256,leri-cr1=13 leri-cr2=100 leri-cr3=100,leri-cr1=13 leri-cr2=100 leri-cr3=100,leri-cr1=13 leri-cr2=100 leri-cr3=100,1171Mbit,1171Mbit,0
1790970988.698,leri-cr1=13 leri-cr2=100 leri-cr3=100,leri-cr1=13 leri-cr2=100 leri-cr3=100,leri-cr1=13 leri-cr2=100 leri-cr3=100,1171Mbit,1171Mbit,0
1790970998.774,leri-cr1=13 leri-cr2=100 leri-cr3=100,leri-cr1=13 leri-cr2=100 leri-cr3=100,leri-cr1=13 leri-cr2=100 leri-cr3=100,1171Mbit,1171Mbit,0
1790971008.848,leri-cr1=13 leri-cr2=100 leri-cr3=100,leri-cr1=13 leri-cr2=100 leri-cr3=100,leri-cr1=13 leri-cr2=100 leri-cr3=100,1171Mbit,1171Mbit,0
1790971018.927,leri-cr1=13 leri-cr2=100 leri-cr3=100,leri-cr1=13 leri-cr2=100 leri-cr3=100,leri-cr1=13 leri-cr2=100 leri-cr3=100,1171Mbit,1171Mbit,0
1790971028.978,leri-cr1=13 leri-cr2=100 leri-cr3=100,leri-cr1=13 leri-cr2=100 leri-cr3=100,leri-cr1=13 leri-cr2=100 leri-cr3=100,1171Mbit,1171Mbit,0
1790971039.035,leri-cr1=13 leri-cr2=100 leri-cr3=100,leri-cr1=13 leri-cr2=100 leri-cr3=100,leri-cr1=13 leri-cr2=100 leri-cr3=100,1171Mbit,1171Mbit,1
1790971049.329,leri-cr1=13 leri-cr2=100 leri-cr3=100,leri-cr1=13 leri-cr2=100 leri-cr3=100,leri-cr1=13 leri-cr2=100 leri-cr3=100,1171Mbit,1171Mbit,1
1790971059.382,leri-cr1=13 leri-cr2=100 leri-cr3=100,leri-cr1=13 leri-cr2=100 leri-cr3=100,leri-cr1=13 leri-cr2=100 leri-cr3=100,1171Mbit,1171Mbit,1
1790971069.450,leri-cr1=13 leri-cr2=100 leri-cr3=100,leri-cr1=13 leri-cr2=100 leri-cr3=100,leri-cr1=13 leri-cr2=100 leri-cr3=100,1171Mbit,1171Mbit,1
1790971079.501,leri-cr1=13 leri-cr2=100 leri-cr3=100,leri-cr1=13 leri-cr2=100 leri-cr3=100,leri-cr1=13 leri-cr2=100 leri-cr3=100,1171Mbit,1171Mbit,1
1790971089.560,leri-cr1=13 leri-cr2=100 leri-cr3=100,leri-cr1=13 leri-cr2=100 leri-cr3=100,leri-cr1=13 leri-cr2=100 leri-cr3=100,1171Mbit,1171Mbit,1
1790971099.611,leri-cr1=13 leri-cr2=100 leri-cr3=100,leri-cr1=13 leri-cr2=100 leri-cr3=100,leri-cr1=13 leri-cr2=100 leri-cr3=100,1171Mbit,1171Mbit,1
1790971109.839,leri-cr1=13 leri-cr2=100 leri-cr3=100,leri-cr1=13 leri-cr2=100 leri-cr3=100,leri-cr1=13 leri-cr2=100 leri-cr3=100,1171Mbit,1171Mbit,1
1790971119.885,leri-cr1=13 leri-cr2=100 leri-cr3=100,leri-cr1=13 leri-cr2=100 leri-cr3=100,leri-cr1=13 leri-cr2=100 leri-cr3=100,1171Mbit,1171Mbit,1
1790971129.939,leri-cr1=13 leri-cr2=100 leri-cr3=100,leri-cr1=13 leri-cr2=100 leri-cr3=100,leri-cr1=13 leri-cr2=100 leri-cr3=100,1171Mbit,1171Mbit,1
1790971139.991,leri-cr1=13 leri-cr2=100 leri-cr3=100,leri-cr1=13 leri-cr2=100 leri-cr3=100,leri-cr1=13 leri-cr2=100 leri-cr3=100,1171Mbit,1171Mbit,1
1790971150.043,leri-cr1=13 leri-cr2=100 leri-cr3=100,leri-cr1=13 leri-cr2=100 leri-cr3=100,leri-cr1=13 leri-cr2=100 leri-cr3=100,1171Mbit,1171Mbit,1
1790971160.095,leri-cr1=13 leri-cr2=100 leri-cr3=100,leri-cr1=13 leri-cr2=100 leri-cr3=100,leri-cr1=13 leri-cr2=100 leri-cr3=100,1171Mbit,1171Mbit,1
1790971170.386,leri-cr1=13 leri-cr2=100 leri-cr3=100,leri-cr1=13 leri-cr2=100 leri-cr3=100,leri-cr1=13 leri-cr2=100 leri-cr3=100,1171Mbit,1171Mbit,1
1790971180.442,leri-cr1=13 leri-cr2=100 leri-cr3=100,leri-cr1=13 leri-cr2=100 leri-cr3=100,leri-cr1=13 leri-cr2=100 leri-cr3=100,1171Mbit,1171Mbit,1
1790971190.492,leri-cr1=13 leri-cr2=100 leri-cr3=100,leri-cr1=13 leri-cr2=100 leri-cr3=100,leri-cr1=13 leri-cr2=100 leri-cr3=100,1171Mbit,1171Mbit,1
1790971200.537,leri-cr1=13 leri-cr2=100 leri-cr3=100,leri-cr1=13 leri-cr2=100 leri-cr3=100,leri-cr1=13 leri-cr2=100 leri-cr3=100,1171Mbit,1171Mbit,1
1790971210.592,leri-cr1=13 leri-cr2=100 leri-cr3=100,leri-cr1=13 leri-cr2=100 leri-cr3=100,leri-cr1=13 leri-cr2=100 leri-cr3=100,1171Mbit,1171Mbit,1
1790971220.638,leri-cr1=13 leri-cr2=100 leri-cr3=100,leri-cr1=13 leri-cr2=100 leri-cr3=100,leri-cr1=13 leri-cr2=100 leri-cr3=100,1171Mbit,1171Mbit,1
1790971230.928,leri-cr1=13 leri-cr2=100 leri-cr3=100,leri-cr1=13 leri-cr2=100 leri-cr3=100,leri-cr1=13 leri-cr2=100 leri-cr3=100,1171Mbit,1171Mbit,1
1790971240.996,leri-cr1=13 leri-cr2=100 leri-cr3=100,leri-cr1=13 leri-cr2=100 leri-cr3=100,leri-cr1=13 leri-cr2=100 leri-cr3=100,1171Mbit,1171Mbit,1
1790971251.052,leri-cr1=13 leri-cr2=100 leri-cr3=100,leri-cr1=13 leri-cr2=100 leri-cr3=100,leri-cr1=13 leri-cr2=100 leri-cr3=100,1171Mbit,1171Mbit,1
1790971261.106,leri-cr1=13 leri-cr2=100 leri-cr3=100,leri-cr1=13 leri-cr2=100 leri-cr3=100,leri-cr1=13 leri-cr2=100 leri-cr3=100,1171Mbit,1171Mbit,1
1790971271.162,leri-cr1=13 leri-cr2=100 leri-cr3=100,leri-cr1=13 leri-cr2=100 leri-cr3=100,leri-cr1=13 leri-cr2=100 leri-cr3=100,1171Mbit,1171Mbit,1
1790971281.214,leri-cr1=13 leri-cr2=100 leri-cr3=100,leri-cr1=13 leri-cr2=100 leri-cr3=100,leri-cr1=13 leri-cr2=100 leri-cr3=100,1171Mbit,1171Mbit,1
1790971291.509,leri-cr1=13 leri-cr2=100 leri-cr3=100,leri-cr1=13 leri-cr2=100 leri-cr3=100,leri-cr1=13 leri-cr2=100 leri-cr3=100,1171Mbit,1171Mbit,1
1790971301.558,leri-cr1=13 leri-cr2=100 leri-cr3=100,leri-cr1=13 leri-cr2=100 leri-cr3=100,leri-cr1=13 leri-cr2=100 leri-cr3=100,1171Mbit,1171Mbit,1
1790971311.611,leri-cr1=13 leri-cr2=100 leri-cr3=100,leri-cr1=13 leri-cr2=100 leri-cr3=100,leri-cr1=13 leri-cr2=100 leri-cr3=100,1171Mbit,1171Mbit,1
1790971321.669,leri-cr1=13 leri-cr2=100 leri-cr3=100,leri-cr1=13 leri-cr2=100 leri-cr3=100,leri-cr1=13 leri-cr2=100 leri-cr3=100,1171Mbit,1171Mbit,1
1790971331.718,leri-cr1=13 leri-cr2=100 leri-cr3=100,leri-cr1=13 leri-cr2=100 leri-cr3=100,leri-cr1=13 leri-cr2=100 leri-cr3=100,1171Mbit,1171Mbit,1
1790971341.772,leri-cr1=13 leri-cr2=100 leri-cr3=100,leri-cr1=13 leri-cr2=100 leri-cr3=100,leri-cr1=13 leri-cr2=100 leri-cr3=100,1171Mbit,1171Mbit,1
1790971352.062,leri-cr1=13 leri-cr2=100 leri-cr3=100,leri-cr1=13 leri-cr2=100 leri-cr3=100,leri-cr1=13 leri-cr2=100 leri-cr3=100,1171Mbit,1171Mbit,1
1790971362.109,leri-cr1=13 leri-cr2=100 leri-cr3=100,leri-cr1=13 leri-cr2=100 leri-cr3=100,leri-cr1=13 leri-cr2=100 leri-cr3=100,1171Mbit,1171Mbit,1
1790971372.162,leri-cr1=13 leri-cr2=100 leri-cr3=100,leri-cr1=13 leri-cr2=100 leri-cr3=100,leri-cr1=13 leri-cr2=100 leri-cr3=100,1171Mbit,1171Mbit,1
1790971382.208,leri-cr1=13 leri-cr2=100 leri-cr3=100,leri-cr1=13 leri-cr2=100 leri-cr3=100,leri-cr1=13 leri-cr2=100 leri-cr3=100,1171Mbit,1171Mbit,1
1790971392.267,leri-cr1=13 leri-cr2=100 leri-cr3=100,leri-cr1=13 leri-cr2=100 leri-cr3=100,leri-cr1=13 leri-cr2=100 leri-cr3=100,1171Mbit,1171Mbit,1
1790971402.322,leri-cr1=13 leri-cr2=100 leri-cr3=100,leri-cr1=13 leri-cr2=100 leri-cr3=100,leri-cr1=13 leri-cr2=100 leri-cr3=100,1171Mbit,1171Mbit,1
1790971412.502,leri-cr1=13 leri-cr2=100 leri-cr3=100,leri-cr1=13 leri-cr2=100 leri-cr3=100,leri-cr1=13 leri-cr2=100 leri-cr3=100,1171Mbit,1171Mbit,1
1790971422.550,leri-cr1=13 leri-cr2=100 leri-cr3=100,leri-cr1=13 leri-cr2=100 leri-cr3=100,leri-cr1=13 leri-cr2=100 leri-cr3=100,1171Mbit,1171Mbit,1
1790971432.595,leri-cr1=13 leri-cr2=100 leri-cr3=100,leri-cr1=13 leri-cr2=100 leri-cr3=100,leri-cr1=13 leri-cr2=100 leri-cr3=100,1171Mbit,1171Mbit,1
1790971442.650,leri-cr1=13 leri-cr2=100 leri-cr3=100,leri-cr1=13 leri-cr2=100 leri-cr3=100,leri-cr1=13 leri-cr2=100 leri-cr3=100,1171Mbit,1171Mbit,1
1790971452.706,leri-cr1=13 leri-cr2=100 leri-cr3=100,leri-cr1=13 leri-cr2=100 leri-cr3=100,leri-cr1=13 leri-cr2=100 leri-cr3=100,1171Mbit,1171Mbit,1
1790971462.756,leri-cr1=13 leri-cr2=100 leri-cr3=100,leri-cr1=13 leri-cr2=100 leri-cr3=100,leri-cr1=13 leri-cr2=100 leri-cr3=100,1171Mbit,1171Mbit,1
1790971473.039,leri-cr1=13 leri-cr2=100 leri-cr3=100,leri-cr1=13 leri-cr2=100 leri-cr3=100,leri-cr1=13 leri-cr2=100 leri-cr3=100,1171Mbit,1171Mbit,1
1790971483.084,leri-cr1=13 leri-cr2=100 leri-cr3=100,leri-cr1=13 leri-cr2=100 leri-cr3=100,leri-cr1=13 leri-cr2=100 leri-cr3=100,1171Mbit,1171Mbit,1
1790971493.136,leri-cr1=13 leri-cr2=100 leri-cr3=100,leri-cr1=13 leri-cr2=100 leri-cr3=100,leri-cr1=13 leri-cr2=100 leri-cr3=100,1171Mbit,1171Mbit,1
1790971503.195,leri-cr1=13 leri-cr2=100 leri-cr3=100,leri-cr1=13 leri-cr2=100 leri-cr3=100,leri-cr1=13 leri-cr2=100 leri-cr3=100,1171Mbit,1171Mbit,0
1790971513.267,leri-cr1=13 leri-cr2=100 leri-cr3=100,leri-cr1=13 leri-cr2=100 leri-cr3=100,leri-cr1=13 leri-cr2=100 leri-cr3=100,1171Mbit,1171Mbit,0
1790971523.344,leri-cr1=13 leri-cr2=100 leri-cr3=100,leri-cr1=13 leri-cr2=100 leri-cr3=100,leri-cr1=13 leri-cr2=100 leri-cr3=100,1171Mbit,1171Mbit,0
1790971533.744,leri-cr1=13 leri-cr2=100 leri-cr3=100,leri-cr1=13 leri-cr2=100 leri-cr3=100,leri-cr1=13 leri-cr2=100 leri-cr3=100,1171Mbit,1171Mbit,0
1790971543.819,leri-cr1=13 leri-cr2=100 leri-cr3=100,leri-cr1=13 leri-cr2=100 leri-cr3=100,leri-cr1=13 leri-cr2=100 leri-cr3=100,1171Mbit,1171Mbit,0
1790971553.893,leri-cr1=13 leri-cr2=100 leri-cr3=100,leri-cr1=13 leri-cr2=100 leri-cr3=100,leri-cr1=13 leri-cr2=100 leri-cr3=100,1171Mbit,1171Mbit,0
1790971563.972,leri-cr1=13 leri-cr2=100 leri-cr3=100,leri-cr1=13 leri-cr2=100 leri-cr3=100,leri-cr1=13 leri-cr2=100 leri-cr3=100,1171Mbit,1171Mbit,0
1790971574.046,leri-cr1=13 leri-cr2=100 leri-cr3=100,leri-cr1=13 leri-cr2=100 leri-cr3=100,leri-cr1=13 leri-cr2=100 leri-cr3=100,1171Mbit,1171Mbit,0
1790971584.117,leri-cr1=13 leri-cr2=100 leri-cr3=100,leri-cr1=13 leri-cr2=100 leri-cr3=100,leri-cr1=13 leri-cr2=100 leri-cr3=100,1171Mbit,1171Mbit,0
1790971594.516,leri-cr1=13 leri-cr2=100 leri-cr3=100,leri-cr1=13 leri-cr2=100 leri-cr3=100,leri-cr1=13 leri-cr2=100 leri-cr3=100,1171Mbit,1171Mbit,0
1790971604.594,leri-cr1=13 leri-cr2=100 leri-cr3=100,leri-cr1=13 leri-cr2=100 leri-cr3=100,leri-cr1=13 leri-cr2=100 leri-cr3=100,1171Mbit,1171Mbit,0
1790971614.670,leri-cr1=13 leri-cr2=100 leri-cr3=100,leri-cr1=13 leri-cr2=100 leri-cr3=100,leri-cr1=13 leri-cr2=100 leri-cr3=100,1171Mbit,1171Mbit,0
1790971624.748,leri-cr1=13 leri-cr2=100 leri-cr3=100,leri-cr1=13 leri-cr2=100 leri-cr3=100,leri-cr1=13 leri-cr2=100 leri-cr3=100,1171Mbit,1171Mbit,0
1790971634.802,leri-cr1=13 leri-cr2=100 leri-cr3=100,leri-cr1=13 leri-cr2=100 leri-cr3=100,leri-cr1=13 leri-cr2=100 leri-cr3=100,1171Mbit,1171Mbit,1
1790971644.855,leri-cr1=13 leri-cr2=100 leri-cr3=100,leri-cr1=13 leri-cr2=100 leri-cr3=100,leri-cr1=13 leri-cr2=100 leri-cr3=100,1171Mbit,1171Mbit,1
1790971655.135,leri-cr1=13 leri-cr2=100 leri-cr3=100,leri-cr1=13 leri-cr2=100 leri-cr3=100,leri-cr1=13 leri-cr2=100 leri-cr3=100,1171Mbit,1171Mbit,1
1790971665.189,leri-cr1=13 leri-cr2=100 leri-cr3=100,leri-cr1=13 leri-cr2=100 leri-cr3=100,leri-cr1=13 leri-cr2=100 leri-cr3=100,1171Mbit,1171Mbit,1
1790971675.247,leri-cr1=13 leri-cr2=100 leri-cr3=100,leri-cr1=13 leri-cr2=100 leri-cr3=100,leri-cr1=13 leri-cr2=100 leri-cr3=100,1171Mbit,1171Mbit,1
1790971685.299,leri-cr1=13 leri-cr2=100 leri-cr3=100,leri-cr1=13 leri-cr2=100 leri-cr3=100,leri-cr1=13 leri-cr2=100 leri-cr3=100,1171Mbit,1171Mbit,1
1790971695.356,leri-cr1=13 leri-cr2=100 leri-cr3=100,leri-cr1=13 leri-cr2=100 leri-cr3=100,leri-cr1=13 leri-cr2=100 leri-cr3=100,1171Mbit,1171Mbit,1
1790971705.408,leri-cr1=13 leri-cr2=100 leri-cr3=100,leri-cr1=13 leri-cr2=100 leri-cr3=100,leri-cr1=13 leri-cr2=100 leri-cr3=100,1171Mbit,1171Mbit,1
1790971715.712,leri-cr1=13 leri-cr2=100 leri-cr3=100,leri-cr1=13 leri-cr2=100 leri-cr3=100,leri-cr1=13 leri-cr2=100 leri-cr3=100,1171Mbit,1171Mbit,1
1790971725.762,leri-cr1=13 leri-cr2=100 leri-cr3=100,leri-cr1=13 leri-cr2=100 leri-cr3=100,leri-cr1=13 leri-cr2=100 leri-cr3=100,1171Mbit,1171Mbit,1
1790971735.810,leri-cr1=13 leri-cr2=100 leri-cr3=100,leri-cr1=13 leri-cr2=100 leri-cr3=100,leri-cr1=13 leri-cr2=100 leri-cr3=100,1171Mbit,1171Mbit,1
1790971745.861,leri-cr1=13 leri-cr2=100 leri-cr3=100,leri-cr1=13 leri-cr2=100 leri-cr3=100,leri-cr1=13 leri-cr2=100 leri-cr3=100,1171Mbit,1171Mbit,1
1790971755.906,leri-cr1=13 leri-cr2=100 leri-cr3=100,leri-cr1=13 leri-cr2=100 leri-cr3=100,leri-cr1=13 leri-cr2=100 leri-cr3=100,1171Mbit,1171Mbit,1
1790971765.959,leri-cr1=13 leri-cr2=100 leri-cr3=100,leri-cr1=13 leri-cr2=100 leri-cr3=100,leri-cr1=13 leri-cr2=100 leri-cr3=100,1171Mbit,1171Mbit,1
1790971776.182,leri-cr1=13 leri-cr2=100 leri-cr3=100,leri-cr1=13 leri-cr2=100 leri-cr3=100,leri-cr1=13 leri-cr2=100 leri-cr3=100,1171Mbit,1171Mbit,1
1790971786.239,leri-cr1=13 leri-cr2=100 leri-cr3=100,leri-cr1=13 leri-cr2=100 leri-cr3=100,leri-cr1=13 leri-cr2=100 leri-cr3=100,1171Mbit,1171Mbit,1
1790971796.289,leri-cr1=13 leri-cr2=100 leri-cr3=100,leri-cr1=13 leri-cr2=100 leri-cr3=100,leri-cr1=13 leri-cr2=100 leri-cr3=100,1171Mbit,1171Mbit,1
1790971806.340,leri-cr1=13 leri-cr2=100 leri-cr3=100,leri-cr1=13 leri-cr2=100 leri-cr3=100,leri-cr1=13 leri-cr2=100 leri-cr3=100,1171Mbit,1171Mbit,1
1790971816.394,leri-cr1=13 leri-cr2=100 leri-cr3=100,leri-cr1=13 leri-cr2=100 leri-cr3=100,leri-cr1=13 leri-cr2=100 leri-cr3=100,1171Mbit,1171Mbit,1
1790971826.444,leri-cr1=13 leri-cr2=100 leri-cr3=100,leri-cr1=13 leri-cr2=100 leri-cr3=100,leri-cr1=13 leri-cr2=100 leri-cr3=100,1171Mbit,1171Mbit,1
1790971836.729,leri-cr1=13 leri-cr2=100 leri-cr3=100,leri-cr1=13 leri-cr2=100 leri-cr3=100,leri-cr1=13 leri-cr2=100 leri-cr3=100,1171Mbit,1171Mbit,1
1790971846.782,leri-cr1=13 leri-cr2=100 leri-cr3=100,leri-cr1=13 leri-cr2=100 leri-cr3=100,leri-cr1=13 leri-cr2=100 leri-cr3=100,1171Mbit,1171Mbit,1
1790971856.835,leri-cr1=13 leri-cr2=100 leri-cr3=100,leri-cr1=13 leri-cr2=100 leri-cr3=100,leri-cr1=13 leri-cr2=100 leri-cr3=100,1171Mbit,1171Mbit,1
1790971866.888,leri-cr1=13 leri-cr2=100 leri-cr3=100,leri-cr1=13 leri-cr2=100 leri-cr3=100,leri-cr1=13 leri-cr2=100 leri-cr3=100,1171Mbit,1171Mbit,1
1790971876.948,leri-cr1=13 leri-cr2=100 leri-cr3=100,leri-cr1=13 leri-cr2=100 leri-cr3=100,leri-cr1=13 leri-cr2=100 leri-cr3=100,1171Mbit,1171Mbit,1
1790971886.998,leri-cr1=13 leri-cr2=100 leri-cr3=100,leri-cr1=13 leri-cr2=100 leri-cr3=100,leri-cr1=13 leri-cr2=100 leri-cr3=100,1171Mbit,1171Mbit,1
1790971897.307,leri-cr1=13 leri-cr2=100 leri-cr3=100,leri-cr1=13 leri-cr2=100 leri-cr3=100,leri-cr1=13 leri-cr2=100 leri-cr3=100,1171Mbit,1171Mbit,1
1790971907.361,leri-cr1=13 leri-cr2=100 leri-cr3=100,leri-cr1=13 leri-cr2=100 leri-cr3=100,leri-cr1=13 leri-cr2=100 leri-cr3=100,1171Mbit,1171Mbit,1
1790971917.415,leri-cr1=13 leri-cr2=100 leri-cr3=100,leri-cr1=13 leri-cr2=100 leri-cr3=100,leri-cr1=13 leri-cr2=100 leri-cr3=100,1171Mbit,1171Mbit,1
1790971927.467,leri-cr1=13 leri-cr2=100 leri-cr3=100,leri-cr1=13 leri-cr2=100 leri-cr3=100,leri-cr1=13 leri-cr2=100 leri-cr3=100,1171Mbit,1171Mbit,1
1790971937.522,leri-cr1=13 leri-cr2=100 leri-cr3=100,leri-cr1=13 leri-cr2=100 leri-cr3=100,leri-cr1=13 leri-cr2=100 leri-cr3=100,1171Mbit,1171Mbit,1
1790971947.574,leri-cr1=13 leri-cr2=100 leri-cr3=100,leri-cr1=13 leri-cr2=100 leri-cr3=100,leri-cr1=13 leri-cr2=100 leri-cr3=100,1171Mbit,1171Mbit,1
1790971957.848,leri-cr1=13 leri-cr2=100 leri-cr3=100,leri-cr1=13 leri-cr2=100 leri-cr3=100,leri-cr1=13 leri-cr2=100 leri-cr3=100,1171Mbit,1171Mbit,1
1790971967.900,leri-cr1=13 leri-cr2=100 leri-cr3=100,leri-cr1=13 leri-cr2=100 leri-cr3=100,leri-cr1=13 leri-cr2=100 leri-cr3=100,1171Mbit,1171Mbit,1
1790971977.957,leri-cr1=13 leri-cr2=100 leri-cr3=100,leri-cr1=13 leri-cr2=100 leri-cr3=100,leri-cr1=13 leri-cr2=100 leri-cr3=100,1171Mbit,1171Mbit,1
1790971988.015,leri-cr1=13 leri-cr2=100 leri-cr3=100,leri-cr1=13 leri-cr2=100 leri-cr3=100,leri-cr1=13 leri-cr2=100 leri-cr3=100,1171Mbit,1171Mbit,1
1790971998.064,leri-cr1=13 leri-cr2=100 leri-cr3=100,leri-cr1=13 leri-cr2=100 leri-cr3=100,leri-cr1=13 leri-cr2=100 leri-cr3=100,1171Mbit,1171Mbit,1
1790972008.114,leri-cr1=13 leri-cr2=100 leri-cr3=100,leri-cr1=13 leri-cr2=100 leri-cr3=100,leri-cr1=13 leri-cr2=100 leri-cr3=100,1171Mbit,1171Mbit,1
1790972018.397,leri-cr1=13 leri-cr2=100 leri-cr3=100,leri-cr1=13 leri-cr2=100 leri-cr3=100,leri-cr1=13 leri-cr2=100 leri-cr3=100,1171Mbit,1171Mbit,1
1790972028.450,leri-cr1=13 leri-cr2=100 leri-cr3=100,leri-cr1=13 leri-cr2=100 leri-cr3=100,leri-cr1=13 leri-cr2=100 leri-cr3=100,1171Mbit,1171Mbit,1
1790972038.502,leri-cr1=13 leri-cr2=100 leri-cr3=100,leri-cr1=13 leri-cr2=100 leri-cr3=100,leri-cr1=13 leri-cr2=100 leri-cr3=100,1171Mbit,1171Mbit,1
1790972048.558,leri-cr1=13 leri-cr2=100 leri-cr3=100,leri-cr1=13 leri-cr2=100 leri-cr3=100,leri-cr1=13 leri-cr2=100 leri-cr3=100,1171Mbit,1171Mbit,1
1790972058.613,leri-cr1=13 leri-cr2=100 leri-cr3=100,leri-cr1=13 leri-cr2=100 leri-cr3=100,leri-cr1=13 leri-cr2=100 leri-cr3=100,1171Mbit,1171Mbit,1
1790972068.667,leri-cr1=13 leri-cr2=100 leri-cr3=100,leri-cr1=13 leri-cr2=100 leri-cr3=100,leri-cr1=13 leri-cr2=100 leri-cr3=100,1171Mbit,1171Mbit,1
1790972078.950,leri-cr1=13 leri-cr2=100 leri-cr3=100,leri-cr1=13 leri-cr2=100 leri-cr3=100,leri-cr1=13 leri-cr2=100 leri-cr3=100,1171Mbit,1171Mbit,1
1790972089.002,leri-cr1=13 leri-cr2=100 leri-cr3=100,leri-cr1=13 leri-cr2=100 leri-cr3=100,leri-cr1=13 leri-cr2=100 leri-cr3=100,1171Mbit,1171Mbit,1
1790972099.055,leri-cr1=13 leri-cr2=100 leri-cr3=100,leri-cr1=13 leri-cr2=100 leri-cr3=100,leri-cr1=13 leri-cr2=100 leri-cr3=100,1171Mbit,1171Mbit,1
1790972109.138,leri-cr1=13 leri-cr2=100 leri-cr3=100,leri-cr1=13 leri-cr2=100 leri-cr3=100,leri-cr1=13 leri-cr2=100 leri-cr3=100,1171Mbit,1171Mbit,0
1790972119.216,leri-cr1=13 leri-cr2=100 leri-cr3=100,leri-cr1=13 leri-cr2=100 leri-cr3=100,leri-cr1=13 leri-cr2=100 leri-cr3=100,1171Mbit,1171Mbit,0
1790972129.297,leri-cr1=13 leri-cr2=100 leri-cr3=100,leri-cr1=13 leri-cr2=100 leri-cr3=100,leri-cr1=13 leri-cr2=100 leri-cr3=100,1171Mbit,1171Mbit,0
1790972139.723,leri-cr1=13 leri-cr2=100 leri-cr3=100,leri-cr1=13 leri-cr2=100 leri-cr3=100,leri-cr1=13 leri-cr2=100 leri-cr3=100,1171Mbit,1171Mbit,0
1790972149.801,leri-cr1=13 leri-cr2=100 leri-cr3=100,leri-cr1=13 leri-cr2=100 leri-cr3=100,leri-cr1=13 leri-cr2=100 leri-cr3=100,1171Mbit,1171Mbit,0
1790972159.883,leri-cr1=13 leri-cr2=100 leri-cr3=100,leri-cr1=13 leri-cr2=100 leri-cr3=100,leri-cr1=13 leri-cr2=100 leri-cr3=100,1171Mbit,1171Mbit,0
1790972169.963,leri-cr1=13 leri-cr2=100 leri-cr3=100,leri-cr1=13 leri-cr2=100 leri-cr3=100,leri-cr1=13 leri-cr2=100 leri-cr3=100,1171Mbit,1171Mbit,0
1790972180.044,leri-cr1=13 leri-cr2=100 leri-cr3=100,leri-cr1=13 leri-cr2=100 leri-cr3=100,leri-cr1=13 leri-cr2=100 leri-cr3=100,1171Mbit,1171Mbit,0
1790972190.124,leri-cr1=13 leri-cr2=100 leri-cr3=100,leri-cr1=13 leri-cr2=100 leri-cr3=100,leri-cr1=13 leri-cr2=100 leri-cr3=100,1171Mbit,1171Mbit,0
1790972200.563,leri-cr1=13 leri-cr2=100 leri-cr3=100,leri-cr1=13 leri-cr2=100 leri-cr3=100,leri-cr1=13 leri-cr2=100 leri-cr3=100,1171Mbit,1171Mbit,0
1790972210.644,leri-cr1=13 leri-cr2=100 leri-cr3=100,leri-cr1=13 leri-cr2=100 leri-cr3=100,leri-cr1=13 leri-cr2=100 leri-cr3=100,1171Mbit,1171Mbit,0
1790972220.721,leri-cr1=13 leri-cr2=100 leri-cr3=100,leri-cr1=13 leri-cr2=100 leri-cr3=100,leri-cr1=13 leri-cr2=100 leri-cr3=100,1171Mbit,1171Mbit,0
1790972230.767,leri-cr1=13 leri-cr2=100 leri-cr3=100,leri-cr1=13 leri-cr2=100 leri-cr3=100,leri-cr1=13 leri-cr2=100 leri-cr3=100,1171Mbit,1171Mbit,0
1790972240.820,leri-cr1=13 leri-cr2=100 leri-cr3=100,leri-cr1=13 leri-cr2=100 leri-cr3=100,leri-cr1=13 leri-cr2=100 leri-cr3=100,1171Mbit,1171Mbit,1
1790972250.874,leri-cr1=13 leri-cr2=100 leri-cr3=100,leri-cr1=13 leri-cr2=100 leri-cr3=100,leri-cr1=13 leri-cr2=100 leri-cr3=100,1171Mbit,1171Mbit,1
1790972261.168,leri-cr1=13 leri-cr2=100 leri-cr3=100,leri-cr1=13 leri-cr2=100 leri-cr3=100,leri-cr1=13 leri-cr2=100 leri-cr3=100,1171Mbit,1171Mbit,1
1790972271.225,leri-cr1=13 leri-cr2=100 leri-cr3=100,leri-cr1=13 leri-cr2=100 leri-cr3=100,leri-cr1=13 leri-cr2=100 leri-cr3=100,1171Mbit,1171Mbit,1
1790972281.283,leri-cr1=13 leri-cr2=100 leri-cr3=100,leri-cr1=13 leri-cr2=100 leri-cr3=100,leri-cr1=13 leri-cr2=100 leri-cr3=100,1171Mbit,1171Mbit,1
1790972291.338,leri-cr1=13 leri-cr2=100 leri-cr3=100,leri-cr1=13 leri-cr2=100 leri-cr3=100,leri-cr1=13 leri-cr2=100 leri-cr3=100,1171Mbit,1171Mbit,1
1790972301.388,leri-cr1=13 leri-cr2=100 leri-cr3=100,leri-cr1=13 leri-cr2=100 leri-cr3=100,leri-cr1=13 leri-cr2=100 leri-cr3=100,1171Mbit,1171Mbit,1
1790972311.669,leri-cr1=13 leri-cr2=100 leri-cr3=100,leri-cr1=13 leri-cr2=100 leri-cr3=100,leri-cr1=13 leri-cr2=100 leri-cr3=100,1171Mbit,1171Mbit,1
1790972321.721,leri-cr1=13 leri-cr2=100 leri-cr3=100,leri-cr1=13 leri-cr2=100 leri-cr3=100,leri-cr1=13 leri-cr2=100 leri-cr3=100,1171Mbit,1171Mbit,1
1790972331.775,leri-cr1=13 leri-cr2=100 leri-cr3=100,leri-cr1=13 leri-cr2=100 leri-cr3=100,leri-cr1=13 leri-cr2=100 leri-cr3=100,1171Mbit,1171Mbit,1
1790972341.824,leri-cr1=13 leri-cr2=100 leri-cr3=100,leri-cr1=13 leri-cr2=100 leri-cr3=100,leri-cr1=13 leri-cr2=100 leri-cr3=100,1171Mbit,1171Mbit,1
1790972351.880,leri-cr1=13 leri-cr2=100 leri-cr3=100,leri-cr1=13 leri-cr2=100 leri-cr3=100,leri-cr1=13 leri-cr2=100 leri-cr3=100,1171Mbit,1171Mbit,1
1790972361.948,leri-cr1=13 leri-cr2=100 leri-cr3=100,leri-cr1=13 leri-cr2=100 leri-cr3=100,leri-cr1=13 leri-cr2=100 leri-cr3=100,1171Mbit,1171Mbit,1
1790972372.242,leri-cr1=13 leri-cr2=100 leri-cr3=100,leri-cr1=13 leri-cr2=100 leri-cr3=100,leri-cr1=13 leri-cr2=100 leri-cr3=100,1171Mbit,1171Mbit,1
1790972382.290,leri-cr1=13 leri-cr2=100 leri-cr3=100,leri-cr1=13 leri-cr2=100 leri-cr3=100,leri-cr1=13 leri-cr2=100 leri-cr3=100,1171Mbit,1171Mbit,1
1790972392.343,leri-cr1=13 leri-cr2=100 leri-cr3=100,leri-cr1=13 leri-cr2=100 leri-cr3=100,leri-cr1=13 leri-cr2=100 leri-cr3=100,1171Mbit,1171Mbit,1
1790972402.394,leri-cr1=13 leri-cr2=100 leri-cr3=100,leri-cr1=13 leri-cr2=100 leri-cr3=100,leri-cr1=13 leri-cr2=100 leri-cr3=100,1171Mbit,1171Mbit,1
1790972412.444,leri-cr1=13 leri-cr2=100 leri-cr3=100,leri-cr1=13 leri-cr2=100 leri-cr3=100,leri-cr1=13 leri-cr2=100 leri-cr3=100,1171Mbit,1171Mbit,1
1790972422.495,leri-cr1=13 leri-cr2=100 leri-cr3=100,leri-cr1=13 leri-cr2=100 leri-cr3=100,leri-cr1=13 leri-cr2=100 leri-cr3=100,1171Mbit,1171Mbit,1
1790972432.770,leri-cr1=13 leri-cr2=100 leri-cr3=100,leri-cr1=13 leri-cr2=100 leri-cr3=100,leri-cr1=13 leri-cr2=100 leri-cr3=100,1171Mbit,1171Mbit,1
1790972442.822,leri-cr1=13 leri-cr2=100 leri-cr3=100,leri-cr1=13 leri-cr2=100 leri-cr3=100,leri-cr1=13 leri-cr2=100 leri-cr3=100,1171Mbit,1171Mbit,1
1790972452.872,leri-cr1=13 leri-cr2=100 leri-cr3=100,leri-cr1=13 leri-cr2=100 leri-cr3=100,leri-cr1=13 leri-cr2=100 leri-cr3=100,1171Mbit,1171Mbit,1
1790972462.927,leri-cr1=13 leri-cr2=100 leri-cr3=100,leri-cr1=13 leri-cr2=100 leri-cr3=100,leri-cr1=13 leri-cr2=100 leri-cr3=100,1171Mbit,1171Mbit,1
1790972472.969,leri-cr1=13 leri-cr2=100 leri-cr3=100,leri-cr1=13 leri-cr2=100 leri-cr3=100,leri-cr1=13 leri-cr2=100 leri-cr3=100,1171Mbit,1171Mbit,1
1790972483.012,leri-cr1=13 leri-cr2=100 leri-cr3=100,leri-cr1=13 leri-cr2=100 leri-cr3=100,leri-cr1=13 leri-cr2=100 leri-cr3=100,1171Mbit,1171Mbit,1
1790972493.325,leri-cr1=13 leri-cr2=100 leri-cr3=100,leri-cr1=13 leri-cr2=100 leri-cr3=100,leri-cr1=13 leri-cr2=100 leri-cr3=100,1171Mbit,1171Mbit,1
1790972503.378,leri-cr1=13 leri-cr2=100 leri-cr3=100,leri-cr1=13 leri-cr2=100 leri-cr3=100,leri-cr1=13 leri-cr2=100 leri-cr3=100,1171Mbit,1171Mbit,1
1790972513.430,leri-cr1=13 leri-cr2=100 leri-cr3=100,leri-cr1=13 leri-cr2=100 leri-cr3=100,leri-cr1=13 leri-cr2=100 leri-cr3=100,1171Mbit,1171Mbit,1
1790972523.486,leri-cr1=13 leri-cr2=100 leri-cr3=100,leri-cr1=13 leri-cr2=100 leri-cr3=100,leri-cr1=13 leri-cr2=100 leri-cr3=100,1171Mbit,1171Mbit,1
1790972533.541,leri-cr1=13 leri-cr2=100 leri-cr3=100,leri-cr1=13 leri-cr2=100 leri-cr3=100,leri-cr1=13 leri-cr2=100 leri-cr3=100,1171Mbit,1171Mbit,1
1790972543.594,leri-cr1=13 leri-cr2=100 leri-cr3=100,leri-cr1=13 leri-cr2=100 leri-cr3=100,leri-cr1=13 leri-cr2=100 leri-cr3=100,1171Mbit,1171Mbit,1
1790972553.862,leri-cr1=13 leri-cr2=100 leri-cr3=100,leri-cr1=13 leri-cr2=100 leri-cr3=100,leri-cr1=13 leri-cr2=100 leri-cr3=100,1171Mbit,1171Mbit,1
1790972563.910,leri-cr1=13 leri-cr2=100 leri-cr3=100,leri-cr1=13 leri-cr2=100 leri-cr3=100,leri-cr1=13 leri-cr2=100 leri-cr3=100,1171Mbit,1171Mbit,1
1790972573.965,leri-cr1=13 leri-cr2=100 leri-cr3=100,leri-cr1=13 leri-cr2=100 leri-cr3=100,leri-cr1=13 leri-cr2=100 leri-cr3=100,1171Mbit,1171Mbit,1
1790972584.020,leri-cr1=13 leri-cr2=100 leri-cr3=100,leri-cr1=13 leri-cr2=100 leri-cr3=100,leri-cr1=13 leri-cr2=100 leri-cr3=100,1171Mbit,1171Mbit,1
1790972594.113,leri-cr1=13 leri-cr2=100 leri-cr3=100,leri-cr1=13 leri-cr2=100 leri-cr3=100,leri-cr1=13 leri-cr2=100 leri-cr3=100,1171Mbit,1171Mbit,1
1790972604.166,leri-cr1=13 leri-cr2=100 leri-cr3=100,leri-cr1=13 leri-cr2=100 leri-cr3=100,leri-cr1=13 leri-cr2=100 leri-cr3=100,1171Mbit,1171Mbit,1
1790972614.437,leri-cr1=13 leri-cr2=100 leri-cr3=100,leri-cr1=13 leri-cr2=100 leri-cr3=100,leri-cr1=13 leri-cr2=100 leri-cr3=100,1171Mbit,1171Mbit,1
1790972624.490,leri-cr1=13 leri-cr2=100 leri-cr3=100,leri-cr1=13 leri-cr2=100 leri-cr3=100,leri-cr1=13 leri-cr2=100 leri-cr3=100,1171Mbit,1171Mbit,1
1790972634.537,leri-cr1=13 leri-cr2=100 leri-cr3=100,leri-cr1=13 leri-cr2=100 leri-cr3=100,leri-cr1=13 leri-cr2=100 leri-cr3=100,1171Mbit,1171Mbit,1
1790972644.585,leri-cr1=13 leri-cr2=100 leri-cr3=100,leri-cr1=13 leri-cr2=100 leri-cr3=100,leri-cr1=13 leri-cr2=100 leri-cr3=100,1171Mbit,1171Mbit,1
1790972654.642,leri-cr1=13 leri-cr2=100 leri-cr3=100,leri-cr1=13 leri-cr2=100 leri-cr3=100,leri-cr1=13 leri-cr2=100 leri-cr3=100,1171Mbit,1171Mbit,1
1790972664.691,leri-cr1=13 leri-cr2=100 leri-cr3=100,leri-cr1=13 leri-cr2=100 leri-cr3=100,leri-cr1=13 leri-cr2=100 leri-cr3=100,1171Mbit,1171Mbit,1
1790972674.948,leri-cr1=13 leri-cr2=100 leri-cr3=100,leri-cr1=13 leri-cr2=100 leri-cr3=100,leri-cr1=13 leri-cr2=100 leri-cr3=100,1171Mbit,1171Mbit,1
1790972684.997,leri-cr1=13 leri-cr2=100 leri-cr3=100,leri-cr1=13 leri-cr2=100 leri-cr3=100,leri-cr1=13 leri-cr2=100 leri-cr3=100,1171Mbit,1171Mbit,1
1790972695.048,leri-cr1=13 leri-cr2=100 leri-cr3=100,leri-cr1=13 leri-cr2=100 leri-cr3=100,leri-cr1=13 leri-cr2=100 leri-cr3=100,1171Mbit,1171Mbit,1
1790972705.090,leri-cr1=13 leri-cr2=100 leri-cr3=100,leri-cr1=13 leri-cr2=100 leri-cr3=100,leri-cr1=13 leri-cr2=100 leri-cr3=100,1171Mbit,1171Mbit,0
1790972715.170,leri-cr1=13 leri-cr2=100 leri-cr3=100,leri-cr1=13 leri-cr2=100 leri-cr3=100,leri-cr1=13 leri-cr2=100 leri-cr3=100,1171Mbit,1171Mbit,0
1790972725.250,leri-cr1=13 leri-cr2=100 leri-cr3=100,leri-cr1=13 leri-cr2=100 leri-cr3=100,leri-cr1=13 leri-cr2=100 leri-cr3=100,1171Mbit,1171Mbit,0
1790972735.686,leri-cr1=13 leri-cr2=100 leri-cr3=100,leri-cr1=13 leri-cr2=100 leri-cr3=100,leri-cr1=13 leri-cr2=100 leri-cr3=100,1171Mbit,1171Mbit,0
1790972745.769,leri-cr1=13 leri-cr2=100 leri-cr3=100,leri-cr1=13 leri-cr2=100 leri-cr3=100,leri-cr1=13 leri-cr2=100 leri-cr3=100,1171Mbit,1171Mbit,0
1790972755.849,leri-cr1=13 leri-cr2=100 leri-cr3=100,leri-cr1=13 leri-cr2=100 leri-cr3=100,leri-cr1=13 leri-cr2=100 leri-cr3=100,1171Mbit,1171Mbit,0
1790972765.931,leri-cr1=13 leri-cr2=100 leri-cr3=100,leri-cr1=13 leri-cr2=100 leri-cr3=100,leri-cr1=13 leri-cr2=100 leri-cr3=100,1171Mbit,1171Mbit,0
1790972776.012,leri-cr1=13 leri-cr2=100 leri-cr3=100,leri-cr1=13 leri-cr2=100 leri-cr3=100,leri-cr1=13 leri-cr2=100 leri-cr3=100,1171Mbit,1171Mbit,0
1790972786.097,leri-cr1=13 leri-cr2=100 leri-cr3=100,leri-cr1=13 leri-cr2=100 leri-cr3=100,leri-cr1=13 leri-cr2=100 leri-cr3=100,1171Mbit,1171Mbit,0
1790972796.537,leri-cr1=13 leri-cr2=100 leri-cr3=100,leri-cr1=13 leri-cr2=100 leri-cr3=100,leri-cr1=13 leri-cr2=100 leri-cr3=100,1171Mbit,1171Mbit,0
1790972806.617,leri-cr1=13 leri-cr2=100 leri-cr3=100,leri-cr1=13 leri-cr2=100 leri-cr3=100,leri-cr1=13 leri-cr2=100 leri-cr3=100,1171Mbit,1171Mbit,0
1790972816.699,leri-cr1=13 leri-cr2=100 leri-cr3=100,leri-cr1=13 leri-cr2=100 leri-cr3=100,leri-cr1=13 leri-cr2=100 leri-cr3=100,1171Mbit,1171Mbit,0
1790972826.786,leri-cr1=13 leri-cr2=100 leri-cr3=100,leri-cr1=13 leri-cr2=100 leri-cr3=100,leri-cr1=13 leri-cr2=100 leri-cr3=100,1171Mbit,1171Mbit,0
1790972836.840,leri-cr1=13 leri-cr2=100 leri-cr3=100,leri-cr1=13 leri-cr2=100 leri-cr3=100,leri-cr1=13 leri-cr2=100 leri-cr3=100,1171Mbit,1171Mbit,0
1790972846.896,leri-cr1=13 leri-cr2=100 leri-cr3=100,leri-cr1=13 leri-cr2=100 leri-cr3=100,leri-cr1=13 leri-cr2=100 leri-cr3=100,1171Mbit,1171Mbit,1
1790972857.171,leri-cr1=13 leri-cr2=100 leri-cr3=100,leri-cr1=13 leri-cr2=100 leri-cr3=100,leri-cr1=13 leri-cr2=100 leri-cr3=100,1171Mbit,1171Mbit,1
1790972867.224,leri-cr1=13 leri-cr2=100 leri-cr3=100,leri-cr1=13 leri-cr2=100 leri-cr3=100,leri-cr1=13 leri-cr2=100 leri-cr3=100,1171Mbit,1171Mbit,1
1790972877.275,leri-cr1=13 leri-cr2=100 leri-cr3=100,leri-cr1=13 leri-cr2=100 leri-cr3=100,leri-cr1=13 leri-cr2=100 leri-cr3=100,1171Mbit,1171Mbit,1
1790972887.332,leri-cr1=13 leri-cr2=100 leri-cr3=100,leri-cr1=13 leri-cr2=100 leri-cr3=100,leri-cr1=13 leri-cr2=100 leri-cr3=100,1171Mbit,1171Mbit,1
1790972897.386,leri-cr1=13 leri-cr2=100 leri-cr3=100,leri-cr1=13 leri-cr2=100 leri-cr3=100,leri-cr1=13 leri-cr2=100 leri-cr3=100,1171Mbit,1171Mbit,1
1790972907.441,leri-cr1=13 leri-cr2=100 leri-cr3=100,leri-cr1=13 leri-cr2=100 leri-cr3=100,leri-cr1=13 leri-cr2=100 leri-cr3=100,1171Mbit,1171Mbit,1
1790972917.742,leri-cr1=13 leri-cr2=100 leri-cr3=100,leri-cr1=13 leri-cr2=100 leri-cr3=100,leri-cr1=13 leri-cr2=100 leri-cr3=100,1171Mbit,1171Mbit,1
1790972927.797,leri-cr1=13 leri-cr2=100 leri-cr3=100,leri-cr1=13 leri-cr2=100 leri-cr3=100,leri-cr1=13 leri-cr2=100 leri-cr3=100,1171Mbit,1171Mbit,1
1790972937.843,leri-cr1=13 leri-cr2=100 leri-cr3=100,leri-cr1=13 leri-cr2=100 leri-cr3=100,leri-cr1=13 leri-cr2=100 leri-cr3=100,1171Mbit,1171Mbit,1
1790972947.899,leri-cr1=13 leri-cr2=100 leri-cr3=100,leri-cr1=13 leri-cr2=100 leri-cr3=100,leri-cr1=13 leri-cr2=100 leri-cr3=100,1171Mbit,1171Mbit,1
1790972957.951,leri-cr1=13 leri-cr2=100 leri-cr3=100,leri-cr1=13 leri-cr2=100 leri-cr3=100,leri-cr1=13 leri-cr2=100 leri-cr3=100,1171Mbit,1171Mbit,1
1790972968.007,leri-cr1=13 leri-cr2=100 leri-cr3=100,leri-cr1=13 leri-cr2=100 leri-cr3=100,leri-cr1=13 leri-cr2=100 leri-cr3=100,1171Mbit,1171Mbit,1
1790972978.294,leri-cr1=13 leri-cr2=100 leri-cr3=100,leri-cr1=13 leri-cr2=100 leri-cr3=100,leri-cr1=13 leri-cr2=100 leri-cr3=100,1171Mbit,1171Mbit,1
1790972988.347,leri-cr1=13 leri-cr2=100 leri-cr3=100,leri-cr1=13 leri-cr2=100 leri-cr3=100,leri-cr1=13 leri-cr2=100 leri-cr3=100,1171Mbit,1171Mbit,1
1790972998.406,leri-cr1=13 leri-cr2=100 leri-cr3=100,leri-cr1=13 leri-cr2=100 leri-cr3=100,leri-cr1=13 leri-cr2=100 leri-cr3=100,1171Mbit,1171Mbit,1
1790973008.463,leri-cr1=13 leri-cr2=100 leri-cr3=100,leri-cr1=13 leri-cr2=100 leri-cr3=100,leri-cr1=13 leri-cr2=100 leri-cr3=100,1171Mbit,1171Mbit,1
1790973018.517,leri-cr1=13 leri-cr2=100 leri-cr3=100,leri-cr1=13 leri-cr2=100 leri-cr3=100,leri-cr1=13 leri-cr2=100 leri-cr3=100,1171Mbit,1171Mbit,1
1790973028.571,leri-cr1=13 leri-cr2=100 leri-cr3=100,leri-cr1=13 leri-cr2=100 leri-cr3=100,leri-cr1=13 leri-cr2=100 leri-cr3=100,1171Mbit,1171Mbit,1
1790973038.856,leri-cr1=13 leri-cr2=100 leri-cr3=100,leri-cr1=13 leri-cr2=100 leri-cr3=100,leri-cr1=13 leri-cr2=100 leri-cr3=100,1171Mbit,1171Mbit,1
1790973048.900,leri-cr1=13 leri-cr2=100 leri-cr3=100,leri-cr1=13 leri-cr2=100 leri-cr3=100,leri-cr1=13 leri-cr2=100 leri-cr3=100,1171Mbit,1171Mbit,1
1790973058.951,leri-cr1=13 leri-cr2=100 leri-cr3=100,leri-cr1=13 leri-cr2=100 leri-cr3=100,leri-cr1=13 leri-cr2=100 leri-cr3=100,1171Mbit,1171Mbit,1
1790973069.019,leri-cr1=13 leri-cr2=100 leri-cr3=100,leri-cr1=13 leri-cr2=100 leri-cr3=100,leri-cr1=13 leri-cr2=100 leri-cr3=100,1171Mbit,1171Mbit,1
1790973079.066,leri-cr1=13 leri-cr2=100 leri-cr3=100,leri-cr1=13 leri-cr2=100 leri-cr3=100,leri-cr1=13 leri-cr2=100 leri-cr3=100,1171Mbit,1171Mbit,1
1790973089.119,leri-cr1=13 leri-cr2=100 leri-cr3=100,leri-cr1=13 leri-cr2=100 leri-cr3=100,leri-cr1=13 leri-cr2=100 leri-cr3=100,1171Mbit,1171Mbit,1
1790973099.392,leri-cr1=13 leri-cr2=100 leri-cr3=100,leri-cr1=13 leri-cr2=100 leri-cr3=100,leri-cr1=13 leri-cr2=100 leri-cr3=100,1171Mbit,1171Mbit,1
1790973109.439,leri-cr1=13 leri-cr2=100 leri-cr3=100,leri-cr1=13 leri-cr2=100 leri-cr3=100,leri-cr1=13 leri-cr2=100 leri-cr3=100,1171Mbit,1171Mbit,1
1790973119.486,leri-cr1=13 leri-cr2=100 leri-cr3=100,leri-cr1=13 leri-cr2=100 leri-cr3=100,leri-cr1=13 leri-cr2=100 leri-cr3=100,1171Mbit,1171Mbit,1
1790973129.537,leri-cr1=13 leri-cr2=100 leri-cr3=100,leri-cr1=13 leri-cr2=100 leri-cr3=100,leri-cr1=13 leri-cr2=100 leri-cr3=100,1171Mbit,1171Mbit,1
1790973139.587,leri-cr1=13 leri-cr2=100 leri-cr3=100,leri-cr1=13 leri-cr2=100 leri-cr3=100,leri-cr1=13 leri-cr2=100 leri-cr3=100,1171Mbit,1171Mbit,1
1790973149.640,leri-cr1=13 leri-cr2=100 leri-cr3=100,leri-cr1=13 leri-cr2=100 leri-cr3=100,leri-cr1=13 leri-cr2=100 leri-cr3=100,1171Mbit,1171Mbit,1
1790973159.925,leri-cr1=13 leri-cr2=100 leri-cr3=100,leri-cr1=13 leri-cr2=100 leri-cr3=100,leri-cr1=13 leri-cr2=100 leri-cr3=100,1171Mbit,1171Mbit,1
1790973169.979,leri-cr1=13 leri-cr2=100 leri-cr3=100,leri-cr1=13 leri-cr2=100 leri-cr3=100,leri-cr1=13 leri-cr2=100 leri-cr3=100,1171Mbit,1171Mbit,1
1790973180.030,leri-cr1=13 leri-cr2=100 leri-cr3=100,leri-cr1=13 leri-cr2=100 leri-cr3=100,leri-cr1=13 leri-cr2=100 leri-cr3=100,1171Mbit,1171Mbit,1
1790973190.083,leri-cr1=13 leri-cr2=100 leri-cr3=100,leri-cr1=13 leri-cr2=100 leri-cr3=100,leri-cr1=13 leri-cr2=100 leri-cr3=100,1171Mbit,1171Mbit,1
1790973200.129,leri-cr1=13 leri-cr2=100 leri-cr3=100,leri-cr1=13 leri-cr2=100 leri-cr3=100,leri-cr1=13 leri-cr2=100 leri-cr3=100,1171Mbit,1171Mbit,1
1790973210.185,leri-cr1=13 leri-cr2=100 leri-cr3=100,leri-cr1=13 leri-cr2=100 leri-cr3=100,leri-cr1=13 leri-cr2=100 leri-cr3=100,1171Mbit,1171Mbit,1
1790973220.476,leri-cr1=13 leri-cr2=100 leri-cr3=100,leri-cr1=13 leri-cr2=100 leri-cr3=100,leri-cr1=13 leri-cr2=100 leri-cr3=100,1171Mbit,1171Mbit,1
1790973230.526,leri-cr1=13 leri-cr2=100 leri-cr3=100,leri-cr1=13 leri-cr2=100 leri-cr3=100,leri-cr1=13 leri-cr2=100 leri-cr3=100,1171Mbit,1171Mbit,1
1790973240.573,leri-cr1=13 leri-cr2=100 leri-cr3=100,leri-cr1=13 leri-cr2=100 leri-cr3=100,leri-cr1=13 leri-cr2=100 leri-cr3=100,1171Mbit,1171Mbit,1
1790973250.626,leri-cr1=13 leri-cr2=100 leri-cr3=100,leri-cr1=13 leri-cr2=100 leri-cr3=100,leri-cr1=13 leri-cr2=100 leri-cr3=100,1171Mbit,1171Mbit,1
1790973260.679,leri-cr1=13 leri-cr2=100 leri-cr3=100,leri-cr1=13 leri-cr2=100 leri-cr3=100,leri-cr1=13 leri-cr2=100 leri-cr3=100,1171Mbit,1171Mbit,1
1790973270.731,leri-cr1=13 leri-cr2=100 leri-cr3=100,leri-cr1=13 leri-cr2=100 leri-cr3=100,leri-cr1=13 leri-cr2=100 leri-cr3=100,1171Mbit,1171Mbit,1
1790973280.945,leri-cr1=13 leri-cr2=100 leri-cr3=100,leri-cr1=13 leri-cr2=100 leri-cr3=100,leri-cr1=13 leri-cr2=100 leri-cr3=100,1171Mbit,1171Mbit,1
1790973290.998,leri-cr1=13 leri-cr2=100 leri-cr3=100,leri-cr1=13 leri-cr2=100 leri-cr3=100,leri-cr1=13 leri-cr2=100 leri-cr3=100,1171Mbit,1171Mbit,1
1790973301.043,leri-cr1=13 leri-cr2=100 leri-cr3=100,leri-cr1=13 leri-cr2=100 leri-cr3=100,leri-cr1=13 leri-cr2=100 leri-cr3=100,1171Mbit,1171Mbit,1
1790973311.115,leri-cr1=13 leri-cr2=100 leri-cr3=100,leri-cr1=13 leri-cr2=100 leri-cr3=100,leri-cr1=13 leri-cr2=100 leri-cr3=100,1171Mbit,1171Mbit,0
1790973321.190,leri-cr1=13 leri-cr2=100 leri-cr3=100,leri-cr1=13 leri-cr2=100 leri-cr3=100,leri-cr1=13 leri-cr2=100 leri-cr3=100,1171Mbit,1171Mbit,0
1790973331.265,leri-cr1=13 leri-cr2=100 leri-cr3=100,leri-cr1=13 leri-cr2=100 leri-cr3=100,leri-cr1=13 leri-cr2=100 leri-cr3=100,1171Mbit,1171Mbit,0
1790973341.683,leri-cr1=13 leri-cr2=100 leri-cr3=100,leri-cr1=13 leri-cr2=100 leri-cr3=100,leri-cr1=13 leri-cr2=100 leri-cr3=100,1171Mbit,1171Mbit,0
1790973351.758,leri-cr1=13 leri-cr2=100 leri-cr3=100,leri-cr1=13 leri-cr2=100 leri-cr3=100,leri-cr1=13 leri-cr2=100 leri-cr3=100,1171Mbit,1171Mbit,0
1790973361.833,leri-cr1=13 leri-cr2=100 leri-cr3=100,leri-cr1=13 leri-cr2=100 leri-cr3=100,leri-cr1=13 leri-cr2=100 leri-cr3=100,1171Mbit,1171Mbit,0
1790973371.905,leri-cr1=13 leri-cr2=100 leri-cr3=100,leri-cr1=13 leri-cr2=100 leri-cr3=100,leri-cr1=13 leri-cr2=100 leri-cr3=100,1171Mbit,1171Mbit,0
1790973381.980,leri-cr1=13 leri-cr2=100 leri-cr3=100,leri-cr1=13 leri-cr2=100 leri-cr3=100,leri-cr1=13 leri-cr2=100 leri-cr3=100,1171Mbit,1171Mbit,0
1790973392.054,leri-cr1=13 leri-cr2=100 leri-cr3=100,leri-cr1=13 leri-cr2=100 leri-cr3=100,leri-cr1=13 leri-cr2=100 leri-cr3=100,1171Mbit,1171Mbit,0
1790973402.488,leri-cr1=13 leri-cr2=100 leri-cr3=100,leri-cr1=13 leri-cr2=100 leri-cr3=100,leri-cr1=13 leri-cr2=100 leri-cr3=100,1171Mbit,1171Mbit,0
1790973412.562,leri-cr1=13 leri-cr2=100 leri-cr3=100,leri-cr1=13 leri-cr2=100 leri-cr3=100,leri-cr1=13 leri-cr2=100 leri-cr3=100,1171Mbit,1171Mbit,0
1790973422.635,leri-cr1=13 leri-cr2=100 leri-cr3=100,leri-cr1=13 leri-cr2=100 leri-cr3=100,leri-cr1=13 leri-cr2=100 leri-cr3=100,1171Mbit,1171Mbit,0
1790973432.683,leri-cr1=13 leri-cr2=100 leri-cr3=100,leri-cr1=13 leri-cr2=100 leri-cr3=100,leri-cr1=13 leri-cr2=100 leri-cr3=100,1171Mbit,1171Mbit,0
1790973442.738,leri-cr1=13 leri-cr2=100 leri-cr3=100,leri-cr1=13 leri-cr2=100 leri-cr3=100,leri-cr1=13 leri-cr2=100 leri-cr3=100,1171Mbit,1171Mbit,1
1790973452.789,leri-cr1=13 leri-cr2=100 leri-cr3=100,leri-cr1=13 leri-cr2=100 leri-cr3=100,leri-cr1=13 leri-cr2=100 leri-cr3=100,1171Mbit,1171Mbit,1
1790973463.092,leri-cr1=13 leri-cr2=100 leri-cr3=100,leri-cr1=13 leri-cr2=100 leri-cr3=100,leri-cr1=13 leri-cr2=100 leri-cr3=100,1171Mbit,1171Mbit,1
1790973473.135,leri-cr1=13 leri-cr2=100 leri-cr3=100,leri-cr1=13 leri-cr2=100 leri-cr3=100,leri-cr1=13 leri-cr2=100 leri-cr3=100,1171Mbit,1171Mbit,1
1790973483.187,leri-cr1=13 leri-cr2=100 leri-cr3=100,leri-cr1=13 leri-cr2=100 leri-cr3=100,leri-cr1=13 leri-cr2=100 leri-cr3=100,1171Mbit,1171Mbit,1
1790973493.265,leri-cr1=13 leri-cr2=100 leri-cr3=100,leri-cr1=13 leri-cr2=100 leri-cr3=100,leri-cr1=13 leri-cr2=100 leri-cr3=100,1171Mbit,1171Mbit,1
1790973503.315,leri-cr1=13 leri-cr2=100 leri-cr3=100,leri-cr1=13 leri-cr2=100 leri-cr3=100,leri-cr1=13 leri-cr2=100 leri-cr3=100,1171Mbit,1171Mbit,1
1790973513.614,leri-cr1=13 leri-cr2=100 leri-cr3=100,leri-cr1=13 leri-cr2=100 leri-cr3=100,leri-cr1=13 leri-cr2=100 leri-cr3=100,1171Mbit,1171Mbit,1
1790973523.666,leri-cr1=13 leri-cr2=100 leri-cr3=100,leri-cr1=13 leri-cr2=100 leri-cr3=100,leri-cr1=13 leri-cr2=100 leri-cr3=100,1171Mbit,1171Mbit,1
1790973533.717,leri-cr1=13 leri-cr2=100 leri-cr3=100,leri-cr1=13 leri-cr2=100 leri-cr3=100,leri-cr1=13 leri-cr2=100 leri-cr3=100,1171Mbit,1171Mbit,1
1790973543.770,leri-cr1=13 leri-cr2=100 leri-cr3=100,leri-cr1=13 leri-cr2=100 leri-cr3=100,leri-cr1=13 leri-cr2=100 leri-cr3=100,1171Mbit,1171Mbit,1
1790973553.820,leri-cr1=13 leri-cr2=100 leri-cr3=100,leri-cr1=13 leri-cr2=100 leri-cr3=100,leri-cr1=13 leri-cr2=100 leri-cr3=100,1171Mbit,1171Mbit,1
1790973563.870,leri-cr1=13 leri-cr2=100 leri-cr3=100,leri-cr1=13 leri-cr2=100 leri-cr3=100,leri-cr1=13 leri-cr2=100 leri-cr3=100,1171Mbit,1171Mbit,1
1790973574.177,leri-cr1=13 leri-cr2=100 leri-cr3=100,leri-cr1=13 leri-cr2=100 leri-cr3=100,leri-cr1=13 leri-cr2=100 leri-cr3=100,1171Mbit,1171Mbit,1
1790973584.230,leri-cr1=13 leri-cr2=100 leri-cr3=100,leri-cr1=13 leri-cr2=100 leri-cr3=100,leri-cr1=13 leri-cr2=100 leri-cr3=100,1171Mbit,1171Mbit,1
1790973594.281,leri-cr1=13 leri-cr2=100 leri-cr3=100,leri-cr1=13 leri-cr2=100 leri-cr3=100,leri-cr1=13 leri-cr2=100 leri-cr3=100,1171Mbit,1171Mbit,1
1790973604.334,leri-cr1=13 leri-cr2=100 leri-cr3=100,leri-cr1=13 leri-cr2=100 leri-cr3=100,leri-cr1=13 leri-cr2=100 leri-cr3=100,1171Mbit,1171Mbit,1
1790973614.384,leri-cr1=13 leri-cr2=100 leri-cr3=100,leri-cr1=13 leri-cr2=100 leri-cr3=100,leri-cr1=13 leri-cr2=100 leri-cr3=100,1171Mbit,1171Mbit,1
1790973624.437,leri-cr1=13 leri-cr2=100 leri-cr3=100,leri-cr1=13 leri-cr2=100 leri-cr3=100,leri-cr1=13 leri-cr2=100 leri-cr3=100,1171Mbit,1171Mbit,1
1790973634.740,leri-cr1=13 leri-cr2=100 leri-cr3=100,leri-cr1=13 leri-cr2=100 leri-cr3=100,leri-cr1=13 leri-cr2=100 leri-cr3=100,1171Mbit,1171Mbit,1
1790973644.792,leri-cr1=13 leri-cr2=100 leri-cr3=100,leri-cr1=13 leri-cr2=100 leri-cr3=100,leri-cr1=13 leri-cr2=100 leri-cr3=100,1171Mbit,1171Mbit,1
1790973654.842,leri-cr1=13 leri-cr2=100 leri-cr3=100,leri-cr1=13 leri-cr2=100 leri-cr3=100,leri-cr1=13 leri-cr2=100 leri-cr3=100,1171Mbit,1171Mbit,1
1790973664.884,leri-cr1=13 leri-cr2=100 leri-cr3=100,leri-cr1=13 leri-cr2=100 leri-cr3=100,leri-cr1=13 leri-cr2=100 leri-cr3=100,1171Mbit,1171Mbit,1
1790973674.942,leri-cr1=13 leri-cr2=100 leri-cr3=100,leri-cr1=13 leri-cr2=100 leri-cr3=100,leri-cr1=13 leri-cr2=100 leri-cr3=100,1171Mbit,1171Mbit,1
1790973685.035,leri-cr1=13 leri-cr2=100 leri-cr3=100,leri-cr1=13 leri-cr2=100 leri-cr3=100,leri-cr1=13 leri-cr2=100 leri-cr3=100,1171Mbit,1171Mbit,1
1790973695.299,leri-cr1=13 leri-cr2=100 leri-cr3=100,leri-cr1=13 leri-cr2=100 leri-cr3=100,leri-cr1=13 leri-cr2=100 leri-cr3=100,1171Mbit,1171Mbit,1
1790973705.346,leri-cr1=13 leri-cr2=100 leri-cr3=100,leri-cr1=13 leri-cr2=100 leri-cr3=100,leri-cr1=13 leri-cr2=100 leri-cr3=100,1171Mbit,1171Mbit,1
1790973715.395,leri-cr1=13 leri-cr2=100 leri-cr3=100,leri-cr1=13 leri-cr2=100 leri-cr3=100,leri-cr1=13 leri-cr2=100 leri-cr3=100,1171Mbit,1171Mbit,1
1790973725.446,leri-cr1=13 leri-cr2=100 leri-cr3=100,leri-cr1=13 leri-cr2=100 leri-cr3=100,leri-cr1=13 leri-cr2=100 leri-cr3=100,1171Mbit,1171Mbit,1
1790973735.496,leri-cr1=13 leri-cr2=100 leri-cr3=100,leri-cr1=13 leri-cr2=100 leri-cr3=100,leri-cr1=13 leri-cr2=100 leri-cr3=100,1171Mbit,1171Mbit,1
1790973745.551,leri-cr1=13 leri-cr2=100 leri-cr3=100,leri-cr1=13 leri-cr2=100 leri-cr3=100,leri-cr1=13 leri-cr2=100 leri-cr3=100,1171Mbit,1171Mbit,1
1790973755.832,leri-cr1=13 leri-cr2=100 leri-cr3=100,leri-cr1=13 leri-cr2=100 leri-cr3=100,leri-cr1=13 leri-cr2=100 leri-cr3=100,1171Mbit,1171Mbit,1
1790973765.888,leri-cr1=13 leri-cr2=100 leri-cr3=100,leri-cr1=13 leri-cr2=100 leri-cr3=100,leri-cr1=13 leri-cr2=100 leri-cr3=100,1171Mbit,1171Mbit,1
1790973775.934,leri-cr1=13 leri-cr2=100 leri-cr3=100,leri-cr1=13 leri-cr2=100 leri-cr3=100,leri-cr1=13 leri-cr2=100 leri-cr3=100,1171Mbit,1171Mbit,1
1790973785.986,leri-cr1=13 leri-cr2=100 leri-cr3=100,leri-cr1=13 leri-cr2=100 leri-cr3=100,leri-cr1=13 leri-cr2=100 leri-cr3=100,1171Mbit,1171Mbit,1
1790973796.038,leri-cr1=13 leri-cr2=100 leri-cr3=100,leri-cr1=13 leri-cr2=100 leri-cr3=100,leri-cr1=13 leri-cr2=100 leri-cr3=100,1171Mbit,1171Mbit,1
1790973806.089,leri-cr1=13 leri-cr2=100 leri-cr3=100,leri-cr1=13 leri-cr2=100 leri-cr3=100,leri-cr1=13 leri-cr2=100 leri-cr3=100,1171Mbit,1171Mbit,1
1790973816.369,leri-cr1=13 leri-cr2=100 leri-cr3=100,leri-cr1=13 leri-cr2=100 leri-cr3=100,leri-cr1=13 leri-cr2=100 leri-cr3=100,1171Mbit,1171Mbit,1
1790973826.418,leri-cr1=13 leri-cr2=100 leri-cr3=100,leri-cr1=13 leri-cr2=100 leri-cr3=100,leri-cr1=13 leri-cr2=100 leri-cr3=100,1171Mbit,1171Mbit,1
1790973836.465,leri-cr1=13 leri-cr2=100 leri-cr3=100,leri-cr1=13 leri-cr2=100 leri-cr3=100,leri-cr1=13 leri-cr2=100 leri-cr3=100,1171Mbit,1171Mbit,1
1790973846.516,leri-cr1=13 leri-cr2=100 leri-cr3=100,leri-cr1=13 leri-cr2=100 leri-cr3=100,leri-cr1=13 leri-cr2=100 leri-cr3=100,1171Mbit,1171Mbit,1
1790973856.569,leri-cr1=13 leri-cr2=100 leri-cr3=100,leri-cr1=13 leri-cr2=100 leri-cr3=100,leri-cr1=13 leri-cr2=100 leri-cr3=100,1171Mbit,1171Mbit,1
1790973866.630,leri-cr1=13 leri-cr2=100 leri-cr3=100,leri-cr1=13 leri-cr2=100 leri-cr3=100,leri-cr1=13 leri-cr2=100 leri-cr3=100,1171Mbit,1171Mbit,1
1790973876.904,leri-cr1=13 leri-cr2=100 leri-cr3=100,leri-cr1=13 leri-cr2=100 leri-cr3=100,leri-cr1=13 leri-cr2=100 leri-cr3=100,1171Mbit,1171Mbit,1
1790973886.960,leri-cr1=13 leri-cr2=100 leri-cr3=100,leri-cr1=13 leri-cr2=100 leri-cr3=100,leri-cr1=13 leri-cr2=100 leri-cr3=100,1171Mbit,1171Mbit,1
1790973897.015,leri-cr1=13 leri-cr2=100 leri-cr3=100,leri-cr1=13 leri-cr2=100 leri-cr3=100,leri-cr1=13 leri-cr2=100 leri-cr3=100,1171Mbit,1171Mbit,1
1790973907.075,leri-cr1=13 leri-cr2=100 leri-cr3=100,leri-cr1=13 leri-cr2=100 leri-cr3=100,leri-cr1=13 leri-cr2=100 leri-cr3=100,1171Mbit,1171Mbit,0
1790973917.147,leri-cr1=13 leri-cr2=100 leri-cr3=100,leri-cr1=13 leri-cr2=100 leri-cr3=100,leri-cr1=13 leri-cr2=100 leri-cr3=100,1171Mbit,1171Mbit,0
1790973927.224,leri-cr1=13 leri-cr2=100 leri-cr3=100,leri-cr1=13 leri-cr2=100 leri-cr3=100,leri-cr1=13 leri-cr2=100 leri-cr3=100,1171Mbit,1171Mbit,0
1790973937.594,leri-cr1=13 leri-cr2=100 leri-cr3=100,leri-cr1=13 leri-cr2=100 leri-cr3=100,leri-cr1=13 leri-cr2=100 leri-cr3=100,1171Mbit,1171Mbit,0
1790973947.660,leri-cr1=13 leri-cr2=100 leri-cr3=100,leri-cr1=13 leri-cr2=100 leri-cr3=100,leri-cr1=13 leri-cr2=100 leri-cr3=100,1171Mbit,1171Mbit,0
1790973957.723,leri-cr1=13 leri-cr2=100 leri-cr3=100,leri-cr1=13 leri-cr2=100 leri-cr3=100,leri-cr1=13 leri-cr2=100 leri-cr3=100,1171Mbit,1171Mbit,0
1790973967.793,leri-cr1=13 leri-cr2=100 leri-cr3=100,leri-cr1=13 leri-cr2=100 leri-cr3=100,leri-cr1=13 leri-cr2=100 leri-cr3=100,1171Mbit,1171Mbit,0
1790973977.861,leri-cr1=13 leri-cr2=100 leri-cr3=100,leri-cr1=13 leri-cr2=100 leri-cr3=100,leri-cr1=13 leri-cr2=100 leri-cr3=100,1171Mbit,1171Mbit,0
1790973987.929,leri-cr1=13 leri-cr2=100 leri-cr3=100,leri-cr1=13 leri-cr2=100 leri-cr3=100,leri-cr1=13 leri-cr2=100 leri-cr3=100,1171Mbit,1171Mbit,0
1790973998.313,leri-cr1=13 leri-cr2=100 leri-cr3=100,leri-cr1=13 leri-cr2=100 leri-cr3=100,leri-cr1=13 leri-cr2=100 leri-cr3=100,1171Mbit,1171Mbit,0
1790974008.379,leri-cr1=13 leri-cr2=100 leri-cr3=100,leri-cr1=13 leri-cr2=100 leri-cr3=100,leri-cr1=13 leri-cr2=100 leri-cr3=100,1171Mbit,1171Mbit,0
1790974018.449,leri-cr1=13 leri-cr2=100 leri-cr3=100,leri-cr1=13 leri-cr2=100 leri-cr3=100,leri-cr1=13 leri-cr2=100 leri-cr3=100,1171Mbit,1171Mbit,0
1790974028.521,leri-cr1=13 leri-cr2=100 leri-cr3=100,leri-cr1=13 leri-cr2=100 leri-cr3=100,leri-cr1=13 leri-cr2=100 leri-cr3=100,1171Mbit,1171Mbit,0
1790974038.566,leri-cr1=13 leri-cr2=100 leri-cr3=100,leri-cr1=13 leri-cr2=100 leri-cr3=100,leri-cr1=13 leri-cr2=100 leri-cr3=100,1171Mbit,1171Mbit,0
1790974048.618,leri-cr1=13 leri-cr2=100 leri-cr3=100,leri-cr1=13 leri-cr2=100 leri-cr3=100,leri-cr1=13 leri-cr2=100 leri-cr3=100,1171Mbit,1171Mbit,1
1790974058.911,leri-cr1=13 leri-cr2=100 leri-cr3=100,leri-cr1=13 leri-cr2=100 leri-cr3=100,leri-cr1=13 leri-cr2=100 leri-cr3=100,1171Mbit,1171Mbit,1
1790974068.964,leri-cr1=13 leri-cr2=100 leri-cr3=100,leri-cr1=13 leri-cr2=100 leri-cr3=100,leri-cr1=13 leri-cr2=100 leri-cr3=100,1171Mbit,1171Mbit,1
1790974079.016,leri-cr1=13 leri-cr2=100 leri-cr3=100,leri-cr1=13 leri-cr2=100 leri-cr3=100,leri-cr1=13 leri-cr2=100 leri-cr3=100,1171Mbit,1171Mbit,1
1790974089.071,leri-cr1=13 leri-cr2=100 leri-cr3=100,leri-cr1=13 leri-cr2=100 leri-cr3=100,leri-cr1=13 leri-cr2=100 leri-cr3=100,1171Mbit,1171Mbit,1
1790974099.117,leri-cr1=13 leri-cr2=100 leri-cr3=100,leri-cr1=13 leri-cr2=100 leri-cr3=100,leri-cr1=13 leri-cr2=100 leri-cr3=100,1171Mbit,1171Mbit,1
1790974109.170,leri-cr1=13 leri-cr2=100 leri-cr3=100,leri-cr1=13 leri-cr2=100 leri-cr3=100,leri-cr1=13 leri-cr2=100 leri-cr3=100,1171Mbit,1171Mbit,1
1790974119.460,leri-cr1=13 leri-cr2=100 leri-cr3=100,leri-cr1=13 leri-cr2=100 leri-cr3=100,leri-cr1=13 leri-cr2=100 leri-cr3=100,1171Mbit,1171Mbit,1
1790974129.516,leri-cr1=13 leri-cr2=100 leri-cr3=100,leri-cr1=13 leri-cr2=100 leri-cr3=100,leri-cr1=13 leri-cr2=100 leri-cr3=100,1171Mbit,1171Mbit,1
1790974139.570,leri-cr1=13 leri-cr2=100 leri-cr3=100,leri-cr1=13 leri-cr2=100 leri-cr3=100,leri-cr1=13 leri-cr2=100 leri-cr3=100,1171Mbit,1171Mbit,1
1790974149.624,leri-cr1=13 leri-cr2=100 leri-cr3=100,leri-cr1=13 leri-cr2=100 leri-cr3=100,leri-cr1=13 leri-cr2=100 leri-cr3=100,1171Mbit,1171Mbit,1
1790974159.670,leri-cr1=13 leri-cr2=100 leri-cr3=100,leri-cr1=13 leri-cr2=100 leri-cr3=100,leri-cr1=13 leri-cr2=100 leri-cr3=100,1171Mbit,1171Mbit,1
1790974169.722,leri-cr1=13 leri-cr2=100 leri-cr3=100,leri-cr1=13 leri-cr2=100 leri-cr3=100,leri-cr1=13 leri-cr2=100 leri-cr3=100,1171Mbit,1171Mbit,1
1790974180.005,leri-cr1=13 leri-cr2=100 leri-cr3=100,leri-cr1=13 leri-cr2=100 leri-cr3=100,leri-cr1=13 leri-cr2=100 leri-cr3=100,1171Mbit,1171Mbit,1
1790974190.059,leri-cr1=13 leri-cr2=100 leri-cr3=100,leri-cr1=13 leri-cr2=100 leri-cr3=100,leri-cr1=13 leri-cr2=100 leri-cr3=100,1171Mbit,1171Mbit,1
1790974200.111,leri-cr1=13 leri-cr2=100 leri-cr3=100,leri-cr1=13 leri-cr2=100 leri-cr3=100,leri-cr1=13 leri-cr2=100 leri-cr3=100,1171Mbit,1171Mbit,1
1790974210.162,leri-cr1=13 leri-cr2=100 leri-cr3=100,leri-cr1=13 leri-cr2=100 leri-cr3=100,leri-cr1=13 leri-cr2=100 leri-cr3=100,1171Mbit,1171Mbit,1
1790974220.209,leri-cr1=13 leri-cr2=100 leri-cr3=100,leri-cr1=13 leri-cr2=100 leri-cr3=100,leri-cr1=13 leri-cr2=100 leri-cr3=100,1171Mbit,1171Mbit,1
1790974230.290,leri-cr1=13 leri-cr2=100 leri-cr3=100,leri-cr1=13 leri-cr2=100 leri-cr3=100,leri-cr1=13 leri-cr2=100 leri-cr3=100,1441Mbit,1441Mbit,0
1790974240.618,leri-cr1=13 leri-cr2=100 leri-cr3=100,leri-cr1=13 leri-cr2=100 leri-cr3=100,leri-cr1=13 leri-cr2=100 leri-cr3=100,1171Mbit,1171Mbit,0
1790974250.689,leri-cr1=13 leri-cr2=100 leri-cr3=100,leri-cr1=13 leri-cr2=100 leri-cr3=100,leri-cr1=13 leri-cr2=100 leri-cr3=100,1171Mbit,1171Mbit,0
1790974260.761,leri-cr1=13 leri-cr2=100 leri-cr3=100,leri-cr1=13 leri-cr2=100 leri-cr3=100,leri-cr1=13 leri-cr2=100 leri-cr3=100,1171Mbit,1171Mbit,0
1790974270.837,leri-cr1=13 leri-cr2=100 leri-cr3=100,leri-cr1=13 leri-cr2=100 leri-cr3=100,leri-cr1=13 leri-cr2=100 leri-cr3=100,1171Mbit,1171Mbit,0
1790974280.919,leri-cr1=13 leri-cr2=100 leri-cr3=100,leri-cr1=13 leri-cr2=100 leri-cr3=100,leri-cr1=13 leri-cr2=100 leri-cr3=100,1171Mbit,1171Mbit,0
1790974290.997,leri-cr1=13 leri-cr2=100 leri-cr3=100,leri-cr1=13 leri-cr2=100 leri-cr3=100,leri-cr1=13 leri-cr2=100 leri-cr3=100,1171Mbit,1171Mbit,0
1790974301.399,leri-cr1=13 leri-cr2=100 leri-cr3=100,leri-cr1=13 leri-cr2=100 leri-cr3=100,leri-cr1=13 leri-cr2=100 leri-cr3=100,1171Mbit,1171Mbit,0
1790974311.472,leri-cr1=13 leri-cr2=100 leri-cr3=100,leri-cr1=13 leri-cr2=100 leri-cr3=100,leri-cr1=13 leri-cr2=100 leri-cr3=100,1171Mbit,1171Mbit,0
1790974321.550,leri-cr1=13 leri-cr2=100 leri-cr3=100,leri-cr1=13 leri-cr2=100 leri-cr3=100,leri-cr1=13 leri-cr2=100 leri-cr3=100,1171Mbit,1171Mbit,0
1790974331.624,leri-cr1=13 leri-cr2=100 leri-cr3=100,leri-cr1=13 leri-cr2=100 leri-cr3=100,leri-cr1=13 leri-cr2=100 leri-cr3=100,1171Mbit,1171Mbit,0
1790974341.702,leri-cr1=13 leri-cr2=100 leri-cr3=100,leri-cr1=13 leri-cr2=100 leri-cr3=100,leri-cr1=13 leri-cr2=100 leri-cr3=100,1171Mbit,1171Mbit,0
1790974351.779,leri-cr1=13 leri-cr2=100 leri-cr3=100,leri-cr1=13 leri-cr2=100 leri-cr3=100,leri-cr1=13 leri-cr2=100 leri-cr3=100,1171Mbit,1171Mbit,0
1790974362.154,leri-cr1=13 leri-cr2=100 leri-cr3=100,leri-cr1=13 leri-cr2=100 leri-cr3=100,leri-cr1=13 leri-cr2=100 leri-cr3=100,1171Mbit,1171Mbit,0
1790974372.206,leri-cr1=13 leri-cr2=100 leri-cr3=100,leri-cr1=13 leri-cr2=100 leri-cr3=100,leri-cr1=13 leri-cr2=100 leri-cr3=100,1171Mbit,1171Mbit,1
1790974382.258,leri-cr1=13 leri-cr2=100 leri-cr3=100,leri-cr1=13 leri-cr2=100 leri-cr3=100,leri-cr1=13 leri-cr2=100 leri-cr3=100,1171Mbit,1171Mbit,1
1790974392.315,leri-cr1=13 leri-cr2=100 leri-cr3=100,leri-cr1=13 leri-cr2=100 leri-cr3=100,leri-cr1=13 leri-cr2=100 leri-cr3=100,1171Mbit,1171Mbit,1
1790974402.362,leri-cr1=13 leri-cr2=100 leri-cr3=100,leri-cr1=13 leri-cr2=100 leri-cr3=100,leri-cr1=13 leri-cr2=100 leri-cr3=100,1171Mbit,1171Mbit,1
1790974412.415,leri-cr1=13 leri-cr2=100 leri-cr3=100,leri-cr1=13 leri-cr2=100 leri-cr3=100,leri-cr1=13 leri-cr2=100 leri-cr3=100,1171Mbit,1171Mbit,1
1790974422.659,leri-cr1=13 leri-cr2=100 leri-cr3=100,leri-cr1=13 leri-cr2=100 leri-cr3=100,leri-cr1=13 leri-cr2=100 leri-cr3=100,1171Mbit,1171Mbit,1
1790974432.706,leri-cr1=13 leri-cr2=100 leri-cr3=100,leri-cr1=13 leri-cr2=100 leri-cr3=100,leri-cr1=13 leri-cr2=100 leri-cr3=100,1171Mbit,1171Mbit,1
1790974442.761,leri-cr1=13 leri-cr2=100 leri-cr3=100,leri-cr1=13 leri-cr2=100 leri-cr3=100,leri-cr1=13 leri-cr2=100 leri-cr3=100,1171Mbit,1171Mbit,1
1790974452.818,leri-cr1=13 leri-cr2=100 leri-cr3=100,leri-cr1=13 leri-cr2=100 leri-cr3=100,leri-cr1=13 leri-cr2=100 leri-cr3=100,1171Mbit,1171Mbit,1
1790974462.875,leri-cr1=13 leri-cr2=100 leri-cr3=100,leri-cr1=13 leri-cr2=100 leri-cr3=100,leri-cr1=13 leri-cr2=100 leri-cr3=100,1171Mbit,1171Mbit,1
1790974472.926,leri-cr1=13 leri-cr2=100 leri-cr3=100,leri-cr1=13 leri-cr2=100 leri-cr3=100,leri-cr1=13 leri-cr2=100 leri-cr3=100,1171Mbit,1171Mbit,1
1790974483.163,leri-cr1=13 leri-cr2=100 leri-cr3=100,leri-cr1=13 leri-cr2=100 leri-cr3=100,leri-cr1=13 leri-cr2=100 leri-cr3=100,1171Mbit,1171Mbit,1
1790974493.217,leri-cr1=13 leri-cr2=100 leri-cr3=100,leri-cr1=13 leri-cr2=100 leri-cr3=100,leri-cr1=13 leri-cr2=100 leri-cr3=100,1171Mbit,1171Mbit,1
1790974503.270,leri-cr1=13 leri-cr2=100 leri-cr3=100,leri-cr1=13 leri-cr2=100 leri-cr3=100,leri-cr1=13 leri-cr2=100 leri-cr3=100,1171Mbit,1171Mbit,1
1790974513.322,leri-cr1=13 leri-cr2=100 leri-cr3=100,leri-cr1=13 leri-cr2=100 leri-cr3=100,leri-cr1=13 leri-cr2=100 leri-cr3=100,1171Mbit,1171Mbit,1
1790974523.375,leri-cr1=13 leri-cr2=100 leri-cr3=100,leri-cr1=13 leri-cr2=100 leri-cr3=100,leri-cr1=13 leri-cr2=100 leri-cr3=100,1171Mbit,1171Mbit,1
1790974533.424,leri-cr1=13 leri-cr2=100 leri-cr3=100,leri-cr1=13 leri-cr2=100 leri-cr3=100,leri-cr1=13 leri-cr2=100 leri-cr3=100,1171Mbit,1171Mbit,0
1790974543.718,leri-cr1=13 leri-cr2=100 leri-cr3=100,leri-cr1=13 leri-cr2=100 leri-cr3=100,leri-cr1=13 leri-cr2=100 leri-cr3=100,1171Mbit,1171Mbit,0
1790974553.793,leri-cr1=13 leri-cr2=100 leri-cr3=100,leri-cr1=13 leri-cr2=100 leri-cr3=100,leri-cr1=13 leri-cr2=100 leri-cr3=100,1171Mbit,1171Mbit,0
1790974563.865,leri-cr1=13 leri-cr2=100 leri-cr3=100,leri-cr1=13 leri-cr2=100 leri-cr3=100,leri-cr1=13 leri-cr2=100 leri-cr3=100,1171Mbit,1171Mbit,0
1790974573.942,leri-cr1=13 leri-cr2=100 leri-cr3=100,leri-cr1=13 leri-cr2=100 leri-cr3=100,leri-cr1=13 leri-cr2=100 leri-cr3=100,1171Mbit,1171Mbit,0
1790974584.020,leri-cr1=13 leri-cr2=100 leri-cr3=100,leri-cr1=13 leri-cr2=100 leri-cr3=100,leri-cr1=13 leri-cr2=100 leri-cr3=100,1171Mbit,1171Mbit,0
1790974594.100,leri-cr1=13 leri-cr2=100 leri-cr3=100,leri-cr1=13 leri-cr2=100 leri-cr3=100,leri-cr1=13 leri-cr2=100 leri-cr3=100,1171Mbit,1171Mbit,0
1790974604.515,leri-cr1=13 leri-cr2=100 leri-cr3=100,leri-cr1=13 leri-cr2=100 leri-cr3=100,leri-cr1=13 leri-cr2=100 leri-cr3=100,1171Mbit,1171Mbit,0
1790974614.596,leri-cr1=13 leri-cr2=100 leri-cr3=100,leri-cr1=13 leri-cr2=100 leri-cr3=100,leri-cr1=13 leri-cr2=100 leri-cr3=100,1171Mbit,1171Mbit,0
1790974624.677,leri-cr1=13 leri-cr2=100 leri-cr3=100,leri-cr1=13 leri-cr2=100 leri-cr3=100,leri-cr1=13 leri-cr2=100 leri-cr3=100,1171Mbit,1171Mbit,0
1790974634.756,leri-cr1=13 leri-cr2=100 leri-cr3=100,leri-cr1=13 leri-cr2=100 leri-cr3=100,leri-cr1=13 leri-cr2=100 leri-cr3=100,1171Mbit,1171Mbit,0
1790974644.833,leri-cr1=13 leri-cr2=100 leri-cr3=100,leri-cr1=13 leri-cr2=100 leri-cr3=100,leri-cr1=13 leri-cr2=100 leri-cr3=100,1171Mbit,1171Mbit,0
1790974654.912,leri-cr1=13 leri-cr2=100 leri-cr3=100,leri-cr1=13 leri-cr2=100 leri-cr3=100,leri-cr1=13 leri-cr2=100 leri-cr3=100,1171Mbit,1171Mbit,0
1790974665.292,leri-cr1=13 leri-cr2=100 leri-cr3=100,leri-cr1=13 leri-cr2=100 leri-cr3=100,leri-cr1=13 leri-cr2=100 leri-cr3=100,1171Mbit,1171Mbit,0
1790974675.343,leri-cr1=13 leri-cr2=100 leri-cr3=100,leri-cr1=13 leri-cr2=100 leri-cr3=100,leri-cr1=13 leri-cr2=100 leri-cr3=100,1171Mbit,1171Mbit,1
1790974685.398,leri-cr1=13 leri-cr2=100 leri-cr3=100,leri-cr1=13 leri-cr2=100 leri-cr3=100,leri-cr1=13 leri-cr2=100 leri-cr3=100,1171Mbit,1171Mbit,1
1790974695.463,leri-cr1=13 leri-cr2=100 leri-cr3=100,leri-cr1=13 leri-cr2=100 leri-cr3=100,leri-cr1=13 leri-cr2=100 leri-cr3=100,1171Mbit,1171Mbit,1
1790974705.518,leri-cr1=13 leri-cr2=100 leri-cr3=100,leri-cr1=13 leri-cr2=100 leri-cr3=100,leri-cr1=13 leri-cr2=100 leri-cr3=100,1171Mbit,1171Mbit,1
1790974715.566,leri-cr1=13 leri-cr2=100 leri-cr3=100,leri-cr1=13 leri-cr2=100 leri-cr3=100,leri-cr1=13 leri-cr2=100 leri-cr3=100,1171Mbit,1171Mbit,1
1790974725.826,leri-cr1=13 leri-cr2=100 leri-cr3=100,leri-cr1=13 leri-cr2=100 leri-cr3=100,leri-cr1=13 leri-cr2=100 leri-cr3=100,1171Mbit,1171Mbit,1
1790974735.878,leri-cr1=13 leri-cr2=100 leri-cr3=100,leri-cr1=13 leri-cr2=100 leri-cr3=100,leri-cr1=13 leri-cr2=100 leri-cr3=100,1171Mbit,1171Mbit,1
1790974745.929,leri-cr1=13 leri-cr2=100 leri-cr3=100,leri-cr1=13 leri-cr2=100 leri-cr3=100,leri-cr1=13 leri-cr2=100 leri-cr3=100,1171Mbit,1171Mbit,1
1790974755.979,leri-cr1=13 leri-cr2=100 leri-cr3=100,leri-cr1=13 leri-cr2=100 leri-cr3=100,leri-cr1=13 leri-cr2=100 leri-cr3=100,1171Mbit,1171Mbit,1
1790974766.030,leri-cr1=13 leri-cr2=100 leri-cr3=100,leri-cr1=13 leri-cr2=100 leri-cr3=100,leri-cr1=13 leri-cr2=100 leri-cr3=100,1171Mbit,1171Mbit,1
1790974776.287,leri-cr1=13 leri-cr2=100 leri-cr3=100,leri-cr1=13 leri-cr2=100 leri-cr3=100,leri-cr1=13 leri-cr2=100 leri-cr3=100,1171Mbit,1171Mbit,1
1790974786.339,leri-cr1=13 leri-cr2=100 leri-cr3=100,leri-cr1=13 leri-cr2=100 leri-cr3=100,leri-cr1=13 leri-cr2=100 leri-cr3=100,1171Mbit,1171Mbit,1
1790974796.392,leri-cr1=13 leri-cr2=100 leri-cr3=100,leri-cr1=13 leri-cr2=100 leri-cr3=100,leri-cr1=13 leri-cr2=100 leri-cr3=100,1171Mbit,1171Mbit,1
1790974806.442,leri-cr1=13 leri-cr2=100 leri-cr3=100,leri-cr1=13 leri-cr2=100 leri-cr3=100,leri-cr1=13 leri-cr2=100 leri-cr3=100,1171Mbit,1171Mbit,1
1790974816.491,leri-cr1=13 leri-cr2=100 leri-cr3=100,leri-cr1=13 leri-cr2=100 leri-cr3=100,leri-cr1=13 leri-cr2=100 leri-cr3=100,1171Mbit,1171Mbit,1
1790974826.539,leri-cr1=13 leri-cr2=100 leri-cr3=100,leri-cr1=13 leri-cr2=100 leri-cr3=100,leri-cr1=13 leri-cr2=100 leri-cr3=100,1171Mbit,1171Mbit,1
1790974836.835,leri-cr1=13 leri-cr2=100 leri-cr3=100,leri-cr1=13 leri-cr2=100 leri-cr3=100,leri-cr1=13 leri-cr2=100 leri-cr3=100,1171Mbit,1171Mbit,1
1790974846.886,leri-cr1=13 leri-cr2=100 leri-cr3=100,leri-cr1=13 leri-cr2=100 leri-cr3=100,leri-cr1=13 leri-cr2=100 leri-cr3=100,1171Mbit,1171Mbit,1
1790974856.936,leri-cr1=13 leri-cr2=100 leri-cr3=100,leri-cr1=13 leri-cr2=100 leri-cr3=100,leri-cr1=13 leri-cr2=100 leri-cr3=100,1171Mbit,1171Mbit,1
1790974866.994,leri-cr1=13 leri-cr2=100 leri-cr3=100,leri-cr1=13 leri-cr2=100 leri-cr3=100,leri-cr1=13 leri-cr2=100 leri-cr3=100,1171Mbit,1171Mbit,1
1790974877.039,leri-cr1=13 leri-cr2=100 leri-cr3=100,leri-cr1=13 leri-cr2=100 leri-cr3=100,leri-cr1=13 leri-cr2=100 leri-cr3=100,1171Mbit,1171Mbit,1
1790974887.089,leri-cr1=13 leri-cr2=100 leri-cr3=100,leri-cr1=13 leri-cr2=100 leri-cr3=100,leri-cr1=13 leri-cr2=100 leri-cr3=100,1171Mbit,1171Mbit,1
1790974897.366,leri-cr1=13 leri-cr2=100 leri-cr3=100,leri-cr1=13 leri-cr2=100 leri-cr3=100,leri-cr1=13 leri-cr2=100 leri-cr3=100,1171Mbit,1171Mbit,1
1790974907.419,leri-cr1=13 leri-cr2=100 leri-cr3=100,leri-cr1=13 leri-cr2=100 leri-cr3=100,leri-cr1=13 leri-cr2=100 leri-cr3=100,1171Mbit,1171Mbit,1
1790974917.472,leri-cr1=13 leri-cr2=100 leri-cr3=100,leri-cr1=13 leri-cr2=100 leri-cr3=100,leri-cr1=13 leri-cr2=100 leri-cr3=100,1171Mbit,1171Mbit,1
1790974927.527,leri-cr1=13 leri-cr2=100 leri-cr3=100,leri-cr1=13 leri-cr2=100 leri-cr3=100,leri-cr1=13 leri-cr2=100 leri-cr3=100,1171Mbit,1171Mbit,1
1790974937.582,leri-cr1=13 leri-cr2=100 leri-cr3=100,leri-cr1=13 leri-cr2=100 leri-cr3=100,leri-cr1=13 leri-cr2=100 leri-cr3=100,1171Mbit,1171Mbit,1
1790974947.634,leri-cr1=13 leri-cr2=100 leri-cr3=100,leri-cr1=13 leri-cr2=100 leri-cr3=100,leri-cr1=13 leri-cr2=100 leri-cr3=100,1171Mbit,1171Mbit,1
1790974957.952,leri-cr1=13 leri-cr2=100 leri-cr3=100,leri-cr1=13 leri-cr2=100 leri-cr3=100,leri-cr1=13 leri-cr2=100 leri-cr3=100,1171Mbit,1171Mbit,1
1790974968.011,leri-cr1=13 leri-cr2=100 leri-cr3=100,leri-cr1=13 leri-cr2=100 leri-cr3=100,leri-cr1=13 leri-cr2=100 leri-cr3=100,1171Mbit,1171Mbit,1
1790974978.057,leri-cr1=13 leri-cr2=100 leri-cr3=100,leri-cr1=13 leri-cr2=100 leri-cr3=100,leri-cr1=13 leri-cr2=100 leri-cr3=100,1171Mbit,1171Mbit,1
1790974988.110,leri-cr1=13 leri-cr2=100 leri-cr3=100,leri-cr1=13 leri-cr2=100 leri-cr3=100,leri-cr1=13 leri-cr2=100 leri-cr3=100,1171Mbit,1171Mbit,1
1790974998.164,leri-cr1=13 leri-cr2=100 leri-cr3=100,leri-cr1=13 leri-cr2=100 leri-cr3=100,leri-cr1=13 leri-cr2=100 leri-cr3=100,1171Mbit,1171Mbit,1
1790975008.221,leri-cr1=13 leri-cr2=100 leri-cr3=100,leri-cr1=13 leri-cr2=100 leri-cr3=100,leri-cr1=13 leri-cr2=100 leri-cr3=100,1171Mbit,1171Mbit,1
1790975018.495,leri-cr1=13 leri-cr2=100 leri-cr3=100,leri-cr1=13 leri-cr2=100 leri-cr3=100,leri-cr1=13 leri-cr2=100 leri-cr3=100,1171Mbit,1171Mbit,1
1790975028.546,leri-cr1=13 leri-cr2=100 leri-cr3=100,leri-cr1=13 leri-cr2=100 leri-cr3=100,leri-cr1=13 leri-cr2=100 leri-cr3=100,1171Mbit,1171Mbit,1
1790975038.590,leri-cr1=13 leri-cr2=100 leri-cr3=100,leri-cr1=13 leri-cr2=100 leri-cr3=100,leri-cr1=13 leri-cr2=100 leri-cr3=100,1171Mbit,1171Mbit,1
1790975048.645,leri-cr1=13 leri-cr2=100 leri-cr3=100,leri-cr1=13 leri-cr2=100 leri-cr3=100,leri-cr1=13 leri-cr2=100 leri-cr3=100,1171Mbit,1171Mbit,1
1790975058.698,leri-cr1=13 leri-cr2=100 leri-cr3=100,leri-cr1=13 leri-cr2=100 leri-cr3=100,leri-cr1=13 leri-cr2=100 leri-cr3=100,1171Mbit,1171Mbit,1
1790975068.751,leri-cr1=13 leri-cr2=100 leri-cr3=100,leri-cr1=13 leri-cr2=100 leri-cr3=100,leri-cr1=13 leri-cr2=100 leri-cr3=100,1171Mbit,1171Mbit,1
1790975079.027,leri-cr1=13 leri-cr2=100 leri-cr3=100,leri-cr1=13 leri-cr2=100 leri-cr3=100,leri-cr1=13 leri-cr2=100 leri-cr3=100,1171Mbit,1171Mbit,1
1790975089.073,leri-cr1=13 leri-cr2=100 leri-cr3=100,leri-cr1=13 leri-cr2=100 leri-cr3=100,leri-cr1=13 leri-cr2=100 leri-cr3=100,1171Mbit,1171Mbit,1
1790975099.126,leri-cr1=13 leri-cr2=100 leri-cr3=100,leri-cr1=13 leri-cr2=100 leri-cr3=100,leri-cr1=13 leri-cr2=100 leri-cr3=100,1171Mbit,1171Mbit,1
1790975109.178,leri-cr1=13 leri-cr2=100 leri-cr3=100,leri-cr1=13 leri-cr2=100 leri-cr3=100,leri-cr1=13 leri-cr2=100 leri-cr3=100,1171Mbit,1171Mbit,1
1790975119.227,leri-cr1=13 leri-cr2=100 leri-cr3=100,leri-cr1=13 leri-cr2=100 leri-cr3=100,leri-cr1=13 leri-cr2=100 leri-cr3=100,1171Mbit,1171Mbit,1
1790975129.278,leri-cr1=13 leri-cr2=100 leri-cr3=100,leri-cr1=13 leri-cr2=100 leri-cr3=100,leri-cr1=13 leri-cr2=100 leri-cr3=100,1171Mbit,1171Mbit,1
1790975139.514,leri-cr1=13 leri-cr2=100 leri-cr3=100,leri-cr1=13 leri-cr2=100 leri-cr3=100,leri-cr1=13 leri-cr2=100 leri-cr3=100,1171Mbit,1171Mbit,0
1790975149.587,leri-cr1=13 leri-cr2=100 leri-cr3=100,leri-cr1=13 leri-cr2=100 leri-cr3=100,leri-cr1=13 leri-cr2=100 leri-cr3=100,1171Mbit,1171Mbit,0
1790975159.663,leri-cr1=13 leri-cr2=100 leri-cr3=100,leri-cr1=13 leri-cr2=100 leri-cr3=100,leri-cr1=13 leri-cr2=100 leri-cr3=100,1171Mbit,1171Mbit,0
1790975169.738,leri-cr1=13 leri-cr2=100 leri-cr3=100,leri-cr1=13 leri-cr2=100 leri-cr3=100,leri-cr1=13 leri-cr2=100 leri-cr3=100,1171Mbit,1171Mbit,0
1790975179.812,leri-cr1=13 leri-cr2=100 leri-cr3=100,leri-cr1=13 leri-cr2=100 leri-cr3=100,leri-cr1=13 leri-cr2=100 leri-cr3=100,1171Mbit,1171Mbit,0
1790975189.889,leri-cr1=13 leri-cr2=100 leri-cr3=100,leri-cr1=13 leri-cr2=100 leri-cr3=100,leri-cr1=13 leri-cr2=100 leri-cr3=100,1171Mbit,1171Mbit,0
1790975200.293,leri-cr1=13 leri-cr2=100 leri-cr3=100,leri-cr1=13 leri-cr2=100 leri-cr3=100,leri-cr1=13 leri-cr2=100 leri-cr3=100,1171Mbit,1171Mbit,0
1790975210.369,leri-cr1=13 leri-cr2=100 leri-cr3=100,leri-cr1=13 leri-cr2=100 leri-cr3=100,leri-cr1=13 leri-cr2=100 leri-cr3=100,1171Mbit,1171Mbit,0
1790975220.447,leri-cr1=13 leri-cr2=100 leri-cr3=100,leri-cr1=13 leri-cr2=100 leri-cr3=100,leri-cr1=13 leri-cr2=100 leri-cr3=100,1171Mbit,1171Mbit,0
1790975230.525,leri-cr1=13 leri-cr2=100 leri-cr3=100,leri-cr1=13 leri-cr2=100 leri-cr3=100,leri-cr1=13 leri-cr2=100 leri-cr3=100,1171Mbit,1171Mbit,0
1790975240.596,leri-cr1=13 leri-cr2=100 leri-cr3=100,leri-cr1=13 leri-cr2=100 leri-cr3=100,leri-cr1=13 leri-cr2=100 leri-cr3=100,1171Mbit,1171Mbit,0
1790975250.675,leri-cr1=13 leri-cr2=100 leri-cr3=100,leri-cr1=13 leri-cr2=100 leri-cr3=100,leri-cr1=13 leri-cr2=100 leri-cr3=100,1171Mbit,1171Mbit,0
1790975261.076,leri-cr1=13 leri-cr2=100 leri-cr3=100,leri-cr1=13 leri-cr2=100 leri-cr3=100,leri-cr1=13 leri-cr2=100 leri-cr3=100,1171Mbit,1171Mbit,0
1790975271.127,leri-cr1=13 leri-cr2=100 leri-cr3=100,leri-cr1=13 leri-cr2=100 leri-cr3=100,leri-cr1=13 leri-cr2=100 leri-cr3=100,1171Mbit,1171Mbit,1
1790975281.179,leri-cr1=13 leri-cr2=100 leri-cr3=100,leri-cr1=13 leri-cr2=100 leri-cr3=100,leri-cr1=13 leri-cr2=100 leri-cr3=100,1171Mbit,1171Mbit,1
1790975291.265,leri-cr1=13 leri-cr2=100 leri-cr3=100,leri-cr1=13 leri-cr2=100 leri-cr3=100,leri-cr1=13 leri-cr2=100 leri-cr3=100,1171Mbit,1171Mbit,1
1790975301.324,leri-cr1=13 leri-cr2=100 leri-cr3=100,leri-cr1=13 leri-cr2=100 leri-cr3=100,leri-cr1=13 leri-cr2=100 leri-cr3=100,1171Mbit,1171Mbit,1
1790975311.382,leri-cr1=13 leri-cr2=100 leri-cr3=100,leri-cr1=13 leri-cr2=100 leri-cr3=100,leri-cr1=13 leri-cr2=100 leri-cr3=100,1171Mbit,1171Mbit,1
1790975321.688,leri-cr1=13 leri-cr2=100 leri-cr3=100,leri-cr1=13 leri-cr2=100 leri-cr3=100,leri-cr1=13 leri-cr2=100 leri-cr3=100,1171Mbit,1171Mbit,1
1790975331.734,leri-cr1=13 leri-cr2=100 leri-cr3=100,leri-cr1=13 leri-cr2=100 leri-cr3=100,leri-cr1=13 leri-cr2=100 leri-cr3=100,1171Mbit,1171Mbit,1
1790975341.786,leri-cr1=13 leri-cr2=100 leri-cr3=100,leri-cr1=13 leri-cr2=100 leri-cr3=100,leri-cr1=13 leri-cr2=100 leri-cr3=100,1171Mbit,1171Mbit,1
1790975351.838,leri-cr1=13 leri-cr2=100 leri-cr3=100,leri-cr1=13 leri-cr2=100 leri-cr3=100,leri-cr1=13 leri-cr2=100 leri-cr3=100,1171Mbit,1171Mbit,1
1790975361.891,leri-cr1=13 leri-cr2=100 leri-cr3=100,leri-cr1=13 leri-cr2=100 leri-cr3=100,leri-cr1=13 leri-cr2=100 leri-cr3=100,1171Mbit,1171Mbit,1
1790975371.950,leri-cr1=13 leri-cr2=100 leri-cr3=100,leri-cr1=13 leri-cr2=100 leri-cr3=100,leri-cr1=13 leri-cr2=100 leri-cr3=100,1171Mbit,1171Mbit,1
1790975382.256,leri-cr1=13 leri-cr2=100 leri-cr3=100,leri-cr1=13 leri-cr2=100 leri-cr3=100,leri-cr1=13 leri-cr2=100 leri-cr3=100,1171Mbit,1171Mbit,1
1790975392.311,leri-cr1=13 leri-cr2=100 leri-cr3=100,leri-cr1=13 leri-cr2=100 leri-cr3=100,leri-cr1=13 leri-cr2=100 leri-cr3=100,1171Mbit,1171Mbit,1
1790975402.361,leri-cr1=13 leri-cr2=100 leri-cr3=100,leri-cr1=13 leri-cr2=100 leri-cr3=100,leri-cr1=13 leri-cr2=100 leri-cr3=100,1171Mbit,1171Mbit,1
1790975412.420,leri-cr1=13 leri-cr2=100 leri-cr3=100,leri-cr1=13 leri-cr2=100 leri-cr3=100,leri-cr1=13 leri-cr2=100 leri-cr3=100,1171Mbit,1171Mbit,1
1790975422.466,leri-cr1=13 leri-cr2=100 leri-cr3=100,leri-cr1=13 leri-cr2=100 leri-cr3=100,leri-cr1=13 leri-cr2=100 leri-cr3=100,1171Mbit,1171Mbit,1
1790975432.518,leri-cr1=13 leri-cr2=100 leri-cr3=100,leri-cr1=13 leri-cr2=100 leri-cr3=100,leri-cr1=13 leri-cr2=100 leri-cr3=100,1171Mbit,1171Mbit,1
1790975442.795,leri-cr1=13 leri-cr2=100 leri-cr3=100,leri-cr1=13 leri-cr2=100 leri-cr3=100,leri-cr1=13 leri-cr2=100 leri-cr3=100,1171Mbit,1171Mbit,1
1790975452.844,leri-cr1=13 leri-cr2=100 leri-cr3=100,leri-cr1=13 leri-cr2=100 leri-cr3=100,leri-cr1=13 leri-cr2=100 leri-cr3=100,1171Mbit,1171Mbit,1
1790975462.900,leri-cr1=13 leri-cr2=100 leri-cr3=100,leri-cr1=13 leri-cr2=100 leri-cr3=100,leri-cr1=13 leri-cr2=100 leri-cr3=100,1171Mbit,1171Mbit,1
1790975472.954,leri-cr1=13 leri-cr2=100 leri-cr3=100,leri-cr1=13 leri-cr2=100 leri-cr3=100,leri-cr1=13 leri-cr2=100 leri-cr3=100,1171Mbit,1171Mbit,1
1790975483.010,leri-cr1=13 leri-cr2=100 leri-cr3=100,leri-cr1=13 leri-cr2=100 leri-cr3=100,leri-cr1=13 leri-cr2=100 leri-cr3=100,1171Mbit,1171Mbit,1
1790975493.058,leri-cr1=13 leri-cr2=100 leri-cr3=100,leri-cr1=13 leri-cr2=100 leri-cr3=100,leri-cr1=13 leri-cr2=100 leri-cr3=100,1171Mbit,1171Mbit,1
1790975503.330,leri-cr1=13 leri-cr2=100 leri-cr3=100,leri-cr1=13 leri-cr2=100 leri-cr3=100,leri-cr1=13 leri-cr2=100 leri-cr3=100,1171Mbit,1171Mbit,1
1790975513.382,leri-cr1=13 leri-cr2=100 leri-cr3=100,leri-cr1=13 leri-cr2=100 leri-cr3=100,leri-cr1=13 leri-cr2=100 leri-cr3=100,1171Mbit,1171Mbit,1
1790975523.430,leri-cr1=13 leri-cr2=100 leri-cr3=100,leri-cr1=13 leri-cr2=100 leri-cr3=100,leri-cr1=13 leri-cr2=100 leri-cr3=100,1171Mbit,1171Mbit,1
1790975533.482,leri-cr1=13 leri-cr2=100 leri-cr3=100,leri-cr1=13 leri-cr2=100 leri-cr3=100,leri-cr1=13 leri-cr2=100 leri-cr3=100,1171Mbit,1171Mbit,1
1790975543.534,leri-cr1=13 leri-cr2=100 leri-cr3=100,leri-cr1=13 leri-cr2=100 leri-cr3=100,leri-cr1=13 leri-cr2=100 leri-cr3=100,1171Mbit,1171Mbit,1
1790975553.580,leri-cr1=13 leri-cr2=100 leri-cr3=100,leri-cr1=13 leri-cr2=100 leri-cr3=100,leri-cr1=13 leri-cr2=100 leri-cr3=100,1171Mbit,1171Mbit,1
1790975563.875,leri-cr1=13 leri-cr2=100 leri-cr3=100,leri-cr1=13 leri-cr2=100 leri-cr3=100,leri-cr1=13 leri-cr2=100 leri-cr3=100,1171Mbit,1171Mbit,1
1790975573.927,leri-cr1=13 leri-cr2=100 leri-cr3=100,leri-cr1=13 leri-cr2=100 leri-cr3=100,leri-cr1=13 leri-cr2=100 leri-cr3=100,1171Mbit,1171Mbit,1
1790975583.979,leri-cr1=13 leri-cr2=100 leri-cr3=100,leri-cr1=13 leri-cr2=100 leri-cr3=100,leri-cr1=13 leri-cr2=100 leri-cr3=100,1171Mbit,1171Mbit,1
1790975594.023,leri-cr1=13 leri-cr2=100 leri-cr3=100,leri-cr1=13 leri-cr2=100 leri-cr3=100,leri-cr1=13 leri-cr2=100 leri-cr3=100,1171Mbit,1171Mbit,1
1790975604.075,leri-cr1=13 leri-cr2=100 leri-cr3=100,leri-cr1=13 leri-cr2=100 leri-cr3=100,leri-cr1=13 leri-cr2=100 leri-cr3=100,1171Mbit,1171Mbit,1
1790975614.122,leri-cr1=13 leri-cr2=100 leri-cr3=100,leri-cr1=13 leri-cr2=100 leri-cr3=100,leri-cr1=13 leri-cr2=100 leri-cr3=100,1171Mbit,1171Mbit,1
1790975624.329,leri-cr1=13 leri-cr2=100 leri-cr3=100,leri-cr1=13 leri-cr2=100 leri-cr3=100,leri-cr1=13 leri-cr2=100 leri-cr3=100,1171Mbit,1171Mbit,1
1790975634.384,leri-cr1=13 leri-cr2=100 leri-cr3=100,leri-cr1=13 leri-cr2=100 leri-cr3=100,leri-cr1=13 leri-cr2=100 leri-cr3=100,1171Mbit,1171Mbit,1
1790975644.435,leri-cr1=13 leri-cr2=100 leri-cr3=100,leri-cr1=13 leri-cr2=100 leri-cr3=100,leri-cr1=13 leri-cr2=100 leri-cr3=100,1171Mbit,1171Mbit,1
1790975654.487,leri-cr1=13 leri-cr2=100 leri-cr3=100,leri-cr1=13 leri-cr2=100 leri-cr3=100,leri-cr1=13 leri-cr2=100 leri-cr3=100,1171Mbit,1171Mbit,1
1790975664.530,leri-cr1=13 leri-cr2=100 leri-cr3=100,leri-cr1=13 leri-cr2=100 leri-cr3=100,leri-cr1=13 leri-cr2=100 leri-cr3=100,1171Mbit,1171Mbit,1
1790975674.583,leri-cr1=13 leri-cr2=100 leri-cr3=100,leri-cr1=13 leri-cr2=100 leri-cr3=100,leri-cr1=13 leri-cr2=100 leri-cr3=100,1171Mbit,1171Mbit,1
1790975684.888,leri-cr1=13 leri-cr2=100 leri-cr3=100,leri-cr1=13 leri-cr2=100 leri-cr3=100,leri-cr1=13 leri-cr2=100 leri-cr3=100,1171Mbit,1171Mbit,1
1790975694.943,leri-cr1=13 leri-cr2=100 leri-cr3=100,leri-cr1=13 leri-cr2=100 leri-cr3=100,leri-cr1=13 leri-cr2=100 leri-cr3=100,1171Mbit,1171Mbit,1
1790975704.993,leri-cr1=13 leri-cr2=100 leri-cr3=100,leri-cr1=13 leri-cr2=100 leri-cr3=100,leri-cr1=13 leri-cr2=100 leri-cr3=100,1171Mbit,1171Mbit,1
1790975715.039,leri-cr1=13 leri-cr2=100 leri-cr3=100,leri-cr1=13 leri-cr2=100 leri-cr3=100,leri-cr1=13 leri-cr2=100 leri-cr3=100,1171Mbit,1171Mbit,1
1790975725.093,leri-cr1=13 leri-cr2=100 leri-cr3=100,leri-cr1=13 leri-cr2=100 leri-cr3=100,leri-cr1=13 leri-cr2=100 leri-cr3=100,1171Mbit,1171Mbit,1
1790975735.150,leri-cr1=13 leri-cr2=100 leri-cr3=100,leri-cr1=13 leri-cr2=100 leri-cr3=100,leri-cr1=13 leri-cr2=100 leri-cr3=100,1171Mbit,1171Mbit,0
1790975745.453,leri-cr1=13 leri-cr2=100 leri-cr3=100,leri-cr1=13 leri-cr2=100 leri-cr3=100,leri-cr1=13 leri-cr2=100 leri-cr3=100,1171Mbit,1171Mbit,0
1790975755.530,leri-cr1=13 leri-cr2=100 leri-cr3=100,leri-cr1=13 leri-cr2=100 leri-cr3=100,leri-cr1=13 leri-cr2=100 leri-cr3=100,1171Mbit,1171Mbit,0
1790975765.605,leri-cr1=13 leri-cr2=100 leri-cr3=100,leri-cr1=13 leri-cr2=100 leri-cr3=100,leri-cr1=13 leri-cr2=100 leri-cr3=100,1171Mbit,1171Mbit,0
1790975775.683,leri-cr1=13 leri-cr2=100 leri-cr3=100,leri-cr1=13 leri-cr2=100 leri-cr3=100,leri-cr1=13 leri-cr2=100 leri-cr3=100,1171Mbit,1171Mbit,0
1790975785.760,leri-cr1=13 leri-cr2=100 leri-cr3=100,leri-cr1=13 leri-cr2=100 leri-cr3=100,leri-cr1=13 leri-cr2=100 leri-cr3=100,1171Mbit,1171Mbit,0
1790975795.838,leri-cr1=13 leri-cr2=100 leri-cr3=100,leri-cr1=13 leri-cr2=100 leri-cr3=100,leri-cr1=13 leri-cr2=100 leri-cr3=100,1171Mbit,1171Mbit,0
1790975806.240,leri-cr1=13 leri-cr2=100 leri-cr3=100,leri-cr1=13 leri-cr2=100 leri-cr3=100,leri-cr1=13 leri-cr2=100 leri-cr3=100,1171Mbit,1171Mbit,0
1790975816.316,leri-cr1=13 leri-cr2=100 leri-cr3=100,leri-cr1=13 leri-cr2=100 leri-cr3=100,leri-cr1=13 leri-cr2=100 leri-cr3=100,1171Mbit,1171Mbit,0
1790975826.390,leri-cr1=13 leri-cr2=100 leri-cr3=100,leri-cr1=13 leri-cr2=100 leri-cr3=100,leri-cr1=13 leri-cr2=100 leri-cr3=100,1171Mbit,1171Mbit,0
1790975836.471,leri-cr1=13 leri-cr2=100 leri-cr3=100,leri-cr1=13 leri-cr2=100 leri-cr3=100,leri-cr1=13 leri-cr2=100 leri-cr3=100,1171Mbit,1171Mbit,0
1790975846.549,leri-cr1=13 leri-cr2=100 leri-cr3=100,leri-cr1=13 leri-cr2=100 leri-cr3=100,leri-cr1=13 leri-cr2=100 leri-cr3=100,1171Mbit,1171Mbit,0
1790975856.626,leri-cr1=13 leri-cr2=100 leri-cr3=100,leri-cr1=13 leri-cr2=100 leri-cr3=100,leri-cr1=13 leri-cr2=100 leri-cr3=100,1171Mbit,1171Mbit,0
1790975867.059,leri-cr1=13 leri-cr2=100 leri-cr3=100,leri-cr1=13 leri-cr2=100 leri-cr3=100,leri-cr1=13 leri-cr2=100 leri-cr3=100,1171Mbit,1171Mbit,0
1790975877.114,leri-cr1=13 leri-cr2=100 leri-cr3=100,leri-cr1=13 leri-cr2=100 leri-cr3=100,leri-cr1=13 leri-cr2=100 leri-cr3=100,1171Mbit,1171Mbit,1
1790975887.168,leri-cr1=13 leri-cr2=100 leri-cr3=100,leri-cr1=13 leri-cr2=100 leri-cr3=100,leri-cr1=13 leri-cr2=100 leri-cr3=100,1171Mbit,1171Mbit,1
1790975897.217,leri-cr1=13 leri-cr2=100 leri-cr3=100,leri-cr1=13 leri-cr2=100 leri-cr3=100,leri-cr1=13 leri-cr2=100 leri-cr3=100,1171Mbit,1171Mbit,1
1790975907.271,leri-cr1=13 leri-cr2=100 leri-cr3=100,leri-cr1=13 leri-cr2=100 leri-cr3=100,leri-cr1=13 leri-cr2=100 leri-cr3=100,1171Mbit,1171Mbit,1
1790975917.319,leri-cr1=13 leri-cr2=100 leri-cr3=100,leri-cr1=13 leri-cr2=100 leri-cr3=100,leri-cr1=13 leri-cr2=100 leri-cr3=100,1171Mbit,1171Mbit,1
1790975927.633,leri-cr1=13 leri-cr2=100 leri-cr3=100,leri-cr1=13 leri-cr2=100 leri-cr3=100,leri-cr1=13 leri-cr2=100 leri-cr3=100,1171Mbit,1171Mbit,1
1790975937.680,leri-cr1=13 leri-cr2=100 leri-cr3=100,leri-cr1=13 leri-cr2=100 leri-cr3=100,leri-cr1=13 leri-cr2=100 leri-cr3=100,1171Mbit,1171Mbit,1
1790975947.730,leri-cr1=13 leri-cr2=100 leri-cr3=100,leri-cr1=13 leri-cr2=100 leri-cr3=100,leri-cr1=13 leri-cr2=100 leri-cr3=100,1171Mbit,1171Mbit,1
1790975957.791,leri-cr1=13 leri-cr2=100 leri-cr3=100,leri-cr1=13 leri-cr2=100 leri-cr3=100,leri-cr1=13 leri-cr2=100 leri-cr3=100,1171Mbit,1171Mbit,1
1790975967.840,leri-cr1=13 leri-cr2=100 leri-cr3=100,leri-cr1=13 leri-cr2=100 leri-cr3=100,leri-cr1=13 leri-cr2=100 leri-cr3=100,1171Mbit,1171Mbit,1
1790975977.894,leri-cr1=13 leri-cr2=100 leri-cr3=100,leri-cr1=13 leri-cr2=100 leri-cr3=100,leri-cr1=13 leri-cr2=100 leri-cr3=100,1171Mbit,1171Mbit,1
1790975988.174,leri-cr1=13 leri-cr2=100 leri-cr3=100,leri-cr1=13 leri-cr2=100 leri-cr3=100,leri-cr1=13 leri-cr2=100 leri-cr3=100,1171Mbit,1171Mbit,1
1790975998.220,leri-cr1=13 leri-cr2=100 leri-cr3=100,leri-cr1=13 leri-cr2=100 leri-cr3=100,leri-cr1=13 leri-cr2=100 leri-cr3=100,1171Mbit,1171Mbit,1
1790976008.273,leri-cr1=13 leri-cr2=100 leri-cr3=100,leri-cr1=13 leri-cr2=100 leri-cr3=100,leri-cr1=13 leri-cr2=100 leri-cr3=100,1171Mbit,1171Mbit,1
1790976018.330,leri-cr1=13 leri-cr2=100 leri-cr3=100,leri-cr1=13 leri-cr2=100 leri-cr3=100,leri-cr1=13 leri-cr2=100 leri-cr3=100,1171Mbit,1171Mbit,1
1790976028.385,leri-cr1=13 leri-cr2=100 leri-cr3=100,leri-cr1=13 leri-cr2=100 leri-cr3=100,leri-cr1=13 leri-cr2=100 leri-cr3=100,1171Mbit,1171Mbit,1
1790976038.660,leri-cr1=13 leri-cr2=100 leri-cr3=100,leri-cr1=13 leri-cr2=100 leri-cr3=100,leri-cr1=13 leri-cr2=100 leri-cr3=100,1171Mbit,1171Mbit,1
1790976048.714,leri-cr1=13 leri-cr2=100 leri-cr3=100,leri-cr1=13 leri-cr2=100 leri-cr3=100,leri-cr1=13 leri-cr2=100 leri-cr3=100,1171Mbit,1171Mbit,1
1790976058.766,leri-cr1=13 leri-cr2=100 leri-cr3=100,leri-cr1=13 leri-cr2=100 leri-cr3=100,leri-cr1=13 leri-cr2=100 leri-cr3=100,1171Mbit,1171Mbit,1
1790976068.818,leri-cr1=13 leri-cr2=100 leri-cr3=100,leri-cr1=13 leri-cr2=100 leri-cr3=100,leri-cr1=13 leri-cr2=100 leri-cr3=100,1171Mbit,1171Mbit,1
1790976078.872,leri-cr1=13 leri-cr2=100 leri-cr3=100,leri-cr1=13 leri-cr2=100 leri-cr3=100,leri-cr1=13 leri-cr2=100 leri-cr3=100,1171Mbit,1171Mbit,1
1790976088.921,leri-cr1=13 leri-cr2=100 leri-cr3=100,leri-cr1=13 leri-cr2=100 leri-cr3=100,leri-cr1=13 leri-cr2=100 leri-cr3=100,1171Mbit,1171Mbit,1
1790976099.211,leri-cr1=13 leri-cr2=100 leri-cr3=100,leri-cr1=13 leri-cr2=100 leri-cr3=100,leri-cr1=13 leri-cr2=100 leri-cr3=100,1171Mbit,1171Mbit,1
1790976109.257,leri-cr1=13 leri-cr2=100 leri-cr3=100,leri-cr1=13 leri-cr2=100 leri-cr3=100,leri-cr1=13 leri-cr2=100 leri-cr3=100,1171Mbit,1171Mbit,1
1790976119.310,leri-cr1=13 leri-cr2=100 leri-cr3=100,leri-cr1=13 leri-cr2=100 leri-cr3=100,leri-cr1=13 leri-cr2=100 leri-cr3=100,1171Mbit,1171Mbit,1
1790976129.363,leri-cr1=13 leri-cr2=100 leri-cr3=100,leri-cr1=13 leri-cr2=100 leri-cr3=100,leri-cr1=13 leri-cr2=100 leri-cr3=100,1171Mbit,1171Mbit,1
1790976139.414,leri-cr1=13 leri-cr2=100 leri-cr3=100,leri-cr1=13 leri-cr2=100 leri-cr3=100,leri-cr1=13 leri-cr2=100 leri-cr3=100,1171Mbit,1171Mbit,1
1790976149.467,leri-cr1=13 leri-cr2=100 leri-cr3=100,leri-cr1=13 leri-cr2=100 leri-cr3=100,leri-cr1=13 leri-cr2=100 leri-cr3=100,1171Mbit,1171Mbit,1
1790976159.751,leri-cr1=13 leri-cr2=100 leri-cr3=100,leri-cr1=13 leri-cr2=100 leri-cr3=100,leri-cr1=13 leri-cr2=100 leri-cr3=100,1171Mbit,1171Mbit,1
1790976169.802,leri-cr1=13 leri-cr2=100 leri-cr3=100,leri-cr1=13 leri-cr2=100 leri-cr3=100,leri-cr1=13 leri-cr2=100 leri-cr3=100,1171Mbit,1171Mbit,1
1790976179.855,leri-cr1=13 leri-cr2=100 leri-cr3=100,leri-cr1=13 leri-cr2=100 leri-cr3=100,leri-cr1=13 leri-cr2=100 leri-cr3=100,1171Mbit,1171Mbit,1
1790976189.913,leri-cr1=13 leri-cr2=100 leri-cr3=100,leri-cr1=13 leri-cr2=100 leri-cr3=100,leri-cr1=13 leri-cr2=100 leri-cr3=100,1171Mbit,1171Mbit,1
1790976199.963,leri-cr1=13 leri-cr2=100 leri-cr3=100,leri-cr1=13 leri-cr2=100 leri-cr3=100,leri-cr1=13 leri-cr2=100 leri-cr3=100,1171Mbit,1171Mbit,1
1790976210.014,leri-cr1=13 leri-cr2=100 leri-cr3=100,leri-cr1=13 leri-cr2=100 leri-cr3=100,leri-cr1=13 leri-cr2=100 leri-cr3=100,1171Mbit,1171Mbit,1
1790976220.283,leri-cr1=13 leri-cr2=100 leri-cr3=100,leri-cr1=13 leri-cr2=100 leri-cr3=100,leri-cr1=13 leri-cr2=100 leri-cr3=100,1171Mbit,1171Mbit,1
1790976230.335,leri-cr1=13 leri-cr2=100 leri-cr3=100,leri-cr1=13 leri-cr2=100 leri-cr3=100,leri-cr1=13 leri-cr2=100 leri-cr3=100,1171Mbit,1171Mbit,1
1790976240.383,leri-cr1=13 leri-cr2=100 leri-cr3=100,leri-cr1=13 leri-cr2=100 leri-cr3=100,leri-cr1=13 leri-cr2=100 leri-cr3=100,1171Mbit,1171Mbit,1
1790976250.438,leri-cr1=13 leri-cr2=100 leri-cr3=100,leri-cr1=13 leri-cr2=100 leri-cr3=100,leri-cr1=13 leri-cr2=100 leri-cr3=100,1171Mbit,1171Mbit,1
1790976260.488,leri-cr1=13 leri-cr2=100 leri-cr3=100,leri-cr1=13 leri-cr2=100 leri-cr3=100,leri-cr1=13 leri-cr2=100 leri-cr3=100,1171Mbit,1171Mbit,1
1790976270.546,leri-cr1=13 leri-cr2=100 leri-cr3=100,leri-cr1=13 leri-cr2=100 leri-cr3=100,leri-cr1=13 leri-cr2=100 leri-cr3=100,1171Mbit,1171Mbit,1
1790976280.841,leri-cr1=13 leri-cr2=100 leri-cr3=100,leri-cr1=13 leri-cr2=100 leri-cr3=100,leri-cr1=13 leri-cr2=100 leri-cr3=100,1171Mbit,1171Mbit,1
1790976290.896,leri-cr1=13 leri-cr2=100 leri-cr3=100,leri-cr1=13 leri-cr2=100 leri-cr3=100,leri-cr1=13 leri-cr2=100 leri-cr3=100,1171Mbit,1171Mbit,1
1790976300.950,leri-cr1=13 leri-cr2=100 leri-cr3=100,leri-cr1=13 leri-cr2=100 leri-cr3=100,leri-cr1=13 leri-cr2=100 leri-cr3=100,1171Mbit,1171Mbit,1
1790976311.005,leri-cr1=13 leri-cr2=100 leri-cr3=100,leri-cr1=13 leri-cr2=100 leri-cr3=100,leri-cr1=13 leri-cr2=100 leri-cr3=100,1171Mbit,1171Mbit,1
1790976321.062,leri-cr1=13 leri-cr2=100 leri-cr3=100,leri-cr1=13 leri-cr2=100 leri-cr3=100,leri-cr1=13 leri-cr2=100 leri-cr3=100,1171Mbit,1171Mbit,1
1790976331.115,leri-cr1=13 leri-cr2=100 leri-cr3=100,leri-cr1=13 leri-cr2=100 leri-cr3=100,leri-cr1=13 leri-cr2=100 leri-cr3=100,1171Mbit,1171Mbit,1
1790976341.313,leri-cr1=13 leri-cr2=100 leri-cr3=100,leri-cr1=13 leri-cr2=100 leri-cr3=100,leri-cr1=13 leri-cr2=100 leri-cr3=100,1171Mbit,1171Mbit,0
1790976351.417,leri-cr1=13 leri-cr2=100 leri-cr3=100,leri-cr1=13 leri-cr2=100 leri-cr3=100,leri-cr1=13 leri-cr2=100 leri-cr3=100,1171Mbit,1171Mbit,0
1790976361.492,leri-cr1=13 leri-cr2=100 leri-cr3=100,leri-cr1=13 leri-cr2=100 leri-cr3=100,leri-cr1=13 leri-cr2=100 leri-cr3=100,1171Mbit,1171Mbit,0
1790976371.569,leri-cr1=13 leri-cr2=100 leri-cr3=100,leri-cr1=13 leri-cr2=100 leri-cr3=100,leri-cr1=13 leri-cr2=100 leri-cr3=100,1171Mbit,1171Mbit,0
1790976381.644,leri-cr1=13 leri-cr2=100 leri-cr3=100,leri-cr1=13 leri-cr2=100 leri-cr3=100,leri-cr1=13 leri-cr2=100 leri-cr3=100,1171Mbit,1171Mbit,0
1790976391.719,leri-cr1=13 leri-cr2=100 leri-cr3=100,leri-cr1=13 leri-cr2=100 leri-cr3=100,leri-cr1=13 leri-cr2=100 leri-cr3=100,1171Mbit,1171Mbit,0
1790976402.164,leri-cr1=13 leri-cr2=100 leri-cr3=100,leri-cr1=13 leri-cr2=100 leri-cr3=100,leri-cr1=13 leri-cr2=100 leri-cr3=100,1171Mbit,1171Mbit,0
1790976412.240,leri-cr1=13 leri-cr2=100 leri-cr3=100,leri-cr1=13 leri-cr2=100 leri-cr3=100,leri-cr1=13 leri-cr2=100 leri-cr3=100,1171Mbit,1171Mbit,0
1790976422.317,leri-cr1=13 leri-cr2=100 leri-cr3=100,leri-cr1=13 leri-cr2=100 leri-cr3=100,leri-cr1=13 leri-cr2=100 leri-cr3=100,1171Mbit,1171Mbit,0
1790976432.390,leri-cr1=13 leri-cr2=100 leri-cr3=100,leri-cr1=13 leri-cr2=100 leri-cr3=100,leri-cr1=13 leri-cr2=100 leri-cr3=100,1171Mbit,1171Mbit,0
1790976442.468,leri-cr1=13 leri-cr2=100 leri-cr3=100,leri-cr1=13 leri-cr2=100 leri-cr3=100,leri-cr1=13 leri-cr2=100 leri-cr3=100,1171Mbit,1171Mbit,0
1790976452.544,leri-cr1=13 leri-cr2=100 leri-cr3=100,leri-cr1=13 leri-cr2=100 leri-cr3=100,leri-cr1=13 leri-cr2=100 leri-cr3=100,1171Mbit,1171Mbit,0
1790976462.950,leri-cr1=13 leri-cr2=100 leri-cr3=100,leri-cr1=13 leri-cr2=100 leri-cr3=100,leri-cr1=13 leri-cr2=100 leri-cr3=100,1171Mbit,1171Mbit,0
1790976473.004,leri-cr1=13 leri-cr2=100 leri-cr3=100,leri-cr1=13 leri-cr2=100 leri-cr3=100,leri-cr1=13 leri-cr2=100 leri-cr3=100,1171Mbit,1171Mbit,1
1790976483.066,leri-cr1=13 leri-cr2=100 leri-cr3=100,leri-cr1=13 leri-cr2=100 leri-cr3=100,leri-cr1=13 leri-cr2=100 leri-cr3=100,1171Mbit,1171Mbit,1
1790976493.118,leri-cr1=13 leri-cr2=100 leri-cr3=100,leri-cr1=13 leri-cr2=100 leri-cr3=100,leri-cr1=13 leri-cr2=100 leri-cr3=100,1171Mbit,1171Mbit,1
1790976503.172,leri-cr1=13 leri-cr2=100 leri-cr3=100,leri-cr1=13 leri-cr2=100 leri-cr3=100,leri-cr1=13 leri-cr2=100 leri-cr3=100,1171Mbit,1171Mbit,1
1790976513.214,leri-cr1=13 leri-cr2=100 leri-cr3=100,leri-cr1=13 leri-cr2=100 leri-cr3=100,leri-cr1=13 leri-cr2=100 leri-cr3=100,1171Mbit,1171Mbit,1
1790976523.474,leri-cr1=13 leri-cr2=100 leri-cr3=100,leri-cr1=13 leri-cr2=100 leri-cr3=100,leri-cr1=13 leri-cr2=100 leri-cr3=100,1171Mbit,1171Mbit,1
1790976533.526,leri-cr1=13 leri-cr2=100 leri-cr3=100,leri-cr1=13 leri-cr2=100 leri-cr3=100,leri-cr1=13 leri-cr2=100 leri-cr3=100,1171Mbit,1171Mbit,1
1790976543.581,leri-cr1=13 leri-cr2=100 leri-cr3=100,leri-cr1=13 leri-cr2=100 leri-cr3=100,leri-cr1=13 leri-cr2=100 leri-cr3=100,1171Mbit,1171Mbit,1
1790976553.640,leri-cr1=13 leri-cr2=100 leri-cr3=100,leri-cr1=13 leri-cr2=100 leri-cr3=100,leri-cr1=13 leri-cr2=100 leri-cr3=100,1171Mbit,1171Mbit,1
1790976563.696,leri-cr1=13 leri-cr2=100 leri-cr3=100,leri-cr1=13 leri-cr2=100 leri-cr3=100,leri-cr1=13 leri-cr2=100 leri-cr3=100,1171Mbit,1171Mbit,1
1790976573.745,leri-cr1=13 leri-cr2=100 leri-cr3=100,leri-cr1=13 leri-cr2=100 leri-cr3=100,leri-cr1=13 leri-cr2=100 leri-cr3=100,1171Mbit,1171Mbit,1
1790976584.021,leri-cr1=13 leri-cr2=100 leri-cr3=100,leri-cr1=13 leri-cr2=100 leri-cr3=100,leri-cr1=13 leri-cr2=100 leri-cr3=100,1171Mbit,1171Mbit,1
1790976594.067,leri-cr1=13 leri-cr2=100 leri-cr3=100,leri-cr1=13 leri-cr2=100 leri-cr3=100,leri-cr1=13 leri-cr2=100 leri-cr3=100,1171Mbit,1171Mbit,1
1790976604.119,leri-cr1=13 leri-cr2=100 leri-cr3=100,leri-cr1=13 leri-cr2=100 leri-cr3=100,leri-cr1=13 leri-cr2=100 leri-cr3=100,1171Mbit,1171Mbit,1
1790976614.172,leri-cr1=13 leri-cr2=100 leri-cr3=100,leri-cr1=13 leri-cr2=100 leri-cr3=100,leri-cr1=13 leri-cr2=100 leri-cr3=100,1171Mbit,1171Mbit,1
1790976624.221,leri-cr1=13 leri-cr2=100 leri-cr3=100,leri-cr1=13 leri-cr2=100 leri-cr3=100,leri-cr1=13 leri-cr2=100 leri-cr3=100,1171Mbit,1171Mbit,1
1790976634.275,leri-cr1=13 leri-cr2=100 leri-cr3=100,leri-cr1=13 leri-cr2=100 leri-cr3=100,leri-cr1=13 leri-cr2=100 leri-cr3=100,1171Mbit,1171Mbit,1
1790976644.555,leri-cr1=13 leri-cr2=100 leri-cr3=100,leri-cr1=13 leri-cr2=100 leri-cr3=100,leri-cr1=13 leri-cr2=100 leri-cr3=100,1171Mbit,1171Mbit,1
1790976654.607,leri-cr1=13 leri-cr2=100 leri-cr3=100,leri-cr1=13 leri-cr2=100 leri-cr3=100,leri-cr1=13 leri-cr2=100 leri-cr3=100,1171Mbit,1171Mbit,1
1790976664.659,leri-cr1=13 leri-cr2=100 leri-cr3=100,leri-cr1=13 leri-cr2=100 leri-cr3=100,leri-cr1=13 leri-cr2=100 leri-cr3=100,1171Mbit,1171Mbit,1
1790976674.710,leri-cr1=13 leri-cr2=100 leri-cr3=100,leri-cr1=13 leri-cr2=100 leri-cr3=100,leri-cr1=13 leri-cr2=100 leri-cr3=100,1171Mbit,1171Mbit,1
1790976684.754,leri-cr1=13 leri-cr2=100 leri-cr3=100,leri-cr1=13 leri-cr2=100 leri-cr3=100,leri-cr1=13 leri-cr2=100 leri-cr3=100,1171Mbit,1171Mbit,1
1790976694.805,leri-cr1=13 leri-cr2=100 leri-cr3=100,leri-cr1=13 leri-cr2=100 leri-cr3=100,leri-cr1=13 leri-cr2=100 leri-cr3=100,1171Mbit,1171Mbit,1
1790976705.087,leri-cr1=13 leri-cr2=100 leri-cr3=100,leri-cr1=13 leri-cr2=100 leri-cr3=100,leri-cr1=13 leri-cr2=100 leri-cr3=100,1171Mbit,1171Mbit,1
1790976715.142,leri-cr1=13 leri-cr2=100 leri-cr3=100,leri-cr1=13 leri-cr2=100 leri-cr3=100,leri-cr1=13 leri-cr2=100 leri-cr3=100,1171Mbit,1171Mbit,1
1790976725.189,leri-cr1=13 leri-cr2=100 leri-cr3=100,leri-cr1=13 leri-cr2=100 leri-cr3=100,leri-cr1=13 leri-cr2=100 leri-cr3=100,1171Mbit,1171Mbit,1
1790976735.245,leri-cr1=13 leri-cr2=100 leri-cr3=100,leri-cr1=13 leri-cr2=100 leri-cr3=100,leri-cr1=13 leri-cr2=100 leri-cr3=100,1171Mbit,1171Mbit,1
1790976745.302,leri-cr1=13 leri-cr2=100 leri-cr3=100,leri-cr1=13 leri-cr2=100 leri-cr3=100,leri-cr1=13 leri-cr2=100 leri-cr3=100,1171Mbit,1171Mbit,1
1790976755.355,leri-cr1=13 leri-cr2=100 leri-cr3=100,leri-cr1=13 leri-cr2=100 leri-cr3=100,leri-cr1=13 leri-cr2=100 leri-cr3=100,1171Mbit,1171Mbit,1
1790976765.600,leri-cr1=13 leri-cr2=100 leri-cr3=100,leri-cr1=13 leri-cr2=100 leri-cr3=100,leri-cr1=13 leri-cr2=100 leri-cr3=100,1171Mbit,1171Mbit,1
1790976775.654,leri-cr1=13 leri-cr2=100 leri-cr3=100,leri-cr1=13 leri-cr2=100 leri-cr3=100,leri-cr1=13 leri-cr2=100 leri-cr3=100,1171Mbit,1171Mbit,1
1790976785.707,leri-cr1=13 leri-cr2=100 leri-cr3=100,leri-cr1=13 leri-cr2=100 leri-cr3=100,leri-cr1=13 leri-cr2=100 leri-cr3=100,1171Mbit,1171Mbit,1
1790976795.758,leri-cr1=13 leri-cr2=100 leri-cr3=100,leri-cr1=13 leri-cr2=100 leri-cr3=100,leri-cr1=13 leri-cr2=100 leri-cr3=100,1171Mbit,1171Mbit,1
1790976805.811,leri-cr1=13 leri-cr2=100 leri-cr3=100,leri-cr1=13 leri-cr2=100 leri-cr3=100,leri-cr1=13 leri-cr2=100 leri-cr3=100,1171Mbit,1171Mbit,1
1790976815.859,leri-cr1=13 leri-cr2=100 leri-cr3=100,leri-cr1=13 leri-cr2=100 leri-cr3=100,leri-cr1=13 leri-cr2=100 leri-cr3=100,1171Mbit,1171Mbit,1
1790976826.150,leri-cr1=13 leri-cr2=100 leri-cr3=100,leri-cr1=13 leri-cr2=100 leri-cr3=100,leri-cr1=13 leri-cr2=100 leri-cr3=100,1171Mbit,1171Mbit,1
1790976836.202,leri-cr1=13 leri-cr2=100 leri-cr3=100,leri-cr1=13 leri-cr2=100 leri-cr3=100,leri-cr1=13 leri-cr2=100 leri-cr3=100,1171Mbit,1171Mbit,1
1790976846.254,leri-cr1=13 leri-cr2=100 leri-cr3=100,leri-cr1=13 leri-cr2=100 leri-cr3=100,leri-cr1=13 leri-cr2=100 leri-cr3=100,1171Mbit,1171Mbit,1
1790976856.328,leri-cr1=13 leri-cr2=100 leri-cr3=100,leri-cr1=13 leri-cr2=100 leri-cr3=100,leri-cr1=13 leri-cr2=100 leri-cr3=100,1171Mbit,1171Mbit,1
1790976866.375,leri-cr1=13 leri-cr2=100 leri-cr3=100,leri-cr1=13 leri-cr2=100 leri-cr3=100,leri-cr1=13 leri-cr2=100 leri-cr3=100,1171Mbit,1171Mbit,1
1790976876.423,leri-cr1=13 leri-cr2=100 leri-cr3=100,leri-cr1=13 leri-cr2=100 leri-cr3=100,leri-cr1=13 leri-cr2=100 leri-cr3=100,1171Mbit,1171Mbit,1
1790976886.720,leri-cr1=13 leri-cr2=100 leri-cr3=100,leri-cr1=13 leri-cr2=100 leri-cr3=100,leri-cr1=13 leri-cr2=100 leri-cr3=100,1171Mbit,1171Mbit,1
1790976896.765,leri-cr1=13 leri-cr2=100 leri-cr3=100,leri-cr1=13 leri-cr2=100 leri-cr3=100,leri-cr1=13 leri-cr2=100 leri-cr3=100,1171Mbit,1171Mbit,1
1790976906.822,leri-cr1=13 leri-cr2=100 leri-cr3=100,leri-cr1=13 leri-cr2=100 leri-cr3=100,leri-cr1=13 leri-cr2=100 leri-cr3=100,1171Mbit,1171Mbit,1
1790976916.875,leri-cr1=13 leri-cr2=100 leri-cr3=100,leri-cr1=13 leri-cr2=100 leri-cr3=100,leri-cr1=13 leri-cr2=100 leri-cr3=100,1171Mbit,1171Mbit,1
1790976926.926,leri-cr1=13 leri-cr2=100 leri-cr3=100,leri-cr1=13 leri-cr2=100 leri-cr3=100,leri-cr1=13 leri-cr2=100 leri-cr3=100,1171Mbit,1171Mbit,1
1790976936.981,leri-cr1=13 leri-cr2=100 leri-cr3=100,leri-cr1=13 leri-cr2=100 leri-cr3=100,leri-cr1=13 leri-cr2=100 leri-cr3=100,1171Mbit,1171Mbit,0
1790976947.318,leri-cr1=13 leri-cr2=100 leri-cr3=100,leri-cr1=13 leri-cr2=100 leri-cr3=100,leri-cr1=13 leri-cr2=100 leri-cr3=100,1171Mbit,1171Mbit,0
1790976957.394,leri-cr1=13 leri-cr2=100 leri-cr3=100,leri-cr1=13 leri-cr2=100 leri-cr3=100,leri-cr1=13 leri-cr2=100 leri-cr3=100,1171Mbit,1171Mbit,0
1790976967.473,leri-cr1=13 leri-cr2=100 leri-cr3=100,leri-cr1=13 leri-cr2=100 leri-cr3=100,leri-cr1=13 leri-cr2=100 leri-cr3=100,1171Mbit,1171Mbit,0
1790976977.555,leri-cr1=13 leri-cr2=100 leri-cr3=100,leri-cr1=13 leri-cr2=100 leri-cr3=100,leri-cr1=13 leri-cr2=100 leri-cr3=100,1171Mbit,1171Mbit,0
1790976987.636,leri-cr1=13 leri-cr2=100 leri-cr3=100,leri-cr1=13 leri-cr2=100 leri-cr3=100,leri-cr1=13 leri-cr2=100 leri-cr3=100,1171Mbit,1171Mbit,0
1790976997.717,leri-cr1=13 leri-cr2=100 leri-cr3=100,leri-cr1=13 leri-cr2=100 leri-cr3=100,leri-cr1=13 leri-cr2=100 leri-cr3=100,1171Mbit,1171Mbit,0
1790977008.102,leri-cr1=13 leri-cr2=100 leri-cr3=100,leri-cr1=13 leri-cr2=100 leri-cr3=100,leri-cr1=13 leri-cr2=100 leri-cr3=100,1171Mbit,1171Mbit,0
1790977018.176,leri-cr1=13 leri-cr2=100 leri-cr3=100,leri-cr1=13 leri-cr2=100 leri-cr3=100,leri-cr1=13 leri-cr2=100 leri-cr3=100,1171Mbit,1171Mbit,0
1790977028.250,leri-cr1=13 leri-cr2=100 leri-cr3=100,leri-cr1=13 leri-cr2=100 leri-cr3=100,leri-cr1=13 leri-cr2=100 leri-cr3=100,1171Mbit,1171Mbit,0
1790977038.329,leri-cr1=13 leri-cr2=100 leri-cr3=100,leri-cr1=13 leri-cr2=100 leri-cr3=100,leri-cr1=13 leri-cr2=100 leri-cr3=100,1171Mbit,1171Mbit,0
1790977048.409,leri-cr1=13 leri-cr2=100 leri-cr3=100,leri-cr1=13 leri-cr2=100 leri-cr3=100,leri-cr1=13 leri-cr2=100 leri-cr3=100,1171Mbit,1171Mbit,0
1790977058.486,leri-cr1=13 leri-cr2=100 leri-cr3=100,leri-cr1=13 leri-cr2=100 leri-cr3=100,leri-cr1=13 leri-cr2=100 leri-cr3=100,1171Mbit,1171Mbit,0
1790977068.875,leri-cr1=13 leri-cr2=100 leri-cr3=100,leri-cr1=13 leri-cr2=100 leri-cr3=100,leri-cr1=13 leri-cr2=100 leri-cr3=100,1171Mbit,1171Mbit,0
1790977078.930,leri-cr1=13 leri-cr2=100 leri-cr3=100,leri-cr1=13 leri-cr2=100 leri-cr3=100,leri-cr1=13 leri-cr2=100 leri-cr3=100,1171Mbit,1171Mbit,1
1790977088.984,leri-cr1=13 leri-cr2=100 leri-cr3=100,leri-cr1=13 leri-cr2=100 leri-cr3=100,leri-cr1=13 leri-cr2=100 leri-cr3=100,1171Mbit,1171Mbit,1
1790977099.035,leri-cr1=13 leri-cr2=100 leri-cr3=100,leri-cr1=13 leri-cr2=100 leri-cr3=100,leri-cr1=13 leri-cr2=100 leri-cr3=100,1171Mbit,1171Mbit,1
1790977109.084,leri-cr1=13 leri-cr2=100 leri-cr3=100,leri-cr1=13 leri-cr2=100 leri-cr3=100,leri-cr1=13 leri-cr2=100 leri-cr3=100,1171Mbit,1171Mbit,1
1790977119.136,leri-cr1=13 leri-cr2=100 leri-cr3=100,leri-cr1=13 leri-cr2=100 leri-cr3=100,leri-cr1=13 leri-cr2=100 leri-cr3=100,1171Mbit,1171Mbit,1
1790977129.450,leri-cr1=13 leri-cr2=100 leri-cr3=100,leri-cr1=13 leri-cr2=100 leri-cr3=100,leri-cr1=13 leri-cr2=100 leri-cr3=100,1171Mbit,1171Mbit,1
1790977139.501,leri-cr1=13 leri-cr2=100 leri-cr3=100,leri-cr1=13 leri-cr2=100 leri-cr3=100,leri-cr1=13 leri-cr2=100 leri-cr3=100,1171Mbit,1171Mbit,1
1790977149.555,leri-cr1=13 leri-cr2=100 leri-cr3=100,leri-cr1=13 leri-cr2=100 leri-cr3=100,leri-cr1=13 leri-cr2=100 leri-cr3=100,1171Mbit,1171Mbit,1
1790977159.610,leri-cr1=13 leri-cr2=100 leri-cr3=100,leri-cr1=13 leri-cr2=100 leri-cr3=100,leri-cr1=13 leri-cr2=100 leri-cr3=100,1171Mbit,1171Mbit,1
1790977169.666,leri-cr1=13 leri-cr2=100 leri-cr3=100,leri-cr1=13 leri-cr2=100 leri-cr3=100,leri-cr1=13 leri-cr2=100 leri-cr3=100,1171Mbit,1171Mbit,1
1790977179.720,leri-cr1=13 leri-cr2=100 leri-cr3=100,leri-cr1=13 leri-cr2=100 leri-cr3=100,leri-cr1=13 leri-cr2=100 leri-cr3=100,1171Mbit,1171Mbit,1
1790977189.995,leri-cr1=13 leri-cr2=100 leri-cr3=100,leri-cr1=13 leri-cr2=100 leri-cr3=100,leri-cr1=13 leri-cr2=100 leri-cr3=100,1171Mbit,1171Mbit,1
1790977200.047,leri-cr1=13 leri-cr2=100 leri-cr3=100,leri-cr1=13 leri-cr2=100 leri-cr3=100,leri-cr1=13 leri-cr2=100 leri-cr3=100,1171Mbit,1171Mbit,1
1790977210.110,leri-cr1=13 leri-cr2=100 leri-cr3=100,leri-cr1=13 leri-cr2=100 leri-cr3=100,leri-cr1=13 leri-cr2=100 leri-cr3=100,1171Mbit,1171Mbit,1
1790977220.161,leri-cr1=13 leri-cr2=100 leri-cr3=100,leri-cr1=13 leri-cr2=100 leri-cr3=100,leri-cr1=13 leri-cr2=100 leri-cr3=100,1171Mbit,1171Mbit,1
1790977230.216,leri-cr1=13 leri-cr2=100 leri-cr3=100,leri-cr1=13 leri-cr2=100 leri-cr3=100,leri-cr1=13 leri-cr2=100 leri-cr3=100,1171Mbit,1171Mbit,1
1790977240.460,leri-cr1=13 leri-cr2=100 leri-cr3=100,leri-cr1=13 leri-cr2=100 leri-cr3=100,leri-cr1=13 leri-cr2=100 leri-cr3=100,1171Mbit,1171Mbit,1
1790977250.512,leri-cr1=13 leri-cr2=100 leri-cr3=100,leri-cr1=13 leri-cr2=100 leri-cr3=100,leri-cr1=13 leri-cr2=100 leri-cr3=100,1171Mbit,1171Mbit,1
1790977260.565,leri-cr1=13 leri-cr2=100 leri-cr3=100,leri-cr1=13 leri-cr2=100 leri-cr3=100,leri-cr1=13 leri-cr2=100 leri-cr3=100,1171Mbit,1171Mbit,1
1790977270.618,leri-cr1=13 leri-cr2=100 leri-cr3=100,leri-cr1=13 leri-cr2=100 leri-cr3=100,leri-cr1=13 leri-cr2=100 leri-cr3=100,1171Mbit,1171Mbit,1
1790977280.670,leri-cr1=13 leri-cr2=100 leri-cr3=100,leri-cr1=13 leri-cr2=100 leri-cr3=100,leri-cr1=13 leri-cr2=100 leri-cr3=100,1171Mbit,1171Mbit,1
1790977290.718,leri-cr1=13 leri-cr2=100 leri-cr3=100,leri-cr1=13 leri-cr2=100 leri-cr3=100,leri-cr1=13 leri-cr2=100 leri-cr3=100,1171Mbit,1171Mbit,1
1790977300.940,leri-cr1=13 leri-cr2=100 leri-cr3=100,leri-cr1=13 leri-cr2=100 leri-cr3=100,leri-cr1=13 leri-cr2=100 leri-cr3=100,1171Mbit,1171Mbit,1
1790977310.996,leri-cr1=13 leri-cr2=100 leri-cr3=100,leri-cr1=13 leri-cr2=100 leri-cr3=100,leri-cr1=13 leri-cr2=100 leri-cr3=100,1171Mbit,1171Mbit,1
1790977321.046,leri-cr1=13 leri-cr2=100 leri-cr3=100,leri-cr1=13 leri-cr2=100 leri-cr3=100,leri-cr1=13 leri-cr2=100 leri-cr3=100,1171Mbit,1171Mbit,1
1790977331.100,leri-cr1=13 leri-cr2=100 leri-cr3=100,leri-cr1=13 leri-cr2=100 leri-cr3=100,leri-cr1=13 leri-cr2=100 leri-cr3=100,1171Mbit,1171Mbit,1
1790977341.151,leri-cr1=13 leri-cr2=100 leri-cr3=100,leri-cr1=13 leri-cr2=100 leri-cr3=100,leri-cr1=13 leri-cr2=100 leri-cr3=100,1171Mbit,1171Mbit,1
1790977351.232,leri-cr1=13 leri-cr2=100 leri-cr3=100,leri-cr1=13 leri-cr2=100 leri-cr3=100,leri-cr1=13 leri-cr2=100 leri-cr3=100,1171Mbit,1171Mbit,1
1790977361.543,leri-cr1=13 leri-cr2=100 leri-cr3=100,leri-cr1=13 leri-cr2=100 leri-cr3=100,leri-cr1=13 leri-cr2=100 leri-cr3=100,1171Mbit,1171Mbit,1
1790977371.594,leri-cr1=13 leri-cr2=100 leri-cr3=100,leri-cr1=13 leri-cr2=100 leri-cr3=100,leri-cr1=13 leri-cr2=100 leri-cr3=100,1171Mbit,1171Mbit,1
1790977381.646,leri-cr1=13 leri-cr2=100 leri-cr3=100,leri-cr1=13 leri-cr2=100 leri-cr3=100,leri-cr1=13 leri-cr2=100 leri-cr3=100,1171Mbit,1171Mbit,1
1790977391.693,leri-cr1=13 leri-cr2=100 leri-cr3=100,leri-cr1=13 leri-cr2=100 leri-cr3=100,leri-cr1=13 leri-cr2=100 leri-cr3=100,1171Mbit,1171Mbit,1
1790977401.749,leri-cr1=13 leri-cr2=100 leri-cr3=100,leri-cr1=13 leri-cr2=100 leri-cr3=100,leri-cr1=13 leri-cr2=100 leri-cr3=100,1171Mbit,1171Mbit,1
1790977411.803,leri-cr1=13 leri-cr2=100 leri-cr3=100,leri-cr1=13 leri-cr2=100 leri-cr3=100,leri-cr1=13 leri-cr2=100 leri-cr3=100,1171Mbit,1171Mbit,1
1790977422.069,leri-cr1=13 leri-cr2=100 leri-cr3=100,leri-cr1=13 leri-cr2=100 leri-cr3=100,leri-cr1=13 leri-cr2=100 leri-cr3=100,1171Mbit,1171Mbit,1
1790977432.126,leri-cr1=13 leri-cr2=100 leri-cr3=100,leri-cr1=13 leri-cr2=100 leri-cr3=100,leri-cr1=13 leri-cr2=100 leri-cr3=100,1171Mbit,1171Mbit,1
1790977442.179,leri-cr1=13 leri-cr2=100 leri-cr3=100,leri-cr1=13 leri-cr2=100 leri-cr3=100,leri-cr1=13 leri-cr2=100 leri-cr3=100,1171Mbit,1171Mbit,1
1790977452.232,leri-cr1=13 leri-cr2=100 leri-cr3=100,leri-cr1=13 leri-cr2=100 leri-cr3=100,leri-cr1=13 leri-cr2=100 leri-cr3=100,1171Mbit,1171Mbit,1
1790977462.289,leri-cr1=13 leri-cr2=100 leri-cr3=100,leri-cr1=13 leri-cr2=100 leri-cr3=100,leri-cr1=13 leri-cr2=100 leri-cr3=100,1171Mbit,1171Mbit,1
1790977472.340,leri-cr1=13 leri-cr2=100 leri-cr3=100,leri-cr1=13 leri-cr2=100 leri-cr3=100,leri-cr1=13 leri-cr2=100 leri-cr3=100,1171Mbit,1171Mbit,1
1790977482.525,leri-cr1=13 leri-cr2=100 leri-cr3=100,leri-cr1=13 leri-cr2=100 leri-cr3=100,leri-cr1=13 leri-cr2=100 leri-cr3=100,1171Mbit,1171Mbit,1
1790977492.579,leri-cr1=13 leri-cr2=100 leri-cr3=100,leri-cr1=13 leri-cr2=100 leri-cr3=100,leri-cr1=13 leri-cr2=100 leri-cr3=100,1171Mbit,1171Mbit,1
1790977502.638,leri-cr1=13 leri-cr2=100 leri-cr3=100,leri-cr1=13 leri-cr2=100 leri-cr3=100,leri-cr1=13 leri-cr2=100 leri-cr3=100,1171Mbit,1171Mbit,1
1790977512.692,leri-cr1=13 leri-cr2=100 leri-cr3=100,leri-cr1=13 leri-cr2=100 leri-cr3=100,leri-cr1=13 leri-cr2=100 leri-cr3=100,1171Mbit,1171Mbit,1
1790977522.747,leri-cr1=13 leri-cr2=100 leri-cr3=100,leri-cr1=13 leri-cr2=100 leri-cr3=100,leri-cr1=13 leri-cr2=100 leri-cr3=100,1171Mbit,1171Mbit,1
1790977532.802,leri-cr1=13 leri-cr2=100 leri-cr3=100,leri-cr1=13 leri-cr2=100 leri-cr3=100,leri-cr1=13 leri-cr2=100 leri-cr3=100,1171Mbit,1171Mbit,1
1790977543.111,leri-cr1=13 leri-cr2=100 leri-cr3=100,leri-cr1=13 leri-cr2=100 leri-cr3=100,leri-cr1=13 leri-cr2=100 leri-cr3=100,1171Mbit,1171Mbit,0
1790977553.187,leri-cr1=13 leri-cr2=100 leri-cr3=100,leri-cr1=13 leri-cr2=100 leri-cr3=100,leri-cr1=13 leri-cr2=100 leri-cr3=100,1171Mbit,1171Mbit,0
1790977563.264,leri-cr1=13 leri-cr2=100 leri-cr3=100,leri-cr1=13 leri-cr2=100 leri-cr3=100,leri-cr1=13 leri-cr2=100 leri-cr3=100,1171Mbit,1171Mbit,0
1790977573.343,leri-cr1=13 leri-cr2=100 leri-cr3=100,leri-cr1=13 leri-cr2=100 leri-cr3=100,leri-cr1=13 leri-cr2=100 leri-cr3=100,1171Mbit,1171Mbit,0
1790977583.422,leri-cr1=13 leri-cr2=100 leri-cr3=100,leri-cr1=13 leri-cr2=100 leri-cr3=100,leri-cr1=13 leri-cr2=100 leri-cr3=100,1171Mbit,1171Mbit,0
1790977593.504,leri-cr1=13 leri-cr2=100 leri-cr3=100,leri-cr1=13 leri-cr2=100 leri-cr3=100,leri-cr1=13 leri-cr2=100 leri-cr3=100,1171Mbit,1171Mbit,0
1790977603.886,leri-cr1=13 leri-cr2=100 leri-cr3=100,leri-cr1=13 leri-cr2=100 leri-cr3=100,leri-cr1=13 leri-cr2=100 leri-cr3=100,1171Mbit,1171Mbit,0
1790977613.968,leri-cr1=13 leri-cr2=100 leri-cr3=100,leri-cr1=13 leri-cr2=100 leri-cr3=100,leri-cr1=13 leri-cr2=100 leri-cr3=100,1171Mbit,1171Mbit,0
1790977624.051,leri-cr1=13 leri-cr2=100 leri-cr3=100,leri-cr1=13 leri-cr2=100 leri-cr3=100,leri-cr1=13 leri-cr2=100 leri-cr3=100,1171Mbit,1171Mbit,0
1790977634.137,leri-cr1=13 leri-cr2=100 leri-cr3=100,leri-cr1=13 leri-cr2=100 leri-cr3=100,leri-cr1=13 leri-cr2=100 leri-cr3=100,1171Mbit,1171Mbit,0
1790977644.214,leri-cr1=13 leri-cr2=100 leri-cr3=100,leri-cr1=13 leri-cr2=100 leri-cr3=100,leri-cr1=13 leri-cr2=100 leri-cr3=100,1171Mbit,1171Mbit,0
1790977654.296,leri-cr1=13 leri-cr2=100 leri-cr3=100,leri-cr1=13 leri-cr2=100 leri-cr3=100,leri-cr1=13 leri-cr2=100 leri-cr3=100,1171Mbit,1171Mbit,0
1790977664.688,leri-cr1=13 leri-cr2=100 leri-cr3=100,leri-cr1=13 leri-cr2=100 leri-cr3=100,leri-cr1=13 leri-cr2=100 leri-cr3=100,1171Mbit,1171Mbit,0
1790977674.736,leri-cr1=13 leri-cr2=100 leri-cr3=100,leri-cr1=13 leri-cr2=100 leri-cr3=100,leri-cr1=13 leri-cr2=100 leri-cr3=100,1171Mbit,1171Mbit,1
1790977684.787,leri-cr1=13 leri-cr2=100 leri-cr3=100,leri-cr1=13 leri-cr2=100 leri-cr3=100,leri-cr1=13 leri-cr2=100 leri-cr3=100,1171Mbit,1171Mbit,1
1790977694.848,leri-cr1=13 leri-cr2=100 leri-cr3=100,leri-cr1=13 leri-cr2=100 leri-cr3=100,leri-cr1=13 leri-cr2=100 leri-cr3=100,1171Mbit,1171Mbit,1
1790977704.897,leri-cr1=13 leri-cr2=100 leri-cr3=100,leri-cr1=13 leri-cr2=100 leri-cr3=100,leri-cr1=13 leri-cr2=100 leri-cr3=100,1171Mbit,1171Mbit,1
1790977714.941,leri-cr1=13 leri-cr2=100 leri-cr3=100,leri-cr1=13 leri-cr2=100 leri-cr3=100,leri-cr1=13 leri-cr2=100 leri-cr3=100,1171Mbit,1171Mbit,1
1790977725.206,leri-cr1=13 leri-cr2=100 leri-cr3=100,leri-cr1=13 leri-cr2=100 leri-cr3=100,leri-cr1=13 leri-cr2=100 leri-cr3=100,1171Mbit,1171Mbit,1
1790977735.255,leri-cr1=13 leri-cr2=100 leri-cr3=100,leri-cr1=13 leri-cr2=100 leri-cr3=100,leri-cr1=13 leri-cr2=100 leri-cr3=100,1171Mbit,1171Mbit,1
1790977745.306,leri-cr1=13 leri-cr2=100 leri-cr3=100,leri-cr1=13 leri-cr2=100 leri-cr3=100,leri-cr1=13 leri-cr2=100 leri-cr3=100,1171Mbit,1171Mbit,1
1790977755.363,leri-cr1=13 leri-cr2=100 leri-cr3=100,leri-cr1=13 leri-cr2=100 leri-cr3=100,leri-cr1=13 leri-cr2=100 leri-cr3=100,1171Mbit,1171Mbit,1
1790977765.412,leri-cr1=13 leri-cr2=100 leri-cr3=100,leri-cr1=13 leri-cr2=100 leri-cr3=100,leri-cr1=13 leri-cr2=100 leri-cr3=100,1171Mbit,1171Mbit,1
1790977775.465,leri-cr1=13 leri-cr2=100 leri-cr3=100,leri-cr1=13 leri-cr2=100 leri-cr3=100,leri-cr1=13 leri-cr2=100 leri-cr3=100,1171Mbit,1171Mbit,1
1790977785.743,leri-cr1=13 leri-cr2=100 leri-cr3=100,leri-cr1=13 leri-cr2=100 leri-cr3=100,leri-cr1=13 leri-cr2=100 leri-cr3=100,1171Mbit,1171Mbit,1
1790977795.792,leri-cr1=13 leri-cr2=100 leri-cr3=100,leri-cr1=13 leri-cr2=100 leri-cr3=100,leri-cr1=13 leri-cr2=100 leri-cr3=100,1171Mbit,1171Mbit,1
1790977805.842,leri-cr1=13 leri-cr2=100 leri-cr3=100,leri-cr1=13 leri-cr2=100 leri-cr3=100,leri-cr1=13 leri-cr2=100 leri-cr3=100,1171Mbit,1171Mbit,1
1790977815.888,leri-cr1=13 leri-cr2=100 leri-cr3=100,leri-cr1=13 leri-cr2=100 leri-cr3=100,leri-cr1=13 leri-cr2=100 leri-cr3=100,1171Mbit,1171Mbit,1
1790977825.940,leri-cr1=13 leri-cr2=100 leri-cr3=100,leri-cr1=13 leri-cr2=100 leri-cr3=100,leri-cr1=13 leri-cr2=100 leri-cr3=100,1171Mbit,1171Mbit,1
1790977835.992,leri-cr1=13 leri-cr2=100 leri-cr3=100,leri-cr1=13 leri-cr2=100 leri-cr3=100,leri-cr1=13 leri-cr2=100 leri-cr3=100,1171Mbit,1171Mbit,1
1790977846.260,leri-cr1=13 leri-cr2=100 leri-cr3=100,leri-cr1=13 leri-cr2=100 leri-cr3=100,leri-cr1=13 leri-cr2=100 leri-cr3=100,1171Mbit,1171Mbit,1
1790977856.307,leri-cr1=13 leri-cr2=100 leri-cr3=100,leri-cr1=13 leri-cr2=100 leri-cr3=100,leri-cr1=13 leri-cr2=100 leri-cr3=100,1171Mbit,1171Mbit,1
1790977866.356,leri-cr1=13 leri-cr2=100 leri-cr3=100,leri-cr1=13 leri-cr2=100 leri-cr3=100,leri-cr1=13 leri-cr2=100 leri-cr3=100,1171Mbit,1171Mbit,1
1790977876.416,leri-cr1=13 leri-cr2=100 leri-cr3=100,leri-cr1=13 leri-cr2=100 leri-cr3=100,leri-cr1=13 leri-cr2=100 leri-cr3=100,1171Mbit,1171Mbit,1
1790977886.467,leri-cr1=13 leri-cr2=100 leri-cr3=100,leri-cr1=13 leri-cr2=100 leri-cr3=100,leri-cr1=13 leri-cr2=100 leri-cr3=100,1171Mbit,1171Mbit,1
1790977896.518,leri-cr1=13 leri-cr2=100 leri-cr3=100,leri-cr1=13 leri-cr2=100 leri-cr3=100,leri-cr1=13 leri-cr2=100 leri-cr3=100,1171Mbit,1171Mbit,1
1790977906.815,leri-cr1=13 leri-cr2=100 leri-cr3=100,leri-cr1=13 leri-cr2=100 leri-cr3=100,leri-cr1=13 leri-cr2=100 leri-cr3=100,1171Mbit,1171Mbit,1
1790977916.861,leri-cr1=13 leri-cr2=100 leri-cr3=100,leri-cr1=13 leri-cr2=100 leri-cr3=100,leri-cr1=13 leri-cr2=100 leri-cr3=100,1171Mbit,1171Mbit,1
1790977926.916,leri-cr1=13 leri-cr2=100 leri-cr3=100,leri-cr1=13 leri-cr2=100 leri-cr3=100,leri-cr1=13 leri-cr2=100 leri-cr3=100,1171Mbit,1171Mbit,1
1790977936.964,leri-cr1=13 leri-cr2=100 leri-cr3=100,leri-cr1=13 leri-cr2=100 leri-cr3=100,leri-cr1=13 leri-cr2=100 leri-cr3=100,1171Mbit,1171Mbit,1
1790977947.013,leri-cr1=13 leri-cr2=100 leri-cr3=100,leri-cr1=13 leri-cr2=100 leri-cr3=100,leri-cr1=13 leri-cr2=100 leri-cr3=100,1171Mbit,1171Mbit,1
1790977957.062,leri-cr1=13 leri-cr2=100 leri-cr3=100,leri-cr1=13 leri-cr2=100 leri-cr3=100,leri-cr1=13 leri-cr2=100 leri-cr3=100,1171Mbit,1171Mbit,1
1790977967.367,leri-cr1=13 leri-cr2=100 leri-cr3=100,leri-cr1=13 leri-cr2=100 leri-cr3=100,leri-cr1=13 leri-cr2=100 leri-cr3=100,1171Mbit,1171Mbit,1
1790977977.429,leri-cr1=13 leri-cr2=100 leri-cr3=100,leri-cr1=13 leri-cr2=100 leri-cr3=100,leri-cr1=13 leri-cr2=100 leri-cr3=100,1171Mbit,1171Mbit,1
1790977987.479,leri-cr1=13 leri-cr2=100 leri-cr3=100,leri-cr1=13 leri-cr2=100 leri-cr3=100,leri-cr1=13 leri-cr2=100 leri-cr3=100,1171Mbit,1171Mbit,1
1790977997.530,leri-cr1=13 leri-cr2=100 leri-cr3=100,leri-cr1=13 leri-cr2=100 leri-cr3=100,leri-cr1=13 leri-cr2=100 leri-cr3=100,1171Mbit,1171Mbit,1
1790978007.584,leri-cr1=13 leri-cr2=100 leri-cr3=100,leri-cr1=13 leri-cr2=100 leri-cr3=100,leri-cr1=13 leri-cr2=100 leri-cr3=100,1171Mbit,1171Mbit,1
1790978017.634,leri-cr1=13 leri-cr2=100 leri-cr3=100,leri-cr1=13 leri-cr2=100 leri-cr3=100,leri-cr1=13 leri-cr2=100 leri-cr3=100,1171Mbit,1171Mbit,1
1790978027.919,leri-cr1=13 leri-cr2=100 leri-cr3=100,leri-cr1=13 leri-cr2=100 leri-cr3=100,leri-cr1=13 leri-cr2=100 leri-cr3=100,1171Mbit,1171Mbit,1
1790978037.967,leri-cr1=13 leri-cr2=100 leri-cr3=100,leri-cr1=13 leri-cr2=100 leri-cr3=100,leri-cr1=13 leri-cr2=100 leri-cr3=100,1171Mbit,1171Mbit,1
1790978048.015,leri-cr1=13 leri-cr2=100 leri-cr3=100,leri-cr1=13 leri-cr2=100 leri-cr3=100,leri-cr1=13 leri-cr2=100 leri-cr3=100,1171Mbit,1171Mbit,1
1790978058.064,leri-cr1=13 leri-cr2=100 leri-cr3=100,leri-cr1=13 leri-cr2=100 leri-cr3=100,leri-cr1=13 leri-cr2=100 leri-cr3=100,1171Mbit,1171Mbit,1
1790978068.106,leri-cr1=13 leri-cr2=100 leri-cr3=100,leri-cr1=13 leri-cr2=100 leri-cr3=100,leri-cr1=13 leri-cr2=100 leri-cr3=100,1171Mbit,1171Mbit,1
1790978078.162,leri-cr1=13 leri-cr2=100 leri-cr3=100,leri-cr1=13 leri-cr2=100 leri-cr3=100,leri-cr1=13 leri-cr2=100 leri-cr3=100,1171Mbit,1171Mbit,1
1790978088.405,leri-cr1=13 leri-cr2=100 leri-cr3=100,leri-cr1=13 leri-cr2=100 leri-cr3=100,leri-cr1=13 leri-cr2=100 leri-cr3=100,1171Mbit,1171Mbit,1
1790978098.458,leri-cr1=13 leri-cr2=100 leri-cr3=100,leri-cr1=13 leri-cr2=100 leri-cr3=100,leri-cr1=13 leri-cr2=100 leri-cr3=100,1171Mbit,1171Mbit,1
1790978108.504,leri-cr1=13 leri-cr2=100 leri-cr3=100,leri-cr1=13 leri-cr2=100 leri-cr3=100,leri-cr1=13 leri-cr2=100 leri-cr3=100,1171Mbit,1171Mbit,1
1790978118.559,leri-cr1=13 leri-cr2=100 leri-cr3=100,leri-cr1=13 leri-cr2=100 leri-cr3=100,leri-cr1=13 leri-cr2=100 leri-cr3=100,1171Mbit,1171Mbit,1
1790978128.616,leri-cr1=13 leri-cr2=100 leri-cr3=100,leri-cr1=13 leri-cr2=100 leri-cr3=100,leri-cr1=13 leri-cr2=100 leri-cr3=100,1171Mbit,1171Mbit,1
1790978138.667,leri-cr1=13 leri-cr2=100 leri-cr3=100,leri-cr1=13 leri-cr2=100 leri-cr3=100,leri-cr1=13 leri-cr2=100 leri-cr3=100,1171Mbit,1171Mbit,1
1790978148.963,leri-cr1=13 leri-cr2=100 leri-cr3=100,leri-cr1=13 leri-cr2=100 leri-cr3=100,leri-cr1=13 leri-cr2=100 leri-cr3=100,1171Mbit,1171Mbit,0
1790978159.038,leri-cr1=13 leri-cr2=100 leri-cr3=100,leri-cr1=13 leri-cr2=100 leri-cr3=100,leri-cr1=13 leri-cr2=100 leri-cr3=100,1171Mbit,1171Mbit,0
1790978169.119,leri-cr1=13 leri-cr2=100 leri-cr3=100,leri-cr1=13 leri-cr2=100 leri-cr3=100,leri-cr1=13 leri-cr2=100 leri-cr3=100,1171Mbit,1171Mbit,0
1790978179.197,leri-cr1=13 leri-cr2=100 leri-cr3=100,leri-cr1=13 leri-cr2=100 leri-cr3=100,leri-cr1=13 leri-cr2=100 leri-cr3=100,1171Mbit,1171Mbit,0
1790978189.272,leri-cr1=13 leri-cr2=100 leri-cr3=100,leri-cr1=13 leri-cr2=100 leri-cr3=100,leri-cr1=13 leri-cr2=100 leri-cr3=100,1171Mbit,1171Mbit,0
1790978199.386,leri-cr1=13 leri-cr2=100 leri-cr3=100,leri-cr1=13 leri-cr2=100 leri-cr3=100,leri-cr1=13 leri-cr2=100 leri-cr3=100,1171Mbit,1171Mbit,0
1790978209.811,leri-cr1=13 leri-cr2=100 leri-cr3=100,leri-cr1=13 leri-cr2=100 leri-cr3=100,leri-cr1=13 leri-cr2=100 leri-cr3=100,1171Mbit,1171Mbit,0
1790978219.887,leri-cr1=13 leri-cr2=100 leri-cr3=100,leri-cr1=13 leri-cr2=100 leri-cr3=100,leri-cr1=13 leri-cr2=100 leri-cr3=100,1171Mbit,1171Mbit,0
1790978229.966,leri-cr1=13 leri-cr2=100 leri-cr3=100,leri-cr1=13 leri-cr2=100 leri-cr3=100,leri-cr1=13 leri-cr2=100 leri-cr3=100,1171Mbit,1171Mbit,0
1790978240.044,leri-cr1=13 leri-cr2=100 leri-cr3=100,leri-cr1=13 leri-cr2=100 leri-cr3=100,leri-cr1=13 leri-cr2=100 leri-cr3=100,1171Mbit,1171Mbit,0
1790978250.121,leri-cr1=13 leri-cr2=100 leri-cr3=100,leri-cr1=13 leri-cr2=100 leri-cr3=100,leri-cr1=13 leri-cr2=100 leri-cr3=100,1171Mbit,1171Mbit,0
1790978260.200,leri-cr1=13 leri-cr2=100 leri-cr3=100,leri-cr1=13 leri-cr2=100 leri-cr3=100,leri-cr1=13 leri-cr2=100 leri-cr3=100,1171Mbit,1171Mbit,0
1790978270.576,leri-cr1=13 leri-cr2=100 leri-cr3=100,leri-cr1=13 leri-cr2=100 leri-cr3=100,leri-cr1=13 leri-cr2=100 leri-cr3=100,1171Mbit,1171Mbit,0
1790978280.621,leri-cr1=13 leri-cr2=100 leri-cr3=100,leri-cr1=13 leri-cr2=100 leri-cr3=100,leri-cr1=13 leri-cr2=100 leri-cr3=100,1171Mbit,1171Mbit,1
1790978290.672,leri-cr1=13 leri-cr2=100 leri-cr3=100,leri-cr1=13 leri-cr2=100 leri-cr3=100,leri-cr1=13 leri-cr2=100 leri-cr3=100,1171Mbit,1171Mbit,1
1790978300.726,leri-cr1=13 leri-cr2=100 leri-cr3=100,leri-cr1=13 leri-cr2=100 leri-cr3=100,leri-cr1=13 leri-cr2=100 leri-cr3=100,1171Mbit,1171Mbit,1
1790978310.775,leri-cr1=13 leri-cr2=100 leri-cr3=100,leri-cr1=13 leri-cr2=100 leri-cr3=100,leri-cr1=13 leri-cr2=100 leri-cr3=100,1171Mbit,1171Mbit,1
1790978320.856,leri-cr1=13 leri-cr2=100 leri-cr3=100,leri-cr1=13 leri-cr2=100 leri-cr3=100,leri-cr1=13 leri-cr2=100 leri-cr3=100,1171Mbit,1171Mbit,1
1790978331.110,leri-cr1=13 leri-cr2=100 leri-cr3=100,leri-cr1=13 leri-cr2=100 leri-cr3=100,leri-cr1=13 leri-cr2=100 leri-cr3=100,1171Mbit,1171Mbit,1
1790978341.163,leri-cr1=13 leri-cr2=100 leri-cr3=100,leri-cr1=13 leri-cr2=100 leri-cr3=100,leri-cr1=13 leri-cr2=100 leri-cr3=100,1171Mbit,1171Mbit,1
1790978351.214,leri-cr1=13 leri-cr2=100 leri-cr3=100,leri-cr1=13 leri-cr2=100 leri-cr3=100,leri-cr1=13 leri-cr2=100 leri-cr3=100,1171Mbit,1171Mbit,1
1790978361.268,leri-cr1=13 leri-cr2=100 leri-cr3=100,leri-cr1=13 leri-cr2=100 leri-cr3=100,leri-cr1=13 leri-cr2=100 leri-cr3=100,1171Mbit,1171Mbit,1
1790978371.321,leri-cr1=13 leri-cr2=100 leri-cr3=100,leri-cr1=13 leri-cr2=100 leri-cr3=100,leri-cr1=13 leri-cr2=100 leri-cr3=100,1171Mbit,1171Mbit,1
1790978381.377,leri-cr1=13 leri-cr2=100 leri-cr3=100,leri-cr1=13 leri-cr2=100 leri-cr3=100,leri-cr1=13 leri-cr2=100 leri-cr3=100,1171Mbit,1171Mbit,1
1790978391.607,leri-cr1=13 leri-cr2=100 leri-cr3=100,leri-cr1=13 leri-cr2=100 leri-cr3=100,leri-cr1=13 leri-cr2=100 leri-cr3=100,1171Mbit,1171Mbit,1
1790978401.655,leri-cr1=13 leri-cr2=100 leri-cr3=100,leri-cr1=13 leri-cr2=100 leri-cr3=100,leri-cr1=13 leri-cr2=100 leri-cr3=100,1171Mbit,1171Mbit,1
1790978411.705,leri-cr1=13 leri-cr2=100 leri-cr3=100,leri-cr1=13 leri-cr2=100 leri-cr3=100,leri-cr1=13 leri-cr2=100 leri-cr3=100,1171Mbit,1171Mbit,1
1790978421.755,leri-cr1=13 leri-cr2=100 leri-cr3=100,leri-cr1=13 leri-cr2=100 leri-cr3=100,leri-cr1=13 leri-cr2=100 leri-cr3=100,1171Mbit,1171Mbit,1
1790978431.801,leri-cr1=13 leri-cr2=100 leri-cr3=100,leri-cr1=13 leri-cr2=100 leri-cr3=100,leri-cr1=13 leri-cr2=100 leri-cr3=100,1171Mbit,1171Mbit,1
1790978441.854,leri-cr1=13 leri-cr2=100 leri-cr3=100,leri-cr1=13 leri-cr2=100 leri-cr3=100,leri-cr1=13 leri-cr2=100 leri-cr3=100,1171Mbit,1171Mbit,1
1790978452.143,leri-cr1=13 leri-cr2=100 leri-cr3=100,leri-cr1=13 leri-cr2=100 leri-cr3=100,leri-cr1=13 leri-cr2=100 leri-cr3=100,1171Mbit,1171Mbit,1
1790978462.194,leri-cr1=13 leri-cr2=100 leri-cr3=100,leri-cr1=13 leri-cr2=100 leri-cr3=100,leri-cr1=13 leri-cr2=100 leri-cr3=100,1171Mbit,1171Mbit,1
1790978472.253,leri-cr1=13 leri-cr2=100 leri-cr3=100,leri-cr1=13 leri-cr2=100 leri-cr3=100,leri-cr1=13 leri-cr2=100 leri-cr3=100,1171Mbit,1171Mbit,1
1790978482.307,leri-cr1=13 leri-cr2=100 leri-cr3=100,leri-cr1=13 leri-cr2=100 leri-cr3=100,leri-cr1=13 leri-cr2=100 leri-cr3=100,1171Mbit,1171Mbit,1
1790978492.364,leri-cr1=13 leri-cr2=100 leri-cr3=100,leri-cr1=13 leri-cr2=100 leri-cr3=100,leri-cr1=13 leri-cr2=100 leri-cr3=100,1171Mbit,1171Mbit,1
1790978502.417,leri-cr1=13 leri-cr2=100 leri-cr3=100,leri-cr1=13 leri-cr2=100 leri-cr3=100,leri-cr1=13 leri-cr2=100 leri-cr3=100,1171Mbit,1171Mbit,1
1790978512.693,leri-cr1=13 leri-cr2=100 leri-cr3=100,leri-cr1=13 leri-cr2=100 leri-cr3=100,leri-cr1=13 leri-cr2=100 leri-cr3=100,1171Mbit,1171Mbit,1
1790978522.749,leri-cr1=13 leri-cr2=100 leri-cr3=100,leri-cr1=13 leri-cr2=100 leri-cr3=100,leri-cr1=13 leri-cr2=100 leri-cr3=100,1171Mbit,1171Mbit,1
1790978532.800,leri-cr1=13 leri-cr2=100 leri-cr3=100,leri-cr1=13 leri-cr2=100 leri-cr3=100,leri-cr1=13 leri-cr2=100 leri-cr3=100,1171Mbit,1171Mbit,1
1790978542.850,leri-cr1=13 leri-cr2=100 leri-cr3=100,leri-cr1=13 leri-cr2=100 leri-cr3=100,leri-cr1=13 leri-cr2=100 leri-cr3=100,1171Mbit,1171Mbit,1
1790978552.904,leri-cr1=13 leri-cr2=100 leri-cr3=100,leri-cr1=13 leri-cr2=100 leri-cr3=100,leri-cr1=13 leri-cr2=100 leri-cr3=100,1171Mbit,1171Mbit,1
1790978563.155,leri-cr1=13 leri-cr2=100 leri-cr3=100,leri-cr1=13 leri-cr2=100 leri-cr3=100,leri-cr1=13 leri-cr2=100 leri-cr3=100,1171Mbit,1171Mbit,1
1790978573.211,leri-cr1=13 leri-cr2=100 leri-cr3=100,leri-cr1=13 leri-cr2=100 leri-cr3=100,leri-cr1=13 leri-cr2=100 leri-cr3=100,1171Mbit,1171Mbit,1
1790978583.257,leri-cr1=13 leri-cr2=100 leri-cr3=100,leri-cr1=13 leri-cr2=100 leri-cr3=100,leri-cr1=13 leri-cr2=100 leri-cr3=100,1171Mbit,1171Mbit,1
1790978593.309,leri-cr1=13 leri-cr2=100 leri-cr3=100,leri-cr1=13 leri-cr2=100 leri-cr3=100,leri-cr1=13 leri-cr2=100 leri-cr3=100,1171Mbit,1171Mbit,1
1790978603.385,leri-cr1=13 leri-cr2=100 leri-cr3=100,leri-cr1=13 leri-cr2=100 leri-cr3=100,leri-cr1=13 leri-cr2=100 leri-cr3=100,1171Mbit,1171Mbit,1
1790978613.436,leri-cr1=13 leri-cr2=100 leri-cr3=100,leri-cr1=13 leri-cr2=100 leri-cr3=100,leri-cr1=13 leri-cr2=100 leri-cr3=100,1171Mbit,1171Mbit,1
1790978623.683,leri-cr1=13 leri-cr2=100 leri-cr3=100,leri-cr1=13 leri-cr2=100 leri-cr3=100,leri-cr1=13 leri-cr2=100 leri-cr3=100,1171Mbit,1171Mbit,1
1790978633.734,leri-cr1=13 leri-cr2=100 leri-cr3=100,leri-cr1=13 leri-cr2=100 leri-cr3=100,leri-cr1=13 leri-cr2=100 leri-cr3=100,1171Mbit,1171Mbit,1
1790978643.787,leri-cr1=13 leri-cr2=100 leri-cr3=100,leri-cr1=13 leri-cr2=100 leri-cr3=100,leri-cr1=13 leri-cr2=100 leri-cr3=100,1171Mbit,1171Mbit,1
1790978653.833,leri-cr1=13 leri-cr2=100 leri-cr3=100,leri-cr1=13 leri-cr2=100 leri-cr3=100,leri-cr1=13 leri-cr2=100 leri-cr3=100,1171Mbit,1171Mbit,1
1790978663.888,leri-cr1=13 leri-cr2=100 leri-cr3=100,leri-cr1=13 leri-cr2=100 leri-cr3=100,leri-cr1=13 leri-cr2=100 leri-cr3=100,1171Mbit,1171Mbit,1
1790978673.944,leri-cr1=13 leri-cr2=100 leri-cr3=100,leri-cr1=13 leri-cr2=100 leri-cr3=100,leri-cr1=13 leri-cr2=100 leri-cr3=100,1171Mbit,1171Mbit,1
1790978684.251,leri-cr1=13 leri-cr2=100 leri-cr3=100,leri-cr1=13 leri-cr2=100 leri-cr3=100,leri-cr1=13 leri-cr2=100 leri-cr3=100,1171Mbit,1171Mbit,1
1790978694.299,leri-cr1=13 leri-cr2=100 leri-cr3=100,leri-cr1=13 leri-cr2=100 leri-cr3=100,leri-cr1=13 leri-cr2=100 leri-cr3=100,1171Mbit,1171Mbit,1
1790978704.350,leri-cr1=13 leri-cr2=100 leri-cr3=100,leri-cr1=13 leri-cr2=100 leri-cr3=100,leri-cr1=13 leri-cr2=100 leri-cr3=100,1171Mbit,1171Mbit,1
1790978714.404,leri-cr1=13 leri-cr2=100 leri-cr3=100,leri-cr1=13 leri-cr2=100 leri-cr3=100,leri-cr1=13 leri-cr2=100 leri-cr3=100,1171Mbit,1171Mbit,1
1790978724.454,leri-cr1=13 leri-cr2=100 leri-cr3=100,leri-cr1=13 leri-cr2=100 leri-cr3=100,leri-cr1=13 leri-cr2=100 leri-cr3=100,1171Mbit,1171Mbit,1
1790978734.499,leri-cr1=13 leri-cr2=100 leri-cr3=100,leri-cr1=13 leri-cr2=100 leri-cr3=100,leri-cr1=13 leri-cr2=100 leri-cr3=100,1171Mbit,1171Mbit,1
1790978744.787,leri-cr1=13 leri-cr2=100 leri-cr3=100,leri-cr1=13 leri-cr2=100 leri-cr3=100,leri-cr1=13 leri-cr2=100 leri-cr3=100,1171Mbit,1171Mbit,0
1790978754.882,leri-cr1=13 leri-cr2=100 leri-cr3=100,leri-cr1=13 leri-cr2=100 leri-cr3=100,leri-cr1=13 leri-cr2=100 leri-cr3=100,1171Mbit,1171Mbit,0
1790978764.961,leri-cr1=13 leri-cr2=100 leri-cr3=100,leri-cr1=13 leri-cr2=100 leri-cr3=100,leri-cr1=13 leri-cr2=100 leri-cr3=100,1171Mbit,1171Mbit,0
1790978775.039,leri-cr1=13 leri-cr2=100 leri-cr3=100,leri-cr1=13 leri-cr2=100 leri-cr3=100,leri-cr1=13 leri-cr2=100 leri-cr3=100,1171Mbit,1171Mbit,0
1790978785.114,leri-cr1=13 leri-cr2=100 leri-cr3=100,leri-cr1=13 leri-cr2=100 leri-cr3=100,leri-cr1=13 leri-cr2=100 leri-cr3=100,1171Mbit,1171Mbit,0
1790978795.191,leri-cr1=13 leri-cr2=100 leri-cr3=100,leri-cr1=13 leri-cr2=100 leri-cr3=100,leri-cr1=13 leri-cr2=100 leri-cr3=100,1171Mbit,1171Mbit,0
1790978805.567,leri-cr1=13 leri-cr2=100 leri-cr3=100,leri-cr1=13 leri-cr2=100 leri-cr3=100,leri-cr1=13 leri-cr2=100 leri-cr3=100,1171Mbit,1171Mbit,0
1790978815.640,leri-cr1=13 leri-cr2=100 leri-cr3=100,leri-cr1=13 leri-cr2=100 leri-cr3=100,leri-cr1=13 leri-cr2=100 leri-cr3=100,1171Mbit,1171Mbit,0
1790978825.719,leri-cr1=13 leri-cr2=100 leri-cr3=100,leri-cr1=13 leri-cr2=100 leri-cr3=100,leri-cr1=13 leri-cr2=100 leri-cr3=100,1171Mbit,1171Mbit,0
1790978835.802,leri-cr1=13 leri-cr2=100 leri-cr3=100,leri-cr1=13 leri-cr2=100 leri-cr3=100,leri-cr1=13 leri-cr2=100 leri-cr3=100,1171Mbit,1171Mbit,0
1790978845.880,leri-cr1=13 leri-cr2=100 leri-cr3=100,leri-cr1=13 leri-cr2=100 leri-cr3=100,leri-cr1=13 leri-cr2=100 leri-cr3=100,1171Mbit,1171Mbit,0
1790978855.956,leri-cr1=13 leri-cr2=100 leri-cr3=100,leri-cr1=13 leri-cr2=100 leri-cr3=100,leri-cr1=13 leri-cr2=100 leri-cr3=100,1171Mbit,1171Mbit,0
1790978866.398,leri-cr1=13 leri-cr2=100 leri-cr3=100,leri-cr1=13 leri-cr2=100 leri-cr3=100,leri-cr1=13 leri-cr2=100 leri-cr3=100,1171Mbit,1171Mbit,0
1790978876.446,leri-cr1=13 leri-cr2=100 leri-cr3=100,leri-cr1=13 leri-cr2=100 leri-cr3=100,leri-cr1=13 leri-cr2=100 leri-cr3=100,1171Mbit,1171Mbit,0
1790978886.505,leri-cr1=13 leri-cr2=100 leri-cr3=100,leri-cr1=13 leri-cr2=100 leri-cr3=100,leri-cr1=13 leri-cr2=100 leri-cr3=100,1171Mbit,1171Mbit,1
1790978896.560,leri-cr1=13 leri-cr2=100 leri-cr3=100,leri-cr1=13 leri-cr2=100 leri-cr3=100,leri-cr1=13 leri-cr2=100 leri-cr3=100,1171Mbit,1171Mbit,1
1790978906.618,leri-cr1=13 leri-cr2=100 leri-cr3=100,leri-cr1=13 leri-cr2=100 leri-cr3=100,leri-cr1=13 leri-cr2=100 leri-cr3=100,1171Mbit,1171Mbit,1
1790978916.674,leri-cr1=13 leri-cr2=100 leri-cr3=100,leri-cr1=13 leri-cr2=100 leri-cr3=100,leri-cr1=13 leri-cr2=100 leri-cr3=100,1171Mbit,1171Mbit,1
1790978926.922,leri-cr1=13 leri-cr2=100 leri-cr3=100,leri-cr1=13 leri-cr2=100 leri-cr3=100,leri-cr1=13 leri-cr2=100 leri-cr3=100,1171Mbit,1171Mbit,1
1790978936.978,leri-cr1=13 leri-cr2=100 leri-cr3=100,leri-cr1=13 leri-cr2=100 leri-cr3=100,leri-cr1=13 leri-cr2=100 leri-cr3=100,1171Mbit,1171Mbit,1
1790978947.031,leri-cr1=13 leri-cr2=100 leri-cr3=100,leri-cr1=13 leri-cr2=100 leri-cr3=100,leri-cr1=13 leri-cr2=100 leri-cr3=100,1171Mbit,1171Mbit,1
1790978957.083,leri-cr1=13 leri-cr2=100 leri-cr3=100,leri-cr1=13 leri-cr2=100 leri-cr3=100,leri-cr1=13 leri-cr2=100 leri-cr3=100,1171Mbit,1171Mbit,1
1790978967.129,leri-cr1=13 leri-cr2=100 leri-cr3=100,leri-cr1=13 leri-cr2=100 leri-cr3=100,leri-cr1=13 leri-cr2=100 leri-cr3=100,1171Mbit,1171Mbit,1
1790978977.180,leri-cr1=13 leri-cr2=100 leri-cr3=100,leri-cr1=13 leri-cr2=100 leri-cr3=100,leri-cr1=13 leri-cr2=100 leri-cr3=100,1171Mbit,1171Mbit,1
1790978987.459,leri-cr1=13 leri-cr2=100 leri-cr3=100,leri-cr1=13 leri-cr2=100 leri-cr3=100,leri-cr1=13 leri-cr2=100 leri-cr3=100,1171Mbit,1171Mbit,1
1790978997.508,leri-cr1=13 leri-cr2=100 leri-cr3=100,leri-cr1=13 leri-cr2=100 leri-cr3=100,leri-cr1=13 leri-cr2=100 leri-cr3=100,1171Mbit,1171Mbit,1
1790979007.563,leri-cr1=13 leri-cr2=100 leri-cr3=100,leri-cr1=13 leri-cr2=100 leri-cr3=100,leri-cr1=13 leri-cr2=100 leri-cr3=100,1171Mbit,1171Mbit,1
1790979017.616,leri-cr1=13 leri-cr2=100 leri-cr3=100,leri-cr1=13 leri-cr2=100 leri-cr3=100,leri-cr1=13 leri-cr2=100 leri-cr3=100,1171Mbit,1171Mbit,1
1790979027.672,leri-cr1=13 leri-cr2=100 leri-cr3=100,leri-cr1=13 leri-cr2=100 leri-cr3=100,leri-cr1=13 leri-cr2=100 leri-cr3=100,1171Mbit,1171Mbit,1
1790979037.723,leri-cr1=13 leri-cr2=100 leri-cr3=100,leri-cr1=13 leri-cr2=100 leri-cr3=100,leri-cr1=13 leri-cr2=100 leri-cr3=100,1171Mbit,1171Mbit,1
1790979048.036,leri-cr1=13 leri-cr2=100 leri-cr3=100,leri-cr1=13 leri-cr2=100 leri-cr3=100,leri-cr1=13 leri-cr2=100 leri-cr3=100,1171Mbit,1171Mbit,1
1790979058.090,leri-cr1=13 leri-cr2=100 leri-cr3=100,leri-cr1=13 leri-cr2=100 leri-cr3=100,leri-cr1=13 leri-cr2=100 leri-cr3=100,1171Mbit,1171Mbit,1
1790979068.140,leri-cr1=13 leri-cr2=100 leri-cr3=100,leri-cr1=13 leri-cr2=100 leri-cr3=100,leri-cr1=13 leri-cr2=100 leri-cr3=100,1171Mbit,1171Mbit,1
1790979078.187,leri-cr1=13 leri-cr2=100 leri-cr3=100,leri-cr1=13 leri-cr2=100 leri-cr3=100,leri-cr1=13 leri-cr2=100 leri-cr3=100,1171Mbit,1171Mbit,1
1790979088.239,leri-cr1=13 leri-cr2=100 leri-cr3=100,leri-cr1=13 leri-cr2=100 leri-cr3=100,leri-cr1=13 leri-cr2=100 leri-cr3=100,1171Mbit,1171Mbit,1
1790979098.321,leri-cr1=13 leri-cr2=100 leri-cr3=100,leri-cr1=13 leri-cr2=100 leri-cr3=100,leri-cr1=13 leri-cr2=100 leri-cr3=100,1171Mbit,1171Mbit,1
1790979108.602,leri-cr1=13 leri-cr2=100 leri-cr3=100,leri-cr1=13 leri-cr2=100 leri-cr3=100,leri-cr1=13 leri-cr2=100 leri-cr3=100,1171Mbit,1171Mbit,1
1790979118.678,leri-cr1=13 leri-cr2=100 leri-cr3=100,leri-cr1=13 leri-cr2=100 leri-cr3=100,leri-cr1=13 leri-cr2=100 leri-cr3=100,1171Mbit,1171Mbit,1
1790979128.726,leri-cr1=13 leri-cr2=100 leri-cr3=100,leri-cr1=13 leri-cr2=100 leri-cr3=100,leri-cr1=13 leri-cr2=100 leri-cr3=100,1171Mbit,1171Mbit,1
1790979138.787,leri-cr1=13 leri-cr2=100 leri-cr3=100,leri-cr1=13 leri-cr2=100 leri-cr3=100,leri-cr1=13 leri-cr2=100 leri-cr3=100,1171Mbit,1171Mbit,1
1790979148.842,leri-cr1=13 leri-cr2=100 leri-cr3=100,leri-cr1=13 leri-cr2=100 leri-cr3=100,leri-cr1=13 leri-cr2=100 leri-cr3=100,1171Mbit,1171Mbit,1
1790979158.896,leri-cr1=13 leri-cr2=100 leri-cr3=100,leri-cr1=13 leri-cr2=100 leri-cr3=100,leri-cr1=13 leri-cr2=100 leri-cr3=100,1171Mbit,1171Mbit,1
1790979169.218,leri-cr1=13 leri-cr2=100 leri-cr3=100,leri-cr1=13 leri-cr2=100 leri-cr3=100,leri-cr1=13 leri-cr2=100 leri-cr3=100,1171Mbit,1171Mbit,1
1790979179.270,leri-cr1=13 leri-cr2=100 leri-cr3=100,leri-cr1=13 leri-cr2=100 leri-cr3=100,leri-cr1=13 leri-cr2=100 leri-cr3=100,1171Mbit,1171Mbit,1
1790979189.326,leri-cr1=13 leri-cr2=100 leri-cr3=100,leri-cr1=13 leri-cr2=100 leri-cr3=100,leri-cr1=13 leri-cr2=100 leri-cr3=100,1171Mbit,1171Mbit,1
1790979199.385,leri-cr1=13 leri-cr2=100 leri-cr3=100,leri-cr1=13 leri-cr2=100 leri-cr3=100,leri-cr1=13 leri-cr2=100 leri-cr3=100,1171Mbit,1171Mbit,1
1790979209.432,leri-cr1=13 leri-cr2=100 leri-cr3=100,leri-cr1=13 leri-cr2=100 leri-cr3=100,leri-cr1=13 leri-cr2=100 leri-cr3=100,1171Mbit,1171Mbit,1
1790979219.482,leri-cr1=13 leri-cr2=100 leri-cr3=100,leri-cr1=13 leri-cr2=100 leri-cr3=100,leri-cr1=13 leri-cr2=100 leri-cr3=100,1171Mbit,1171Mbit,1
1790979229.724,leri-cr1=13 leri-cr2=100 leri-cr3=100,leri-cr1=13 leri-cr2=100 leri-cr3=100,leri-cr1=13 leri-cr2=100 leri-cr3=100,1171Mbit,1171Mbit,1
1790979239.778,leri-cr1=13 leri-cr2=100 leri-cr3=100,leri-cr1=13 leri-cr2=100 leri-cr3=100,leri-cr1=13 leri-cr2=100 leri-cr3=100,1171Mbit,1171Mbit,1
1790979249.825,leri-cr1=13 leri-cr2=100 leri-cr3=100,leri-cr1=13 leri-cr2=100 leri-cr3=100,leri-cr1=13 leri-cr2=100 leri-cr3=100,1171Mbit,1171Mbit,1
1790979259.877,leri-cr1=13 leri-cr2=100 leri-cr3=100,leri-cr1=13 leri-cr2=100 leri-cr3=100,leri-cr1=13 leri-cr2=100 leri-cr3=100,1171Mbit,1171Mbit,1
1790979269.929,leri-cr1=13 leri-cr2=100 leri-cr3=100,leri-cr1=13 leri-cr2=100 leri-cr3=100,leri-cr1=13 leri-cr2=100 leri-cr3=100,1171Mbit,1171Mbit,1
1790979279.982,leri-cr1=13 leri-cr2=100 leri-cr3=100,leri-cr1=13 leri-cr2=100 leri-cr3=100,leri-cr1=13 leri-cr2=100 leri-cr3=100,1171Mbit,1171Mbit,1
1790979290.230,leri-cr1=13 leri-cr2=100 leri-cr3=100,leri-cr1=13 leri-cr2=100 leri-cr3=100,leri-cr1=13 leri-cr2=100 leri-cr3=100,1171Mbit,1171Mbit,1
1790979300.281,leri-cr1=13 leri-cr2=100 leri-cr3=100,leri-cr1=13 leri-cr2=100 leri-cr3=100,leri-cr1=13 leri-cr2=100 leri-cr3=100,1171Mbit,1171Mbit,1
1790979310.332,leri-cr1=13 leri-cr2=100 leri-cr3=100,leri-cr1=13 leri-cr2=100 leri-cr3=100,leri-cr1=13 leri-cr2=100 leri-cr3=100,1171Mbit,1171Mbit,1
1790979320.377,leri-cr1=13 leri-cr2=100 leri-cr3=100,leri-cr1=13 leri-cr2=100 leri-cr3=100,leri-cr1=13 leri-cr2=100 leri-cr3=100,1171Mbit,1171Mbit,1
1790979330.430,leri-cr1=13 leri-cr2=100 leri-cr3=100,leri-cr1=13 leri-cr2=100 leri-cr3=100,leri-cr1=13 leri-cr2=100 leri-cr3=100,1171Mbit,1171Mbit,1
1790979340.508,leri-cr1=13 leri-cr2=100 leri-cr3=100,leri-cr1=13 leri-cr2=100 leri-cr3=100,leri-cr1=13 leri-cr2=100 leri-cr3=100,1171Mbit,1171Mbit,1
1790979350.835,leri-cr1=13 leri-cr2=100 leri-cr3=100,leri-cr1=13 leri-cr2=100 leri-cr3=100,leri-cr1=13 leri-cr2=100 leri-cr3=100,1171Mbit,1171Mbit,0
1790979360.907,leri-cr1=13 leri-cr2=100 leri-cr3=100,leri-cr1=13 leri-cr2=100 leri-cr3=100,leri-cr1=13 leri-cr2=100 leri-cr3=100,1171Mbit,1171Mbit,0
1790979370.983,leri-cr1=13 leri-cr2=100 leri-cr3=100,leri-cr1=13 leri-cr2=100 leri-cr3=100,leri-cr1=13 leri-cr2=100 leri-cr3=100,1171Mbit,1171Mbit,0
1790979381.058,leri-cr1=13 leri-cr2=100 leri-cr3=100,leri-cr1=13 leri-cr2=100 leri-cr3=100,leri-cr1=13 leri-cr2=100 leri-cr3=100,1171Mbit,1171Mbit,0
1790979391.137,leri-cr1=13 leri-cr2=100 leri-cr3=100,leri-cr1=13 leri-cr2=100 leri-cr3=100,leri-cr1=13 leri-cr2=100 leri-cr3=100,1171Mbit,1171Mbit,0
1790979401.213,leri-cr1=13 leri-cr2=100 leri-cr3=100,leri-cr1=13 leri-cr2=100 leri-cr3=100,leri-cr1=13 leri-cr2=100 leri-cr3=100,1171Mbit,1171Mbit,0
1790979411.600,leri-cr1=13 leri-cr2=100 leri-cr3=100,leri-cr1=13 leri-cr2=100 leri-cr3=100,leri-cr1=13 leri-cr2=100 leri-cr3=100,1171Mbit,1171Mbit,0
1790979421.678,leri-cr1=13 leri-cr2=100 leri-cr3=100,leri-cr1=13 leri-cr2=100 leri-cr3=100,leri-cr1=13 leri-cr2=100 leri-cr3=100,1171Mbit,1171Mbit,0
1790979431.751,leri-cr1=13 leri-cr2=100 leri-cr3=100,leri-cr1=13 leri-cr2=100 leri-cr3=100,leri-cr1=13 leri-cr2=100 leri-cr3=100,1171Mbit,1171Mbit,0
1790979441.828,leri-cr1=13 leri-cr2=100 leri-cr3=100,leri-cr1=13 leri-cr2=100 leri-cr3=100,leri-cr1=13 leri-cr2=100 leri-cr3=100,1171Mbit,1171Mbit,0
1790979451.903,leri-cr1=13 leri-cr2=100 leri-cr3=100,leri-cr1=13 leri-cr2=100 leri-cr3=100,leri-cr1=13 leri-cr2=100 leri-cr3=100,1171Mbit,1171Mbit,0
1790979461.979,leri-cr1=13 leri-cr2=100 leri-cr3=100,leri-cr1=13 leri-cr2=100 leri-cr3=100,leri-cr1=13 leri-cr2=100 leri-cr3=100,1171Mbit,1171Mbit,0
1790979472.380,leri-cr1=13 leri-cr2=100 leri-cr3=100,leri-cr1=13 leri-cr2=100 leri-cr3=100,leri-cr1=13 leri-cr2=100 leri-cr3=100,1171Mbit,1171Mbit,0
1790979482.456,leri-cr1=13 leri-cr2=100 leri-cr3=100,leri-cr1=13 leri-cr2=100 leri-cr3=100,leri-cr1=13 leri-cr2=100 leri-cr3=100,1171Mbit,1171Mbit,1
1790979492.503,leri-cr1=13 leri-cr2=100 leri-cr3=100,leri-cr1=13 leri-cr2=100 leri-cr3=100,leri-cr1=13 leri-cr2=100 leri-cr3=100,1171Mbit,1171Mbit,1
1790979502.558,leri-cr1=13 leri-cr2=100 leri-cr3=100,leri-cr1=13 leri-cr2=100 leri-cr3=100,leri-cr1=13 leri-cr2=100 leri-cr3=100,1171Mbit,1171Mbit,1
1790979512.612,leri-cr1=13 leri-cr2=100 leri-cr3=100,leri-cr1=13 leri-cr2=100 leri-cr3=100,leri-cr1=13 leri-cr2=100 leri-cr3=100,1171Mbit,1171Mbit,1
1790979522.662,leri-cr1=13 leri-cr2=100 leri-cr3=100,leri-cr1=13 leri-cr2=100 leri-cr3=100,leri-cr1=13 leri-cr2=100 leri-cr3=100,1171Mbit,1171Mbit,1
1790979532.968,leri-cr1=13 leri-cr2=100 leri-cr3=100,leri-cr1=13 leri-cr2=100 leri-cr3=100,leri-cr1=13 leri-cr2=100 leri-cr3=100,1171Mbit,1171Mbit,1
1790979543.020,leri-cr1=13 leri-cr2=100 leri-cr3=100,leri-cr1=13 leri-cr2=100 leri-cr3=100,leri-cr1=13 leri-cr2=100 leri-cr3=100,1171Mbit,1171Mbit,1
1790979553.073,leri-cr1=13 leri-cr2=100 leri-cr3=100,leri-cr1=13 leri-cr2=100 leri-cr3=100,leri-cr1=13 leri-cr2=100 leri-cr3=100,1171Mbit,1171Mbit,1
1790979563.124,leri-cr1=13 leri-cr2=100 leri-cr3=100,leri-cr1=13 leri-cr2=100 leri-cr3=100,leri-cr1=13 leri-cr2=100 leri-cr3=100,1171Mbit,1171Mbit,1
1790979573.172,leri-cr1=13 leri-cr2=100 leri-cr3=100,leri-cr1=13 leri-cr2=100 leri-cr3=100,leri-cr1=13 leri-cr2=100 leri-cr3=100,1171Mbit,1171Mbit,1
1790979583.228,leri-cr1=13 leri-cr2=100 leri-cr3=100,leri-cr1=13 leri-cr2=100 leri-cr3=100,leri-cr1=13 leri-cr2=100 leri-cr3=100,1171Mbit,1171Mbit,1
1790979593.516,leri-cr1=13 leri-cr2=100 leri-cr3=100,leri-cr1=13 leri-cr2=100 leri-cr3=100,leri-cr1=13 leri-cr2=100 leri-cr3=100,1171Mbit,1171Mbit,1
1790979603.567,leri-cr1=13 leri-cr2=100 leri-cr3=100,leri-cr1=13 leri-cr2=100 leri-cr3=100,leri-cr1=13 leri-cr2=100 leri-cr3=100,1171Mbit,1171Mbit,1
1790979613.626,leri-cr1=13 leri-cr2=100 leri-cr3=100,leri-cr1=13 leri-cr2=100 leri-cr3=100,leri-cr1=13 leri-cr2=100 leri-cr3=100,1171Mbit,1171Mbit,1
1790979623.682,leri-cr1=13 leri-cr2=100 leri-cr3=100,leri-cr1=13 leri-cr2=100 leri-cr3=100,leri-cr1=13 leri-cr2=100 leri-cr3=100,1171Mbit,1171Mbit,1
1790979633.738,leri-cr1=13 leri-cr2=100 leri-cr3=100,leri-cr1=13 leri-cr2=100 leri-cr3=100,leri-cr1=13 leri-cr2=100 leri-cr3=100,1171Mbit,1171Mbit,1
1790979643.792,leri-cr1=13 leri-cr2=100 leri-cr3=100,leri-cr1=13 leri-cr2=100 leri-cr3=100,leri-cr1=13 leri-cr2=100 leri-cr3=100,1171Mbit,1171Mbit,1
1790979654.091,leri-cr1=13 leri-cr2=100 leri-cr3=100,leri-cr1=13 leri-cr2=100 leri-cr3=100,leri-cr1=13 leri-cr2=100 leri-cr3=100,1171Mbit,1171Mbit,1
1790979664.139,leri-cr1=13 leri-cr2=100 leri-cr3=100,leri-cr1=13 leri-cr2=100 leri-cr3=100,leri-cr1=13 leri-cr2=100 leri-cr3=100,1171Mbit,1171Mbit,1
1790979674.190,leri-cr1=13 leri-cr2=100 leri-cr3=100,leri-cr1=13 leri-cr2=100 leri-cr3=100,leri-cr1=13 leri-cr2=100 leri-cr3=100,1171Mbit,1171Mbit,1
1790979684.238,leri-cr1=13 leri-cr2=100 leri-cr3=100,leri-cr1=13 leri-cr2=100 leri-cr3=100,leri-cr1=13 leri-cr2=100 leri-cr3=100,1171Mbit,1171Mbit,1
1790979694.288,leri-cr1=13 leri-cr2=100 leri-cr3=100,leri-cr1=13 leri-cr2=100 leri-cr3=100,leri-cr1=13 leri-cr2=100 leri-cr3=100,1171Mbit,1171Mbit,1
1790979704.338,leri-cr1=13 leri-cr2=100 leri-cr3=100,leri-cr1=13 leri-cr2=100 leri-cr3=100,leri-cr1=13 leri-cr2=100 leri-cr3=100,1171Mbit,1171Mbit,1
1790979714.613,leri-cr1=13 leri-cr2=100 leri-cr3=100,leri-cr1=13 leri-cr2=100 leri-cr3=100,leri-cr1=13 leri-cr2=100 leri-cr3=100,1171Mbit,1171Mbit,1
1790979724.668,leri-cr1=13 leri-cr2=100 leri-cr3=100,leri-cr1=13 leri-cr2=100 leri-cr3=100,leri-cr1=13 leri-cr2=100 leri-cr3=100,1171Mbit,1171Mbit,1
1790979734.717,leri-cr1=13 leri-cr2=100 leri-cr3=100,leri-cr1=13 leri-cr2=100 leri-cr3=100,leri-cr1=13 leri-cr2=100 leri-cr3=100,1171Mbit,1171Mbit,1
1790979744.795,leri-cr1=13 leri-cr2=100 leri-cr3=100,leri-cr1=13 leri-cr2=100 leri-cr3=100,leri-cr1=13 leri-cr2=100 leri-cr3=100,1171Mbit,1171Mbit,1
1790979754.851,leri-cr1=13 leri-cr2=100 leri-cr3=100,leri-cr1=13 leri-cr2=100 leri-cr3=100,leri-cr1=13 leri-cr2=100 leri-cr3=100,1171Mbit,1171Mbit,1
1790979764.910,leri-cr1=13 leri-cr2=100 leri-cr3=100,leri-cr1=13 leri-cr2=100 leri-cr3=100,leri-cr1=13 leri-cr2=100 leri-cr3=100,1171Mbit,1171Mbit,1
1790979775.190,leri-cr1=13 leri-cr2=100 leri-cr3=100,leri-cr1=13 leri-cr2=100 leri-cr3=100,leri-cr1=13 leri-cr2=100 leri-cr3=100,1171Mbit,1171Mbit,1
1790979785.242,leri-cr1=13 leri-cr2=100 leri-cr3=100,leri-cr1=13 leri-cr2=100 leri-cr3=100,leri-cr1=13 leri-cr2=100 leri-cr3=100,1171Mbit,1171Mbit,1
1790979795.294,leri-cr1=13 leri-cr2=100 leri-cr3=100,leri-cr1=13 leri-cr2=100 leri-cr3=100,leri-cr1=13 leri-cr2=100 leri-cr3=100,1171Mbit,1171Mbit,1
1790979805.348,leri-cr1=13 leri-cr2=100 leri-cr3=100,leri-cr1=13 leri-cr2=100 leri-cr3=100,leri-cr1=13 leri-cr2=100 leri-cr3=100,1171Mbit,1171Mbit,1
1790979815.405,leri-cr1=13 leri-cr2=100 leri-cr3=100,leri-cr1=13 leri-cr2=100 leri-cr3=100,leri-cr1=13 leri-cr2=100 leri-cr3=100,1171Mbit,1171Mbit,1
1790979825.670,leri-cr1=13 leri-cr2=100 leri-cr3=100,leri-cr1=13 leri-cr2=100 leri-cr3=100,leri-cr1=13 leri-cr2=100 leri-cr3=100,1171Mbit,1171Mbit,1
1790979835.724,leri-cr1=13 leri-cr2=100 leri-cr3=100,leri-cr1=13 leri-cr2=100 leri-cr3=100,leri-cr1=13 leri-cr2=100 leri-cr3=100,1171Mbit,1171Mbit,1
1790979845.776,leri-cr1=13 leri-cr2=100 leri-cr3=100,leri-cr1=13 leri-cr2=100 leri-cr3=100,leri-cr1=13 leri-cr2=100 leri-cr3=100,1171Mbit,1171Mbit,1
1790979855.821,leri-cr1=13 leri-cr2=100 leri-cr3=100,leri-cr1=13 leri-cr2=100 leri-cr3=100,leri-cr1=13 leri-cr2=100 leri-cr3=100,1171Mbit,1171Mbit,1
1790979865.872,leri-cr1=13 leri-cr2=100 leri-cr3=100,leri-cr1=13 leri-cr2=100 leri-cr3=100,leri-cr1=13 leri-cr2=100 leri-cr3=100,1171Mbit,1171Mbit,1
1790979875.922,leri-cr1=13 leri-cr2=100 leri-cr3=100,leri-cr1=13 leri-cr2=100 leri-cr3=100,leri-cr1=13 leri-cr2=100 leri-cr3=100,1171Mbit,1171Mbit,1
1790979886.142,leri-cr1=13 leri-cr2=100 leri-cr3=100,leri-cr1=13 leri-cr2=100 leri-cr3=100,leri-cr1=13 leri-cr2=100 leri-cr3=100,1171Mbit,1171Mbit,1
1790979896.229,leri-cr1=13 leri-cr2=100 leri-cr3=100,leri-cr1=13 leri-cr2=100 leri-cr3=100,leri-cr1=13 leri-cr2=100 leri-cr3=100,1171Mbit,1171Mbit,1
1790979906.290,leri-cr1=13 leri-cr2=100 leri-cr3=100,leri-cr1=13 leri-cr2=100 leri-cr3=100,leri-cr1=13 leri-cr2=100 leri-cr3=100,1171Mbit,1171Mbit,1
1790979916.337,leri-cr1=13 leri-cr2=100 leri-cr3=100,leri-cr1=13 leri-cr2=100 leri-cr3=100,leri-cr1=13 leri-cr2=100 leri-cr3=100,1171Mbit,1171Mbit,1
1790979926.389,leri-cr1=13 leri-cr2=100 leri-cr3=100,leri-cr1=13 leri-cr2=100 leri-cr3=100,leri-cr1=13 leri-cr2=100 leri-cr3=100,1171Mbit,1171Mbit,1
1790979936.440,leri-cr1=13 leri-cr2=100 leri-cr3=100,leri-cr1=13 leri-cr2=100 leri-cr3=100,leri-cr1=13 leri-cr2=100 leri-cr3=100,1171Mbit,1171Mbit,1
1790979946.706,leri-cr1=13 leri-cr2=100 leri-cr3=100,leri-cr1=13 leri-cr2=100 leri-cr3=100,leri-cr1=13 leri-cr2=100 leri-cr3=100,1171Mbit,1171Mbit,0
1790979956.785,leri-cr1=13 leri-cr2=100 leri-cr3=100,leri-cr1=13 leri-cr2=100 leri-cr3=100,leri-cr1=13 leri-cr2=100 leri-cr3=100,1171Mbit,1171Mbit,0
1790979966.859,leri-cr1=13 leri-cr2=100 leri-cr3=100,leri-cr1=13 leri-cr2=100 leri-cr3=100,leri-cr1=13 leri-cr2=100 leri-cr3=100,1171Mbit,1171Mbit,0
1790979976.931,leri-cr1=13 leri-cr2=100 leri-cr3=100,leri-cr1=13 leri-cr2=100 leri-cr3=100,leri-cr1=13 leri-cr2=100 leri-cr3=100,1171Mbit,1171Mbit,0
1790979987.007,leri-cr1=13 leri-cr2=100 leri-cr3=100,leri-cr1=13 leri-cr2=100 leri-cr3=100,leri-cr1=13 leri-cr2=100 leri-cr3=100,1171Mbit,1171Mbit,0
1790979997.086,leri-cr1=13 leri-cr2=100 leri-cr3=100,leri-cr1=13 leri-cr2=100 leri-cr3=100,leri-cr1=13 leri-cr2=100 leri-cr3=100,1171Mbit,1171Mbit,0
1790980007.486,leri-cr1=13 leri-cr2=100 leri-cr3=100,leri-cr1=13 leri-cr2=100 leri-cr3=100,leri-cr1=13 leri-cr2=100 leri-cr3=100,1171Mbit,1171Mbit,0
1790980017.566,leri-cr1=13 leri-cr2=100 leri-cr3=100,leri-cr1=13 leri-cr2=100 leri-cr3=100,leri-cr1=13 leri-cr2=100 leri-cr3=100,1171Mbit,1171Mbit,0
1790980027.640,leri-cr1=13 leri-cr2=100 leri-cr3=100,leri-cr1=13 leri-cr2=100 leri-cr3=100,leri-cr1=13 leri-cr2=100 leri-cr3=100,1171Mbit,1171Mbit,0
1790980037.720,leri-cr1=13 leri-cr2=100 leri-cr3=100,leri-cr1=13 leri-cr2=100 leri-cr3=100,leri-cr1=13 leri-cr2=100 leri-cr3=100,1171Mbit,1171Mbit,0
1790980047.802,leri-cr1=13 leri-cr2=100 leri-cr3=100,leri-cr1=13 leri-cr2=100 leri-cr3=100,leri-cr1=13 leri-cr2=100 leri-cr3=100,1171Mbit,1171Mbit,0
1790980057.884,leri-cr1=13 leri-cr2=100 leri-cr3=100,leri-cr1=13 leri-cr2=100 leri-cr3=100,leri-cr1=13 leri-cr2=100 leri-cr3=100,1171Mbit,1171Mbit,0
1790980068.323,leri-cr1=13 leri-cr2=100 leri-cr3=100,leri-cr1=13 leri-cr2=100 leri-cr3=100,leri-cr1=13 leri-cr2=100 leri-cr3=100,1171Mbit,1171Mbit,0
1790980078.376,leri-cr1=13 leri-cr2=100 leri-cr3=100,leri-cr1=13 leri-cr2=100 leri-cr3=100,leri-cr1=13 leri-cr2=100 leri-cr3=100,1171Mbit,1171Mbit,0
1790980088.428,leri-cr1=13 leri-cr2=100 leri-cr3=100,leri-cr1=13 leri-cr2=100 leri-cr3=100,leri-cr1=13 leri-cr2=100 leri-cr3=100,1171Mbit,1171Mbit,1
1790980098.487,leri-cr1=13 leri-cr2=100 leri-cr3=100,leri-cr1=13 leri-cr2=100 leri-cr3=100,leri-cr1=13 leri-cr2=100 leri-cr3=100,1171Mbit,1171Mbit,1
1790980108.534,leri-cr1=13 leri-cr2=100 leri-cr3=100,leri-cr1=13 leri-cr2=100 leri-cr3=100,leri-cr1=13 leri-cr2=100 leri-cr3=100,1171Mbit,1171Mbit,1
1790980118.587,leri-cr1=13 leri-cr2=100 leri-cr3=100,leri-cr1=13 leri-cr2=100 leri-cr3=100,leri-cr1=13 leri-cr2=100 leri-cr3=100,1171Mbit,1171Mbit,1
1790980128.883,leri-cr1=13 leri-cr2=100 leri-cr3=100,leri-cr1=13 leri-cr2=100 leri-cr3=100,leri-cr1=13 leri-cr2=100 leri-cr3=100,1171Mbit,1171Mbit,1
1790980138.934,leri-cr1=13 leri-cr2=100 leri-cr3=100,leri-cr1=13 leri-cr2=100 leri-cr3=100,leri-cr1=13 leri-cr2=100 leri-cr3=100,1171Mbit,1171Mbit,1
1790980148.982,leri-cr1=13 leri-cr2=100 leri-cr3=100,leri-cr1=13 leri-cr2=100 leri-cr3=100,leri-cr1=13 leri-cr2=100 leri-cr3=100,1171Mbit,1171Mbit,1
1790980159.037,leri-cr1=13 leri-cr2=100 leri-cr3=100,leri-cr1=13 leri-cr2=100 leri-cr3=100,leri-cr1=13 leri-cr2=100 leri-cr3=100,1171Mbit,1171Mbit,1
1790980169.088,leri-cr1=13 leri-cr2=100 leri-cr3=100,leri-cr1=13 leri-cr2=100 leri-cr3=100,leri-cr1=13 leri-cr2=100 leri-cr3=100,1171Mbit,1171Mbit,1
1790980179.138,leri-cr1=13 leri-cr2=100 leri-cr3=100,leri-cr1=13 leri-cr2=100 leri-cr3=100,leri-cr1=13 leri-cr2=100 leri-cr3=100,1171Mbit,1171Mbit,1
1790980189.423,leri-cr1=13 leri-cr2=100 leri-cr3=100,leri-cr1=13 leri-cr2=100 leri-cr3=100,leri-cr1=13 leri-cr2=100 leri-cr3=100,1171Mbit,1171Mbit,1
1790980199.476,leri-cr1=13 leri-cr2=100 leri-cr3=100,leri-cr1=13 leri-cr2=100 leri-cr3=100,leri-cr1=13 leri-cr2=100 leri-cr3=100,1171Mbit,1171Mbit,1
1790980209.530,leri-cr1=13 leri-cr2=100 leri-cr3=100,leri-cr1=13 leri-cr2=100 leri-cr3=100,leri-cr1=13 leri-cr2=100 leri-cr3=100,1171Mbit,1171Mbit,1
1790980219.572,leri-cr1=13 leri-cr2=100 leri-cr3=100,leri-cr1=13 leri-cr2=100 leri-cr3=100,leri-cr1=13 leri-cr2=100 leri-cr3=100,1171Mbit,1171Mbit,1
1790980229.634,leri-cr1=13 leri-cr2=100 leri-cr3=100,leri-cr1=13 leri-cr2=100 leri-cr3=100,leri-cr1=13 leri-cr2=100 leri-cr3=100,1171Mbit,1171Mbit,1
1790980239.692,leri-cr1=13 leri-cr2=100 leri-cr3=100,leri-cr1=13 leri-cr2=100 leri-cr3=100,leri-cr1=13 leri-cr2=100 leri-cr3=100,1171Mbit,1171Mbit,1
1790980250.006,leri-cr1=13 leri-cr2=100 leri-cr3=100,leri-cr1=13 leri-cr2=100 leri-cr3=100,leri-cr1=13 leri-cr2=100 leri-cr3=100,1171Mbit,1171Mbit,1
1790980260.055,leri-cr1=13 leri-cr2=100 leri-cr3=100,leri-cr1=13 leri-cr2=100 leri-cr3=100,leri-cr1=13 leri-cr2=100 leri-cr3=100,1171Mbit,1171Mbit,1
1790980270.109,leri-cr1=13 leri-cr2=100 leri-cr3=100,leri-cr1=13 leri-cr2=100 leri-cr3=100,leri-cr1=13 leri-cr2=100 leri-cr3=100,1171Mbit,1171Mbit,1
1790980280.160,leri-cr1=13 leri-cr2=100 leri-cr3=100,leri-cr1=13 leri-cr2=100 leri-cr3=100,leri-cr1=13 leri-cr2=100 leri-cr3=100,1171Mbit,1171Mbit,1
1790980290.210,leri-cr1=13 leri-cr2=100 leri-cr3=100,leri-cr1=13 leri-cr2=100 leri-cr3=100,leri-cr1=13 leri-cr2=100 leri-cr3=100,1171Mbit,1171Mbit,1
1790980300.266,leri-cr1=13 leri-cr2=100 leri-cr3=100,leri-cr1=13 leri-cr2=100 leri-cr3=100,leri-cr1=13 leri-cr2=100 leri-cr3=100,1171Mbit,1171Mbit,1
1790980310.534,leri-cr1=13 leri-cr2=100 leri-cr3=100,leri-cr1=13 leri-cr2=100 leri-cr3=100,leri-cr1=13 leri-cr2=100 leri-cr3=100,1171Mbit,1171Mbit,1
1790980320.588,leri-cr1=13 leri-cr2=100 leri-cr3=100,leri-cr1=13 leri-cr2=100 leri-cr3=100,leri-cr1=13 leri-cr2=100 leri-cr3=100,1171Mbit,1171Mbit,1
1790980330.635,leri-cr1=13 leri-cr2=100 leri-cr3=100,leri-cr1=13 leri-cr2=100 leri-cr3=100,leri-cr1=13 leri-cr2=100 leri-cr3=100,1171Mbit,1171Mbit,1
1790980340.692,leri-cr1=13 leri-cr2=100 leri-cr3=100,leri-cr1=13 leri-cr2=100 leri-cr3=100,leri-cr1=13 leri-cr2=100 leri-cr3=100,1171Mbit,1171Mbit,1
1790980350.745,leri-cr1=13 leri-cr2=100 leri-cr3=100,leri-cr1=13 leri-cr2=100 leri-cr3=100,leri-cr1=13 leri-cr2=100 leri-cr3=100,1171Mbit,1171Mbit,1
1790980360.801,leri-cr1=13 leri-cr2=100 leri-cr3=100,leri-cr1=13 leri-cr2=100 leri-cr3=100,leri-cr1=13 leri-cr2=100 leri-cr3=100,1171Mbit,1171Mbit,1
1790980371.064,leri-cr1=13 leri-cr2=100 leri-cr3=100,leri-cr1=13 leri-cr2=100 leri-cr3=100,leri-cr1=13 leri-cr2=100 leri-cr3=100,1171Mbit,1171Mbit,1
1790980381.120,leri-cr1=13 leri-cr2=100 leri-cr3=100,leri-cr1=13 leri-cr2=100 leri-cr3=100,leri-cr1=13 leri-cr2=100 leri-cr3=100,1171Mbit,1171Mbit,1
1790980391.169,leri-cr1=13 leri-cr2=100 leri-cr3=100,leri-cr1=13 leri-cr2=100 leri-cr3=100,leri-cr1=13 leri-cr2=100 leri-cr3=100,1171Mbit,1171Mbit,1
1790980401.219,leri-cr1=13 leri-cr2=100 leri-cr3=100,leri-cr1=13 leri-cr2=100 leri-cr3=100,leri-cr1=13 leri-cr2=100 leri-cr3=100,1171Mbit,1171Mbit,1
1790980411.268,leri-cr1=13 leri-cr2=100 leri-cr3=100,leri-cr1=13 leri-cr2=100 leri-cr3=100,leri-cr1=13 leri-cr2=100 leri-cr3=100,1171Mbit,1171Mbit,1
1790980421.322,leri-cr1=13 leri-cr2=100 leri-cr3=100,leri-cr1=13 leri-cr2=100 leri-cr3=100,leri-cr1=13 leri-cr2=100 leri-cr3=100,1171Mbit,1171Mbit,1
1790980431.587,leri-cr1=13 leri-cr2=100 leri-cr3=100,leri-cr1=13 leri-cr2=100 leri-cr3=100,leri-cr1=13 leri-cr2=100 leri-cr3=100,1171Mbit,1171Mbit,1
1790980441.637,leri-cr1=13 leri-cr2=100 leri-cr3=100,leri-cr1=13 leri-cr2=100 leri-cr3=100,leri-cr1=13 leri-cr2=100 leri-cr3=100,1171Mbit,1171Mbit,1
1790980451.690,leri-cr1=13 leri-cr2=100 leri-cr3=100,leri-cr1=13 leri-cr2=100 leri-cr3=100,leri-cr1=13 leri-cr2=100 leri-cr3=100,1171Mbit,1171Mbit,1
1790980461.736,leri-cr1=13 leri-cr2=100 leri-cr3=100,leri-cr1=13 leri-cr2=100 leri-cr3=100,leri-cr1=13 leri-cr2=100 leri-cr3=100,1171Mbit,1171Mbit,1
1790980471.791,leri-cr1=13 leri-cr2=100 leri-cr3=100,leri-cr1=13 leri-cr2=100 leri-cr3=100,leri-cr1=13 leri-cr2=100 leri-cr3=100,1171Mbit,1171Mbit,1
1790980481.836,leri-cr1=13 leri-cr2=100 leri-cr3=100,leri-cr1=13 leri-cr2=100 leri-cr3=100,leri-cr1=13 leri-cr2=100 leri-cr3=100,1171Mbit,1171Mbit,1
1790980492.065,leri-cr1=13 leri-cr2=100 leri-cr3=100,leri-cr1=13 leri-cr2=100 leri-cr3=100,leri-cr1=13 leri-cr2=100 leri-cr3=100,1171Mbit,1171Mbit,1
1790980502.118,leri-cr1=13 leri-cr2=100 leri-cr3=100,leri-cr1=13 leri-cr2=100 leri-cr3=100,leri-cr1=13 leri-cr2=100 leri-cr3=100,1171Mbit,1171Mbit,1
1790980512.170,leri-cr1=13 leri-cr2=100 leri-cr3=100,leri-cr1=13 leri-cr2=100 leri-cr3=100,leri-cr1=13 leri-cr2=100 leri-cr3=100,1171Mbit,1171Mbit,1
1790980522.214,leri-cr1=13 leri-cr2=100 leri-cr3=100,leri-cr1=13 leri-cr2=100 leri-cr3=100,leri-cr1=13 leri-cr2=100 leri-cr3=100,1171Mbit,1171Mbit,1
1790980532.270,leri-cr1=13 leri-cr2=100 leri-cr3=100,leri-cr1=13 leri-cr2=100 leri-cr3=100,leri-cr1=13 leri-cr2=100 leri-cr3=100,1171Mbit,1171Mbit,1
1790980542.325,leri-cr1=13 leri-cr2=100 leri-cr3=100,leri-cr1=13 leri-cr2=100 leri-cr3=100,leri-cr1=13 leri-cr2=100 leri-cr3=100,1171Mbit,1171Mbit,1
1790980552.625,leri-cr1=13 leri-cr2=100 leri-cr3=100,leri-cr1=13 leri-cr2=100 leri-cr3=100,leri-cr1=13 leri-cr2=100 leri-cr3=100,1171Mbit,1171Mbit,0
1790980562.699,leri-cr1=13 leri-cr2=100 leri-cr3=100,leri-cr1=13 leri-cr2=100 leri-cr3=100,leri-cr1=13 leri-cr2=100 leri-cr3=100,1171Mbit,1171Mbit,0
1790980572.778,leri-cr1=13 leri-cr2=100 leri-cr3=100,leri-cr1=13 leri-cr2=100 leri-cr3=100,leri-cr1=13 leri-cr2=100 leri-cr3=100,1171Mbit,1171Mbit,0
1790980582.855,leri-cr1=13 leri-cr2=100 leri-cr3=100,leri-cr1=13 leri-cr2=100 leri-cr3=100,leri-cr1=13 leri-cr2=100 leri-cr3=100,1171Mbit,1171Mbit,0
1790980592.932,leri-cr1=13 leri-cr2=100 leri-cr3=100,leri-cr1=13 leri-cr2=100 leri-cr3=100,leri-cr1=13 leri-cr2=100 leri-cr3=100,1171Mbit,1171Mbit,0
1790980603.012,leri-cr1=13 leri-cr2=100 leri-cr3=100,leri-cr1=13 leri-cr2=100 leri-cr3=100,leri-cr1=13 leri-cr2=100 leri-cr3=100,1171Mbit,1171Mbit,0
1790980613.427,leri-cr1=13 leri-cr2=100 leri-cr3=100,leri-cr1=13 leri-cr2=100 leri-cr3=100,leri-cr1=13 leri-cr2=100 leri-cr3=100,1171Mbit,1171Mbit,0
1790980623.507,leri-cr1=13 leri-cr2=100 leri-cr3=100,leri-cr1=13 leri-cr2=100 leri-cr3=100,leri-cr1=13 leri-cr2=100 leri-cr3=100,1171Mbit,1171Mbit,0
1790980633.584,leri-cr1=13 leri-cr2=100 leri-cr3=100,leri-cr1=13 leri-cr2=100 leri-cr3=100,leri-cr1=13 leri-cr2=100 leri-cr3=100,1171Mbit,1171Mbit,0
1790980643.663,leri-cr1=13 leri-cr2=100 leri-cr3=100,leri-cr1=13 leri-cr2=100 leri-cr3=100,leri-cr1=13 leri-cr2=100 leri-cr3=100,1171Mbit,1171Mbit,0
1790980653.743,leri-cr1=13 leri-cr2=100 leri-cr3=100,leri-cr1=13 leri-cr2=100 leri-cr3=100,leri-cr1=13 leri-cr2=100 leri-cr3=100,1171Mbit,1171Mbit,0
1790980663.821,leri-cr1=13 leri-cr2=100 leri-cr3=100,leri-cr1=13 leri-cr2=100 leri-cr3=100,leri-cr1=13 leri-cr2=100 leri-cr3=100,1171Mbit,1171Mbit,0
1790980674.224,leri-cr1=13 leri-cr2=100 leri-cr3=100,leri-cr1=13 leri-cr2=100 leri-cr3=100,leri-cr1=13 leri-cr2=100 leri-cr3=100,1171Mbit,1171Mbit,0
1790980684.275,leri-cr1=13 leri-cr2=100 leri-cr3=100,leri-cr1=13 leri-cr2=100 leri-cr3=100,leri-cr1=13 leri-cr2=100 leri-cr3=100,1171Mbit,1171Mbit,1
1790980694.331,leri-cr1=13 leri-cr2=100 leri-cr3=100,leri-cr1=13 leri-cr2=100 leri-cr3=100,leri-cr1=13 leri-cr2=100 leri-cr3=100,1171Mbit,1171Mbit,1
1790980704.380,leri-cr1=13 leri-cr2=100 leri-cr3=100,leri-cr1=13 leri-cr2=100 leri-cr3=100,leri-cr1=13 leri-cr2=100 leri-cr3=100,1171Mbit,1171Mbit,1
1790980714.433,leri-cr1=13 leri-cr2=100 leri-cr3=100,leri-cr1=13 leri-cr2=100 leri-cr3=100,leri-cr1=13 leri-cr2=100 leri-cr3=100,1171Mbit,1171Mbit,1
1790980724.489,leri-cr1=13 leri-cr2=100 leri-cr3=100,leri-cr1=13 leri-cr2=100 leri-cr3=100,leri-cr1=13 leri-cr2=100 leri-cr3=100,1171Mbit,1171Mbit,1
1790980734.759,leri-cr1=13 leri-cr2=100 leri-cr3=100,leri-cr1=13 leri-cr2=100 leri-cr3=100,leri-cr1=13 leri-cr2=100 leri-cr3=100,1171Mbit,1171Mbit,1
1790980744.811,leri-cr1=13 leri-cr2=100 leri-cr3=100,leri-cr1=13 leri-cr2=100 leri-cr3=100,leri-cr1=13 leri-cr2=100 leri-cr3=100,1171Mbit,1171Mbit,1
1790980754.866,leri-cr1=13 leri-cr2=100 leri-cr3=100,leri-cr1=13 leri-cr2=100 leri-cr3=100,leri-cr1=13 leri-cr2=100 leri-cr3=100,1171Mbit,1171Mbit,1
1790980764.920,leri-cr1=13 leri-cr2=100 leri-cr3=100,leri-cr1=13 leri-cr2=100 leri-cr3=100,leri-cr1=13 leri-cr2=100 leri-cr3=100,1171Mbit,1171Mbit,1
1790980774.972,leri-cr1=13 leri-cr2=100 leri-cr3=100,leri-cr1=13 leri-cr2=100 leri-cr3=100,leri-cr1=13 leri-cr2=100 leri-cr3=100,1171Mbit,1171Mbit,1
1790980785.025,leri-cr1=13 leri-cr2=100 leri-cr3=100,leri-cr1=13 leri-cr2=100 leri-cr3=100,leri-cr1=13 leri-cr2=100 leri-cr3=100,1171Mbit,1171Mbit,1
1790980795.278,leri-cr1=13 leri-cr2=100 leri-cr3=100,leri-cr1=13 leri-cr2=100 leri-cr3=100,leri-cr1=13 leri-cr2=100 leri-cr3=100,1171Mbit,1171Mbit,1
1790980805.330,leri-cr1=13 leri-cr2=100 leri-cr3=100,leri-cr1=13 leri-cr2=100 leri-cr3=100,leri-cr1=13 leri-cr2=100 leri-cr3=100,1171Mbit,1171Mbit,1
1790980815.379,leri-cr1=13 leri-cr2=100 leri-cr3=100,leri-cr1=13 leri-cr2=100 leri-cr3=100,leri-cr1=13 leri-cr2=100 leri-cr3=100,1171Mbit,1171Mbit,1
1790980825.435,leri-cr1=13 leri-cr2=100 leri-cr3=100,leri-cr1=13 leri-cr2=100 leri-cr3=100,leri-cr1=13 leri-cr2=100 leri-cr3=100,1171Mbit,1171Mbit,1
1790980835.487,leri-cr1=13 leri-cr2=100 leri-cr3=100,leri-cr1=13 leri-cr2=100 leri-cr3=100,leri-cr1=13 leri-cr2=100 leri-cr3=100,1171Mbit,1171Mbit,1
1790980845.534,leri-cr1=13 leri-cr2=100 leri-cr3=100,leri-cr1=13 leri-cr2=100 leri-cr3=100,leri-cr1=13 leri-cr2=100 leri-cr3=100,1171Mbit,1171Mbit,1
1790980855.840,leri-cr1=13 leri-cr2=100 leri-cr3=100,leri-cr1=13 leri-cr2=100 leri-cr3=100,leri-cr1=13 leri-cr2=100 leri-cr3=100,1171Mbit,1171Mbit,1
1790980865.889,leri-cr1=13 leri-cr2=100 leri-cr3=100,leri-cr1=13 leri-cr2=100 leri-cr3=100,leri-cr1=13 leri-cr2=100 leri-cr3=100,1171Mbit,1171Mbit,1
1790980875.940,leri-cr1=13 leri-cr2=100 leri-cr3=100,leri-cr1=13 leri-cr2=100 leri-cr3=100,leri-cr1=13 leri-cr2=100 leri-cr3=100,1171Mbit,1171Mbit,1
1790980885.990,leri-cr1=13 leri-cr2=100 leri-cr3=100,leri-cr1=13 leri-cr2=100 leri-cr3=100,leri-cr1=13 leri-cr2=100 leri-cr3=100,1171Mbit,1171Mbit,1
1790980896.040,leri-cr1=13 leri-cr2=100 leri-cr3=100,leri-cr1=13 leri-cr2=100 leri-cr3=100,leri-cr1=13 leri-cr2=100 leri-cr3=100,1171Mbit,1171Mbit,1
1790980906.101,leri-cr1=13 leri-cr2=100 leri-cr3=100,leri-cr1=13 leri-cr2=100 leri-cr3=100,leri-cr1=13 leri-cr2=100 leri-cr3=100,1171Mbit,1171Mbit,1
1790980916.383,leri-cr1=13 leri-cr2=100 leri-cr3=100,leri-cr1=13 leri-cr2=100 leri-cr3=100,leri-cr1=13 leri-cr2=100 leri-cr3=100,1171Mbit,1171Mbit,1
1790980926.455,leri-cr1=13 leri-cr2=100 leri-cr3=100,leri-cr1=13 leri-cr2=100 leri-cr3=100,leri-cr1=13 leri-cr2=100 leri-cr3=100,1171Mbit,1171Mbit,1
1790980936.506,leri-cr1=13 leri-cr2=100 leri-cr3=100,leri-cr1=13 leri-cr2=100 leri-cr3=100,leri-cr1=13 leri-cr2=100 leri-cr3=100,1171Mbit,1171Mbit,1
1790980946.566,leri-cr1=13 leri-cr2=100 leri-cr3=100,leri-cr1=13 leri-cr2=100 leri-cr3=100,leri-cr1=13 leri-cr2=100 leri-cr3=100,1171Mbit,1171Mbit,1
1790980956.618,leri-cr1=13 leri-cr2=100 leri-cr3=100,leri-cr1=13 leri-cr2=100 leri-cr3=100,leri-cr1=13 leri-cr2=100 leri-cr3=100,1171Mbit,1171Mbit,1
1790980966.671,leri-cr1=13 leri-cr2=100 leri-cr3=100,leri-cr1=13 leri-cr2=100 leri-cr3=100,leri-cr1=13 leri-cr2=100 leri-cr3=100,1171Mbit,1171Mbit,1
1790980976.957,leri-cr1=13 leri-cr2=100 leri-cr3=100,leri-cr1=13 leri-cr2=100 leri-cr3=100,leri-cr1=13 leri-cr2=100 leri-cr3=100,1171Mbit,1171Mbit,1
1790980987.013,leri-cr1=13 leri-cr2=100 leri-cr3=100,leri-cr1=13 leri-cr2=100 leri-cr3=100,leri-cr1=13 leri-cr2=100 leri-cr3=100,1171Mbit,1171Mbit,1
1790980997.066,leri-cr1=13 leri-cr2=100 leri-cr3=100,leri-cr1=13 leri-cr2=100 leri-cr3=100,leri-cr1=13 leri-cr2=100 leri-cr3=100,1171Mbit,1171Mbit,1
1790981007.123,leri-cr1=13 leri-cr2=100 leri-cr3=100,leri-cr1=13 leri-cr2=100 leri-cr3=100,leri-cr1=13 leri-cr2=100 leri-cr3=100,1171Mbit,1171Mbit,1
1790981017.172,leri-cr1=13 leri-cr2=100 leri-cr3=100,leri-cr1=13 leri-cr2=100 leri-cr3=100,leri-cr1=13 leri-cr2=100 leri-cr3=100,1171Mbit,1171Mbit,1
1790981027.220,leri-cr1=13 leri-cr2=100 leri-cr3=100,leri-cr1=13 leri-cr2=100 leri-cr3=100,leri-cr1=13 leri-cr2=100 leri-cr3=100,1171Mbit,1171Mbit,1
1790981037.513,leri-cr1=13 leri-cr2=100 leri-cr3=100,leri-cr1=13 leri-cr2=100 leri-cr3=100,leri-cr1=13 leri-cr2=100 leri-cr3=100,1171Mbit,1171Mbit,1
1790981047.562,leri-cr1=13 leri-cr2=100 leri-cr3=100,leri-cr1=13 leri-cr2=100 leri-cr3=100,leri-cr1=13 leri-cr2=100 leri-cr3=100,1171Mbit,1171Mbit,1
1790981057.607,leri-cr1=13 leri-cr2=100 leri-cr3=100,leri-cr1=13 leri-cr2=100 leri-cr3=100,leri-cr1=13 leri-cr2=100 leri-cr3=100,1171Mbit,1171Mbit,1
1790981067.656,leri-cr1=13 leri-cr2=100 leri-cr3=100,leri-cr1=13 leri-cr2=100 leri-cr3=100,leri-cr1=13 leri-cr2=100 leri-cr3=100,1171Mbit,1171Mbit,1
1790981077.701,leri-cr1=13 leri-cr2=100 leri-cr3=100,leri-cr1=13 leri-cr2=100 leri-cr3=100,leri-cr1=13 leri-cr2=100 leri-cr3=100,1171Mbit,1171Mbit,1
1790981087.955,leri-cr1=13 leri-cr2=100 leri-cr3=100,leri-cr1=13 leri-cr2=100 leri-cr3=100,leri-cr1=13 leri-cr2=100 leri-cr3=100,1171Mbit,1171Mbit,1
1790981098.007,leri-cr1=13 leri-cr2=100 leri-cr3=100,leri-cr1=13 leri-cr2=100 leri-cr3=100,leri-cr1=13 leri-cr2=100 leri-cr3=100,1171Mbit,1171Mbit,1
1790981108.054,leri-cr1=13 leri-cr2=100 leri-cr3=100,leri-cr1=13 leri-cr2=100 leri-cr3=100,leri-cr1=13 leri-cr2=100 leri-cr3=100,1171Mbit,1171Mbit,1
1790981118.113,leri-cr1=13 leri-cr2=100 leri-cr3=100,leri-cr1=13 leri-cr2=100 leri-cr3=100,leri-cr1=13 leri-cr2=100 leri-cr3=100,1171Mbit,1171Mbit,1
1790981128.169,leri-cr1=13 leri-cr2=100 leri-cr3=100,leri-cr1=13 leri-cr2=100 leri-cr3=100,leri-cr1=13 leri-cr2=100 leri-cr3=100,1171Mbit,1171Mbit,1
1790981138.217,leri-cr1=13 leri-cr2=100 leri-cr3=100,leri-cr1=13 leri-cr2=100 leri-cr3=100,leri-cr1=13 leri-cr2=100 leri-cr3=100,1171Mbit,1171Mbit,1
1790981148.481,leri-cr1=13 leri-cr2=100 leri-cr3=100,leri-cr1=13 leri-cr2=100 leri-cr3=100,leri-cr1=13 leri-cr2=100 leri-cr3=100,1171Mbit,1171Mbit,0
1790981158.551,leri-cr1=13 leri-cr2=100 leri-cr3=100,leri-cr1=13 leri-cr2=100 leri-cr3=100,leri-cr1=13 leri-cr2=100 leri-cr3=100,1171Mbit,1171Mbit,0
1790981168.622,leri-cr1=13 leri-cr2=100 leri-cr3=100,leri-cr1=13 leri-cr2=100 leri-cr3=100,leri-cr1=13 leri-cr2=100 leri-cr3=100,1171Mbit,1171Mbit,0
1790981178.724,leri-cr1=13 leri-cr2=100 leri-cr3=100,leri-cr1=13 leri-cr2=100 leri-cr3=100,leri-cr1=13 leri-cr2=100 leri-cr3=100,1171Mbit,1171Mbit,0
1790981188.795,leri-cr1=13 leri-cr2=100 leri-cr3=100,leri-cr1=13 leri-cr2=100 leri-cr3=100,leri-cr1=13 leri-cr2=100 leri-cr3=100,1171Mbit,1171Mbit,0
1790981198.874,leri-cr1=13 leri-cr2=100 leri-cr3=100,leri-cr1=13 leri-cr2=100 leri-cr3=100,leri-cr1=13 leri-cr2=100 leri-cr3=100,1171Mbit,1171Mbit,0
1790981209.259,leri-cr1=13 leri-cr2=100 leri-cr3=100,leri-cr1=13 leri-cr2=100 leri-cr3=100,leri-cr1=13 leri-cr2=100 leri-cr3=100,1171Mbit,1171Mbit,0
1790981219.378,leri-cr1=13 leri-cr2=100 leri-cr3=100,leri-cr1=13 leri-cr2=100 leri-cr3=100,leri-cr1=13 leri-cr2=100 leri-cr3=100,1171Mbit,1171Mbit,0
1790981229.455,leri-cr1=13 leri-cr2=100 leri-cr3=100,leri-cr1=13 leri-cr2=100 leri-cr3=100,leri-cr1=13 leri-cr2=100 leri-cr3=100,1171Mbit,1171Mbit,0
1790981239.530,leri-cr1=13 leri-cr2=100 leri-cr3=100,leri-cr1=13 leri-cr2=100 leri-cr3=100,leri-cr1=13 leri-cr2=100 leri-cr3=100,1171Mbit,1171Mbit,0
1790981249.605,leri-cr1=13 leri-cr2=100 leri-cr3=100,leri-cr1=13 leri-cr2=100 leri-cr3=100,leri-cr1=13 leri-cr2=100 leri-cr3=100,1171Mbit,1171Mbit,0
1790981259.677,leri-cr1=13 leri-cr2=100 leri-cr3=100,leri-cr1=13 leri-cr2=100 leri-cr3=100,leri-cr1=13 leri-cr2=100 leri-cr3=100,1171Mbit,1171Mbit,0
1790981270.109,leri-cr1=13 leri-cr2=100 leri-cr3=100,leri-cr1=13 leri-cr2=100 leri-cr3=100,leri-cr1=13 leri-cr2=100 leri-cr3=100,1171Mbit,1171Mbit,0
1790981280.156,leri-cr1=13 leri-cr2=100 leri-cr3=100,leri-cr1=13 leri-cr2=100 leri-cr3=100,leri-cr1=13 leri-cr2=100 leri-cr3=100,1171Mbit,1171Mbit,0
1790981290.212,leri-cr1=13 leri-cr2=100 leri-cr3=100,leri-cr1=13 leri-cr2=100 leri-cr3=100,leri-cr1=13 leri-cr2=100 leri-cr3=100,1171Mbit,1171Mbit,1
1790981300.266,leri-cr1=13 leri-cr2=100 leri-cr3=100,leri-cr1=13 leri-cr2=100 leri-cr3=100,leri-cr1=13 leri-cr2=100 leri-cr3=100,1171Mbit,1171Mbit,1
1790981310.316,leri-cr1=13 leri-cr2=100 leri-cr3=100,leri-cr1=13 leri-cr2=100 leri-cr3=100,leri-cr1=13 leri-cr2=100 leri-cr3=100,1171Mbit,1171Mbit,1
1790981320.373,leri-cr1=13 leri-cr2=100 leri-cr3=100,leri-cr1=13 leri-cr2=100 leri-cr3=100,leri-cr1=13 leri-cr2=100 leri-cr3=100,1171Mbit,1171Mbit,1
1790981330.681,leri-cr1=13 leri-cr2=100 leri-cr3=100,leri-cr1=13 leri-cr2=100 leri-cr3=100,leri-cr1=13 leri-cr2=100 leri-cr3=100,1171Mbit,1171Mbit,1
1790981340.736,leri-cr1=13 leri-cr2=100 leri-cr3=100,leri-cr1=13 leri-cr2=100 leri-cr3=100,leri-cr1=13 leri-cr2=100 leri-cr3=100,1171Mbit,1171Mbit,1
1790981350.790,leri-cr1=13 leri-cr2=100 leri-cr3=100,leri-cr1=13 leri-cr2=100 leri-cr3=100,leri-cr1=13 leri-cr2=100 leri-cr3=100,1171Mbit,1171Mbit,1
1790981360.841,leri-cr1=13 leri-cr2=100 leri-cr3=100,leri-cr1=13 leri-cr2=100 leri-cr3=100,leri-cr1=13 leri-cr2=100 leri-cr3=100,1171Mbit,1171Mbit,1
1790981370.894,leri-cr1=13 leri-cr2=100 leri-cr3=100,leri-cr1=13 leri-cr2=100 leri-cr3=100,leri-cr1=13 leri-cr2=100 leri-cr3=100,1171Mbit,1171Mbit,1
1790981380.941,leri-cr1=13 leri-cr2=100 leri-cr3=100,leri-cr1=13 leri-cr2=100 leri-cr3=100,leri-cr1=13 leri-cr2=100 leri-cr3=100,1171Mbit,1171Mbit,1
1790981391.213,leri-cr1=13 leri-cr2=100 leri-cr3=100,leri-cr1=13 leri-cr2=100 leri-cr3=100,leri-cr1=13 leri-cr2=100 leri-cr3=100,1171Mbit,1171Mbit,1
1790981401.266,leri-cr1=13 leri-cr2=100 leri-cr3=100,leri-cr1=13 leri-cr2=100 leri-cr3=100,leri-cr1=13 leri-cr2=100 leri-cr3=100,1171Mbit,1171Mbit,1
1790981411.323,leri-cr1=13 leri-cr2=100 leri-cr3=100,leri-cr1=13 leri-cr2=100 leri-cr3=100,leri-cr1=13 leri-cr2=100 leri-cr3=100,1171Mbit,1171Mbit,1
1790981421.395,leri-cr1=13 leri-cr2=100 leri-cr3=100,leri-cr1=13 leri-cr2=100 leri-cr3=100,leri-cr1=13 leri-cr2=100 leri-cr3=100,1171Mbit,1171Mbit,1
1790981431.447,leri-cr1=13 leri-cr2=100 leri-cr3=100,leri-cr1=13 leri-cr2=100 leri-cr3=100,leri-cr1=13 leri-cr2=100 leri-cr3=100,1171Mbit,1171Mbit,1
1790981441.504,leri-cr1=13 leri-cr2=100 leri-cr3=100,leri-cr1=13 leri-cr2=100 leri-cr3=100,leri-cr1=13 leri-cr2=100 leri-cr3=100,1171Mbit,1171Mbit,1
1790981451.783,leri-cr1=13 leri-cr2=100 leri-cr3=100,leri-cr1=13 leri-cr2=100 leri-cr3=100,leri-cr1=13 leri-cr2=100 leri-cr3=100,1171Mbit,1171Mbit,1
1790981461.836,leri-cr1=13 leri-cr2=100 leri-cr3=100,leri-cr1=13 leri-cr2=100 leri-cr3=100,leri-cr1=13 leri-cr2=100 leri-cr3=100,1171Mbit,1171Mbit,1
1790981471.891,leri-cr1=13 leri-cr2=100 leri-cr3=100,leri-cr1=13 leri-cr2=100 leri-cr3=100,leri-cr1=13 leri-cr2=100 leri-cr3=100,1171Mbit,1171Mbit,1
1790981481.942,leri-cr1=13 leri-cr2=100 leri-cr3=100,leri-cr1=13 leri-cr2=100 leri-cr3=100,leri-cr1=13 leri-cr2=100 leri-cr3=100,1171Mbit,1171Mbit,1
1790981491.992,leri-cr1=13 leri-cr2=100 leri-cr3=100,leri-cr1=13 leri-cr2=100 leri-cr3=100,leri-cr1=13 leri-cr2=100 leri-cr3=100,1171Mbit,1171Mbit,1
1790981502.048,leri-cr1=13 leri-cr2=100 leri-cr3=100,leri-cr1=13 leri-cr2=100 leri-cr3=100,leri-cr1=13 leri-cr2=100 leri-cr3=100,1171Mbit,1171Mbit,1
1790981512.339,leri-cr1=13 leri-cr2=100 leri-cr3=100,leri-cr1=13 leri-cr2=100 leri-cr3=100,leri-cr1=13 leri-cr2=100 leri-cr3=100,1171Mbit,1171Mbit,1
1790981522.390,leri-cr1=13 leri-cr2=100 leri-cr3=100,leri-cr1=13 leri-cr2=100 leri-cr3=100,leri-cr1=13 leri-cr2=100 leri-cr3=100,1171Mbit,1171Mbit,1
1790981532.444,leri-cr1=13 leri-cr2=100 leri-cr3=100,leri-cr1=13 leri-cr2=100 leri-cr3=100,leri-cr1=13 leri-cr2=100 leri-cr3=100,1171Mbit,1171Mbit,1
1790981542.492,leri-cr1=13 leri-cr2=100 leri-cr3=100,leri-cr1=13 leri-cr2=100 leri-cr3=100,leri-cr1=13 leri-cr2=100 leri-cr3=100,1171Mbit,1171Mbit,1
1790981552.540,leri-cr1=13 leri-cr2=100 leri-cr3=100,leri-cr1=13 leri-cr2=100 leri-cr3=100,leri-cr1=13 leri-cr2=100 leri-cr3=100,1171Mbit,1171Mbit,1
1790981562.599,leri-cr1=13 leri-cr2=100 leri-cr3=100,leri-cr1=13 leri-cr2=100 leri-cr3=100,leri-cr1=13 leri-cr2=100 leri-cr3=100,1171Mbit,1171Mbit,1
1790981572.836,leri-cr1=13 leri-cr2=100 leri-cr3=100,leri-cr1=13 leri-cr2=100 leri-cr3=100,leri-cr1=13 leri-cr2=100 leri-cr3=100,1171Mbit,1171Mbit,1
1790981582.890,leri-cr1=13 leri-cr2=100 leri-cr3=100,leri-cr1=13 leri-cr2=100 leri-cr3=100,leri-cr1=13 leri-cr2=100 leri-cr3=100,1171Mbit,1171Mbit,1
1790981592.946,leri-cr1=13 leri-cr2=100 leri-cr3=100,leri-cr1=13 leri-cr2=100 leri-cr3=100,leri-cr1=13 leri-cr2=100 leri-cr3=100,1171Mbit,1171Mbit,1
1790981602.994,leri-cr1=13 leri-cr2=100 leri-cr3=100,leri-cr1=13 leri-cr2=100 leri-cr3=100,leri-cr1=13 leri-cr2=100 leri-cr3=100,1171Mbit,1171Mbit,1
1790981613.048,leri-cr1=13 leri-cr2=100 leri-cr3=100,leri-cr1=13 leri-cr2=100 leri-cr3=100,leri-cr1=13 leri-cr2=100 leri-cr3=100,1171Mbit,1171Mbit,1
1790981623.102,leri-cr1=13 leri-cr2=100 leri-cr3=100,leri-cr1=13 leri-cr2=100 leri-cr3=100,leri-cr1=13 leri-cr2=100 leri-cr3=100,1171Mbit,1171Mbit,1
1790981633.391,leri-cr1=13 leri-cr2=100 leri-cr3=100,leri-cr1=13 leri-cr2=100 leri-cr3=100,leri-cr1=13 leri-cr2=100 leri-cr3=100,1171Mbit,1171Mbit,1
1790981643.446,leri-cr1=13 leri-cr2=100 leri-cr3=100,leri-cr1=13 leri-cr2=100 leri-cr3=100,leri-cr1=13 leri-cr2=100 leri-cr3=100,1171Mbit,1171Mbit,1
1790981653.504,leri-cr1=13 leri-cr2=100 leri-cr3=100,leri-cr1=13 leri-cr2=100 leri-cr3=100,leri-cr1=13 leri-cr2=100 leri-cr3=100,1171Mbit,1171Mbit,1
1790981663.560,leri-cr1=13 leri-cr2=100 leri-cr3=100,leri-cr1=13 leri-cr2=100 leri-cr3=100,leri-cr1=13 leri-cr2=100 leri-cr3=100,1171Mbit,1171Mbit,1
1790981673.615,leri-cr1=13 leri-cr2=100 leri-cr3=100,leri-cr1=13 leri-cr2=100 leri-cr3=100,leri-cr1=13 leri-cr2=100 leri-cr3=100,1171Mbit,1171Mbit,1
1790981683.664,leri-cr1=13 leri-cr2=100 leri-cr3=100,leri-cr1=13 leri-cr2=100 leri-cr3=100,leri-cr1=13 leri-cr2=100 leri-cr3=100,1171Mbit,1171Mbit,1
1790981693.945,leri-cr1=13 leri-cr2=100 leri-cr3=100,leri-cr1=13 leri-cr2=100 leri-cr3=100,leri-cr1=13 leri-cr2=100 leri-cr3=100,1171Mbit,1171Mbit,1
1790981703.995,leri-cr1=13 leri-cr2=100 leri-cr3=100,leri-cr1=13 leri-cr2=100 leri-cr3=100,leri-cr1=13 leri-cr2=100 leri-cr3=100,1171Mbit,1171Mbit,1
1790981714.042,leri-cr1=13 leri-cr2=100 leri-cr3=100,leri-cr1=13 leri-cr2=100 leri-cr3=100,leri-cr1=13 leri-cr2=100 leri-cr3=100,1171Mbit,1171Mbit,1
1790981724.083,leri-cr1=13 leri-cr2=100 leri-cr3=100,leri-cr1=13 leri-cr2=100 leri-cr3=100,leri-cr1=13 leri-cr2=100 leri-cr3=100,1171Mbit,1171Mbit,1
1790981734.131,leri-cr1=13 leri-cr2=100 leri-cr3=100,leri-cr1=13 leri-cr2=100 leri-cr3=100,leri-cr1=13 leri-cr2=100 leri-cr3=100,1171Mbit,1171Mbit,1
1790981744.183,leri-cr1=13 leri-cr2=100 leri-cr3=100,leri-cr1=13 leri-cr2=100 leri-cr3=100,leri-cr1=13 leri-cr2=100 leri-cr3=100,1171Mbit,1171Mbit,1
1790981754.450,leri-cr1=13 leri-cr2=100 leri-cr3=100,leri-cr1=13 leri-cr2=100 leri-cr3=100,leri-cr1=13 leri-cr2=100 leri-cr3=100,1171Mbit,1171Mbit,1
1790981764.498,leri-cr1=13 leri-cr2=100 leri-cr3=100,leri-cr1=13 leri-cr2=100 leri-cr3=100,leri-cr1=13 leri-cr2=100 leri-cr3=100,1171Mbit,1171Mbit,1
1790981774.549,leri-cr1=13 leri-cr2=100 leri-cr3=100,leri-cr1=13 leri-cr2=100 leri-cr3=100,leri-cr1=13 leri-cr2=100 leri-cr3=100,1171Mbit,1171Mbit,1
1790981784.596,leri-cr1=13 leri-cr2=100 leri-cr3=100,leri-cr1=13 leri-cr2=100 leri-cr3=100,leri-cr1=13 leri-cr2=100 leri-cr3=100,1171Mbit,1171Mbit,1
1790981794.648,leri-cr1=13 leri-cr2=100 leri-cr3=100,leri-cr1=13 leri-cr2=100 leri-cr3=100,leri-cr1=13 leri-cr2=100 leri-cr3=100,1171Mbit,1171Mbit,1
1790981804.703,leri-cr1=13 leri-cr2=100 leri-cr3=100,leri-cr1=13 leri-cr2=100 leri-cr3=100,leri-cr1=13 leri-cr2=100 leri-cr3=100,1171Mbit,1171Mbit,1
1790981815.008,leri-cr1=13 leri-cr2=100 leri-cr3=100,leri-cr1=13 leri-cr2=100 leri-cr3=100,leri-cr1=13 leri-cr2=100 leri-cr3=100,1171Mbit,1171Mbit,1
1790981825.061,leri-cr1=13 leri-cr2=100 leri-cr3=100,leri-cr1=13 leri-cr2=100 leri-cr3=100,leri-cr1=13 leri-cr2=100 leri-cr3=100,1171Mbit,1171Mbit,1
1790981835.103,leri-cr1=13 leri-cr2=100 leri-cr3=100,leri-cr1=13 leri-cr2=100 leri-cr3=100,leri-cr1=13 leri-cr2=100 leri-cr3=100,1171Mbit,1171Mbit,1
1790981845.154,leri-cr1=13 leri-cr2=100 leri-cr3=100,leri-cr1=13 leri-cr2=100 leri-cr3=100,leri-cr1=13 leri-cr2=100 leri-cr3=100,1171Mbit,1171Mbit,1
1790981855.199,leri-cr1=13 leri-cr2=100 leri-cr3=100,leri-cr1=13 leri-cr2=100 leri-cr3=100,leri-cr1=13 leri-cr2=100 leri-cr3=100,1171Mbit,1171Mbit,1
1790981865.250,leri-cr1=13 leri-cr2=100 leri-cr3=100,leri-cr1=13 leri-cr2=100 leri-cr3=100,leri-cr1=13 leri-cr2=100 leri-cr3=100,1171Mbit,1171Mbit,1
1790981875.488,leri-cr1=13 leri-cr2=100 leri-cr3=100,leri-cr1=13 leri-cr2=100 leri-cr3=100,leri-cr1=13 leri-cr2=100 leri-cr3=100,1171Mbit,1171Mbit,1
1790981885.540,leri-cr1=13 leri-cr2=100 leri-cr3=100,leri-cr1=13 leri-cr2=100 leri-cr3=100,leri-cr1=13 leri-cr2=100 leri-cr3=100,1171Mbit,1171Mbit,1
1790981895.613,leri-cr1=13 leri-cr2=100 leri-cr3=100,leri-cr1=13 leri-cr2=100 leri-cr3=100,leri-cr1=13 leri-cr2=100 leri-cr3=100,1171Mbit,1171Mbit,1
1790981905.668,leri-cr1=13 leri-cr2=100 leri-cr3=100,leri-cr1=13 leri-cr2=100 leri-cr3=100,leri-cr1=13 leri-cr2=100 leri-cr3=100,1171Mbit,1171Mbit,1
1790981915.723,leri-cr1=13 leri-cr2=100 leri-cr3=100,leri-cr1=13 leri-cr2=100 leri-cr3=100,leri-cr1=13 leri-cr2=100 leri-cr3=100,1171Mbit,1171Mbit,1
1790981925.779,leri-cr1=13 leri-cr2=100 leri-cr3=100,leri-cr1=13 leri-cr2=100 leri-cr3=100,leri-cr1=13 leri-cr2=100 leri-cr3=100,1171Mbit,1171Mbit,1
1790981936.068,leri-cr1=13 leri-cr2=100 leri-cr3=100,leri-cr1=13 leri-cr2=100 leri-cr3=100,leri-cr1=13 leri-cr2=100 leri-cr3=100,1171Mbit,1171Mbit,1
1790981946.123,leri-cr1=13 leri-cr2=100 leri-cr3=100,leri-cr1=13 leri-cr2=100 leri-cr3=100,leri-cr1=13 leri-cr2=100 leri-cr3=100,1171Mbit,1171Mbit,1
1790981956.174,leri-cr1=13 leri-cr2=100 leri-cr3=100,leri-cr1=13 leri-cr2=100 leri-cr3=100,leri-cr1=13 leri-cr2=100 leri-cr3=100,1171Mbit,1171Mbit,1
1790981966.222,leri-cr1=13 leri-cr2=100 leri-cr3=100,leri-cr1=13 leri-cr2=100 leri-cr3=100,leri-cr1=13 leri-cr2=100 leri-cr3=100,1171Mbit,1171Mbit,1
1790981976.275,leri-cr1=13 leri-cr2=100 leri-cr3=100,leri-cr1=13 leri-cr2=100 leri-cr3=100,leri-cr1=13 leri-cr2=100 leri-cr3=100,1171Mbit,1171Mbit,1
1790981986.319,leri-cr1=13 leri-cr2=100 leri-cr3=100,leri-cr1=13 leri-cr2=100 leri-cr3=100,leri-cr1=13 leri-cr2=100 leri-cr3=100,1171Mbit,1171Mbit,1
1790981996.511,leri-cr1=13 leri-cr2=100 leri-cr3=100,leri-cr1=13 leri-cr2=100 leri-cr3=100,leri-cr1=13 leri-cr2=100 leri-cr3=100,1171Mbit,1171Mbit,1
1790982006.562,leri-cr1=13 leri-cr2=100 leri-cr3=100,leri-cr1=13 leri-cr2=100 leri-cr3=100,leri-cr1=13 leri-cr2=100 leri-cr3=100,1171Mbit,1171Mbit,1
1790982016.610,leri-cr1=13 leri-cr2=100 leri-cr3=100,leri-cr1=13 leri-cr2=100 leri-cr3=100,leri-cr1=13 leri-cr2=100 leri-cr3=100,1171Mbit,1171Mbit,1
1790982026.654,leri-cr1=13 leri-cr2=100 leri-cr3=100,leri-cr1=13 leri-cr2=100 leri-cr3=100,leri-cr1=13 leri-cr2=100 leri-cr3=100,1171Mbit,1171Mbit,1
1790982036.705,leri-cr1=13 leri-cr2=100 leri-cr3=100,leri-cr1=13 leri-cr2=100 leri-cr3=100,leri-cr1=13 leri-cr2=100 leri-cr3=100,1171Mbit,1171Mbit,1
1790982046.762,leri-cr1=13 leri-cr2=100 leri-cr3=100,leri-cr1=13 leri-cr2=100 leri-cr3=100,leri-cr1=13 leri-cr2=100 leri-cr3=100,1171Mbit,1171Mbit,1
1790982057.039,leri-cr1=13 leri-cr2=100 leri-cr3=100,leri-cr1=13 leri-cr2=100 leri-cr3=100,leri-cr1=13 leri-cr2=100 leri-cr3=100,1171Mbit,1171Mbit,1
1790982067.090,leri-cr1=13 leri-cr2=100 leri-cr3=100,leri-cr1=13 leri-cr2=100 leri-cr3=100,leri-cr1=13 leri-cr2=100 leri-cr3=100,1171Mbit,1171Mbit,1
1790982077.145,leri-cr1=13 leri-cr2=100 leri-cr3=100,leri-cr1=13 leri-cr2=100 leri-cr3=100,leri-cr1=13 leri-cr2=100 leri-cr3=100,1171Mbit,1171Mbit,1
1790982087.201,leri-cr1=13 leri-cr2=100 leri-cr3=100,leri-cr1=13 leri-cr2=100 leri-cr3=100,leri-cr1=13 leri-cr2=100 leri-cr3=100,1171Mbit,1171Mbit,1
1790982097.253,leri-cr1=13 leri-cr2=100 leri-cr3=100,leri-cr1=13 leri-cr2=100 leri-cr3=100,leri-cr1=13 leri-cr2=100 leri-cr3=100,1171Mbit,1171Mbit,1
1790982107.306,leri-cr1=13 leri-cr2=100 leri-cr3=100,leri-cr1=13 leri-cr2=100 leri-cr3=100,leri-cr1=13 leri-cr2=100 leri-cr3=100,1171Mbit,1171Mbit,1
1790982117.612,leri-cr1=13 leri-cr2=100 leri-cr3=100,leri-cr1=13 leri-cr2=100 leri-cr3=100,leri-cr1=13 leri-cr2=100 leri-cr3=100,1171Mbit,1171Mbit,1
1790982127.667,leri-cr1=13 leri-cr2=100 leri-cr3=100,leri-cr1=13 leri-cr2=100 leri-cr3=100,leri-cr1=13 leri-cr2=100 leri-cr3=100,1171Mbit,1171Mbit,1
1790982137.714,leri-cr1=13 leri-cr2=100 leri-cr3=100,leri-cr1=13 leri-cr2=100 leri-cr3=100,leri-cr1=13 leri-cr2=100 leri-cr3=100,1171Mbit,1171Mbit,1
1790982147.766,leri-cr1=13 leri-cr2=100 leri-cr3=100,leri-cr1=13 leri-cr2=100 leri-cr3=100,leri-cr1=13 leri-cr2=100 leri-cr3=100,1171Mbit,1171Mbit,1
1790982157.831,leri-cr1=13 leri-cr2=100 leri-cr3=100,leri-cr1=13 leri-cr2=100 leri-cr3=100,leri-cr1=13 leri-cr2=100 leri-cr3=100,1171Mbit,1171Mbit,1
1790982167.888,leri-cr1=13 leri-cr2=100 leri-cr3=100,leri-cr1=13 leri-cr2=100 leri-cr3=100,leri-cr1=13 leri-cr2=100 leri-cr3=100,1171Mbit,1171Mbit,1
1790982178.120,leri-cr1=13 leri-cr2=100 leri-cr3=100,leri-cr1=13 leri-cr2=100 leri-cr3=100,leri-cr1=13 leri-cr2=100 leri-cr3=100,1171Mbit,1171Mbit,1
1790982188.177,leri-cr1=13 leri-cr2=100 leri-cr3=100,leri-cr1=13 leri-cr2=100 leri-cr3=100,leri-cr1=13 leri-cr2=100 leri-cr3=100,1171Mbit,1171Mbit,1
1790982198.229,leri-cr1=13 leri-cr2=100 leri-cr3=100,leri-cr1=13 leri-cr2=100 leri-cr3=100,leri-cr1=13 leri-cr2=100 leri-cr3=100,1171Mbit,1171Mbit,1
1790982208.279,leri-cr1=13 leri-cr2=100 leri-cr3=100,leri-cr1=13 leri-cr2=100 leri-cr3=100,leri-cr1=13 leri-cr2=100 leri-cr3=100,1171Mbit,1171Mbit,1
1790982218.332,leri-cr1=13 leri-cr2=100 leri-cr3=100,leri-cr1=13 leri-cr2=100 leri-cr3=100,leri-cr1=13 leri-cr2=100 leri-cr3=100,1171Mbit,1171Mbit,1
1790982228.382,leri-cr1=13 leri-cr2=100 leri-cr3=100,leri-cr1=13 leri-cr2=100 leri-cr3=100,leri-cr1=13 leri-cr2=100 leri-cr3=100,1171Mbit,1171Mbit,1
1790982238.656,leri-cr1=13 leri-cr2=100 leri-cr3=100,leri-cr1=13 leri-cr2=100 leri-cr3=100,leri-cr1=13 leri-cr2=100 leri-cr3=100,1171Mbit,1171Mbit,1
1790982248.707,leri-cr1=13 leri-cr2=100 leri-cr3=100,leri-cr1=13 leri-cr2=100 leri-cr3=100,leri-cr1=13 leri-cr2=100 leri-cr3=100,1171Mbit,1171Mbit,1
1790982258.766,leri-cr1=13 leri-cr2=100 leri-cr3=100,leri-cr1=13 leri-cr2=100 leri-cr3=100,leri-cr1=13 leri-cr2=100 leri-cr3=100,1171Mbit,1171Mbit,1
1790982268.811,leri-cr1=13 leri-cr2=100 leri-cr3=100,leri-cr1=13 leri-cr2=100 leri-cr3=100,leri-cr1=13 leri-cr2=100 leri-cr3=100,1171Mbit,1171Mbit,1
1790982278.863,leri-cr1=13 leri-cr2=100 leri-cr3=100,leri-cr1=13 leri-cr2=100 leri-cr3=100,leri-cr1=13 leri-cr2=100 leri-cr3=100,1171Mbit,1171Mbit,1
1790982288.911,leri-cr1=13 leri-cr2=100 leri-cr3=100,leri-cr1=13 leri-cr2=100 leri-cr3=100,leri-cr1=13 leri-cr2=100 leri-cr3=100,1171Mbit,1171Mbit,1
1790982299.187,leri-cr1=13 leri-cr2=100 leri-cr3=100,leri-cr1=13 leri-cr2=100 leri-cr3=100,leri-cr1=13 leri-cr2=100 leri-cr3=100,1171Mbit,1171Mbit,1
1790982309.232,leri-cr1=13 leri-cr2=100 leri-cr3=100,leri-cr1=13 leri-cr2=100 leri-cr3=100,leri-cr1=13 leri-cr2=100 leri-cr3=100,1171Mbit,1171Mbit,1
1790982319.286,leri-cr1=13 leri-cr2=100 leri-cr3=100,leri-cr1=13 leri-cr2=100 leri-cr3=100,leri-cr1=13 leri-cr2=100 leri-cr3=100,1171Mbit,1171Mbit,1
1790982329.339,leri-cr1=13 leri-cr2=100 leri-cr3=100,leri-cr1=13 leri-cr2=100 leri-cr3=100,leri-cr1=13 leri-cr2=100 leri-cr3=100,1171Mbit,1171Mbit,1
1790982339.388,leri-cr1=13 leri-cr2=100 leri-cr3=100,leri-cr1=13 leri-cr2=100 leri-cr3=100,leri-cr1=13 leri-cr2=100 leri-cr3=100,1171Mbit,1171Mbit,1
1790982349.436,leri-cr1=13 leri-cr2=100 leri-cr3=100,leri-cr1=13 leri-cr2=100 leri-cr3=100,leri-cr1=13 leri-cr2=100 leri-cr3=100,1171Mbit,1171Mbit,1
1790982359.727,leri-cr1=13 leri-cr2=100 leri-cr3=100,leri-cr1=13 leri-cr2=100 leri-cr3=100,leri-cr1=13 leri-cr2=100 leri-cr3=100,1171Mbit,1171Mbit,1
1790982369.777,leri-cr1=13 leri-cr2=100 leri-cr3=100,leri-cr1=13 leri-cr2=100 leri-cr3=100,leri-cr1=13 leri-cr2=100 leri-cr3=100,1171Mbit,1171Mbit,1
1790982379.827,leri-cr1=13 leri-cr2=100 leri-cr3=100,leri-cr1=13 leri-cr2=100 leri-cr3=100,leri-cr1=13 leri-cr2=100 leri-cr3=100,1171Mbit,1171Mbit,1
1790982389.876,leri-cr1=13 leri-cr2=100 leri-cr3=100,leri-cr1=13 leri-cr2=100 leri-cr3=100,leri-cr1=13 leri-cr2=100 leri-cr3=100,1171Mbit,1171Mbit,1
1790982399.928,leri-cr1=13 leri-cr2=100 leri-cr3=100,leri-cr1=13 leri-cr2=100 leri-cr3=100,leri-cr1=13 leri-cr2=100 leri-cr3=100,1171Mbit,1171Mbit,1
1790982409.982,leri-cr1=13 leri-cr2=100 leri-cr3=100,leri-cr1=13 leri-cr2=100 leri-cr3=100,leri-cr1=13 leri-cr2=100 leri-cr3=100,1171Mbit,1171Mbit,1
1790982420.252,leri-cr1=13 leri-cr2=100 leri-cr3=100,leri-cr1=13 leri-cr2=100 leri-cr3=100,leri-cr1=13 leri-cr2=100 leri-cr3=100,1171Mbit,1171Mbit,1
1790982430.307,leri-cr1=13 leri-cr2=100 leri-cr3=100,leri-cr1=13 leri-cr2=100 leri-cr3=100,leri-cr1=13 leri-cr2=100 leri-cr3=100,1171Mbit,1171Mbit,1
1790982440.359,leri-cr1=13 leri-cr2=100 leri-cr3=100,leri-cr1=13 leri-cr2=100 leri-cr3=100,leri-cr1=13 leri-cr2=100 leri-cr3=100,1171Mbit,1171Mbit,1
1790982450.409,leri-cr1=13 leri-cr2=100 leri-cr3=100,leri-cr1=13 leri-cr2=100 leri-cr3=100,leri-cr1=13 leri-cr2=100 leri-cr3=100,1171Mbit,1171Mbit,1
1790982460.457,leri-cr1=13 leri-cr2=100 leri-cr3=100,leri-cr1=13 leri-cr2=100 leri-cr3=100,leri-cr1=13 leri-cr2=100 leri-cr3=100,1171Mbit,1171Mbit,1
1790982470.745,leri-cr1=13 leri-cr2=100 leri-cr3=100,leri-cr1=13 leri-cr2=100 leri-cr3=100,leri-cr1=13 leri-cr2=100 leri-cr3=100,1171Mbit,1171Mbit,1
1790982480.791,leri-cr1=13 leri-cr2=100 leri-cr3=100,leri-cr1=13 leri-cr2=100 leri-cr3=100,leri-cr1=13 leri-cr2=100 leri-cr3=100,1441Mbit,1441Mbit,0
1790982490.868,leri-cr1=13 leri-cr2=100 leri-cr3=100,leri-cr1=13 leri-cr2=100 leri-cr3=100,leri-cr1=13 leri-cr2=100 leri-cr3=100,1171Mbit,1171Mbit,0
1790982500.948,leri-cr1=13 leri-cr2=100 leri-cr3=100,leri-cr1=13 leri-cr2=100 leri-cr3=100,leri-cr1=13 leri-cr2=100 leri-cr3=100,1171Mbit,1171Mbit,0
1790982511.028,leri-cr1=13 leri-cr2=100 leri-cr3=100,leri-cr1=13 leri-cr2=100 leri-cr3=100,leri-cr1=13 leri-cr2=100 leri-cr3=100,1171Mbit,1171Mbit,0
1790982521.106,leri-cr1=13 leri-cr2=100 leri-cr3=100,leri-cr1=13 leri-cr2=100 leri-cr3=100,leri-cr1=13 leri-cr2=100 leri-cr3=100,1171Mbit,1171Mbit,0
1790982531.546,leri-cr1=13 leri-cr2=100 leri-cr3=100,leri-cr1=13 leri-cr2=100 leri-cr3=100,leri-cr1=13 leri-cr2=100 leri-cr3=100,1171Mbit,1171Mbit,0
1790982541.622,leri-cr1=13 leri-cr2=100 leri-cr3=100,leri-cr1=13 leri-cr2=100 leri-cr3=100,leri-cr1=13 leri-cr2=100 leri-cr3=100,1171Mbit,1171Mbit,0
1790982551.701,leri-cr1=13 leri-cr2=100 leri-cr3=100,leri-cr1=13 leri-cr2=100 leri-cr3=100,leri-cr1=13 leri-cr2=100 leri-cr3=100,1171Mbit,1171Mbit,0
1790982561.779,leri-cr1=13 leri-cr2=100 leri-cr3=100,leri-cr1=13 leri-cr2=100 leri-cr3=100,leri-cr1=13 leri-cr2=100 leri-cr3=100,1171Mbit,1171Mbit,0
1790982571.854,leri-cr1=13 leri-cr2=100 leri-cr3=100,leri-cr1=13 leri-cr2=100 leri-cr3=100,leri-cr1=13 leri-cr2=100 leri-cr3=100,1171Mbit,1171Mbit,0
1790982581.940,leri-cr1=13 leri-cr2=100 leri-cr3=100,leri-cr1=13 leri-cr2=100 leri-cr3=100,leri-cr1=13 leri-cr2=100 leri-cr3=100,1171Mbit,1171Mbit,0
1790982592.361,leri-cr1=13 leri-cr2=100 leri-cr3=100,leri-cr1=13 leri-cr2=100 leri-cr3=100,leri-cr1=13 leri-cr2=100 leri-cr3=100,1171Mbit,1171Mbit,0
1790982602.439,leri-cr1=13 leri-cr2=100 leri-cr3=100,leri-cr1=13 leri-cr2=100 leri-cr3=100,leri-cr1=13 leri-cr2=100 leri-cr3=100,1171Mbit,1171Mbit,0
1790982612.484,leri-cr1=13 leri-cr2=100 leri-cr3=100,leri-cr1=13 leri-cr2=100 leri-cr3=100,leri-cr1=13 leri-cr2=100 leri-cr3=100,1171Mbit,1171Mbit,0
1790982622.536,leri-cr1=13 leri-cr2=100 leri-cr3=100,leri-cr1=13 leri-cr2=100 leri-cr3=100,leri-cr1=13 leri-cr2=100 leri-cr3=100,1171Mbit,1171Mbit,1
1790982632.579,leri-cr1=13 leri-cr2=100 leri-cr3=100,leri-cr1=13 leri-cr2=100 leri-cr3=100,leri-cr1=13 leri-cr2=100 leri-cr3=100,1171Mbit,1171Mbit,1
1790982642.631,leri-cr1=13 leri-cr2=100 leri-cr3=100,leri-cr1=13 leri-cr2=100 leri-cr3=100,leri-cr1=13 leri-cr2=100 leri-cr3=100,1171Mbit,1171Mbit,1
1790982652.892,leri-cr1=13 leri-cr2=100 leri-cr3=100,leri-cr1=13 leri-cr2=100 leri-cr3=100,leri-cr1=13 leri-cr2=100 leri-cr3=100,1171Mbit,1171Mbit,1
1790982662.941,leri-cr1=13 leri-cr2=100 leri-cr3=100,leri-cr1=13 leri-cr2=100 leri-cr3=100,leri-cr1=13 leri-cr2=100 leri-cr3=100,1171Mbit,1171Mbit,1
1790982672.984,leri-cr1=13 leri-cr2=100 leri-cr3=100,leri-cr1=13 leri-cr2=100 leri-cr3=100,leri-cr1=13 leri-cr2=100 leri-cr3=100,1171Mbit,1171Mbit,1
1790982683.030,leri-cr1=13 leri-cr2=100 leri-cr3=100,leri-cr1=13 leri-cr2=100 leri-cr3=100,leri-cr1=13 leri-cr2=100 leri-cr3=100,1171Mbit,1171Mbit,1
1790982693.082,leri-cr1=13 leri-cr2=100 leri-cr3=100,leri-cr1=13 leri-cr2=100 leri-cr3=100,leri-cr1=13 leri-cr2=100 leri-cr3=100,1171Mbit,1171Mbit,1
1790982703.138,leri-cr1=13 leri-cr2=100 leri-cr3=100,leri-cr1=13 leri-cr2=100 leri-cr3=100,leri-cr1=13 leri-cr2=100 leri-cr3=100,1171Mbit,1171Mbit,1
1790982713.428,leri-cr1=13 leri-cr2=100 leri-cr3=100,leri-cr1=13 leri-cr2=100 leri-cr3=100,leri-cr1=13 leri-cr2=100 leri-cr3=100,1171Mbit,1171Mbit,1
1790982723.479,leri-cr1=13 leri-cr2=100 leri-cr3=100,leri-cr1=13 leri-cr2=100 leri-cr3=100,leri-cr1=13 leri-cr2=100 leri-cr3=100,1171Mbit,1171Mbit,1
1790982733.532,leri-cr1=13 leri-cr2=100 leri-cr3=100,leri-cr1=13 leri-cr2=100 leri-cr3=100,leri-cr1=13 leri-cr2=100 leri-cr3=100,1171Mbit,1171Mbit,1
1790982743.584,leri-cr1=13 leri-cr2=100 leri-cr3=100,leri-cr1=13 leri-cr2=100 leri-cr3=100,leri-cr1=13 leri-cr2=100 leri-cr3=100,1171Mbit,1171Mbit,1
1790982753.634,leri-cr1=13 leri-cr2=100 leri-cr3=100,leri-cr1=13 leri-cr2=100 leri-cr3=100,leri-cr1=13 leri-cr2=100 leri-cr3=100,1171Mbit,1171Mbit,1
1790982763.686,leri-cr1=13 leri-cr2=100 leri-cr3=100,leri-cr1=13 leri-cr2=100 leri-cr3=100,leri-cr1=13 leri-cr2=100 leri-cr3=100,1171Mbit,1171Mbit,1
1790982773.982,leri-cr1=13 leri-cr2=100 leri-cr3=100,leri-cr1=13 leri-cr2=100 leri-cr3=100,leri-cr1=13 leri-cr2=100 leri-cr3=100,1171Mbit,1171Mbit,1
1790982784.031,leri-cr1=13 leri-cr2=100 leri-cr3=100,leri-cr1=13 leri-cr2=100 leri-cr3=100,leri-cr1=13 leri-cr2=100 leri-cr3=100,1171Mbit,1171Mbit,0
1790982794.103,leri-cr1=13 leri-cr2=100 leri-cr3=100,leri-cr1=13 leri-cr2=100 leri-cr3=100,leri-cr1=13 leri-cr2=100 leri-cr3=100,1171Mbit,1171Mbit,0
1790982804.176,leri-cr1=13 leri-cr2=100 leri-cr3=100,leri-cr1=13 leri-cr2=100 leri-cr3=100,leri-cr1=13 leri-cr2=100 leri-cr3=100,1171Mbit,1171Mbit,0
1790982814.250,leri-cr1=13 leri-cr2=100 leri-cr3=100,leri-cr1=13 leri-cr2=100 leri-cr3=100,leri-cr1=13 leri-cr2=100 leri-cr3=100,1171Mbit,1171Mbit,0
1790982824.326,leri-cr1=13 leri-cr2=100 leri-cr3=100,leri-cr1=13 leri-cr2=100 leri-cr3=100,leri-cr1=13 leri-cr2=100 leri-cr3=100,1171Mbit,1171Mbit,0
1790982834.724,leri-cr1=13 leri-cr2=100 leri-cr3=100,leri-cr1=13 leri-cr2=100 leri-cr3=100,leri-cr1=13 leri-cr2=100 leri-cr3=100,1171Mbit,1171Mbit,0
1790982844.800,leri-cr1=13 leri-cr2=100 leri-cr3=100,leri-cr1=13 leri-cr2=100 leri-cr3=100,leri-cr1=13 leri-cr2=100 leri-cr3=100,1171Mbit,1171Mbit,0
1790982854.870,leri-cr1=13 leri-cr2=100 leri-cr3=100,leri-cr1=13 leri-cr2=100 leri-cr3=100,leri-cr1=13 leri-cr2=100 leri-cr3=100,1171Mbit,1171Mbit,0
1790982864.943,leri-cr1=13 leri-cr2=100 leri-cr3=100,leri-cr1=13 leri-cr2=100 leri-cr3=100,leri-cr1=13 leri-cr2=100 leri-cr3=100,1171Mbit,1171Mbit,0
1790982875.016,leri-cr1=13 leri-cr2=100 leri-cr3=100,leri-cr1=13 leri-cr2=100 leri-cr3=100,leri-cr1=13 leri-cr2=100 leri-cr3=100,1171Mbit,1171Mbit,0
1790982885.088,leri-cr1=13 leri-cr2=100 leri-cr3=100,leri-cr1=13 leri-cr2=100 leri-cr3=100,leri-cr1=13 leri-cr2=100 leri-cr3=100,1171Mbit,1171Mbit,0
1790982895.495,leri-cr1=13 leri-cr2=100 leri-cr3=100,leri-cr1=13 leri-cr2=100 leri-cr3=100,leri-cr1=13 leri-cr2=100 leri-cr3=100,1171Mbit,1171Mbit,0
1790982905.572,leri-cr1=13 leri-cr2=100 leri-cr3=100,leri-cr1=13 leri-cr2=100 leri-cr3=100,leri-cr1=13 leri-cr2=100 leri-cr3=100,1171Mbit,1171Mbit,0
1790982915.619,leri-cr1=13 leri-cr2=100 leri-cr3=100,leri-cr1=13 leri-cr2=100 leri-cr3=100,leri-cr1=13 leri-cr2=100 leri-cr3=100,1171Mbit,1171Mbit,0
1790982925.672,leri-cr1=13 leri-cr2=100 leri-cr3=100,leri-cr1=13 leri-cr2=100 leri-cr3=100,leri-cr1=13 leri-cr2=100 leri-cr3=100,1171Mbit,1171Mbit,1
1790982935.723,leri-cr1=13 leri-cr2=100 leri-cr3=100,leri-cr1=13 leri-cr2=100 leri-cr3=100,leri-cr1=13 leri-cr2=100 leri-cr3=100,1171Mbit,1171Mbit,1
1790982945.774,leri-cr1=13 leri-cr2=100 leri-cr3=100,leri-cr1=13 leri-cr2=100 leri-cr3=100,leri-cr1=13 leri-cr2=100 leri-cr3=100,1171Mbit,1171Mbit,1
1790982956.075,leri-cr1=13 leri-cr2=100 leri-cr3=100,leri-cr1=13 leri-cr2=100 leri-cr3=100,leri-cr1=13 leri-cr2=100 leri-cr3=100,1171Mbit,1171Mbit,1
1790982966.126,leri-cr1=13 leri-cr2=100 leri-cr3=100,leri-cr1=13 leri-cr2=100 leri-cr3=100,leri-cr1=13 leri-cr2=100 leri-cr3=100,1171Mbit,1171Mbit,1
1790982976.180,leri-cr1=13 leri-cr2=100 leri-cr3=100,leri-cr1=13 leri-cr2=100 leri-cr3=100,leri-cr1=13 leri-cr2=100 leri-cr3=100,1171Mbit,1171Mbit,1
1790982986.230,leri-cr1=13 leri-cr2=100 leri-cr3=100,leri-cr1=13 leri-cr2=100 leri-cr3=100,leri-cr1=13 leri-cr2=100 leri-cr3=100,1171Mbit,1171Mbit,1
1790982996.284,leri-cr1=13 leri-cr2=100 leri-cr3=100,leri-cr1=13 leri-cr2=100 leri-cr3=100,leri-cr1=13 leri-cr2=100 leri-cr3=100,1171Mbit,1171Mbit,1
1790983006.331,leri-cr1=13 leri-cr2=100 leri-cr3=100,leri-cr1=13 leri-cr2=100 leri-cr3=100,leri-cr1=13 leri-cr2=100 leri-cr3=100,1171Mbit,1171Mbit,1
1790983016.578,leri-cr1=13 leri-cr2=100 leri-cr3=100,leri-cr1=13 leri-cr2=100 leri-cr3=100,leri-cr1=13 leri-cr2=100 leri-cr3=100,1171Mbit,1171Mbit,1
1790983026.651,leri-cr1=13 leri-cr2=100 leri-cr3=100,leri-cr1=13 leri-cr2=100 leri-cr3=100,leri-cr1=13 leri-cr2=100 leri-cr3=100,1171Mbit,1171Mbit,1
1790983036.706,leri-cr1=13 leri-cr2=100 leri-cr3=100,leri-cr1=13 leri-cr2=100 leri-cr3=100,leri-cr1=13 leri-cr2=100 leri-cr3=100,1171Mbit,1171Mbit,1
1790983046.758,leri-cr1=13 leri-cr2=100 leri-cr3=100,leri-cr1=13 leri-cr2=100 leri-cr3=100,leri-cr1=13 leri-cr2=100 leri-cr3=100,1171Mbit,1171Mbit,1
1790983056.814,leri-cr1=13 leri-cr2=100 leri-cr3=100,leri-cr1=13 leri-cr2=100 leri-cr3=100,leri-cr1=13 leri-cr2=100 leri-cr3=100,1171Mbit,1171Mbit,1
1790983066.870,leri-cr1=13 leri-cr2=100 leri-cr3=100,leri-cr1=13 leri-cr2=100 leri-cr3=100,leri-cr1=13 leri-cr2=100 leri-cr3=100,1171Mbit,1171Mbit,1
1790983077.151,leri-cr1=13 leri-cr2=100 leri-cr3=100,leri-cr1=13 leri-cr2=100 leri-cr3=100,leri-cr1=13 leri-cr2=100 leri-cr3=100,1171Mbit,1171Mbit,1
1790983087.199,leri-cr1=13 leri-cr2=100 leri-cr3=100,leri-cr1=13 leri-cr2=100 leri-cr3=100,leri-cr1=13 leri-cr2=100 leri-cr3=100,1171Mbit,1171Mbit,1
1790983097.250,leri-cr1=13 leri-cr2=100 leri-cr3=100,leri-cr1=13 leri-cr2=100 leri-cr3=100,leri-cr1=13 leri-cr2=100 leri-cr3=100,1171Mbit,1171Mbit,1
1790983107.307,leri-cr1=13 leri-cr2=100 leri-cr3=100,leri-cr1=13 leri-cr2=100 leri-cr3=100,leri-cr1=13 leri-cr2=100 leri-cr3=100,1171Mbit,1171Mbit,1
1790983117.368,leri-cr1=13 leri-cr2=100 leri-cr3=100,leri-cr1=13 leri-cr2=100 leri-cr3=100,leri-cr1=13 leri-cr2=100 leri-cr3=100,1171Mbit,1171Mbit,1
1790983127.426,leri-cr1=13 leri-cr2=100 leri-cr3=100,leri-cr1=13 leri-cr2=100 leri-cr3=100,leri-cr1=13 leri-cr2=100 leri-cr3=100,1171Mbit,1171Mbit,1
1790983137.746,leri-cr1=13 leri-cr2=100 leri-cr3=100,leri-cr1=13 leri-cr2=100 leri-cr3=100,leri-cr1=13 leri-cr2=100 leri-cr3=100,1171Mbit,1171Mbit,1
1790983147.799,leri-cr1=13 leri-cr2=100 leri-cr3=100,leri-cr1=13 leri-cr2=100 leri-cr3=100,leri-cr1=13 leri-cr2=100 leri-cr3=100,1171Mbit,1171Mbit,1
1790983157.849,leri-cr1=13 leri-cr2=100 leri-cr3=100,leri-cr1=13 leri-cr2=100 leri-cr3=100,leri-cr1=13 leri-cr2=100 leri-cr3=100,1171Mbit,1171Mbit,1
1790983167.899,leri-cr1=13 leri-cr2=100 leri-cr3=100,leri-cr1=13 leri-cr2=100 leri-cr3=100,leri-cr1=13 leri-cr2=100 leri-cr3=100,1171Mbit,1171Mbit,1
1790983177.949,leri-cr1=13 leri-cr2=100 leri-cr3=100,leri-cr1=13 leri-cr2=100 leri-cr3=100,leri-cr1=13 leri-cr2=100 leri-cr3=100,1171Mbit,1171Mbit,1
1790983188.003,leri-cr1=13 leri-cr2=100 leri-cr3=100,leri-cr1=13 leri-cr2=100 leri-cr3=100,leri-cr1=13 leri-cr2=100 leri-cr3=100,1171Mbit,1171Mbit,1
1790983198.273,leri-cr1=13 leri-cr2=100 leri-cr3=100,leri-cr1=13 leri-cr2=100 leri-cr3=100,leri-cr1=13 leri-cr2=100 leri-cr3=100,1171Mbit,1171Mbit,1
1790983208.329,leri-cr1=13 leri-cr2=100 leri-cr3=100,leri-cr1=13 leri-cr2=100 leri-cr3=100,leri-cr1=13 leri-cr2=100 leri-cr3=100,1171Mbit,1171Mbit,1
1790983218.383,leri-cr1=13 leri-cr2=100 leri-cr3=100,leri-cr1=13 leri-cr2=100 leri-cr3=100,leri-cr1=13 leri-cr2=100 leri-cr3=100,1171Mbit,1171Mbit,1
1790983228.434,leri-cr1=13 leri-cr2=100 leri-cr3=100,leri-cr1=13 leri-cr2=100 leri-cr3=100,leri-cr1=13 leri-cr2=100 leri-cr3=100,1171Mbit,1171Mbit,1
1790983238.488,leri-cr1=13 leri-cr2=100 leri-cr3=100,leri-cr1=13 leri-cr2=100 leri-cr3=100,leri-cr1=13 leri-cr2=100 leri-cr3=100,1171Mbit,1171Mbit,1
1790983248.555,leri-cr1=13 leri-cr2=100 leri-cr3=100,leri-cr1=13 leri-cr2=100 leri-cr3=100,leri-cr1=13 leri-cr2=100 leri-cr3=100,1171Mbit,1171Mbit,1
1790983258.855,leri-cr1=13 leri-cr2=100 leri-cr3=100,leri-cr1=13 leri-cr2=100 leri-cr3=100,leri-cr1=13 leri-cr2=100 leri-cr3=100,1171Mbit,1171Mbit,1
1790983268.898,leri-cr1=13 leri-cr2=100 leri-cr3=100,leri-cr1=13 leri-cr2=100 leri-cr3=100,leri-cr1=13 leri-cr2=100 leri-cr3=100,1171Mbit,1171Mbit,1
1790983278.951,leri-cr1=13 leri-cr2=100 leri-cr3=100,leri-cr1=13 leri-cr2=100 leri-cr3=100,leri-cr1=13 leri-cr2=100 leri-cr3=100,1171Mbit,1171Mbit,1
1790983289.002,leri-cr1=13 leri-cr2=100 leri-cr3=100,leri-cr1=13 leri-cr2=100 leri-cr3=100,leri-cr1=13 leri-cr2=100 leri-cr3=100,1171Mbit,1171Mbit,1
1790983299.055,leri-cr1=13 leri-cr2=100 leri-cr3=100,leri-cr1=13 leri-cr2=100 leri-cr3=100,leri-cr1=13 leri-cr2=100 leri-cr3=100,1171Mbit,1171Mbit,1
1790983309.108,leri-cr1=13 leri-cr2=100 leri-cr3=100,leri-cr1=13 leri-cr2=100 leri-cr3=100,leri-cr1=13 leri-cr2=100 leri-cr3=100,1171Mbit,1171Mbit,1
1790983319.423,leri-cr1=13 leri-cr2=100 leri-cr3=100,leri-cr1=13 leri-cr2=100 leri-cr3=100,leri-cr1=13 leri-cr2=100 leri-cr3=100,1171Mbit,1171Mbit,1
1790983329.475,leri-cr1=13 leri-cr2=100 leri-cr3=100,leri-cr1=13 leri-cr2=100 leri-cr3=100,leri-cr1=13 leri-cr2=100 leri-cr3=100,1171Mbit,1171Mbit,1
1790983339.524,leri-cr1=13 leri-cr2=100 leri-cr3=100,leri-cr1=13 leri-cr2=100 leri-cr3=100,leri-cr1=13 leri-cr2=100 leri-cr3=100,1171Mbit,1171Mbit,1
1790983349.580,leri-cr1=13 leri-cr2=100 leri-cr3=100,leri-cr1=13 leri-cr2=100 leri-cr3=100,leri-cr1=13 leri-cr2=100 leri-cr3=100,1171Mbit,1171Mbit,1
1790983359.637,leri-cr1=13 leri-cr2=100 leri-cr3=100,leri-cr1=13 leri-cr2=100 leri-cr3=100,leri-cr1=13 leri-cr2=100 leri-cr3=100,1171Mbit,1171Mbit,1
1790983369.695,leri-cr1=13 leri-cr2=100 leri-cr3=100,leri-cr1=13 leri-cr2=100 leri-cr3=100,leri-cr1=13 leri-cr2=100 leri-cr3=100,1171Mbit,1171Mbit,1
1790983379.990,leri-cr1=13 leri-cr2=100 leri-cr3=100,leri-cr1=13 leri-cr2=100 leri-cr3=100,leri-cr1=13 leri-cr2=100 leri-cr3=100,1171Mbit,1171Mbit,1
1790983390.063,leri-cr1=13 leri-cr2=100 leri-cr3=100,leri-cr1=13 leri-cr2=100 leri-cr3=100,leri-cr1=13 leri-cr2=100 leri-cr3=100,1171Mbit,1171Mbit,0
1790983400.138,leri-cr1=13 leri-cr2=100 leri-cr3=100,leri-cr1=13 leri-cr2=100 leri-cr3=100,leri-cr1=13 leri-cr2=100 leri-cr3=100,1171Mbit,1171Mbit,0
1790983410.213,leri-cr1=13 leri-cr2=100 leri-cr3=100,leri-cr1=13 leri-cr2=100 leri-cr3=100,leri-cr1=13 leri-cr2=100 leri-cr3=100,1171Mbit,1171Mbit,0
1790983420.291,leri-cr1=13 leri-cr2=100 leri-cr3=100,leri-cr1=13 leri-cr2=100 leri-cr3=100,leri-cr1=13 leri-cr2=100 leri-cr3=100,1171Mbit,1171Mbit,0
1790983430.366,leri-cr1=13 leri-cr2=100 leri-cr3=100,leri-cr1=13 leri-cr2=100 leri-cr3=100,leri-cr1=13 leri-cr2=100 leri-cr3=100,1171Mbit,1171Mbit,0
1790983440.748,leri-cr1=13 leri-cr2=100 leri-cr3=100,leri-cr1=13 leri-cr2=100 leri-cr3=100,leri-cr1=13 leri-cr2=100 leri-cr3=100,1171Mbit,1171Mbit,0
1790983450.824,leri-cr1=13 leri-cr2=100 leri-cr3=100,leri-cr1=13 leri-cr2=100 leri-cr3=100,leri-cr1=13 leri-cr2=100 leri-cr3=100,1171Mbit,1171Mbit,0
1790983460.898,leri-cr1=13 leri-cr2=100 leri-cr3=100,leri-cr1=13 leri-cr2=100 leri-cr3=100,leri-cr1=13 leri-cr2=100 leri-cr3=100,1171Mbit,1171Mbit,0
1790983470.974,leri-cr1=13 leri-cr2=100 leri-cr3=100,leri-cr1=13 leri-cr2=100 leri-cr3=100,leri-cr1=13 leri-cr2=100 leri-cr3=100,1171Mbit,1171Mbit,0
1790983481.051,leri-cr1=13 leri-cr2=100 leri-cr3=100,leri-cr1=13 leri-cr2=100 leri-cr3=100,leri-cr1=13 leri-cr2=100 leri-cr3=100,1171Mbit,1171Mbit,0
1790983491.126,leri-cr1=13 leri-cr2=100 leri-cr3=100,leri-cr1=13 leri-cr2=100 leri-cr3=100,leri-cr1=13 leri-cr2=100 leri-cr3=100,1171Mbit,1171Mbit,0
1790983501.543,leri-cr1=13 leri-cr2=100 leri-cr3=100,leri-cr1=13 leri-cr2=100 leri-cr3=100,leri-cr1=13 leri-cr2=100 leri-cr3=100,1171Mbit,1171Mbit,0
1790983511.598,leri-cr1=13 leri-cr2=100 leri-cr3=100,leri-cr1=13 leri-cr2=100 leri-cr3=100,leri-cr1=13 leri-cr2=100 leri-cr3=100,1171Mbit,1171Mbit,0
1790983521.653,leri-cr1=13 leri-cr2=100 leri-cr3=100,leri-cr1=13 leri-cr2=100 leri-cr3=100,leri-cr1=13 leri-cr2=100 leri-cr3=100,1171Mbit,1171Mbit,1
1790983531.704,leri-cr1=13 leri-cr2=100 leri-cr3=100,leri-cr1=13 leri-cr2=100 leri-cr3=100,leri-cr1=13 leri-cr2=100 leri-cr3=100,1171Mbit,1171Mbit,1
1790983541.758,leri-cr1=13 leri-cr2=100 leri-cr3=100,leri-cr1=13 leri-cr2=100 leri-cr3=100,leri-cr1=13 leri-cr2=100 leri-cr3=100,1171Mbit,1171Mbit,1
1790983551.810,leri-cr1=13 leri-cr2=100 leri-cr3=100,leri-cr1=13 leri-cr2=100 leri-cr3=100,leri-cr1=13 leri-cr2=100 leri-cr3=100,1171Mbit,1171Mbit,1
1790983562.108,leri-cr1=13 leri-cr2=100 leri-cr3=100,leri-cr1=13 leri-cr2=100 leri-cr3=100,leri-cr1=13 leri-cr2=100 leri-cr3=100,1171Mbit,1171Mbit,1
1790983572.161,leri-cr1=13 leri-cr2=100 leri-cr3=100,leri-cr1=13 leri-cr2=100 leri-cr3=100,leri-cr1=13 leri-cr2=100 leri-cr3=100,1171Mbit,1171Mbit,1
1790983582.214,leri-cr1=13 leri-cr2=100 leri-cr3=100,leri-cr1=13 leri-cr2=100 leri-cr3=100,leri-cr1=13 leri-cr2=100 leri-cr3=100,1171Mbit,1171Mbit,1
1790983592.265,leri-cr1=13 leri-cr2=100 leri-cr3=100,leri-cr1=13 leri-cr2=100 leri-cr3=100,leri-cr1=13 leri-cr2=100 leri-cr3=100,1171Mbit,1171Mbit,1
1790983602.326,leri-cr1=13 leri-cr2=100 leri-cr3=100,leri-cr1=13 leri-cr2=100 leri-cr3=100,leri-cr1=13 leri-cr2=100 leri-cr3=100,1171Mbit,1171Mbit,1
1790983612.410,leri-cr1=13 leri-cr2=100 leri-cr3=100,leri-cr1=13 leri-cr2=100 leri-cr3=100,leri-cr1=13 leri-cr2=100 leri-cr3=100,1171Mbit,1171Mbit,1
1790983622.626,leri-cr1=13 leri-cr2=100 leri-cr3=100,leri-cr1=13 leri-cr2=100 leri-cr3=100,leri-cr1=13 leri-cr2=100 leri-cr3=100,1171Mbit,1171Mbit,1
1790983632.686,leri-cr1=13 leri-cr2=100 leri-cr3=100,leri-cr1=13 leri-cr2=100 leri-cr3=100,leri-cr1=13 leri-cr2=100 leri-cr3=100,1171Mbit,1171Mbit,1
1790983642.738,leri-cr1=13 leri-cr2=100 leri-cr3=100,leri-cr1=13 leri-cr2=100 leri-cr3=100,leri-cr1=13 leri-cr2=100 leri-cr3=100,1171Mbit,1171Mbit,1
1790983652.793,leri-cr1=13 leri-cr2=100 leri-cr3=100,leri-cr1=13 leri-cr2=100 leri-cr3=100,leri-cr1=13 leri-cr2=100 leri-cr3=100,1171Mbit,1171Mbit,1
1790983662.846,leri-cr1=13 leri-cr2=100 leri-cr3=100,leri-cr1=13 leri-cr2=100 leri-cr3=100,leri-cr1=13 leri-cr2=100 leri-cr3=100,1171Mbit,1171Mbit,1
1790983673.113,leri-cr1=13 leri-cr2=100 leri-cr3=100,leri-cr1=13 leri-cr2=100 leri-cr3=100,leri-cr1=13 leri-cr2=100 leri-cr3=100,1171Mbit,1171Mbit,1
1790983683.169,leri-cr1=13 leri-cr2=100 leri-cr3=100,leri-cr1=13 leri-cr2=100 leri-cr3=100,leri-cr1=13 leri-cr2=100 leri-cr3=100,1171Mbit,1171Mbit,1
1790983693.220,leri-cr1=13 leri-cr2=100 leri-cr3=100,leri-cr1=13 leri-cr2=100 leri-cr3=100,leri-cr1=13 leri-cr2=100 leri-cr3=100,1171Mbit,1171Mbit,1
1790983703.276,leri-cr1=13 leri-cr2=100 leri-cr3=100,leri-cr1=13 leri-cr2=100 leri-cr3=100,leri-cr1=13 leri-cr2=100 leri-cr3=100,1171Mbit,1171Mbit,1
1790983713.335,leri-cr1=13 leri-cr2=100 leri-cr3=100,leri-cr1=13 leri-cr2=100 leri-cr3=100,leri-cr1=13 leri-cr2=100 leri-cr3=100,1171Mbit,1171Mbit,1
1790983723.384,leri-cr1=13 leri-cr2=100 leri-cr3=100,leri-cr1=13 leri-cr2=100 leri-cr3=100,leri-cr1=13 leri-cr2=100 leri-cr3=100,1171Mbit,1171Mbit,1
1790983733.681,leri-cr1=13 leri-cr2=100 leri-cr3=100,leri-cr1=13 leri-cr2=100 leri-cr3=100,leri-cr1=13 leri-cr2=100 leri-cr3=100,1171Mbit,1171Mbit,1
1790983743.725,leri-cr1=13 leri-cr2=100 leri-cr3=100,leri-cr1=13 leri-cr2=100 leri-cr3=100,leri-cr1=13 leri-cr2=100 leri-cr3=100,1171Mbit,1171Mbit,1
1790983753.778,leri-cr1=13 leri-cr2=100 leri-cr3=100,leri-cr1=13 leri-cr2=100 leri-cr3=100,leri-cr1=13 leri-cr2=100 leri-cr3=100,1171Mbit,1171Mbit,1
1790983763.825,leri-cr1=13 leri-cr2=100 leri-cr3=100,leri-cr1=13 leri-cr2=100 leri-cr3=100,leri-cr1=13 leri-cr2=100 leri-cr3=100,1171Mbit,1171Mbit,1
1790983773.877,leri-cr1=13 leri-cr2=100 leri-cr3=100,leri-cr1=13 leri-cr2=100 leri-cr3=100,leri-cr1=13 leri-cr2=100 leri-cr3=100,1171Mbit,1171Mbit,1
1790983783.930,leri-cr1=13 leri-cr2=100 leri-cr3=100,leri-cr1=13 leri-cr2=100 leri-cr3=100,leri-cr1=13 leri-cr2=100 leri-cr3=100,1171Mbit,1171Mbit,1
1790983794.231,leri-cr1=13 leri-cr2=100 leri-cr3=100,leri-cr1=13 leri-cr2=100 leri-cr3=100,leri-cr1=13 leri-cr2=100 leri-cr3=100,1171Mbit,1171Mbit,1
1790983804.279,leri-cr1=13 leri-cr2=100 leri-cr3=100,leri-cr1=13 leri-cr2=100 leri-cr3=100,leri-cr1=13 leri-cr2=100 leri-cr3=100,1171Mbit,1171Mbit,1
1790983814.334,leri-cr1=13 leri-cr2=100 leri-cr3=100,leri-cr1=13 leri-cr2=100 leri-cr3=100,leri-cr1=13 leri-cr2=100 leri-cr3=100,1171Mbit,1171Mbit,1
1790983824.394,leri-cr1=13 leri-cr2=100 leri-cr3=100,leri-cr1=13 leri-cr2=100 leri-cr3=100,leri-cr1=13 leri-cr2=100 leri-cr3=100,1171Mbit,1171Mbit,1
1790983834.446,leri-cr1=13 leri-cr2=100 leri-cr3=100,leri-cr1=13 leri-cr2=100 leri-cr3=100,leri-cr1=13 leri-cr2=100 leri-cr3=100,1171Mbit,1171Mbit,1
1790983844.498,leri-cr1=13 leri-cr2=100 leri-cr3=100,leri-cr1=13 leri-cr2=100 leri-cr3=100,leri-cr1=13 leri-cr2=100 leri-cr3=100,1171Mbit,1171Mbit,1
1790983854.766,leri-cr1=13 leri-cr2=100 leri-cr3=100,leri-cr1=13 leri-cr2=100 leri-cr3=100,leri-cr1=13 leri-cr2=100 leri-cr3=100,1171Mbit,1171Mbit,1
1790983864.818,leri-cr1=13 leri-cr2=100 leri-cr3=100,leri-cr1=13 leri-cr2=100 leri-cr3=100,leri-cr1=13 leri-cr2=100 leri-cr3=100,1171Mbit,1171Mbit,1
1790983874.868,leri-cr1=13 leri-cr2=100 leri-cr3=100,leri-cr1=13 leri-cr2=100 leri-cr3=100,leri-cr1=13 leri-cr2=100 leri-cr3=100,1171Mbit,1171Mbit,1
1790983884.929,leri-cr1=13 leri-cr2=100 leri-cr3=100,leri-cr1=13 leri-cr2=100 leri-cr3=100,leri-cr1=13 leri-cr2=100 leri-cr3=100,1171Mbit,1171Mbit,1
1790983894.974,leri-cr1=13 leri-cr2=100 leri-cr3=100,leri-cr1=13 leri-cr2=100 leri-cr3=100,leri-cr1=13 leri-cr2=100 leri-cr3=100,1171Mbit,1171Mbit,1
1790983905.030,leri-cr1=13 leri-cr2=100 leri-cr3=100,leri-cr1=13 leri-cr2=100 leri-cr3=100,leri-cr1=13 leri-cr2=100 leri-cr3=100,1171Mbit,1171Mbit,1
1790983915.359,leri-cr1=13 leri-cr2=100 leri-cr3=100,leri-cr1=13 leri-cr2=100 leri-cr3=100,leri-cr1=13 leri-cr2=100 leri-cr3=100,1171Mbit,1171Mbit,1
1790983925.412,leri-cr1=13 leri-cr2=100 leri-cr3=100,leri-cr1=13 leri-cr2=100 leri-cr3=100,leri-cr1=13 leri-cr2=100 leri-cr3=100,1171Mbit,1171Mbit,1
1790983935.463,leri-cr1=13 leri-cr2=100 leri-cr3=100,leri-cr1=13 leri-cr2=100 leri-cr3=100,leri-cr1=13 leri-cr2=100 leri-cr3=100,1171Mbit,1171Mbit,1
1790983945.513,leri-cr1=13 leri-cr2=100 leri-cr3=100,leri-cr1=13 leri-cr2=100 leri-cr3=100,leri-cr1=13 leri-cr2=100 leri-cr3=100,1171Mbit,1171Mbit,1
1790983955.570,leri-cr1=13 leri-cr2=100 leri-cr3=100,leri-cr1=13 leri-cr2=100 leri-cr3=100,leri-cr1=13 leri-cr2=100 leri-cr3=100,1171Mbit,1171Mbit,1
1790983965.622,leri-cr1=13 leri-cr2=100 leri-cr3=100,leri-cr1=13 leri-cr2=100 leri-cr3=100,leri-cr1=13 leri-cr2=100 leri-cr3=100,1171Mbit,1171Mbit,1
1790983975.906,leri-cr1=13 leri-cr2=100 leri-cr3=100,leri-cr1=13 leri-cr2=100 leri-cr3=100,leri-cr1=13 leri-cr2=100 leri-cr3=100,1171Mbit,1171Mbit,1
1790983985.957,leri-cr1=13 leri-cr2=100 leri-cr3=100,leri-cr1=13 leri-cr2=100 leri-cr3=100,leri-cr1=13 leri-cr2=100 leri-cr3=100,1171Mbit,1171Mbit,0
1790983996.031,leri-cr1=13 leri-cr2=100 leri-cr3=100,leri-cr1=13 leri-cr2=100 leri-cr3=100,leri-cr1=13 leri-cr2=100 leri-cr3=100,1171Mbit,1171Mbit,0
1790984006.100,leri-cr1=13 leri-cr2=100 leri-cr3=100,leri-cr1=13 leri-cr2=100 leri-cr3=100,leri-cr1=13 leri-cr2=100 leri-cr3=100,1171Mbit,1171Mbit,0
1790984016.173,leri-cr1=13 leri-cr2=100 leri-cr3=100,leri-cr1=13 leri-cr2=100 leri-cr3=100,leri-cr1=13 leri-cr2=100 leri-cr3=100,1171Mbit,1171Mbit,0
1790984026.245,leri-cr1=13 leri-cr2=100 leri-cr3=100,leri-cr1=13 leri-cr2=100 leri-cr3=100,leri-cr1=13 leri-cr2=100 leri-cr3=100,1171Mbit,1171Mbit,0
1790984036.646,leri-cr1=13 leri-cr2=100 leri-cr3=100,leri-cr1=13 leri-cr2=100 leri-cr3=100,leri-cr1=13 leri-cr2=100 leri-cr3=100,1171Mbit,1171Mbit,0
1790984046.721,leri-cr1=13 leri-cr2=100 leri-cr3=100,leri-cr1=13 leri-cr2=100 leri-cr3=100,leri-cr1=13 leri-cr2=100 leri-cr3=100,1171Mbit,1171Mbit,0
1790984056.796,leri-cr1=13 leri-cr2=100 leri-cr3=100,leri-cr1=13 leri-cr2=100 leri-cr3=100,leri-cr1=13 leri-cr2=100 leri-cr3=100,1171Mbit,1171Mbit,0
1790984066.868,leri-cr1=13 leri-cr2=100 leri-cr3=100,leri-cr1=13 leri-cr2=100 leri-cr3=100,leri-cr1=13 leri-cr2=100 leri-cr3=100,1171Mbit,1171Mbit,0
1790984076.943,leri-cr1=13 leri-cr2=100 leri-cr3=100,leri-cr1=13 leri-cr2=100 leri-cr3=100,leri-cr1=13 leri-cr2=100 leri-cr3=100,1171Mbit,1171Mbit,0
1790984087.016,leri-cr1=13 leri-cr2=100 leri-cr3=100,leri-cr1=13 leri-cr2=100 leri-cr3=100,leri-cr1=13 leri-cr2=100 leri-cr3=100,1171Mbit,1171Mbit,0
1790984097.422,leri-cr1=13 leri-cr2=100 leri-cr3=100,leri-cr1=13 leri-cr2=100 leri-cr3=100,leri-cr1=13 leri-cr2=100 leri-cr3=100,1171Mbit,1171Mbit,0
1790984107.493,leri-cr1=13 leri-cr2=100 leri-cr3=100,leri-cr1=13 leri-cr2=100 leri-cr3=100,leri-cr1=13 leri-cr2=100 leri-cr3=100,1171Mbit,1171Mbit,0
1790984117.544,leri-cr1=13 leri-cr2=100 leri-cr3=100,leri-cr1=13 leri-cr2=100 leri-cr3=100,leri-cr1=13 leri-cr2=100 leri-cr3=100,1171Mbit,1171Mbit,0
1790984127.600,leri-cr1=13 leri-cr2=100 leri-cr3=100,leri-cr1=13 leri-cr2=100 leri-cr3=100,leri-cr1=13 leri-cr2=100 leri-cr3=100,1171Mbit,1171Mbit,1
1790984137.656,leri-cr1=13 leri-cr2=100 leri-cr3=100,leri-cr1=13 leri-cr2=100 leri-cr3=100,leri-cr1=13 leri-cr2=100 leri-cr3=100,1171Mbit,1171Mbit,1
1790984147.704,leri-cr1=13 leri-cr2=100 leri-cr3=100,leri-cr1=13 leri-cr2=100 leri-cr3=100,leri-cr1=13 leri-cr2=100 leri-cr3=100,1171Mbit,1171Mbit,1
1790984157.992,leri-cr1=13 leri-cr2=100 leri-cr3=100,leri-cr1=13 leri-cr2=100 leri-cr3=100,leri-cr1=13 leri-cr2=100 leri-cr3=100,1171Mbit,1171Mbit,1
1790984168.042,leri-cr1=13 leri-cr2=100 leri-cr3=100,leri-cr1=13 leri-cr2=100 leri-cr3=100,leri-cr1=13 leri-cr2=100 leri-cr3=100,1171Mbit,1171Mbit,1
1790984178.091,leri-cr1=13 leri-cr2=100 leri-cr3=100,leri-cr1=13 leri-cr2=100 leri-cr3=100,leri-cr1=13 leri-cr2=100 leri-cr3=100,1171Mbit,1171Mbit,1
1790984188.164,leri-cr1=13 leri-cr2=100 leri-cr3=100,leri-cr1=13 leri-cr2=100 leri-cr3=100,leri-cr1=13 leri-cr2=100 leri-cr3=100,1171Mbit,1171Mbit,1
1790984198.221,leri-cr1=13 leri-cr2=100 leri-cr3=100,leri-cr1=13 leri-cr2=100 leri-cr3=100,leri-cr1=13 leri-cr2=100 leri-cr3=100,1171Mbit,1171Mbit,1
1790984208.270,leri-cr1=13 leri-cr2=100 leri-cr3=100,leri-cr1=13 leri-cr2=100 leri-cr3=100,leri-cr1=13 leri-cr2=100 leri-cr3=100,1171Mbit,1171Mbit,1
1790984218.571,leri-cr1=13 leri-cr2=100 leri-cr3=100,leri-cr1=13 leri-cr2=100 leri-cr3=100,leri-cr1=13 leri-cr2=100 leri-cr3=100,1171Mbit,1171Mbit,1
1790984228.622,leri-cr1=13 leri-cr2=100 leri-cr3=100,leri-cr1=13 leri-cr2=100 leri-cr3=100,leri-cr1=13 leri-cr2=100 leri-cr3=100,1171Mbit,1171Mbit,1
1790984238.677,leri-cr1=13 leri-cr2=100 leri-cr3=100,leri-cr1=13 leri-cr2=100 leri-cr3=100,leri-cr1=13 leri-cr2=100 leri-cr3=100,1171Mbit,1171Mbit,1
1790984248.731,leri-cr1=13 leri-cr2=100 leri-cr3=100,leri-cr1=13 leri-cr2=100 leri-cr3=100,leri-cr1=13 leri-cr2=100 leri-cr3=100,1171Mbit,1171Mbit,1
1790984258.784,leri-cr1=13 leri-cr2=100 leri-cr3=100,leri-cr1=13 leri-cr2=100 leri-cr3=100,leri-cr1=13 leri-cr2=100 leri-cr3=100,1171Mbit,1171Mbit,1
1790984268.843,leri-cr1=13 leri-cr2=100 leri-cr3=100,leri-cr1=13 leri-cr2=100 leri-cr3=100,leri-cr1=13 leri-cr2=100 leri-cr3=100,1171Mbit,1171Mbit,1
1790984279.119,leri-cr1=13 leri-cr2=100 leri-cr3=100,leri-cr1=13 leri-cr2=100 leri-cr3=100,leri-cr1=13 leri-cr2=100 leri-cr3=100,1171Mbit,1171Mbit,1
1790984289.169,leri-cr1=13 leri-cr2=100 leri-cr3=100,leri-cr1=13 leri-cr2=100 leri-cr3=100,leri-cr1=13 leri-cr2=100 leri-cr3=100,1171Mbit,1171Mbit,1
1790984299.239,leri-cr1=13 leri-cr2=100 leri-cr3=100,leri-cr1=13 leri-cr2=100 leri-cr3=100,leri-cr1=13 leri-cr2=100 leri-cr3=100,1171Mbit,1171Mbit,1
1790984309.293,leri-cr1=13 leri-cr2=100 leri-cr3=100,leri-cr1=13 leri-cr2=100 leri-cr3=100,leri-cr1=13 leri-cr2=100 leri-cr3=100,1171Mbit,1171Mbit,1
1790984319.336,leri-cr1=13 leri-cr2=100 leri-cr3=100,leri-cr1=13 leri-cr2=100 leri-cr3=100,leri-cr1=13 leri-cr2=100 leri-cr3=100,1171Mbit,1171Mbit,1
1790984329.391,leri-cr1=13 leri-cr2=100 leri-cr3=100,leri-cr1=13 leri-cr2=100 leri-cr3=100,leri-cr1=13 leri-cr2=100 leri-cr3=100,1171Mbit,1171Mbit,1
1790984339.702,leri-cr1=13 leri-cr2=100 leri-cr3=100,leri-cr1=13 leri-cr2=100 leri-cr3=100,leri-cr1=13 leri-cr2=100 leri-cr3=100,1171Mbit,1171Mbit,1
1790984349.755,leri-cr1=13 leri-cr2=100 leri-cr3=100,leri-cr1=13 leri-cr2=100 leri-cr3=100,leri-cr1=13 leri-cr2=100 leri-cr3=100,1171Mbit,1171Mbit,1
1790984359.805,leri-cr1=13 leri-cr2=100 leri-cr3=100,leri-cr1=13 leri-cr2=100 leri-cr3=100,leri-cr1=13 leri-cr2=100 leri-cr3=100,1171Mbit,1171Mbit,1
1790984369.858,leri-cr1=13 leri-cr2=100 leri-cr3=100,leri-cr1=13 leri-cr2=100 leri-cr3=100,leri-cr1=13 leri-cr2=100 leri-cr3=100,1171Mbit,1171Mbit,1
1790984379.910,leri-cr1=13 leri-cr2=100 leri-cr3=100,leri-cr1=13 leri-cr2=100 leri-cr3=100,leri-cr1=13 leri-cr2=100 leri-cr3=100,1171Mbit,1171Mbit,1
1790984389.963,leri-cr1=13 leri-cr2=100 leri-cr3=100,leri-cr1=13 leri-cr2=100 leri-cr3=100,leri-cr1=13 leri-cr2=100 leri-cr3=100,1171Mbit,1171Mbit,1
1790984400.242,leri-cr1=13 leri-cr2=100 leri-cr3=100,leri-cr1=13 leri-cr2=100 leri-cr3=100,leri-cr1=13 leri-cr2=100 leri-cr3=100,1171Mbit,1171Mbit,1
1790984410.296,leri-cr1=13 leri-cr2=100 leri-cr3=100,leri-cr1=13 leri-cr2=100 leri-cr3=100,leri-cr1=13 leri-cr2=100 leri-cr3=100,1171Mbit,1171Mbit,1
1790984420.350,leri-cr1=13 leri-cr2=100 leri-cr3=100,leri-cr1=13 leri-cr2=100 leri-cr3=100,leri-cr1=13 leri-cr2=100 leri-cr3=100,1171Mbit,1171Mbit,1
1790984430.398,leri-cr1=13 leri-cr2=100 leri-cr3=100,leri-cr1=13 leri-cr2=100 leri-cr3=100,leri-cr1=13 leri-cr2=100 leri-cr3=100,1171Mbit,1171Mbit,1
1790984440.447,leri-cr1=13 leri-cr2=100 leri-cr3=100,leri-cr1=13 leri-cr2=100 leri-cr3=100,leri-cr1=13 leri-cr2=100 leri-cr3=100,1171Mbit,1171Mbit,1
1790984450.505,leri-cr1=13 leri-cr2=100 leri-cr3=100,leri-cr1=13 leri-cr2=100 leri-cr3=100,leri-cr1=13 leri-cr2=100 leri-cr3=100,1171Mbit,1171Mbit,1
1790984460.815,leri-cr1=13 leri-cr2=100 leri-cr3=100,leri-cr1=13 leri-cr2=100 leri-cr3=100,leri-cr1=13 leri-cr2=100 leri-cr3=100,1171Mbit,1171Mbit,1
1790984470.867,leri-cr1=13 leri-cr2=100 leri-cr3=100,leri-cr1=13 leri-cr2=100 leri-cr3=100,leri-cr1=13 leri-cr2=100 leri-cr3=100,1171Mbit,1171Mbit,1
1790984480.920,leri-cr1=13 leri-cr2=100 leri-cr3=100,leri-cr1=13 leri-cr2=100 leri-cr3=100,leri-cr1=13 leri-cr2=100 leri-cr3=100,1171Mbit,1171Mbit,1
1790984490.974,leri-cr1=13 leri-cr2=100 leri-cr3=100,leri-cr1=13 leri-cr2=100 leri-cr3=100,leri-cr1=13 leri-cr2=100 leri-cr3=100,1171Mbit,1171Mbit,1
1790984501.026,leri-cr1=13 leri-cr2=100 leri-cr3=100,leri-cr1=13 leri-cr2=100 leri-cr3=100,leri-cr1=13 leri-cr2=100 leri-cr3=100,1171Mbit,1171Mbit,1
1790984511.079,leri-cr1=13 leri-cr2=100 leri-cr3=100,leri-cr1=13 leri-cr2=100 leri-cr3=100,leri-cr1=13 leri-cr2=100 leri-cr3=100,1171Mbit,1171Mbit,1
1790984521.385,leri-cr1=13 leri-cr2=100 leri-cr3=100,leri-cr1=13 leri-cr2=100 leri-cr3=100,leri-cr1=13 leri-cr2=100 leri-cr3=100,1171Mbit,1171Mbit,1
1790984531.446,leri-cr1=13 leri-cr2=100 leri-cr3=100,leri-cr1=13 leri-cr2=100 leri-cr3=100,leri-cr1=13 leri-cr2=100 leri-cr3=100,1171Mbit,1171Mbit,1
1790984541.495,leri-cr1=13 leri-cr2=100 leri-cr3=100,leri-cr1=13 leri-cr2=100 leri-cr3=100,leri-cr1=13 leri-cr2=100 leri-cr3=100,1171Mbit,1171Mbit,1
1790984551.552,leri-cr1=13 leri-cr2=100 leri-cr3=100,leri-cr1=13 leri-cr2=100 leri-cr3=100,leri-cr1=13 leri-cr2=100 leri-cr3=100,1171Mbit,1171Mbit,1
1790984561.603,leri-cr1=13 leri-cr2=100 leri-cr3=100,leri-cr1=13 leri-cr2=100 leri-cr3=100,leri-cr1=13 leri-cr2=100 leri-cr3=100,1171Mbit,1171Mbit,1
1790984571.654,leri-cr1=13 leri-cr2=100 leri-cr3=100,leri-cr1=13 leri-cr2=100 leri-cr3=100,leri-cr1=13 leri-cr2=100 leri-cr3=100,1171Mbit,1171Mbit,1
1790984581.949,leri-cr1=13 leri-cr2=100 leri-cr3=100,leri-cr1=13 leri-cr2=100 leri-cr3=100,leri-cr1=13 leri-cr2=100 leri-cr3=100,1171Mbit,1171Mbit,1
1790984592.032,leri-cr1=13 leri-cr2=100 leri-cr3=100,leri-cr1=13 leri-cr2=100 leri-cr3=100,leri-cr1=13 leri-cr2=100 leri-cr3=100,1171Mbit,1171Mbit,0
1790984602.111,leri-cr1=13 leri-cr2=100 leri-cr3=100,leri-cr1=13 leri-cr2=100 leri-cr3=100,leri-cr1=13 leri-cr2=100 leri-cr3=100,1171Mbit,1171Mbit,0
1790984612.187,leri-cr1=13 leri-cr2=100 leri-cr3=100,leri-cr1=13 leri-cr2=100 leri-cr3=100,leri-cr1=13 leri-cr2=100 leri-cr3=100,1171Mbit,1171Mbit,0
1790984622.264,leri-cr1=13 leri-cr2=100 leri-cr3=100,leri-cr1=13 leri-cr2=100 leri-cr3=100,leri-cr1=13 leri-cr2=100 leri-cr3=100,1171Mbit,1171Mbit,0
1790984632.344,leri-cr1=13 leri-cr2=100 leri-cr3=100,leri-cr1=13 leri-cr2=100 leri-cr3=100,leri-cr1=13 leri-cr2=100 leri-cr3=100,1171Mbit,1171Mbit,0
1790984642.718,leri-cr1=13 leri-cr2=100 leri-cr3=100,leri-cr1=13 leri-cr2=100 leri-cr3=100,leri-cr1=13 leri-cr2=100 leri-cr3=100,1171Mbit,1171Mbit,0
1790984652.793,leri-cr1=13 leri-cr2=100 leri-cr3=100,leri-cr1=13 leri-cr2=100 leri-cr3=100,leri-cr1=13 leri-cr2=100 leri-cr3=100,1171Mbit,1171Mbit,0
1790984662.869,leri-cr1=13 leri-cr2=100 leri-cr3=100,leri-cr1=13 leri-cr2=100 leri-cr3=100,leri-cr1=13 leri-cr2=100 leri-cr3=100,1171Mbit,1171Mbit,0
1790984672.946,leri-cr1=13 leri-cr2=100 leri-cr3=100,leri-cr1=13 leri-cr2=100 leri-cr3=100,leri-cr1=13 leri-cr2=100 leri-cr3=100,1171Mbit,1171Mbit,0
1790984683.028,leri-cr1=13 leri-cr2=100 leri-cr3=100,leri-cr1=13 leri-cr2=100 leri-cr3=100,leri-cr1=13 leri-cr2=100 leri-cr3=100,1171Mbit,1171Mbit,0
1790984693.106,leri-cr1=13 leri-cr2=100 leri-cr3=100,leri-cr1=13 leri-cr2=100 leri-cr3=100,leri-cr1=13 leri-cr2=100 leri-cr3=100,1171Mbit,1171Mbit,0
1790984703.514,leri-cr1=13 leri-cr2=100 leri-cr3=100,leri-cr1=13 leri-cr2=100 leri-cr3=100,leri-cr1=13 leri-cr2=100 leri-cr3=100,1171Mbit,1171Mbit,0
1790984713.569,leri-cr1=13 leri-cr2=100 leri-cr3=100,leri-cr1=13 leri-cr2=100 leri-cr3=100,leri-cr1=13 leri-cr2=100 leri-cr3=100,1171Mbit,1171Mbit,0
1790984723.628,leri-cr1=13 leri-cr2=100 leri-cr3=100,leri-cr1=13 leri-cr2=100 leri-cr3=100,leri-cr1=13 leri-cr2=100 leri-cr3=100,1171Mbit,1171Mbit,1
1790984733.685,leri-cr1=13 leri-cr2=100 leri-cr3=100,leri-cr1=13 leri-cr2=100 leri-cr3=100,leri-cr1=13 leri-cr2=100 leri-cr3=100,1171Mbit,1171Mbit,1
1790984743.740,leri-cr1=13 leri-cr2=100 leri-cr3=100,leri-cr1=13 leri-cr2=100 leri-cr3=100,leri-cr1=13 leri-cr2=100 leri-cr3=100,1171Mbit,1171Mbit,1
1790984753.801,leri-cr1=13 leri-cr2=100 leri-cr3=100,leri-cr1=13 leri-cr2=100 leri-cr3=100,leri-cr1=13 leri-cr2=100 leri-cr3=100,1171Mbit,1171Mbit,1
1790984764.079,leri-cr1=13 leri-cr2=100 leri-cr3=100,leri-cr1=13 leri-cr2=100 leri-cr3=100,leri-cr1=13 leri-cr2=100 leri-cr3=100,1171Mbit,1171Mbit,1
1790984774.135,leri-cr1=13 leri-cr2=100 leri-cr3=100,leri-cr1=13 leri-cr2=100 leri-cr3=100,leri-cr1=13 leri-cr2=100 leri-cr3=100,1171Mbit,1171Mbit,1
1790984784.192,leri-cr1=13 leri-cr2=100 leri-cr3=100,leri-cr1=13 leri-cr2=100 leri-cr3=100,leri-cr1=13 leri-cr2=100 leri-cr3=100,1171Mbit,1171Mbit,1
1790984794.243,leri-cr1=13 leri-cr2=100 leri-cr3=100,leri-cr1=13 leri-cr2=100 leri-cr3=100,leri-cr1=13 leri-cr2=100 leri-cr3=100,1171Mbit,1171Mbit,1
1790984804.298,leri-cr1=13 leri-cr2=100 leri-cr3=100,leri-cr1=13 leri-cr2=100 leri-cr3=100,leri-cr1=13 leri-cr2=100 leri-cr3=100,1171Mbit,1171Mbit,1
1790984814.346,leri-cr1=13 leri-cr2=100 leri-cr3=100,leri-cr1=13 leri-cr2=100 leri-cr3=100,leri-cr1=13 leri-cr2=100 leri-cr3=100,1171Mbit,1171Mbit,1
1790984824.655,leri-cr1=13 leri-cr2=100 leri-cr3=100,leri-cr1=13 leri-cr2=100 leri-cr3=100,leri-cr1=13 leri-cr2=100 leri-cr3=100,1171Mbit,1171Mbit,1
1790984834.705,leri-cr1=13 leri-cr2=100 leri-cr3=100,leri-cr1=13 leri-cr2=100 leri-cr3=100,leri-cr1=13 leri-cr2=100 leri-cr3=100,1171Mbit,1171Mbit,1
1790984844.760,leri-cr1=13 leri-cr2=100 leri-cr3=100,leri-cr1=13 leri-cr2=100 leri-cr3=100,leri-cr1=13 leri-cr2=100 leri-cr3=100,1171Mbit,1171Mbit,1
1790984854.814,leri-cr1=13 leri-cr2=100 leri-cr3=100,leri-cr1=13 leri-cr2=100 leri-cr3=100,leri-cr1=13 leri-cr2=100 leri-cr3=100,1171Mbit,1171Mbit,1
1790984864.862,leri-cr1=13 leri-cr2=100 leri-cr3=100,leri-cr1=13 leri-cr2=100 leri-cr3=100,leri-cr1=13 leri-cr2=100 leri-cr3=100,1171Mbit,1171Mbit,1
1790984875.168,leri-cr1=13 leri-cr2=100 leri-cr3=100,leri-cr1=13 leri-cr2=100 leri-cr3=100,leri-cr1=13 leri-cr2=100 leri-cr3=100,1171Mbit,1171Mbit,1
1790984885.220,leri-cr1=13 leri-cr2=100 leri-cr3=100,leri-cr1=13 leri-cr2=100 leri-cr3=100,leri-cr1=13 leri-cr2=100 leri-cr3=100,1171Mbit,1171Mbit,1
1790984895.274,leri-cr1=13 leri-cr2=100 leri-cr3=100,leri-cr1=13 leri-cr2=100 leri-cr3=100,leri-cr1=13 leri-cr2=100 leri-cr3=100,1171Mbit,1171Mbit,1
1790984905.326,leri-cr1=13 leri-cr2=100 leri-cr3=100,leri-cr1=13 leri-cr2=100 leri-cr3=100,leri-cr1=13 leri-cr2=100 leri-cr3=100,1171Mbit,1171Mbit,1
1790984915.380,leri-cr1=13 leri-cr2=100 leri-cr3=100,leri-cr1=13 leri-cr2=100 leri-cr3=100,leri-cr1=13 leri-cr2=100 leri-cr3=100,1171Mbit,1171Mbit,1
1790984925.434,leri-cr1=13 leri-cr2=100 leri-cr3=100,leri-cr1=13 leri-cr2=100 leri-cr3=100,leri-cr1=13 leri-cr2=100 leri-cr3=100,1171Mbit,1171Mbit,1
1790984935.712,leri-cr1=13 leri-cr2=100 leri-cr3=100,leri-cr1=13 leri-cr2=100 leri-cr3=100,leri-cr1=13 leri-cr2=100 leri-cr3=100,1171Mbit,1171Mbit,1
1790984945.762,leri-cr1=13 leri-cr2=100 leri-cr3=100,leri-cr1=13 leri-cr2=100 leri-cr3=100,leri-cr1=13 leri-cr2=100 leri-cr3=100,1171Mbit,1171Mbit,1
1790984955.816,leri-cr1=13 leri-cr2=100 leri-cr3=100,leri-cr1=13 leri-cr2=100 leri-cr3=100,leri-cr1=13 leri-cr2=100 leri-cr3=100,1171Mbit,1171Mbit,1
1790984965.867,leri-cr1=13 leri-cr2=100 leri-cr3=100,leri-cr1=13 leri-cr2=100 leri-cr3=100,leri-cr1=13 leri-cr2=100 leri-cr3=100,1171Mbit,1171Mbit,1
1790984975.926,leri-cr1=13 leri-cr2=100 leri-cr3=100,leri-cr1=13 leri-cr2=100 leri-cr3=100,leri-cr1=13 leri-cr2=100 leri-cr3=100,1171Mbit,1171Mbit,1
1790984985.974,leri-cr1=13 leri-cr2=100 leri-cr3=100,leri-cr1=13 leri-cr2=100 leri-cr3=100,leri-cr1=13 leri-cr2=100 leri-cr3=100,1171Mbit,1171Mbit,1
1790984996.264,leri-cr1=13 leri-cr2=100 leri-cr3=100,leri-cr1=13 leri-cr2=100 leri-cr3=100,leri-cr1=13 leri-cr2=100 leri-cr3=100,1171Mbit,1171Mbit,1
1790985006.320,leri-cr1=13 leri-cr2=100 leri-cr3=100,leri-cr1=13 leri-cr2=100 leri-cr3=100,leri-cr1=13 leri-cr2=100 leri-cr3=100,1171Mbit,1171Mbit,1
1790985016.369,leri-cr1=13 leri-cr2=100 leri-cr3=100,leri-cr1=13 leri-cr2=100 leri-cr3=100,leri-cr1=13 leri-cr2=100 leri-cr3=100,1171Mbit,1171Mbit,1
1790985026.432,leri-cr1=13 leri-cr2=100 leri-cr3=100,leri-cr1=13 leri-cr2=100 leri-cr3=100,leri-cr1=13 leri-cr2=100 leri-cr3=100,1171Mbit,1171Mbit,1
1790985036.488,leri-cr1=13 leri-cr2=100 leri-cr3=100,leri-cr1=13 leri-cr2=100 leri-cr3=100,leri-cr1=13 leri-cr2=100 leri-cr3=100,1171Mbit,1171Mbit,1
1790985046.544,leri-cr1=13 leri-cr2=100 leri-cr3=100,leri-cr1=13 leri-cr2=100 leri-cr3=100,leri-cr1=13 leri-cr2=100 leri-cr3=100,1171Mbit,1171Mbit,1
1790985056.842,leri-cr1=13 leri-cr2=100 leri-cr3=100,leri-cr1=13 leri-cr2=100 leri-cr3=100,leri-cr1=13 leri-cr2=100 leri-cr3=100,1171Mbit,1171Mbit,1
1790985066.897,leri-cr1=13 leri-cr2=100 leri-cr3=100,leri-cr1=13 leri-cr2=100 leri-cr3=100,leri-cr1=13 leri-cr2=100 leri-cr3=100,1171Mbit,1171Mbit,1
1790985076.946,leri-cr1=13 leri-cr2=100 leri-cr3=100,leri-cr1=13 leri-cr2=100 leri-cr3=100,leri-cr1=13 leri-cr2=100 leri-cr3=100,1171Mbit,1171Mbit,1
1790985087.002,leri-cr1=13 leri-cr2=100 leri-cr3=100,leri-cr1=13 leri-cr2=100 leri-cr3=100,leri-cr1=13 leri-cr2=100 leri-cr3=100,1171Mbit,1171Mbit,1
1790985097.050,leri-cr1=13 leri-cr2=100 leri-cr3=100,leri-cr1=13 leri-cr2=100 leri-cr3=100,leri-cr1=13 leri-cr2=100 leri-cr3=100,1171Mbit,1171Mbit,1
1790985107.100,leri-cr1=13 leri-cr2=100 leri-cr3=100,leri-cr1=13 leri-cr2=100 leri-cr3=100,leri-cr1=13 leri-cr2=100 leri-cr3=100,1171Mbit,1171Mbit,1
1790985117.416,leri-cr1=13 leri-cr2=100 leri-cr3=100,leri-cr1=13 leri-cr2=100 leri-cr3=100,leri-cr1=13 leri-cr2=100 leri-cr3=100,1171Mbit,1171Mbit,1
1790985127.466,leri-cr1=13 leri-cr2=100 leri-cr3=100,leri-cr1=13 leri-cr2=100 leri-cr3=100,leri-cr1=13 leri-cr2=100 leri-cr3=100,1171Mbit,1171Mbit,1
1790985137.522,leri-cr1=13 leri-cr2=100 leri-cr3=100,leri-cr1=13 leri-cr2=100 leri-cr3=100,leri-cr1=13 leri-cr2=100 leri-cr3=100,1171Mbit,1171Mbit,1
1790985147.576,leri-cr1=13 leri-cr2=100 leri-cr3=100,leri-cr1=13 leri-cr2=100 leri-cr3=100,leri-cr1=13 leri-cr2=100 leri-cr3=100,1171Mbit,1171Mbit,1
1790985157.625,leri-cr1=13 leri-cr2=100 leri-cr3=100,leri-cr1=13 leri-cr2=100 leri-cr3=100,leri-cr1=13 leri-cr2=100 leri-cr3=100,1171Mbit,1171Mbit,1
1790985167.673,leri-cr1=13 leri-cr2=100 leri-cr3=100,leri-cr1=13 leri-cr2=100 leri-cr3=100,leri-cr1=13 leri-cr2=100 leri-cr3=100,1171Mbit,1171Mbit,1
1790985177.942,leri-cr1=13 leri-cr2=100 leri-cr3=100,leri-cr1=13 leri-cr2=100 leri-cr3=100,leri-cr1=13 leri-cr2=100 leri-cr3=100,1171Mbit,1171Mbit,1
1790985187.996,leri-cr1=13 leri-cr2=100 leri-cr3=100,leri-cr1=13 leri-cr2=100 leri-cr3=100,leri-cr1=13 leri-cr2=100 leri-cr3=100,1171Mbit,1171Mbit,0
1790985198.068,leri-cr1=13 leri-cr2=100 leri-cr3=100,leri-cr1=13 leri-cr2=100 leri-cr3=100,leri-cr1=13 leri-cr2=100 leri-cr3=100,1171Mbit,1171Mbit,0
1790985208.145,leri-cr1=13 leri-cr2=100 leri-cr3=100,leri-cr1=13 leri-cr2=100 leri-cr3=100,leri-cr1=13 leri-cr2=100 leri-cr3=100,1171Mbit,1171Mbit,0
1790985218.224,leri-cr1=13 leri-cr2=100 leri-cr3=100,leri-cr1=13 leri-cr2=100 leri-cr3=100,leri-cr1=13 leri-cr2=100 leri-cr3=100,1171Mbit,1171Mbit,0
1790985228.303,leri-cr1=13 leri-cr2=100 leri-cr3=100,leri-cr1=13 leri-cr2=100 leri-cr3=100,leri-cr1=13 leri-cr2=100 leri-cr3=100,1171Mbit,1171Mbit,0
1790985238.680,leri-cr1=13 leri-cr2=100 leri-cr3=100,leri-cr1=13 leri-cr2=100 leri-cr3=100,leri-cr1=13 leri-cr2=100 leri-cr3=100,1171Mbit,1171Mbit,0
1790985248.764,leri-cr1=13 leri-cr2=100 leri-cr3=100,leri-cr1=13 leri-cr2=100 leri-cr3=100,leri-cr1=13 leri-cr2=100 leri-cr3=100,1171Mbit,1171Mbit,0
1790985258.840,leri-cr1=13 leri-cr2=100 leri-cr3=100,leri-cr1=13 leri-cr2=100 leri-cr3=100,leri-cr1=13 leri-cr2=100 leri-cr3=100,1171Mbit,1171Mbit,0
1790985268.920,leri-cr1=13 leri-cr2=100 leri-cr3=100,leri-cr1=13 leri-cr2=100 leri-cr3=100,leri-cr1=13 leri-cr2=100 leri-cr3=100,1171Mbit,1171Mbit,0
1790985279.000,leri-cr1=13 leri-cr2=100 leri-cr3=100,leri-cr1=13 leri-cr2=100 leri-cr3=100,leri-cr1=13 leri-cr2=100 leri-cr3=100,1171Mbit,1171Mbit,0
1790985289.079,leri-cr1=13 leri-cr2=100 leri-cr3=100,leri-cr1=13 leri-cr2=100 leri-cr3=100,leri-cr1=13 leri-cr2=100 leri-cr3=100,1171Mbit,1171Mbit,0
1790985299.501,leri-cr1=13 leri-cr2=100 leri-cr3=100,leri-cr1=13 leri-cr2=100 leri-cr3=100,leri-cr1=13 leri-cr2=100 leri-cr3=100,1171Mbit,1171Mbit,0
1790985309.580,leri-cr1=13 leri-cr2=100 leri-cr3=100,leri-cr1=13 leri-cr2=100 leri-cr3=100,leri-cr1=13 leri-cr2=100 leri-cr3=100,1171Mbit,1171Mbit,0
1790985319.634,leri-cr1=13 leri-cr2=100 leri-cr3=100,leri-cr1=13 leri-cr2=100 leri-cr3=100,leri-cr1=13 leri-cr2=100 leri-cr3=100,1171Mbit,1171Mbit,0
1790985329.712,leri-cr1=13 leri-cr2=100 leri-cr3=100,leri-cr1=13 leri-cr2=100 leri-cr3=100,leri-cr1=13 leri-cr2=100 leri-cr3=100,1171Mbit,1171Mbit,1
1790985339.759,leri-cr1=13 leri-cr2=100 leri-cr3=100,leri-cr1=13 leri-cr2=100 leri-cr3=100,leri-cr1=13 leri-cr2=100 leri-cr3=100,1171Mbit,1171Mbit,1
1790985349.806,leri-cr1=13 leri-cr2=100 leri-cr3=100,leri-cr1=13 leri-cr2=100 leri-cr3=100,leri-cr1=13 leri-cr2=100 leri-cr3=100,1171Mbit,1171Mbit,1
1790985360.075,leri-cr1=13 leri-cr2=100 leri-cr3=100,leri-cr1=13 leri-cr2=100 leri-cr3=100,leri-cr1=13 leri-cr2=100 leri-cr3=100,1171Mbit,1171Mbit,1
1790985370.128,leri-cr1=13 leri-cr2=100 leri-cr3=100,leri-cr1=13 leri-cr2=100 leri-cr3=100,leri-cr1=13 leri-cr2=100 leri-cr3=100,1171Mbit,1171Mbit,1
1790985380.180,leri-cr1=13 leri-cr2=100 leri-cr3=100,leri-cr1=13 leri-cr2=100 leri-cr3=100,leri-cr1=13 leri-cr2=100 leri-cr3=100,1171Mbit,1171Mbit,1
1790985390.230,leri-cr1=13 leri-cr2=100 leri-cr3=100,leri-cr1=13 leri-cr2=100 leri-cr3=100,leri-cr1=13 leri-cr2=100 leri-cr3=100,1171Mbit,1171Mbit,1
1790985400.276,leri-cr1=13 leri-cr2=100 leri-cr3=100,leri-cr1=13 leri-cr2=100 leri-cr3=100,leri-cr1=13 leri-cr2=100 leri-cr3=100,1171Mbit,1171Mbit,1
1790985410.331,leri-cr1=13 leri-cr2=100 leri-cr3=100,leri-cr1=13 leri-cr2=100 leri-cr3=100,leri-cr1=13 leri-cr2=100 leri-cr3=100,1171Mbit,1171Mbit,1
1790985420.640,leri-cr1=13 leri-cr2=100 leri-cr3=100,leri-cr1=13 leri-cr2=100 leri-cr3=100,leri-cr1=13 leri-cr2=100 leri-cr3=100,1171Mbit,1171Mbit,1
1790985430.687,leri-cr1=13 leri-cr2=100 leri-cr3=100,leri-cr1=13 leri-cr2=100 leri-cr3=100,leri-cr1=13 leri-cr2=100 leri-cr3=100,1171Mbit,1171Mbit,1
1790985440.735,leri-cr1=13 leri-cr2=100 leri-cr3=100,leri-cr1=13 leri-cr2=100 leri-cr3=100,leri-cr1=13 leri-cr2=100 leri-cr3=100,1171Mbit,1171Mbit,1
1790985450.786,leri-cr1=13 leri-cr2=100 leri-cr3=100,leri-cr1=13 leri-cr2=100 leri-cr3=100,leri-cr1=13 leri-cr2=100 leri-cr3=100,1171Mbit,1171Mbit,1
1790985460.876,leri-cr1=13 leri-cr2=100 leri-cr3=100,leri-cr1=13 leri-cr2=100 leri-cr3=100,leri-cr1=13 leri-cr2=100 leri-cr3=100,1171Mbit,1171Mbit,1
1790985470.933,leri-cr1=13 leri-cr2=100 leri-cr3=100,leri-cr1=13 leri-cr2=100 leri-cr3=100,leri-cr1=13 leri-cr2=100 leri-cr3=100,1171Mbit,1171Mbit,1
1790985481.205,leri-cr1=13 leri-cr2=100 leri-cr3=100,leri-cr1=13 leri-cr2=100 leri-cr3=100,leri-cr1=13 leri-cr2=100 leri-cr3=100,1171Mbit,1171Mbit,1
1790985491.255,leri-cr1=13 leri-cr2=100 leri-cr3=100,leri-cr1=13 leri-cr2=100 leri-cr3=100,leri-cr1=13 leri-cr2=100 leri-cr3=100,1171Mbit,1171Mbit,1
1790985501.307,leri-cr1=13 leri-cr2=100 leri-cr3=100,leri-cr1=13 leri-cr2=100 leri-cr3=100,leri-cr1=13 leri-cr2=100 leri-cr3=100,1171Mbit,1171Mbit,1
1790985511.351,leri-cr1=13 leri-cr2=100 leri-cr3=100,leri-cr1=13 leri-cr2=100 leri-cr3=100,leri-cr1=13 leri-cr2=100 leri-cr3=100,1171Mbit,1171Mbit,1
1790985521.403,leri-cr1=13 leri-cr2=100 leri-cr3=100,leri-cr1=13 leri-cr2=100 leri-cr3=100,leri-cr1=13 leri-cr2=100 leri-cr3=100,1171Mbit,1171Mbit,1
1790985531.479,leri-cr1=13 leri-cr2=100 leri-cr3=100,leri-cr1=13 leri-cr2=100 leri-cr3=100,leri-cr1=13 leri-cr2=100 leri-cr3=100,1171Mbit,1171Mbit,1
1790985541.734,leri-cr1=13 leri-cr2=100 leri-cr3=100,leri-cr1=13 leri-cr2=100 leri-cr3=100,leri-cr1=13 leri-cr2=100 leri-cr3=100,1171Mbit,1171Mbit,1
1790985551.778,leri-cr1=13 leri-cr2=100 leri-cr3=100,leri-cr1=13 leri-cr2=100 leri-cr3=100,leri-cr1=13 leri-cr2=100 leri-cr3=100,1171Mbit,1171Mbit,1
1790985561.830,leri-cr1=13 leri-cr2=100 leri-cr3=100,leri-cr1=13 leri-cr2=100 leri-cr3=100,leri-cr1=13 leri-cr2=100 leri-cr3=100,1171Mbit,1171Mbit,1
1790985571.890,leri-cr1=13 leri-cr2=100 leri-cr3=100,leri-cr1=13 leri-cr2=100 leri-cr3=100,leri-cr1=13 leri-cr2=100 leri-cr3=100,1171Mbit,1171Mbit,1
1790985581.940,leri-cr1=13 leri-cr2=100 leri-cr3=100,leri-cr1=13 leri-cr2=100 leri-cr3=100,leri-cr1=13 leri-cr2=100 leri-cr3=100,1171Mbit,1171Mbit,1
1790985591.993,leri-cr1=13 leri-cr2=100 leri-cr3=100,leri-cr1=13 leri-cr2=100 leri-cr3=100,leri-cr1=13 leri-cr2=100 leri-cr3=100,1171Mbit,1171Mbit,1
1790985602.287,leri-cr1=13 leri-cr2=100 leri-cr3=100,leri-cr1=13 leri-cr2=100 leri-cr3=100,leri-cr1=13 leri-cr2=100 leri-cr3=100,1171Mbit,1171Mbit,1
1790985612.341,leri-cr1=13 leri-cr2=100 leri-cr3=100,leri-cr1=13 leri-cr2=100 leri-cr3=100,leri-cr1=13 leri-cr2=100 leri-cr3=100,1171Mbit,1171Mbit,1
1790985622.395,leri-cr1=13 leri-cr2=100 leri-cr3=100,leri-cr1=13 leri-cr2=100 leri-cr3=100,leri-cr1=13 leri-cr2=100 leri-cr3=100,1171Mbit,1171Mbit,1
1790985632.447,leri-cr1=13 leri-cr2=100 leri-cr3=100,leri-cr1=13 leri-cr2=100 leri-cr3=100,leri-cr1=13 leri-cr2=100 leri-cr3=100,1171Mbit,1171Mbit,1
1790985642.493,leri-cr1=13 leri-cr2=100 leri-cr3=100,leri-cr1=13 leri-cr2=100 leri-cr3=100,leri-cr1=13 leri-cr2=100 leri-cr3=100,1171Mbit,1171Mbit,1
1790985652.546,leri-cr1=13 leri-cr2=100 leri-cr3=100,leri-cr1=13 leri-cr2=100 leri-cr3=100,leri-cr1=13 leri-cr2=100 leri-cr3=100,1171Mbit,1171Mbit,1
1790985662.761,leri-cr1=13 leri-cr2=100 leri-cr3=100,leri-cr1=13 leri-cr2=100 leri-cr3=100,leri-cr1=13 leri-cr2=100 leri-cr3=100,1171Mbit,1171Mbit,1
1790985672.817,leri-cr1=13 leri-cr2=100 leri-cr3=100,leri-cr1=13 leri-cr2=100 leri-cr3=100,leri-cr1=13 leri-cr2=100 leri-cr3=100,1171Mbit,1171Mbit,1
1790985682.865,leri-cr1=13 leri-cr2=100 leri-cr3=100,leri-cr1=13 leri-cr2=100 leri-cr3=100,leri-cr1=13 leri-cr2=100 leri-cr3=100,1171Mbit,1171Mbit,1
1790985692.919,leri-cr1=13 leri-cr2=100 leri-cr3=100,leri-cr1=13 leri-cr2=100 leri-cr3=100,leri-cr1=13 leri-cr2=100 leri-cr3=100,1171Mbit,1171Mbit,1
1790985703.006,leri-cr1=13 leri-cr2=100 leri-cr3=100,leri-cr1=13 leri-cr2=100 leri-cr3=100,leri-cr1=13 leri-cr2=100 leri-cr3=100,1171Mbit,1171Mbit,1
1790985713.055,leri-cr1=13 leri-cr2=100 leri-cr3=100,leri-cr1=13 leri-cr2=100 leri-cr3=100,leri-cr1=13 leri-cr2=100 leri-cr3=100,1171Mbit,1171Mbit,1
1790985723.308,leri-cr1=13 leri-cr2=100 leri-cr3=100,leri-cr1=13 leri-cr2=100 leri-cr3=100,leri-cr1=13 leri-cr2=100 leri-cr3=100,1171Mbit,1171Mbit,1
1790985733.360,leri-cr1=13 leri-cr2=100 leri-cr3=100,leri-cr1=13 leri-cr2=100 leri-cr3=100,leri-cr1=13 leri-cr2=100 leri-cr3=100,1171Mbit,1171Mbit,1
1790985743.410,leri-cr1=13 leri-cr2=100 leri-cr3=100,leri-cr1=13 leri-cr2=100 leri-cr3=100,leri-cr1=13 leri-cr2=100 leri-cr3=100,1171Mbit,1171Mbit,1
1790985753.460,leri-cr1=13 leri-cr2=100 leri-cr3=100,leri-cr1=13 leri-cr2=100 leri-cr3=100,leri-cr1=13 leri-cr2=100 leri-cr3=100,1171Mbit,1171Mbit,1
1790985763.507,leri-cr1=13 leri-cr2=100 leri-cr3=100,leri-cr1=13 leri-cr2=100 leri-cr3=100,leri-cr1=13 leri-cr2=100 leri-cr3=100,1171Mbit,1171Mbit,1
1790985773.558,leri-cr1=13 leri-cr2=100 leri-cr3=100,leri-cr1=13 leri-cr2=100 leri-cr3=100,leri-cr1=13 leri-cr2=100 leri-cr3=100,1171Mbit,1171Mbit,1
1790985783.831,leri-cr1=13 leri-cr2=100 leri-cr3=100,leri-cr1=13 leri-cr2=100 leri-cr3=100,leri-cr1=13 leri-cr2=100 leri-cr3=100,1171Mbit,1171Mbit,1
1790985793.897,leri-cr1=13 leri-cr2=100 leri-cr3=100,leri-cr1=13 leri-cr2=100 leri-cr3=100,leri-cr1=13 leri-cr2=100 leri-cr3=100,1171Mbit,1171Mbit,0
1790985803.971,leri-cr1=13 leri-cr2=100 leri-cr3=100,leri-cr1=13 leri-cr2=100 leri-cr3=100,leri-cr1=13 leri-cr2=100 leri-cr3=100,1171Mbit,1171Mbit,0
1790985814.047,leri-cr1=13 leri-cr2=100 leri-cr3=100,leri-cr1=13 leri-cr2=100 leri-cr3=100,leri-cr1=13 leri-cr2=100 leri-cr3=100,1171Mbit,1171Mbit,0
1790985824.127,leri-cr1=13 leri-cr2=100 leri-cr3=100,leri-cr1=13 leri-cr2=100 leri-cr3=100,leri-cr1=13 leri-cr2=100 leri-cr3=100,1171Mbit,1171Mbit,0
1790985834.204,leri-cr1=13 leri-cr2=100 leri-cr3=100,leri-cr1=13 leri-cr2=100 leri-cr3=100,leri-cr1=13 leri-cr2=100 leri-cr3=100,1171Mbit,1171Mbit,0
1790985844.625,leri-cr1=13 leri-cr2=100 leri-cr3=100,leri-cr1=13 leri-cr2=100 leri-cr3=100,leri-cr1=13 leri-cr2=100 leri-cr3=100,1171Mbit,1171Mbit,0
1790985854.732,leri-cr1=13 leri-cr2=100 leri-cr3=100,leri-cr1=13 leri-cr2=100 leri-cr3=100,leri-cr1=13 leri-cr2=100 leri-cr3=100,1171Mbit,1171Mbit,0
1790985864.810,leri-cr1=13 leri-cr2=100 leri-cr3=100,leri-cr1=13 leri-cr2=100 leri-cr3=100,leri-cr1=13 leri-cr2=100 leri-cr3=100,1171Mbit,1171Mbit,0
1790985874.887,leri-cr1=13 leri-cr2=100 leri-cr3=100,leri-cr1=13 leri-cr2=100 leri-cr3=100,leri-cr1=13 leri-cr2=100 leri-cr3=100,1171Mbit,1171Mbit,0
1790985884.963,leri-cr1=13 leri-cr2=100 leri-cr3=100,leri-cr1=13 leri-cr2=100 leri-cr3=100,leri-cr1=13 leri-cr2=100 leri-cr3=100,1171Mbit,1171Mbit,0
1790985895.040,leri-cr1=13 leri-cr2=100 leri-cr3=100,leri-cr1=13 leri-cr2=100 leri-cr3=100,leri-cr1=13 leri-cr2=100 leri-cr3=100,1171Mbit,1171Mbit,0
1790985905.447,leri-cr1=13 leri-cr2=100 leri-cr3=100,leri-cr1=13 leri-cr2=100 leri-cr3=100,leri-cr1=13 leri-cr2=100 leri-cr3=100,1171Mbit,1171Mbit,0
1790985915.496,leri-cr1=13 leri-cr2=100 leri-cr3=100,leri-cr1=13 leri-cr2=100 leri-cr3=100,leri-cr1=13 leri-cr2=100 leri-cr3=100,1171Mbit,1171Mbit,0
1790985925.547,leri-cr1=13 leri-cr2=100 leri-cr3=100,leri-cr1=13 leri-cr2=100 leri-cr3=100,leri-cr1=13 leri-cr2=100 leri-cr3=100,1171Mbit,1171Mbit,1
1790985935.594,leri-cr1=13 leri-cr2=100 leri-cr3=100,leri-cr1=13 leri-cr2=100 leri-cr3=100,leri-cr1=13 leri-cr2=100 leri-cr3=100,1171Mbit,1171Mbit,1
1790985945.646,leri-cr1=13 leri-cr2=100 leri-cr3=100,leri-cr1=13 leri-cr2=100 leri-cr3=100,leri-cr1=13 leri-cr2=100 leri-cr3=100,1171Mbit,1171Mbit,1
1790985955.699,leri-cr1=13 leri-cr2=100 leri-cr3=100,leri-cr1=13 leri-cr2=100 leri-cr3=100,leri-cr1=13 leri-cr2=100 leri-cr3=100,1171Mbit,1171Mbit,1
1790985965.983,leri-cr1=13 leri-cr2=100 leri-cr3=100,leri-cr1=13 leri-cr2=100 leri-cr3=100,leri-cr1=13 leri-cr2=100 leri-cr3=100,1171Mbit,1171Mbit,1
1790985976.038,leri-cr1=13 leri-cr2=100 leri-cr3=100,leri-cr1=13 leri-cr2=100 leri-cr3=100,leri-cr1=13 leri-cr2=100 leri-cr3=100,1171Mbit,1171Mbit,1
1790985986.090,leri-cr1=13 leri-cr2=100 leri-cr3=100,leri-cr1=13 leri-cr2=100 leri-cr3=100,leri-cr1=13 leri-cr2=100 leri-cr3=100,1171Mbit,1171Mbit,1
1790985996.145,leri-cr1=13 leri-cr2=100 leri-cr3=100,leri-cr1=13 leri-cr2=100 leri-cr3=100,leri-cr1=13 leri-cr2=100 leri-cr3=100,1171Mbit,1171Mbit,1
1790986006.201,leri-cr1=13 leri-cr2=100 leri-cr3=100,leri-cr1=13 leri-cr2=100 leri-cr3=100,leri-cr1=13 leri-cr2=100 leri-cr3=100,1171Mbit,1171Mbit,1
1790986016.273,leri-cr1=13 leri-cr2=100 leri-cr3=100,leri-cr1=13 leri-cr2=100 leri-cr3=100,leri-cr1=13 leri-cr2=100 leri-cr3=100,1171Mbit,1171Mbit,1
1790986026.498,leri-cr1=13 leri-cr2=100 leri-cr3=100,leri-cr1=13 leri-cr2=100 leri-cr3=100,leri-cr1=13 leri-cr2=100 leri-cr3=100,1171Mbit,1171Mbit,1
1790986036.548,leri-cr1=13 leri-cr2=100 leri-cr3=100,leri-cr1=13 leri-cr2=100 leri-cr3=100,leri-cr1=13 leri-cr2=100 leri-cr3=100,1171Mbit,1171Mbit,1
1790986046.598,leri-cr1=13 leri-cr2=100 leri-cr3=100,leri-cr1=13 leri-cr2=100 leri-cr3=100,leri-cr1=13 leri-cr2=100 leri-cr3=100,1171Mbit,1171Mbit,1
1790986056.646,leri-cr1=13 leri-cr2=100 leri-cr3=100,leri-cr1=13 leri-cr2=100 leri-cr3=100,leri-cr1=13 leri-cr2=100 leri-cr3=100,1171Mbit,1171Mbit,1
1790986066.701,leri-cr1=13 leri-cr2=100 leri-cr3=100,leri-cr1=13 leri-cr2=100 leri-cr3=100,leri-cr1=13 leri-cr2=100 leri-cr3=100,1171Mbit,1171Mbit,1
1790986076.753,leri-cr1=13 leri-cr2=100 leri-cr3=100,leri-cr1=13 leri-cr2=100 leri-cr3=100,leri-cr1=13 leri-cr2=100 leri-cr3=100,1171Mbit,1171Mbit,1
1790986087.010,leri-cr1=13 leri-cr2=100 leri-cr3=100,leri-cr1=13 leri-cr2=100 leri-cr3=100,leri-cr1=13 leri-cr2=100 leri-cr3=100,1171Mbit,1171Mbit,1
1790986097.069,leri-cr1=13 leri-cr2=100 leri-cr3=100,leri-cr1=13 leri-cr2=100 leri-cr3=100,leri-cr1=13 leri-cr2=100 leri-cr3=100,1171Mbit,1171Mbit,1
1790986107.122,leri-cr1=13 leri-cr2=100 leri-cr3=100,leri-cr1=13 leri-cr2=100 leri-cr3=100,leri-cr1=13 leri-cr2=100 leri-cr3=100,1171Mbit,1171Mbit,1
1790986117.174,leri-cr1=13 leri-cr2=100 leri-cr3=100,leri-cr1=13 leri-cr2=100 leri-cr3=100,leri-cr1=13 leri-cr2=100 leri-cr3=100,1171Mbit,1171Mbit,1
1790986127.228,leri-cr1=13 leri-cr2=100 leri-cr3=100,leri-cr1=13 leri-cr2=100 leri-cr3=100,leri-cr1=13 leri-cr2=100 leri-cr3=100,1171Mbit,1171Mbit,1
1790986137.506,leri-cr1=13 leri-cr2=100 leri-cr3=100,leri-cr1=13 leri-cr2=100 leri-cr3=100,leri-cr1=13 leri-cr2=100 leri-cr3=100,1171Mbit,1171Mbit,1
1790986147.560,leri-cr1=13 leri-cr2=100 leri-cr3=100,leri-cr1=13 leri-cr2=100 leri-cr3=100,leri-cr1=13 leri-cr2=100 leri-cr3=100,1171Mbit,1171Mbit,1
1790986157.618,leri-cr1=13 leri-cr2=100 leri-cr3=100,leri-cr1=13 leri-cr2=100 leri-cr3=100,leri-cr1=13 leri-cr2=100 leri-cr3=100,1171Mbit,1171Mbit,1
1790986167.700,leri-cr1=13 leri-cr2=100 leri-cr3=100,leri-cr1=13 leri-cr2=100 leri-cr3=100,leri-cr1=13 leri-cr2=100 leri-cr3=100,1171Mbit,1171Mbit,1
1790986177.756,leri-cr1=13 leri-cr2=100 leri-cr3=100,leri-cr1=13 leri-cr2=100 leri-cr3=100,leri-cr1=13 leri-cr2=100 leri-cr3=100,1171Mbit,1171Mbit,1
1790986187.808,leri-cr1=13 leri-cr2=100 leri-cr3=100,leri-cr1=13 leri-cr2=100 leri-cr3=100,leri-cr1=13 leri-cr2=100 leri-cr3=100,1171Mbit,1171Mbit,1
1790986198.047,leri-cr1=13 leri-cr2=100 leri-cr3=100,leri-cr1=13 leri-cr2=100 leri-cr3=100,leri-cr1=13 leri-cr2=100 leri-cr3=100,1171Mbit,1171Mbit,1
1790986208.096,leri-cr1=13 leri-cr2=100 leri-cr3=100,leri-cr1=13 leri-cr2=100 leri-cr3=100,leri-cr1=13 leri-cr2=100 leri-cr3=100,1171Mbit,1171Mbit,1
1790986218.144,leri-cr1=13 leri-cr2=100 leri-cr3=100,leri-cr1=13 leri-cr2=100 leri-cr3=100,leri-cr1=13 leri-cr2=100 leri-cr3=100,1171Mbit,1171Mbit,1
1790986228.192,leri-cr1=13 leri-cr2=100 leri-cr3=100,leri-cr1=13 leri-cr2=100 leri-cr3=100,leri-cr1=13 leri-cr2=100 leri-cr3=100,1171Mbit,1171Mbit,1
1790986238.236,leri-cr1=13 leri-cr2=100 leri-cr3=100,leri-cr1=13 leri-cr2=100 leri-cr3=100,leri-cr1=13 leri-cr2=100 leri-cr3=100,1171Mbit,1171Mbit,1
1790986248.292,leri-cr1=13 leri-cr2=100 leri-cr3=100,leri-cr1=13 leri-cr2=100 leri-cr3=100,leri-cr1=13 leri-cr2=100 leri-cr3=100,1171Mbit,1171Mbit,1
1790986258.571,leri-cr1=13 leri-cr2=100 leri-cr3=100,leri-cr1=13 leri-cr2=100 leri-cr3=100,leri-cr1=13 leri-cr2=100 leri-cr3=100,1171Mbit,1171Mbit,1
1790986268.624,leri-cr1=13 leri-cr2=100 leri-cr3=100,leri-cr1=13 leri-cr2=100 leri-cr3=100,leri-cr1=13 leri-cr2=100 leri-cr3=100,1171Mbit,1171Mbit,1
1790986278.678,leri-cr1=13 leri-cr2=100 leri-cr3=100,leri-cr1=13 leri-cr2=100 leri-cr3=100,leri-cr1=13 leri-cr2=100 leri-cr3=100,1171Mbit,1171Mbit,1
1790986288.726,leri-cr1=13 leri-cr2=100 leri-cr3=100,leri-cr1=13 leri-cr2=100 leri-cr3=100,leri-cr1=13 leri-cr2=100 leri-cr3=100,1171Mbit,1171Mbit,1
1790986298.778,leri-cr1=13 leri-cr2=100 leri-cr3=100,leri-cr1=13 leri-cr2=100 leri-cr3=100,leri-cr1=13 leri-cr2=100 leri-cr3=100,1171Mbit,1171Mbit,1
1790986308.831,leri-cr1=13 leri-cr2=100 leri-cr3=100,leri-cr1=13 leri-cr2=100 leri-cr3=100,leri-cr1=13 leri-cr2=100 leri-cr3=100,1171Mbit,1171Mbit,1
1790986319.076,leri-cr1=13 leri-cr2=100 leri-cr3=100,leri-cr1=13 leri-cr2=100 leri-cr3=100,leri-cr1=13 leri-cr2=100 leri-cr3=100,1171Mbit,1171Mbit,1
1790986329.127,leri-cr1=13 leri-cr2=100 leri-cr3=100,leri-cr1=13 leri-cr2=100 leri-cr3=100,leri-cr1=13 leri-cr2=100 leri-cr3=100,1171Mbit,1171Mbit,1
1790986339.180,leri-cr1=13 leri-cr2=100 leri-cr3=100,leri-cr1=13 leri-cr2=100 leri-cr3=100,leri-cr1=13 leri-cr2=100 leri-cr3=100,1171Mbit,1171Mbit,1
1790986349.222,leri-cr1=13 leri-cr2=100 leri-cr3=100,leri-cr1=13 leri-cr2=100 leri-cr3=100,leri-cr1=13 leri-cr2=100 leri-cr3=100,1171Mbit,1171Mbit,1
1790986359.272,leri-cr1=13 leri-cr2=100 leri-cr3=100,leri-cr1=13 leri-cr2=100 leri-cr3=100,leri-cr1=13 leri-cr2=100 leri-cr3=100,1171Mbit,1171Mbit,1
1790986369.322,leri-cr1=13 leri-cr2=100 leri-cr3=100,leri-cr1=13 leri-cr2=100 leri-cr3=100,leri-cr1=13 leri-cr2=100 leri-cr3=100,1171Mbit,1171Mbit,1
1790986379.550,leri-cr1=13 leri-cr2=100 leri-cr3=100,leri-cr1=13 leri-cr2=100 leri-cr3=100,leri-cr1=13 leri-cr2=100 leri-cr3=100,1171Mbit,1171Mbit,1
1790986389.604,leri-cr1=13 leri-cr2=100 leri-cr3=100,leri-cr1=13 leri-cr2=100 leri-cr3=100,leri-cr1=13 leri-cr2=100 leri-cr3=100,1171Mbit,1171Mbit,0
1790986399.679,leri-cr1=13 leri-cr2=100 leri-cr3=100,leri-cr1=13 leri-cr2=100 leri-cr3=100,leri-cr1=13 leri-cr2=100 leri-cr3=100,1171Mbit,1171Mbit,0
1790986409.759,leri-cr1=13 leri-cr2=100 leri-cr3=100,leri-cr1=13 leri-cr2=100 leri-cr3=100,leri-cr1=13 leri-cr2=100 leri-cr3=100,1171Mbit,1171Mbit,0
1790986419.833,leri-cr1=13 leri-cr2=100 leri-cr3=100,leri-cr1=13 leri-cr2=100 leri-cr3=100,leri-cr1=13 leri-cr2=100 leri-cr3=100,1171Mbit,1171Mbit,0
1790986429.911,leri-cr1=13 leri-cr2=100 leri-cr3=100,leri-cr1=13 leri-cr2=100 leri-cr3=100,leri-cr1=13 leri-cr2=100 leri-cr3=100,1171Mbit,1171Mbit,0
1790986440.336,leri-cr1=13 leri-cr2=100 leri-cr3=100,leri-cr1=13 leri-cr2=100 leri-cr3=100,leri-cr1=13 leri-cr2=100 leri-cr3=100,1171Mbit,1171Mbit,0
1790986450.414,leri-cr1=13 leri-cr2=100 leri-cr3=100,leri-cr1=13 leri-cr2=100 leri-cr3=100,leri-cr1=13 leri-cr2=100 leri-cr3=100,1171Mbit,1171Mbit,0
1790986460.492,leri-cr1=13 leri-cr2=100 leri-cr3=100,leri-cr1=13 leri-cr2=100 leri-cr3=100,leri-cr1=13 leri-cr2=100 leri-cr3=100,1171Mbit,1171Mbit,0
1790986470.576,leri-cr1=13 leri-cr2=100 leri-cr3=100,leri-cr1=13 leri-cr2=100 leri-cr3=100,leri-cr1=13 leri-cr2=100 leri-cr3=100,1171Mbit,1171Mbit,0
1790986480.655,leri-cr1=13 leri-cr2=100 leri-cr3=100,leri-cr1=13 leri-cr2=100 leri-cr3=100,leri-cr1=13 leri-cr2=100 leri-cr3=100,1171Mbit,1171Mbit,0
1790986490.728,leri-cr1=13 leri-cr2=100 leri-cr3=100,leri-cr1=13 leri-cr2=100 leri-cr3=100,leri-cr1=13 leri-cr2=100 leri-cr3=100,1171Mbit,1171Mbit,0
1790986501.162,leri-cr1=13 leri-cr2=100 leri-cr3=100,leri-cr1=13 leri-cr2=100 leri-cr3=100,leri-cr1=13 leri-cr2=100 leri-cr3=100,1171Mbit,1171Mbit,0
1790986511.237,leri-cr1=13 leri-cr2=100 leri-cr3=100,leri-cr1=13 leri-cr2=100 leri-cr3=100,leri-cr1=13 leri-cr2=100 leri-cr3=100,1171Mbit,1171Mbit,0
1790986521.293,leri-cr1=13 leri-cr2=100 leri-cr3=100,leri-cr1=13 leri-cr2=100 leri-cr3=100,leri-cr1=13 leri-cr2=100 leri-cr3=100,1171Mbit,1171Mbit,0
1790986531.339,leri-cr1=13 leri-cr2=100 leri-cr3=100,leri-cr1=13 leri-cr2=100 leri-cr3=100,leri-cr1=13 leri-cr2=100 leri-cr3=100,1171Mbit,1171Mbit,1
1790986541.395,leri-cr1=13 leri-cr2=100 leri-cr3=100,leri-cr1=13 leri-cr2=100 leri-cr3=100,leri-cr1=13 leri-cr2=100 leri-cr3=100,1171Mbit,1171Mbit,1
1790986551.448,leri-cr1=13 leri-cr2=100 leri-cr3=100,leri-cr1=13 leri-cr2=100 leri-cr3=100,leri-cr1=13 leri-cr2=100 leri-cr3=100,1171Mbit,1171Mbit,1
1790986561.720,leri-cr1=13 leri-cr2=100 leri-cr3=100,leri-cr1=13 leri-cr2=100 leri-cr3=100,leri-cr1=13 leri-cr2=100 leri-cr3=100,1171Mbit,1171Mbit,1
1790986571.778,leri-cr1=13 leri-cr2=100 leri-cr3=100,leri-cr1=13 leri-cr2=100 leri-cr3=100,leri-cr1=13 leri-cr2=100 leri-cr3=100,1171Mbit,1171Mbit,1
1790986581.834,leri-cr1=13 leri-cr2=100 leri-cr3=100,leri-cr1=13 leri-cr2=100 leri-cr3=100,leri-cr1=13 leri-cr2=100 leri-cr3=100,1171Mbit,1171Mbit,1
1790986591.893,leri-cr1=13 leri-cr2=100 leri-cr3=100,leri-cr1=13 leri-cr2=100 leri-cr3=100,leri-cr1=13 leri-cr2=100 leri-cr3=100,1171Mbit,1171Mbit,1
1790986601.945,leri-cr1=13 leri-cr2=100 leri-cr3=100,leri-cr1=13 leri-cr2=100 leri-cr3=100,leri-cr1=13 leri-cr2=100 leri-cr3=100,1171Mbit,1171Mbit,1
1790986612.002,leri-cr1=13 leri-cr2=100 leri-cr3=100,leri-cr1=13 leri-cr2=100 leri-cr3=100,leri-cr1=13 leri-cr2=100 leri-cr3=100,1171Mbit,1171Mbit,1
1790986622.323,leri-cr1=13 leri-cr2=100 leri-cr3=100,leri-cr1=13 leri-cr2=100 leri-cr3=100,leri-cr1=13 leri-cr2=100 leri-cr3=100,1171Mbit,1171Mbit,1
1790986632.374,leri-cr1=13 leri-cr2=100 leri-cr3=100,leri-cr1=13 leri-cr2=100 leri-cr3=100,leri-cr1=13 leri-cr2=100 leri-cr3=100,1171Mbit,1171Mbit,1
1790986642.422,leri-cr1=13 leri-cr2=100 leri-cr3=100,leri-cr1=13 leri-cr2=100 leri-cr3=100,leri-cr1=13 leri-cr2=100 leri-cr3=100,1171Mbit,1171Mbit,1
1790986652.472,leri-cr1=13 leri-cr2=100 leri-cr3=100,leri-cr1=13 leri-cr2=100 leri-cr3=100,leri-cr1=13 leri-cr2=100 leri-cr3=100,1171Mbit,1171Mbit,1
1790986662.544,leri-cr1=13 leri-cr2=100 leri-cr3=100,leri-cr1=13 leri-cr2=100 leri-cr3=100,leri-cr1=13 leri-cr2=100 leri-cr3=100,1171Mbit,1171Mbit,1
1790986672.599,leri-cr1=13 leri-cr2=100 leri-cr3=100,leri-cr1=13 leri-cr2=100 leri-cr3=100,leri-cr1=13 leri-cr2=100 leri-cr3=100,1171Mbit,1171Mbit,1
1790986682.898,leri-cr1=13 leri-cr2=100 leri-cr3=100,leri-cr1=13 leri-cr2=100 leri-cr3=100,leri-cr1=13 leri-cr2=100 leri-cr3=100,1171Mbit,1171Mbit,1
1790986692.952,leri-cr1=13 leri-cr2=100 leri-cr3=100,leri-cr1=13 leri-cr2=100 leri-cr3=100,leri-cr1=13 leri-cr2=100 leri-cr3=100,1171Mbit,1171Mbit,1
1790986702.995,leri-cr1=13 leri-cr2=100 leri-cr3=100,leri-cr1=13 leri-cr2=100 leri-cr3=100,leri-cr1=13 leri-cr2=100 leri-cr3=100,1171Mbit,1171Mbit,1
1790986713.046,leri-cr1=13 leri-cr2=100 leri-cr3=100,leri-cr1=13 leri-cr2=100 leri-cr3=100,leri-cr1=13 leri-cr2=100 leri-cr3=100,1171Mbit,1171Mbit,1
1790986723.097,leri-cr1=13 leri-cr2=100 leri-cr3=100,leri-cr1=13 leri-cr2=100 leri-cr3=100,leri-cr1=13 leri-cr2=100 leri-cr3=100,1171Mbit,1171Mbit,1
1790986733.151,leri-cr1=13 leri-cr2=100 leri-cr3=100,leri-cr1=13 leri-cr2=100 leri-cr3=100,leri-cr1=13 leri-cr2=100 leri-cr3=100,1171Mbit,1171Mbit,1
1790986743.404,leri-cr1=13 leri-cr2=100 leri-cr3=100,leri-cr1=13 leri-cr2=100 leri-cr3=100,leri-cr1=13 leri-cr2=100 leri-cr3=100,1171Mbit,1171Mbit,1
1790986753.460,leri-cr1=13 leri-cr2=100 leri-cr3=100,leri-cr1=13 leri-cr2=100 leri-cr3=100,leri-cr1=13 leri-cr2=100 leri-cr3=100,1171Mbit,1171Mbit,1
1790986763.515,leri-cr1=13 leri-cr2=100 leri-cr3=100,leri-cr1=13 leri-cr2=100 leri-cr3=100,leri-cr1=13 leri-cr2=100 leri-cr3=100,1171Mbit,1171Mbit,1
1790986773.567,leri-cr1=13 leri-cr2=100 leri-cr3=100,leri-cr1=13 leri-cr2=100 leri-cr3=100,leri-cr1=13 leri-cr2=100 leri-cr3=100,1171Mbit,1171Mbit,1
1790986783.621,leri-cr1=13 leri-cr2=100 leri-cr3=100,leri-cr1=13 leri-cr2=100 leri-cr3=100,leri-cr1=13 leri-cr2=100 leri-cr3=100,1171Mbit,1171Mbit,1
1790986793.671,leri-cr1=13 leri-cr2=100 leri-cr3=100,leri-cr1=13 leri-cr2=100 leri-cr3=100,leri-cr1=13 leri-cr2=100 leri-cr3=100,1171Mbit,1171Mbit,1
1790986803.943,leri-cr1=13 leri-cr2=100 leri-cr3=100,leri-cr1=13 leri-cr2=100 leri-cr3=100,leri-cr1=13 leri-cr2=100 leri-cr3=100,1171Mbit,1171Mbit,1
1790986813.994,leri-cr1=13 leri-cr2=100 leri-cr3=100,leri-cr1=13 leri-cr2=100 leri-cr3=100,leri-cr1=13 leri-cr2=100 leri-cr3=100,1171Mbit,1171Mbit,1
1790986824.046,leri-cr1=13 leri-cr2=100 leri-cr3=100,leri-cr1=13 leri-cr2=100 leri-cr3=100,leri-cr1=13 leri-cr2=100 leri-cr3=100,1171Mbit,1171Mbit,1
1790986834.089,leri-cr1=13 leri-cr2=100 leri-cr3=100,leri-cr1=13 leri-cr2=100 leri-cr3=100,leri-cr1=13 leri-cr2=100 leri-cr3=100,1171Mbit,1171Mbit,1
1790986844.138,leri-cr1=13 leri-cr2=100 leri-cr3=100,leri-cr1=13 leri-cr2=100 leri-cr3=100,leri-cr1=13 leri-cr2=100 leri-cr3=100,1171Mbit,1171Mbit,1
1790986854.188,leri-cr1=13 leri-cr2=100 leri-cr3=100,leri-cr1=13 leri-cr2=100 leri-cr3=100,leri-cr1=13 leri-cr2=100 leri-cr3=100,1171Mbit,1171Mbit,1
1790986864.421,leri-cr1=13 leri-cr2=100 leri-cr3=100,leri-cr1=13 leri-cr2=100 leri-cr3=100,leri-cr1=13 leri-cr2=100 leri-cr3=100,1171Mbit,1171Mbit,1
1790986874.472,leri-cr1=13 leri-cr2=100 leri-cr3=100,leri-cr1=13 leri-cr2=100 leri-cr3=100,leri-cr1=13 leri-cr2=100 leri-cr3=100,1171Mbit,1171Mbit,1
1790986884.523,leri-cr1=13 leri-cr2=100 leri-cr3=100,leri-cr1=13 leri-cr2=100 leri-cr3=100,leri-cr1=13 leri-cr2=100 leri-cr3=100,1171Mbit,1171Mbit,1
1790986894.572,leri-cr1=13 leri-cr2=100 leri-cr3=100,leri-cr1=13 leri-cr2=100 leri-cr3=100,leri-cr1=13 leri-cr2=100 leri-cr3=100,1171Mbit,1171Mbit,1
1790986904.623,leri-cr1=13 leri-cr2=100 leri-cr3=100,leri-cr1=13 leri-cr2=100 leri-cr3=100,leri-cr1=13 leri-cr2=100 leri-cr3=100,1171Mbit,1171Mbit,1
1790986914.674,leri-cr1=13 leri-cr2=100 leri-cr3=100,leri-cr1=13 leri-cr2=100 leri-cr3=100,leri-cr1=13 leri-cr2=100 leri-cr3=100,1171Mbit,1171Mbit,1
1790986924.975,leri-cr1=13 leri-cr2=100 leri-cr3=100,leri-cr1=13 leri-cr2=100 leri-cr3=100,leri-cr1=13 leri-cr2=100 leri-cr3=100,1171Mbit,1171Mbit,1
1790986935.030,leri-cr1=13 leri-cr2=100 leri-cr3=100,leri-cr1=13 leri-cr2=100 leri-cr3=100,leri-cr1=13 leri-cr2=100 leri-cr3=100,1171Mbit,1171Mbit,1
1790986945.083,leri-cr1=13 leri-cr2=100 leri-cr3=100,leri-cr1=13 leri-cr2=100 leri-cr3=100,leri-cr1=13 leri-cr2=100 leri-cr3=100,1171Mbit,1171Mbit,1
1790986955.134,leri-cr1=13 leri-cr2=100 leri-cr3=100,leri-cr1=13 leri-cr2=100 leri-cr3=100,leri-cr1=13 leri-cr2=100 leri-cr3=100,1171Mbit,1171Mbit,1
1790986965.194,leri-cr1=13 leri-cr2=100 leri-cr3=100,leri-cr1=13 leri-cr2=100 leri-cr3=100,leri-cr1=13 leri-cr2=100 leri-cr3=100,1171Mbit,1171Mbit,1
1790986975.250,leri-cr1=13 leri-cr2=100 leri-cr3=100,leri-cr1=13 leri-cr2=100 leri-cr3=100,leri-cr1=13 leri-cr2=100 leri-cr3=100,1171Mbit,1171Mbit,1
1790986985.527,leri-cr1=13 leri-cr2=100 leri-cr3=100,leri-cr1=13 leri-cr2=100 leri-cr3=100,leri-cr1=13 leri-cr2=100 leri-cr3=100,1171Mbit,1171Mbit,1
1790986995.578,leri-cr1=13 leri-cr2=100 leri-cr3=100,leri-cr1=13 leri-cr2=100 leri-cr3=100,leri-cr1=13 leri-cr2=100 leri-cr3=100,1171Mbit,1171Mbit,0
1790987005.650,leri-cr1=13 leri-cr2=100 leri-cr3=100,leri-cr1=13 leri-cr2=100 leri-cr3=100,leri-cr1=13 leri-cr2=100 leri-cr3=100,1171Mbit,1171Mbit,0
1790987015.729,leri-cr1=13 leri-cr2=100 leri-cr3=100,leri-cr1=13 leri-cr2=100 leri-cr3=100,leri-cr1=13 leri-cr2=100 leri-cr3=100,1171Mbit,1171Mbit,0
1790987025.807,leri-cr1=13 leri-cr2=100 leri-cr3=100,leri-cr1=13 leri-cr2=100 leri-cr3=100,leri-cr1=13 leri-cr2=100 leri-cr3=100,1171Mbit,1171Mbit,0
1790987035.885,leri-cr1=13 leri-cr2=100 leri-cr3=100,leri-cr1=13 leri-cr2=100 leri-cr3=100,leri-cr1=13 leri-cr2=100 leri-cr3=100,1171Mbit,1171Mbit,0
1790987046.293,leri-cr1=13 leri-cr2=100 leri-cr3=100,leri-cr1=13 leri-cr2=100 leri-cr3=100,leri-cr1=13 leri-cr2=100 leri-cr3=100,1171Mbit,1171Mbit,0
1790987056.364,leri-cr1=13 leri-cr2=100 leri-cr3=100,leri-cr1=13 leri-cr2=100 leri-cr3=100,leri-cr1=13 leri-cr2=100 leri-cr3=100,1171Mbit,1171Mbit,0
1790987066.444,leri-cr1=13 leri-cr2=100 leri-cr3=100,leri-cr1=13 leri-cr2=100 leri-cr3=100,leri-cr1=13 leri-cr2=100 leri-cr3=100,1171Mbit,1171Mbit,0
1790987076.521,leri-cr1=13 leri-cr2=100 leri-cr3=100,leri-cr1=13 leri-cr2=100 leri-cr3=100,leri-cr1=13 leri-cr2=100 leri-cr3=100,1171Mbit,1171Mbit,0
1790987086.595,leri-cr1=13 leri-cr2=100 leri-cr3=100,leri-cr1=13 leri-cr2=100 leri-cr3=100,leri-cr1=13 leri-cr2=100 leri-cr3=100,1171Mbit,1171Mbit,0
1790987096.669,leri-cr1=13 leri-cr2=100 leri-cr3=100,leri-cr1=13 leri-cr2=100 leri-cr3=100,leri-cr1=13 leri-cr2=100 leri-cr3=100,1171Mbit,1171Mbit,0
1790987107.075,leri-cr1=13 leri-cr2=100 leri-cr3=100,leri-cr1=13 leri-cr2=100 leri-cr3=100,leri-cr1=13 leri-cr2=100 leri-cr3=100,1171Mbit,1171Mbit,0
1790987117.120,leri-cr1=13 leri-cr2=100 leri-cr3=100,leri-cr1=13 leri-cr2=100 leri-cr3=100,leri-cr1=13 leri-cr2=100 leri-cr3=100,1171Mbit,1171Mbit,0
1790987127.171,leri-cr1=13 leri-cr2=100 leri-cr3=100,leri-cr1=13 leri-cr2=100 leri-cr3=100,leri-cr1=13 leri-cr2=100 leri-cr3=100,1171Mbit,1171Mbit,1
1790987137.224,leri-cr1=13 leri-cr2=100 leri-cr3=100,leri-cr1=13 leri-cr2=100 leri-cr3=100,leri-cr1=13 leri-cr2=100 leri-cr3=100,1171Mbit,1171Mbit,1
1790987147.270,leri-cr1=13 leri-cr2=100 leri-cr3=100,leri-cr1=13 leri-cr2=100 leri-cr3=100,leri-cr1=13 leri-cr2=100 leri-cr3=100,1171Mbit,1171Mbit,1
1790987157.323,leri-cr1=13 leri-cr2=100 leri-cr3=100,leri-cr1=13 leri-cr2=100 leri-cr3=100,leri-cr1=13 leri-cr2=100 leri-cr3=100,1171Mbit,1171Mbit,1
1790987167.628,leri-cr1=13 leri-cr2=100 leri-cr3=100,leri-cr1=13 leri-cr2=100 leri-cr3=100,leri-cr1=13 leri-cr2=100 leri-cr3=100,1171Mbit,1171Mbit,1
1790987177.682,leri-cr1=13 leri-cr2=100 leri-cr3=100,leri-cr1=13 leri-cr2=100 leri-cr3=100,leri-cr1=13 leri-cr2=100 leri-cr3=100,1171Mbit,1171Mbit,1
1790987187.724,leri-cr1=13 leri-cr2=100 leri-cr3=100,leri-cr1=13 leri-cr2=100 leri-cr3=100,leri-cr1=13 leri-cr2=100 leri-cr3=100,1171Mbit,1171Mbit,1
1790987197.783,leri-cr1=13 leri-cr2=100 leri-cr3=100,leri-cr1=13 leri-cr2=100 leri-cr3=100,leri-cr1=13 leri-cr2=100 leri-cr3=100,1171Mbit,1171Mbit,1
1790987207.842,leri-cr1=13 leri-cr2=100 leri-cr3=100,leri-cr1=13 leri-cr2=100 leri-cr3=100,leri-cr1=13 leri-cr2=100 leri-cr3=100,1171Mbit,1171Mbit,1
1790987217.902,leri-cr1=13 leri-cr2=100 leri-cr3=100,leri-cr1=13 leri-cr2=100 leri-cr3=100,leri-cr1=13 leri-cr2=100 leri-cr3=100,1171Mbit,1171Mbit,1
1790987228.183,leri-cr1=13 leri-cr2=100 leri-cr3=100,leri-cr1=13 leri-cr2=100 leri-cr3=100,leri-cr1=13 leri-cr2=100 leri-cr3=100,1171Mbit,1171Mbit,1
1790987238.238,leri-cr1=13 leri-cr2=100 leri-cr3=100,leri-cr1=13 leri-cr2=100 leri-cr3=100,leri-cr1=13 leri-cr2=100 leri-cr3=100,1171Mbit,1171Mbit,1
1790987248.293,leri-cr1=13 leri-cr2=100 leri-cr3=100,leri-cr1=13 leri-cr2=100 leri-cr3=100,leri-cr1=13 leri-cr2=100 leri-cr3=100,1171Mbit,1171Mbit,1
1790987258.340,leri-cr1=13 leri-cr2=100 leri-cr3=100,leri-cr1=13 leri-cr2=100 leri-cr3=100,leri-cr1=13 leri-cr2=100 leri-cr3=100,1171Mbit,1171Mbit,1
1790987268.402,leri-cr1=13 leri-cr2=100 leri-cr3=100,leri-cr1=13 leri-cr2=100 leri-cr3=100,leri-cr1=13 leri-cr2=100 leri-cr3=100,1171Mbit,1171Mbit,1
1790987278.458,leri-cr1=13 leri-cr2=100 leri-cr3=100,leri-cr1=13 leri-cr2=100 leri-cr3=100,leri-cr1=13 leri-cr2=100 leri-cr3=100,1171Mbit,1171Mbit,1
1790987288.747,leri-cr1=13 leri-cr2=100 leri-cr3=100,leri-cr1=13 leri-cr2=100 leri-cr3=100,leri-cr1=13 leri-cr2=100 leri-cr3=100,1171Mbit,1171Mbit,1
1790987298.805,leri-cr1=13 leri-cr2=100 leri-cr3=100,leri-cr1=13 leri-cr2=100 leri-cr3=100,leri-cr1=13 leri-cr2=100 leri-cr3=100,1171Mbit,1171Mbit,1
1790987308.857,leri-cr1=13 leri-cr2=100 leri-cr3=100,leri-cr1=13 leri-cr2=100 leri-cr3=100,leri-cr1=13 leri-cr2=100 leri-cr3=100,1171Mbit,1171Mbit,1
1790987318.910,leri-cr1=13 leri-cr2=100 leri-cr3=100,leri-cr1=13 leri-cr2=100 leri-cr3=100,leri-cr1=13 leri-cr2=100 leri-cr3=100,1171Mbit,1171Mbit,1
1790987328.965,leri-cr1=13 leri-cr2=100 leri-cr3=100,leri-cr1=13 leri-cr2=100 leri-cr3=100,leri-cr1=13 leri-cr2=100 leri-cr3=100,1171Mbit,1171Mbit,1
1790987339.018,leri-cr1=13 leri-cr2=100 leri-cr3=100,leri-cr1=13 leri-cr2=100 leri-cr3=100,leri-cr1=13 leri-cr2=100 leri-cr3=100,1171Mbit,1171Mbit,1
1790987349.291,leri-cr1=13 leri-cr2=100 leri-cr3=100,leri-cr1=13 leri-cr2=100 leri-cr3=100,leri-cr1=13 leri-cr2=100 leri-cr3=100,1171Mbit,1171Mbit,1
1790987359.348,leri-cr1=13 leri-cr2=100 leri-cr3=100,leri-cr1=13 leri-cr2=100 leri-cr3=100,leri-cr1=13 leri-cr2=100 leri-cr3=100,1171Mbit,1171Mbit,1
1790987369.398,leri-cr1=13 leri-cr2=100 leri-cr3=100,leri-cr1=13 leri-cr2=100 leri-cr3=100,leri-cr1=13 leri-cr2=100 leri-cr3=100,1171Mbit,1171Mbit,1
1790987379.453,leri-cr1=13 leri-cr2=100 leri-cr3=100,leri-cr1=13 leri-cr2=100 leri-cr3=100,leri-cr1=13 leri-cr2=100 leri-cr3=100,1171Mbit,1171Mbit,1
1790987389.500,leri-cr1=13 leri-cr2=100 leri-cr3=100,leri-cr1=13 leri-cr2=100 leri-cr3=100,leri-cr1=13 leri-cr2=100 leri-cr3=100,1171Mbit,1171Mbit,1
1790987399.550,leri-cr1=13 leri-cr2=100 leri-cr3=100,leri-cr1=13 leri-cr2=100 leri-cr3=100,leri-cr1=13 leri-cr2=100 leri-cr3=100,1171Mbit,1171Mbit,1
1790987409.812,leri-cr1=13 leri-cr2=100 leri-cr3=100,leri-cr1=13 leri-cr2=100 leri-cr3=100,leri-cr1=13 leri-cr2=100 leri-cr3=100,1171Mbit,1171Mbit,1
1790987419.861,leri-cr1=13 leri-cr2=100 leri-cr3=100,leri-cr1=13 leri-cr2=100 leri-cr3=100,leri-cr1=13 leri-cr2=100 leri-cr3=100,1171Mbit,1171Mbit,1
1790987429.909,leri-cr1=13 leri-cr2=100 leri-cr3=100,leri-cr1=13 leri-cr2=100 leri-cr3=100,leri-cr1=13 leri-cr2=100 leri-cr3=100,1171Mbit,1171Mbit,1
1790987439.960,leri-cr1=13 leri-cr2=100 leri-cr3=100,leri-cr1=13 leri-cr2=100 leri-cr3=100,leri-cr1=13 leri-cr2=100 leri-cr3=100,1171Mbit,1171Mbit,1
1790987450.016,leri-cr1=13 leri-cr2=100 leri-cr3=100,leri-cr1=13 leri-cr2=100 leri-cr3=100,leri-cr1=13 leri-cr2=100 leri-cr3=100,1171Mbit,1171Mbit,1
1790987460.067,leri-cr1=13 leri-cr2=100 leri-cr3=100,leri-cr1=13 leri-cr2=100 leri-cr3=100,leri-cr1=13 leri-cr2=100 leri-cr3=100,1171Mbit,1171Mbit,1
1790987470.330,leri-cr1=13 leri-cr2=100 leri-cr3=100,leri-cr1=13 leri-cr2=100 leri-cr3=100,leri-cr1=13 leri-cr2=100 leri-cr3=100,1171Mbit,1171Mbit,1
1790987480.384,leri-cr1=13 leri-cr2=100 leri-cr3=100,leri-cr1=13 leri-cr2=100 leri-cr3=100,leri-cr1=13 leri-cr2=100 leri-cr3=100,1171Mbit,1171Mbit,1
1790987490.439,leri-cr1=13 leri-cr2=100 leri-cr3=100,leri-cr1=13 leri-cr2=100 leri-cr3=100,leri-cr1=13 leri-cr2=100 leri-cr3=100,1171Mbit,1171Mbit,1
1790987500.484,leri-cr1=13 leri-cr2=100 leri-cr3=100,leri-cr1=13 leri-cr2=100 leri-cr3=100,leri-cr1=13 leri-cr2=100 leri-cr3=100,1171Mbit,1171Mbit,1
1790987510.543,leri-cr1=13 leri-cr2=100 leri-cr3=100,leri-cr1=13 leri-cr2=100 leri-cr3=100,leri-cr1=13 leri-cr2=100 leri-cr3=100,1171Mbit,1171Mbit,1
1790987520.588,leri-cr1=13 leri-cr2=100 leri-cr3=100,leri-cr1=13 leri-cr2=100 leri-cr3=100,leri-cr1=13 leri-cr2=100 leri-cr3=100,1171Mbit,1171Mbit,1
1790987530.890,leri-cr1=13 leri-cr2=100 leri-cr3=100,leri-cr1=13 leri-cr2=100 leri-cr3=100,leri-cr1=13 leri-cr2=100 leri-cr3=100,1171Mbit,1171Mbit,1
1790987540.940,leri-cr1=13 leri-cr2=100 leri-cr3=100,leri-cr1=13 leri-cr2=100 leri-cr3=100,leri-cr1=13 leri-cr2=100 leri-cr3=100,1171Mbit,1171Mbit,1
1790987550.986,leri-cr1=13 leri-cr2=100 leri-cr3=100,leri-cr1=13 leri-cr2=100 leri-cr3=100,leri-cr1=13 leri-cr2=100 leri-cr3=100,1171Mbit,1171Mbit,1
1790987561.032,leri-cr1=13 leri-cr2=100 leri-cr3=100,leri-cr1=13 leri-cr2=100 leri-cr3=100,leri-cr1=13 leri-cr2=100 leri-cr3=100,1171Mbit,1171Mbit,1
1790987571.086,leri-cr1=13 leri-cr2=100 leri-cr3=100,leri-cr1=13 leri-cr2=100 leri-cr3=100,leri-cr1=13 leri-cr2=100 leri-cr3=100,1171Mbit,1171Mbit,1
1790987581.129,leri-cr1=13 leri-cr2=100 leri-cr3=100,leri-cr1=13 leri-cr2=100 leri-cr3=100,leri-cr1=13 leri-cr2=100 leri-cr3=100,1171Mbit,1171Mbit,1
1790987591.402,leri-cr1=13 leri-cr2=100 leri-cr3=100,leri-cr1=13 leri-cr2=100 leri-cr3=100,leri-cr1=13 leri-cr2=100 leri-cr3=100,1171Mbit,1171Mbit,0
1790987601.480,leri-cr1=13 leri-cr2=100 leri-cr3=100,leri-cr1=13 leri-cr2=100 leri-cr3=100,leri-cr1=13 leri-cr2=100 leri-cr3=100,1171Mbit,1171Mbit,0
1790987611.557,leri-cr1=13 leri-cr2=100 leri-cr3=100,leri-cr1=13 leri-cr2=100 leri-cr3=100,leri-cr1=13 leri-cr2=100 leri-cr3=100,1171Mbit,1171Mbit,0
1790987621.636,leri-cr1=13 leri-cr2=100 leri-cr3=100,leri-cr1=13 leri-cr2=100 leri-cr3=100,leri-cr1=13 leri-cr2=100 leri-cr3=100,1171Mbit,1171Mbit,0
1790987631.714,leri-cr1=13 leri-cr2=100 leri-cr3=100,leri-cr1=13 leri-cr2=100 leri-cr3=100,leri-cr1=13 leri-cr2=100 leri-cr3=100,1171Mbit,1171Mbit,0
1790987642.118,leri-cr1=13 leri-cr2=100 leri-cr3=100,leri-cr1=13 leri-cr2=100 leri-cr3=100,leri-cr1=13 leri-cr2=100 leri-cr3=100,1171Mbit,1171Mbit,0
1790987652.195,leri-cr1=13 leri-cr2=100 leri-cr3=100,leri-cr1=13 leri-cr2=100 leri-cr3=100,leri-cr1=13 leri-cr2=100 leri-cr3=100,1171Mbit,1171Mbit,0
1790987662.273,leri-cr1=13 leri-cr2=100 leri-cr3=100,leri-cr1=13 leri-cr2=100 leri-cr3=100,leri-cr1=13 leri-cr2=100 leri-cr3=100,1171Mbit,1171Mbit,0
1790987672.350,leri-cr1=13 leri-cr2=100 leri-cr3=100,leri-cr1=13 leri-cr2=100 leri-cr3=100,leri-cr1=13 leri-cr2=100 leri-cr3=100,1171Mbit,1171Mbit,0
1790987682.429,leri-cr1=13 leri-cr2=100 leri-cr3=100,leri-cr1=13 leri-cr2=100 leri-cr3=100,leri-cr1=13 leri-cr2=100 leri-cr3=100,1171Mbit,1171Mbit,0
1790987692.506,leri-cr1=13 leri-cr2=100 leri-cr3=100,leri-cr1=13 leri-cr2=100 leri-cr3=100,leri-cr1=13 leri-cr2=100 leri-cr3=100,1171Mbit,1171Mbit,0
1790987702.923,leri-cr1=13 leri-cr2=100 leri-cr3=100,leri-cr1=13 leri-cr2=100 leri-cr3=100,leri-cr1=13 leri-cr2=100 leri-cr3=100,1171Mbit,1171Mbit,0
1790987713.005,leri-cr1=13 leri-cr2=100 leri-cr3=100,leri-cr1=13 leri-cr2=100 leri-cr3=100,leri-cr1=13 leri-cr2=100 leri-cr3=100,1171Mbit,1171Mbit,0
1790987723.056,leri-cr1=13 leri-cr2=100 leri-cr3=100,leri-cr1=13 leri-cr2=100 leri-cr3=100,leri-cr1=13 leri-cr2=100 leri-cr3=100,1171Mbit,1171Mbit,0
1790987733.101,leri-cr1=13 leri-cr2=100 leri-cr3=100,leri-cr1=13 leri-cr2=100 leri-cr3=100,leri-cr1=13 leri-cr2=100 leri-cr3=100,1171Mbit,1171Mbit,1
1790987743.155,leri-cr1=13 leri-cr2=100 leri-cr3=100,leri-cr1=13 leri-cr2=100 leri-cr3=100,leri-cr1=13 leri-cr2=100 leri-cr3=100,1171Mbit,1171Mbit,1
1790987753.206,leri-cr1=13 leri-cr2=100 leri-cr3=100,leri-cr1=13 leri-cr2=100 leri-cr3=100,leri-cr1=13 leri-cr2=100 leri-cr3=100,1171Mbit,1171Mbit,1
1790987763.402,leri-cr1=13 leri-cr2=100 leri-cr3=100,leri-cr1=13 leri-cr2=100 leri-cr3=100,leri-cr1=13 leri-cr2=100 leri-cr3=100,1171Mbit,1171Mbit,1
1790987773.458,leri-cr1=13 leri-cr2=100 leri-cr3=100,leri-cr1=13 leri-cr2=100 leri-cr3=100,leri-cr1=13 leri-cr2=100 leri-cr3=100,1171Mbit,1171Mbit,1
1790987783.515,leri-cr1=13 leri-cr2=100 leri-cr3=100,leri-cr1=13 leri-cr2=100 leri-cr3=100,leri-cr1=13 leri-cr2=100 leri-cr3=100,1171Mbit,1171Mbit,1
1790987793.562,leri-cr1=13 leri-cr2=100 leri-cr3=100,leri-cr1=13 leri-cr2=100 leri-cr3=100,leri-cr1=13 leri-cr2=100 leri-cr3=100,1171Mbit,1171Mbit,1
1790987803.616,leri-cr1=13 leri-cr2=100 leri-cr3=100,leri-cr1=13 leri-cr2=100 leri-cr3=100,leri-cr1=13 leri-cr2=100 leri-cr3=100,1171Mbit,1171Mbit,1
1790987813.674,leri-cr1=13 leri-cr2=100 leri-cr3=100,leri-cr1=13 leri-cr2=100 leri-cr3=100,leri-cr1=13 leri-cr2=100 leri-cr3=100,1171Mbit,1171Mbit,1
1790987823.982,leri-cr1=13 leri-cr2=100 leri-cr3=100,leri-cr1=13 leri-cr2=100 leri-cr3=100,leri-cr1=13 leri-cr2=100 leri-cr3=100,1171Mbit,1171Mbit,1
1790987834.036,leri-cr1=13 leri-cr2=100 leri-cr3=100,leri-cr1=13 leri-cr2=100 leri-cr3=100,leri-cr1=13 leri-cr2=100 leri-cr3=100,1171Mbit,1171Mbit,1
1790987844.094,leri-cr1=13 leri-cr2=100 leri-cr3=100,leri-cr1=13 leri-cr2=100 leri-cr3=100,leri-cr1=13 leri-cr2=100 leri-cr3=100,1171Mbit,1171Mbit,1
1790987854.158,leri-cr1=13 leri-cr2=100 leri-cr3=100,leri-cr1=13 leri-cr2=100 leri-cr3=100,leri-cr1=13 leri-cr2=100 leri-cr3=100,1171Mbit,1171Mbit,1
1790987864.212,leri-cr1=13 leri-cr2=100 leri-cr3=100,leri-cr1=13 leri-cr2=100 leri-cr3=100,leri-cr1=13 leri-cr2=100 leri-cr3=100,1171Mbit,1171Mbit,1
1790987874.263,leri-cr1=13 leri-cr2=100 leri-cr3=100,leri-cr1=13 leri-cr2=100 leri-cr3=100,leri-cr1=13 leri-cr2=100 leri-cr3=100,1171Mbit,1171Mbit,1
1790987884.566,leri-cr1=13 leri-cr2=100 leri-cr3=100,leri-cr1=13 leri-cr2=100 leri-cr3=100,leri-cr1=13 leri-cr2=100 leri-cr3=100,1171Mbit,1171Mbit,1
1790987894.614,leri-cr1=13 leri-cr2=100 leri-cr3=100,leri-cr1=13 leri-cr2=100 leri-cr3=100,leri-cr1=13 leri-cr2=100 leri-cr3=100,1171Mbit,1171Mbit,1
1790987904.665,leri-cr1=13 leri-cr2=100 leri-cr3=100,leri-cr1=13 leri-cr2=100 leri-cr3=100,leri-cr1=13 leri-cr2=100 leri-cr3=100,1171Mbit,1171Mbit,1
1790987914.719,leri-cr1=13 leri-cr2=100 leri-cr3=100,leri-cr1=13 leri-cr2=100 leri-cr3=100,leri-cr1=13 leri-cr2=100 leri-cr3=100,1171Mbit,1171Mbit,1
1790987924.770,leri-cr1=13 leri-cr2=100 leri-cr3=100,leri-cr1=13 leri-cr2=100 leri-cr3=100,leri-cr1=13 leri-cr2=100 leri-cr3=100,1171Mbit,1171Mbit,1
1790987934.829,leri-cr1=13 leri-cr2=100 leri-cr3=100,leri-cr1=13 leri-cr2=100 leri-cr3=100,leri-cr1=13 leri-cr2=100 leri-cr3=100,1171Mbit,1171Mbit,1
1790987945.060,leri-cr1=13 leri-cr2=100 leri-cr3=100,leri-cr1=13 leri-cr2=100 leri-cr3=100,leri-cr1=13 leri-cr2=100 leri-cr3=100,1171Mbit,1171Mbit,1
1790987955.102,leri-cr1=13 leri-cr2=100 leri-cr3=100,leri-cr1=13 leri-cr2=100 leri-cr3=100,leri-cr1=13 leri-cr2=100 leri-cr3=100,1171Mbit,1171Mbit,1
1790987965.193,leri-cr1=13 leri-cr2=100 leri-cr3=100,leri-cr1=13 leri-cr2=100 leri-cr3=100,leri-cr1=13 leri-cr2=100 leri-cr3=100,1171Mbit,1171Mbit,1
1790987975.242,leri-cr1=13 leri-cr2=100 leri-cr3=100,leri-cr1=13 leri-cr2=100 leri-cr3=100,leri-cr1=13 leri-cr2=100 leri-cr3=100,1171Mbit,1171Mbit,1
1790987985.292,leri-cr1=13 leri-cr2=100 leri-cr3=100,leri-cr1=13 leri-cr2=100 leri-cr3=100,leri-cr1=13 leri-cr2=100 leri-cr3=100,1171Mbit,1171Mbit,1
1790987995.344,leri-cr1=13 leri-cr2=100 leri-cr3=100,leri-cr1=13 leri-cr2=100 leri-cr3=100,leri-cr1=13 leri-cr2=100 leri-cr3=100,1171Mbit,1171Mbit,1
1790988005.622,leri-cr1=13 leri-cr2=100 leri-cr3=100,leri-cr1=13 leri-cr2=100 leri-cr3=100,leri-cr1=13 leri-cr2=100 leri-cr3=100,1171Mbit,1171Mbit,1
1790988015.674,leri-cr1=13 leri-cr2=100 leri-cr3=100,leri-cr1=13 leri-cr2=100 leri-cr3=100,leri-cr1=13 leri-cr2=100 leri-cr3=100,1171Mbit,1171Mbit,1
1790988025.726,leri-cr1=13 leri-cr2=100 leri-cr3=100,leri-cr1=13 leri-cr2=100 leri-cr3=100,leri-cr1=13 leri-cr2=100 leri-cr3=100,1171Mbit,1171Mbit,1
1790988035.779,leri-cr1=13 leri-cr2=100 leri-cr3=100,leri-cr1=13 leri-cr2=100 leri-cr3=100,leri-cr1=13 leri-cr2=100 leri-cr3=100,1171Mbit,1171Mbit,1
1790988045.832,leri-cr1=13 leri-cr2=100 leri-cr3=100,leri-cr1=13 leri-cr2=100 leri-cr3=100,leri-cr1=13 leri-cr2=100 leri-cr3=100,1171Mbit,1171Mbit,1
1790988055.881,leri-cr1=13 leri-cr2=100 leri-cr3=100,leri-cr1=13 leri-cr2=100 leri-cr3=100,leri-cr1=13 leri-cr2=100 leri-cr3=100,1171Mbit,1171Mbit,1
1790988066.129,leri-cr1=13 leri-cr2=100 leri-cr3=100,leri-cr1=13 leri-cr2=100 leri-cr3=100,leri-cr1=13 leri-cr2=100 leri-cr3=100,1171Mbit,1171Mbit,1
1790988076.174,leri-cr1=13 leri-cr2=100 leri-cr3=100,leri-cr1=13 leri-cr2=100 leri-cr3=100,leri-cr1=13 leri-cr2=100 leri-cr3=100,1171Mbit,1171Mbit,1
1790988086.226,leri-cr1=13 leri-cr2=100 leri-cr3=100,leri-cr1=13 leri-cr2=100 leri-cr3=100,leri-cr1=13 leri-cr2=100 leri-cr3=100,1171Mbit,1171Mbit,1
1790988096.276,leri-cr1=13 leri-cr2=100 leri-cr3=100,leri-cr1=13 leri-cr2=100 leri-cr3=100,leri-cr1=13 leri-cr2=100 leri-cr3=100,1171Mbit,1171Mbit,1
1790988106.327,leri-cr1=13 leri-cr2=100 leri-cr3=100,leri-cr1=13 leri-cr2=100 leri-cr3=100,leri-cr1=13 leri-cr2=100 leri-cr3=100,1171Mbit,1171Mbit,1
1790988116.379,leri-cr1=13 leri-cr2=100 leri-cr3=100,leri-cr1=13 leri-cr2=100 leri-cr3=100,leri-cr1=13 leri-cr2=100 leri-cr3=100,1171Mbit,1171Mbit,1
1790988126.639,leri-cr1=13 leri-cr2=100 leri-cr3=100,leri-cr1=13 leri-cr2=100 leri-cr3=100,leri-cr1=13 leri-cr2=100 leri-cr3=100,1171Mbit,1171Mbit,1
1790988136.696,leri-cr1=13 leri-cr2=100 leri-cr3=100,leri-cr1=13 leri-cr2=100 leri-cr3=100,leri-cr1=13 leri-cr2=100 leri-cr3=100,1171Mbit,1171Mbit,1
1790988146.754,leri-cr1=13 leri-cr2=100 leri-cr3=100,leri-cr1=13 leri-cr2=100 leri-cr3=100,leri-cr1=13 leri-cr2=100 leri-cr3=100,1171Mbit,1171Mbit,1
1790988156.808,leri-cr1=13 leri-cr2=100 leri-cr3=100,leri-cr1=13 leri-cr2=100 leri-cr3=100,leri-cr1=13 leri-cr2=100 leri-cr3=100,1171Mbit,1171Mbit,1
1790988166.862,leri-cr1=13 leri-cr2=100 leri-cr3=100,leri-cr1=13 leri-cr2=100 leri-cr3=100,leri-cr1=13 leri-cr2=100 leri-cr3=100,1171Mbit,1171Mbit,1
1790988176.914,leri-cr1=13 leri-cr2=100 leri-cr3=100,leri-cr1=13 leri-cr2=100 leri-cr3=100,leri-cr1=13 leri-cr2=100 leri-cr3=100,1171Mbit,1171Mbit,1
1790988187.231,leri-cr1=13 leri-cr2=100 leri-cr3=100,leri-cr1=13 leri-cr2=100 leri-cr3=100,leri-cr1=13 leri-cr2=100 leri-cr3=100,1171Mbit,1171Mbit,1
1790988197.272,leri-cr1=13 leri-cr2=100 leri-cr3=100,leri-cr1=13 leri-cr2=100 leri-cr3=100,leri-cr1=13 leri-cr2=100 leri-cr3=100,1171Mbit,1171Mbit,0
1790988207.344,leri-cr1=13 leri-cr2=100 leri-cr3=100,leri-cr1=13 leri-cr2=100 leri-cr3=100,leri-cr1=13 leri-cr2=100 leri-cr3=100,1171Mbit,1171Mbit,0
1790988217.416,leri-cr1=13 leri-cr2=100 leri-cr3=100,leri-cr1=13 leri-cr2=100 leri-cr3=100,leri-cr1=13 leri-cr2=100 leri-cr3=100,1171Mbit,1171Mbit,0
1790988227.488,leri-cr1=13 leri-cr2=100 leri-cr3=100,leri-cr1=13 leri-cr2=100 leri-cr3=100,leri-cr1=13 leri-cr2=100 leri-cr3=100,1171Mbit,1171Mbit,0
1790988237.561,leri-cr1=13 leri-cr2=100 leri-cr3=100,leri-cr1=13 leri-cr2=100 leri-cr3=100,leri-cr1=13 leri-cr2=100 leri-cr3=100,1171Mbit,1171Mbit,0
1790988247.994,leri-cr1=13 leri-cr2=100 leri-cr3=100,leri-cr1=13 leri-cr2=100 leri-cr3=100,leri-cr1=13 leri-cr2=100 leri-cr3=100,1171Mbit,1171Mbit,0
1790988258.071,leri-cr1=13 leri-cr2=100 leri-cr3=100,leri-cr1=13 leri-cr2=100 leri-cr3=100,leri-cr1=13 leri-cr2=100 leri-cr3=100,1171Mbit,1171Mbit,0
1790988268.144,leri-cr1=13 leri-cr2=100 leri-cr3=100,leri-cr1=13 leri-cr2=100 leri-cr3=100,leri-cr1=13 leri-cr2=100 leri-cr3=100,1171Mbit,1171Mbit,0
1790988278.225,leri-cr1=13 leri-cr2=100 leri-cr3=100,leri-cr1=13 leri-cr2=100 leri-cr3=100,leri-cr1=13 leri-cr2=100 leri-cr3=100,1171Mbit,1171Mbit,0
1790988288.303,leri-cr1=13 leri-cr2=100 leri-cr3=100,leri-cr1=13 leri-cr2=100 leri-cr3=100,leri-cr1=13 leri-cr2=100 leri-cr3=100,1171Mbit,1171Mbit,0
1790988298.383,leri-cr1=13 leri-cr2=100 leri-cr3=100,leri-cr1=13 leri-cr2=100 leri-cr3=100,leri-cr1=13 leri-cr2=100 leri-cr3=100,1171Mbit,1171Mbit,0
1790988308.823,leri-cr1=13 leri-cr2=100 leri-cr3=100,leri-cr1=13 leri-cr2=100 leri-cr3=100,leri-cr1=13 leri-cr2=100 leri-cr3=100,1171Mbit,1171Mbit,0
1790988318.891,leri-cr1=13 leri-cr2=100 leri-cr3=100,leri-cr1=13 leri-cr2=100 leri-cr3=100,leri-cr1=13 leri-cr2=100 leri-cr3=100,1171Mbit,1171Mbit,0
1790988328.948,leri-cr1=13 leri-cr2=100 leri-cr3=100,leri-cr1=13 leri-cr2=100 leri-cr3=100,leri-cr1=13 leri-cr2=100 leri-cr3=100,1171Mbit,1171Mbit,0
1790988339.003,leri-cr1=13 leri-cr2=100 leri-cr3=100,leri-cr1=13 leri-cr2=100 leri-cr3=100,leri-cr1=13 leri-cr2=100 leri-cr3=100,1171Mbit,1171Mbit,1
1790988349.048,leri-cr1=13 leri-cr2=100 leri-cr3=100,leri-cr1=13 leri-cr2=100 leri-cr3=100,leri-cr1=13 leri-cr2=100 leri-cr3=100,1171Mbit,1171Mbit,1
1790988359.104,leri-cr1=13 leri-cr2=100 leri-cr3=100,leri-cr1=13 leri-cr2=100 leri-cr3=100,leri-cr1=13 leri-cr2=100 leri-cr3=100,1171Mbit,1171Mbit,1
1790988369.375,leri-cr1=13 leri-cr2=100 leri-cr3=100,leri-cr1=13 leri-cr2=100 leri-cr3=100,leri-cr1=13 leri-cr2=100 leri-cr3=100,1171Mbit,1171Mbit,1
1790988379.427,leri-cr1=13 leri-cr2=100 leri-cr3=100,leri-cr1=13 leri-cr2=100 leri-cr3=100,leri-cr1=13 leri-cr2=100 leri-cr3=100,1171Mbit,1171Mbit,1
1790988389.478,leri-cr1=13 leri-cr2=100 leri-cr3=100,leri-cr1=13 leri-cr2=100 leri-cr3=100,leri-cr1=13 leri-cr2=100 leri-cr3=100,1171Mbit,1171Mbit,1
1790988399.533,leri-cr1=13 leri-cr2=100 leri-cr3=100,leri-cr1=13 leri-cr2=100 leri-cr3=100,leri-cr1=13 leri-cr2=100 leri-cr3=100,1171Mbit,1171Mbit,1
1790988409.586,leri-cr1=13 leri-cr2=100 leri-cr3=100,leri-cr1=13 leri-cr2=100 leri-cr3=100,leri-cr1=13 leri-cr2=100 leri-cr3=100,1171Mbit,1171Mbit,1
1790988419.639,leri-cr1=13 leri-cr2=100 leri-cr3=100,leri-cr1=13 leri-cr2=100 leri-cr3=100,leri-cr1=13 leri-cr2=100 leri-cr3=100,1171Mbit,1171Mbit,1
1790988429.864,leri-cr1=13 leri-cr2=100 leri-cr3=100,leri-cr1=13 leri-cr2=100 leri-cr3=100,leri-cr1=13 leri-cr2=100 leri-cr3=100,1171Mbit,1171Mbit,1
1790988439.916,leri-cr1=13 leri-cr2=100 leri-cr3=100,leri-cr1=13 leri-cr2=100 leri-cr3=100,leri-cr1=13 leri-cr2=100 leri-cr3=100,1171Mbit,1171Mbit,1
1790988449.968,leri-cr1=13 leri-cr2=100 leri-cr3=100,leri-cr1=13 leri-cr2=100 leri-cr3=100,leri-cr1=13 leri-cr2=100 leri-cr3=100,1171Mbit,1171Mbit,1
1790988460.017,leri-cr1=13 leri-cr2=100 leri-cr3=100,leri-cr1=13 leri-cr2=100 leri-cr3=100,leri-cr1=13 leri-cr2=100 leri-cr3=100,1171Mbit,1171Mbit,1
1790988470.070,leri-cr1=13 leri-cr2=100 leri-cr3=100,leri-cr1=13 leri-cr2=100 leri-cr3=100,leri-cr1=13 leri-cr2=100 leri-cr3=100,1171Mbit,1171Mbit,1
1790988480.120,leri-cr1=13 leri-cr2=100 leri-cr3=100,leri-cr1=13 leri-cr2=100 leri-cr3=100,leri-cr1=13 leri-cr2=100 leri-cr3=100,1171Mbit,1171Mbit,1
1790988490.385,leri-cr1=13 leri-cr2=100 leri-cr3=100,leri-cr1=13 leri-cr2=100 leri-cr3=100,leri-cr1=13 leri-cr2=100 leri-cr3=100,1171Mbit,1171Mbit,1
1790988500.436,leri-cr1=13 leri-cr2=100 leri-cr3=100,leri-cr1=13 leri-cr2=100 leri-cr3=100,leri-cr1=13 leri-cr2=100 leri-cr3=100,1171Mbit,1171Mbit,1
1790988510.490,leri-cr1=13 leri-cr2=100 leri-cr3=100,leri-cr1=13 leri-cr2=100 leri-cr3=100,leri-cr1=13 leri-cr2=100 leri-cr3=100,1171Mbit,1171Mbit,1
1790988520.544,leri-cr1=13 leri-cr2=100 leri-cr3=100,leri-cr1=13 leri-cr2=100 leri-cr3=100,leri-cr1=13 leri-cr2=100 leri-cr3=100,1171Mbit,1171Mbit,1
1790988530.597,leri-cr1=13 leri-cr2=100 leri-cr3=100,leri-cr1=13 leri-cr2=100 leri-cr3=100,leri-cr1=13 leri-cr2=100 leri-cr3=100,1171Mbit,1171Mbit,1
1790988540.648,leri-cr1=13 leri-cr2=100 leri-cr3=100,leri-cr1=13 leri-cr2=100 leri-cr3=100,leri-cr1=13 leri-cr2=100 leri-cr3=100,1171Mbit,1171Mbit,1
1790988550.956,leri-cr1=13 leri-cr2=100 leri-cr3=100,leri-cr1=13 leri-cr2=100 leri-cr3=100,leri-cr1=13 leri-cr2=100 leri-cr3=100,1171Mbit,1171Mbit,1
1790988561.013,leri-cr1=13 leri-cr2=100 leri-cr3=100,leri-cr1=13 leri-cr2=100 leri-cr3=100,leri-cr1=13 leri-cr2=100 leri-cr3=100,1171Mbit,1171Mbit,1
1790988571.067,leri-cr1=13 leri-cr2=100 leri-cr3=100,leri-cr1=13 leri-cr2=100 leri-cr3=100,leri-cr1=13 leri-cr2=100 leri-cr3=100,1171Mbit,1171Mbit,1
1790988581.118,leri-cr1=13 leri-cr2=100 leri-cr3=100,leri-cr1=13 leri-cr2=100 leri-cr3=100,leri-cr1=13 leri-cr2=100 leri-cr3=100,1171Mbit,1171Mbit,1
1790988591.170,leri-cr1=13 leri-cr2=100 leri-cr3=100,leri-cr1=13 leri-cr2=100 leri-cr3=100,leri-cr1=13 leri-cr2=100 leri-cr3=100,1171Mbit,1171Mbit,1
1790988601.222,leri-cr1=13 leri-cr2=100 leri-cr3=100,leri-cr1=13 leri-cr2=100 leri-cr3=100,leri-cr1=13 leri-cr2=100 leri-cr3=100,1171Mbit,1171Mbit,1
1790988611.484,leri-cr1=13 leri-cr2=100 leri-cr3=100,leri-cr1=13 leri-cr2=100 leri-cr3=100,leri-cr1=13 leri-cr2=100 leri-cr3=100,1171Mbit,1171Mbit,1
1790988621.534,leri-cr1=13 leri-cr2=100 leri-cr3=100,leri-cr1=13 leri-cr2=100 leri-cr3=100,leri-cr1=13 leri-cr2=100 leri-cr3=100,1171Mbit,1171Mbit,1
1790988631.586,leri-cr1=13 leri-cr2=100 leri-cr3=100,leri-cr1=13 leri-cr2=100 leri-cr3=100,leri-cr1=13 leri-cr2=100 leri-cr3=100,1171Mbit,1171Mbit,1
1790988641.637,leri-cr1=13 leri-cr2=100 leri-cr3=100,leri-cr1=13 leri-cr2=100 leri-cr3=100,leri-cr1=13 leri-cr2=100 leri-cr3=100,1171Mbit,1171Mbit,1
1790988651.680,leri-cr1=13 leri-cr2=100 leri-cr3=100,leri-cr1=13 leri-cr2=100 leri-cr3=100,leri-cr1=13 leri-cr2=100 leri-cr3=100,1171Mbit,1171Mbit,1
1790988661.734,leri-cr1=13 leri-cr2=100 leri-cr3=100,leri-cr1=13 leri-cr2=100 leri-cr3=100,leri-cr1=13 leri-cr2=100 leri-cr3=100,1171Mbit,1171Mbit,1
1790988672.044,leri-cr1=13 leri-cr2=100 leri-cr3=100,leri-cr1=13 leri-cr2=100 leri-cr3=100,leri-cr1=13 leri-cr2=100 leri-cr3=100,1171Mbit,1171Mbit,1
1790988682.100,leri-cr1=13 leri-cr2=100 leri-cr3=100,leri-cr1=13 leri-cr2=100 leri-cr3=100,leri-cr1=13 leri-cr2=100 leri-cr3=100,1171Mbit,1171Mbit,1
1790988692.152,leri-cr1=13 leri-cr2=100 leri-cr3=100,leri-cr1=13 leri-cr2=100 leri-cr3=100,leri-cr1=13 leri-cr2=100 leri-cr3=100,1171Mbit,1171Mbit,1
1790988702.205,leri-cr1=13 leri-cr2=100 leri-cr3=100,leri-cr1=13 leri-cr2=100 leri-cr3=100,leri-cr1=13 leri-cr2=100 leri-cr3=100,1171Mbit,1171Mbit,1
1790988712.262,leri-cr1=13 leri-cr2=100 leri-cr3=100,leri-cr1=13 leri-cr2=100 leri-cr3=100,leri-cr1=13 leri-cr2=100 leri-cr3=100,1171Mbit,1171Mbit,1
1790988722.316,leri-cr1=13 leri-cr2=100 leri-cr3=100,leri-cr1=13 leri-cr2=100 leri-cr3=100,leri-cr1=13 leri-cr2=100 leri-cr3=100,1171Mbit,1171Mbit,1
1790988732.589,leri-cr1=13 leri-cr2=100 leri-cr3=100,leri-cr1=13 leri-cr2=100 leri-cr3=100,leri-cr1=13 leri-cr2=100 leri-cr3=100,1171Mbit,1171Mbit,1
1790988742.642,leri-cr1=13 leri-cr2=100 leri-cr3=100,leri-cr1=13 leri-cr2=100 leri-cr3=100,leri-cr1=13 leri-cr2=100 leri-cr3=100,1171Mbit,1171Mbit,1
1790988752.696,leri-cr1=13 leri-cr2=100 leri-cr3=100,leri-cr1=13 leri-cr2=100 leri-cr3=100,leri-cr1=13 leri-cr2=100 leri-cr3=100,1171Mbit,1171Mbit,1
1790988762.745,leri-cr1=13 leri-cr2=100 leri-cr3=100,leri-cr1=13 leri-cr2=100 leri-cr3=100,leri-cr1=13 leri-cr2=100 leri-cr3=100,1171Mbit,1171Mbit,1
1790988772.807,leri-cr1=13 leri-cr2=100 leri-cr3=100,leri-cr1=13 leri-cr2=100 leri-cr3=100,leri-cr1=13 leri-cr2=100 leri-cr3=100,1171Mbit,1171Mbit,1
1790988782.858,leri-cr1=13 leri-cr2=100 leri-cr3=100,leri-cr1=13 leri-cr2=100 leri-cr3=100,leri-cr1=13 leri-cr2=100 leri-cr3=100,1171Mbit,1171Mbit,1
1790988793.105,leri-cr1=13 leri-cr2=100 leri-cr3=100,leri-cr1=13 leri-cr2=100 leri-cr3=100,leri-cr1=13 leri-cr2=100 leri-cr3=100,1171Mbit,1171Mbit,1
1790988803.186,leri-cr1=13 leri-cr2=100 leri-cr3=100,leri-cr1=13 leri-cr2=100 leri-cr3=100,leri-cr1=13 leri-cr2=100 leri-cr3=100,1171Mbit,1171Mbit,0
1790988813.263,leri-cr1=13 leri-cr2=100 leri-cr3=100,leri-cr1=13 leri-cr2=100 leri-cr3=100,leri-cr1=13 leri-cr2=100 leri-cr3=100,1171Mbit,1171Mbit,0
1790988823.340,leri-cr1=13 leri-cr2=100 leri-cr3=100,leri-cr1=13 leri-cr2=100 leri-cr3=100,leri-cr1=13 leri-cr2=100 leri-cr3=100,1171Mbit,1171Mbit,0
1790988833.417,leri-cr1=13 leri-cr2=100 leri-cr3=100,leri-cr1=13 leri-cr2=100 leri-cr3=100,leri-cr1=13 leri-cr2=100 leri-cr3=100,1171Mbit,1171Mbit,0
1790988843.492,leri-cr1=13 leri-cr2=100 leri-cr3=100,leri-cr1=13 leri-cr2=100 leri-cr3=100,leri-cr1=13 leri-cr2=100 leri-cr3=100,1171Mbit,1171Mbit,0
1790988853.931,leri-cr1=13 leri-cr2=100 leri-cr3=100,leri-cr1=13 leri-cr2=100 leri-cr3=100,leri-cr1=13 leri-cr2=100 leri-cr3=100,1171Mbit,1171Mbit,0
1790988864.006,leri-cr1=13 leri-cr2=100 leri-cr3=100,leri-cr1=13 leri-cr2=100 leri-cr3=100,leri-cr1=13 leri-cr2=100 leri-cr3=100,1171Mbit,1171Mbit,0
1790988874.081,leri-cr1=13 leri-cr2=100 leri-cr3=100,leri-cr1=13 leri-cr2=100 leri-cr3=100,leri-cr1=13 leri-cr2=100 leri-cr3=100,1171Mbit,1171Mbit,0
1790988884.156,leri-cr1=13 leri-cr2=100 leri-cr3=100,leri-cr1=13 leri-cr2=100 leri-cr3=100,leri-cr1=13 leri-cr2=100 leri-cr3=100,1171Mbit,1171Mbit,0
1790988894.229,leri-cr1=13 leri-cr2=100 leri-cr3=100,leri-cr1=13 leri-cr2=100 leri-cr3=100,leri-cr1=13 leri-cr2=100 leri-cr3=100,1171Mbit,1171Mbit,0
1790988904.303,leri-cr1=13 leri-cr2=100 leri-cr3=100,leri-cr1=13 leri-cr2=100 leri-cr3=100,leri-cr1=13 leri-cr2=100 leri-cr3=100,1171Mbit,1171Mbit,0
1790988914.717,leri-cr1=13 leri-cr2=100 leri-cr3=100,leri-cr1=13 leri-cr2=100 leri-cr3=100,leri-cr1=13 leri-cr2=100 leri-cr3=100,1171Mbit,1171Mbit,0
1790988924.757,leri-cr1=13 leri-cr2=100 leri-cr3=100,leri-cr1=13 leri-cr2=100 leri-cr3=100,leri-cr1=13 leri-cr2=100 leri-cr3=100,1171Mbit,1171Mbit,0
1790988934.810,leri-cr1=13 leri-cr2=100 leri-cr3=100,leri-cr1=13 leri-cr2=100 leri-cr3=100,leri-cr1=13 leri-cr2=100 leri-cr3=100,1171Mbit,1171Mbit,1
1790988944.860,leri-cr1=13 leri-cr2=100 leri-cr3=100,leri-cr1=13 leri-cr2=100 leri-cr3=100,leri-cr1=13 leri-cr2=100 leri-cr3=100,1171Mbit,1171Mbit,1
1790988954.915,leri-cr1=13 leri-cr2=100 leri-cr3=100,leri-cr1=13 leri-cr2=100 leri-cr3=100,leri-cr1=13 leri-cr2=100 leri-cr3=100,1171Mbit,1171Mbit,1
1790988964.973,leri-cr1=13 leri-cr2=100 leri-cr3=100,leri-cr1=13 leri-cr2=100 leri-cr3=100,leri-cr1=13 leri-cr2=100 leri-cr3=100,1171Mbit,1171Mbit,1
1790988975.195,leri-cr1=13 leri-cr2=100 leri-cr3=100,leri-cr1=13 leri-cr2=100 leri-cr3=100,leri-cr1=13 leri-cr2=100 leri-cr3=100,1171Mbit,1171Mbit,1
1790988985.244,leri-cr1=13 leri-cr2=100 leri-cr3=100,leri-cr1=13 leri-cr2=100 leri-cr3=100,leri-cr1=13 leri-cr2=100 leri-cr3=100,1171Mbit,1171Mbit,1
1790988995.295,leri-cr1=13 leri-cr2=100 leri-cr3=100,leri-cr1=13 leri-cr2=100 leri-cr3=100,leri-cr1=13 leri-cr2=100 leri-cr3=100,1171Mbit,1171Mbit,1
1790989005.350,leri-cr1=13 leri-cr2=100 leri-cr3=100,leri-cr1=13 leri-cr2=100 leri-cr3=100,leri-cr1=13 leri-cr2=100 leri-cr3=100,1171Mbit,1171Mbit,1
1790989015.404,leri-cr1=13 leri-cr2=100 leri-cr3=100,leri-cr1=13 leri-cr2=100 leri-cr3=100,leri-cr1=13 leri-cr2=100 leri-cr3=100,1171Mbit,1171Mbit,1
1790989025.459,leri-cr1=13 leri-cr2=100 leri-cr3=100,leri-cr1=13 leri-cr2=100 leri-cr3=100,leri-cr1=13 leri-cr2=100 leri-cr3=100,1171Mbit,1171Mbit,1
1790989035.710,leri-cr1=13 leri-cr2=100 leri-cr3=100,leri-cr1=13 leri-cr2=100 leri-cr3=100,leri-cr1=13 leri-cr2=100 leri-cr3=100,1171Mbit,1171Mbit,1
1790989045.768,leri-cr1=13 leri-cr2=100 leri-cr3=100,leri-cr1=13 leri-cr2=100 leri-cr3=100,leri-cr1=13 leri-cr2=100 leri-cr3=100,1171Mbit,1171Mbit,1
1790989055.826,leri-cr1=13 leri-cr2=100 leri-cr3=100,leri-cr1=13 leri-cr2=100 leri-cr3=100,leri-cr1=13 leri-cr2=100 leri-cr3=100,1171Mbit,1171Mbit,1
1790989065.875,leri-cr1=13 leri-cr2=100 leri-cr3=100,leri-cr1=13 leri-cr2=100 leri-cr3=100,leri-cr1=13 leri-cr2=100 leri-cr3=100,1171Mbit,1171Mbit,1
1790989075.923,leri-cr1=13 leri-cr2=100 leri-cr3=100,leri-cr1=13 leri-cr2=100 leri-cr3=100,leri-cr1=13 leri-cr2=100 leri-cr3=100,1171Mbit,1171Mbit,1
1790989086.196,leri-cr1=13 leri-cr2=100 leri-cr3=100,leri-cr1=13 leri-cr2=100 leri-cr3=100,leri-cr1=13 leri-cr2=100 leri-cr3=100,1171Mbit,1171Mbit,1
1790989096.238,leri-cr1=13 leri-cr2=100 leri-cr3=100,leri-cr1=13 leri-cr2=100 leri-cr3=100,leri-cr1=13 leri-cr2=100 leri-cr3=100,1171Mbit,1171Mbit,1
1790989106.286,leri-cr1=13 leri-cr2=100 leri-cr3=100,leri-cr1=13 leri-cr2=100 leri-cr3=100,leri-cr1=13 leri-cr2=100 leri-cr3=100,1171Mbit,1171Mbit,1
1790989116.334,leri-cr1=13 leri-cr2=100 leri-cr3=100,leri-cr1=13 leri-cr2=100 leri-cr3=100,leri-cr1=13 leri-cr2=100 leri-cr3=100,1171Mbit,1171Mbit,1
1790989126.392,leri-cr1=13 leri-cr2=100 leri-cr3=100,leri-cr1=13 leri-cr2=100 leri-cr3=100,leri-cr1=13 leri-cr2=100 leri-cr3=100,1171Mbit,1171Mbit,1
1790989136.446,leri-cr1=13 leri-cr2=100 leri-cr3=100,leri-cr1=13 leri-cr2=100 leri-cr3=100,leri-cr1=13 leri-cr2=100 leri-cr3=100,1171Mbit,1171Mbit,1
1790989146.694,leri-cr1=13 leri-cr2=100 leri-cr3=100,leri-cr1=13 leri-cr2=100 leri-cr3=100,leri-cr1=13 leri-cr2=100 leri-cr3=100,1171Mbit,1171Mbit,1
1790989156.751,leri-cr1=13 leri-cr2=100 leri-cr3=100,leri-cr1=13 leri-cr2=100 leri-cr3=100,leri-cr1=13 leri-cr2=100 leri-cr3=100,1171Mbit,1171Mbit,1
1790989166.805,leri-cr1=13 leri-cr2=100 leri-cr3=100,leri-cr1=13 leri-cr2=100 leri-cr3=100,leri-cr1=13 leri-cr2=100 leri-cr3=100,1171Mbit,1171Mbit,1
1790989176.854,leri-cr1=13 leri-cr2=100 leri-cr3=100,leri-cr1=13 leri-cr2=100 leri-cr3=100,leri-cr1=13 leri-cr2=100 leri-cr3=100,1171Mbit,1171Mbit,1
1790989186.906,leri-cr1=13 leri-cr2=100 leri-cr3=100,leri-cr1=13 leri-cr2=100 leri-cr3=100,leri-cr1=13 leri-cr2=100 leri-cr3=100,1171Mbit,1171Mbit,1
1790989196.949,leri-cr1=13 leri-cr2=100 leri-cr3=100,leri-cr1=13 leri-cr2=100 leri-cr3=100,leri-cr1=13 leri-cr2=100 leri-cr3=100,1171Mbit,1171Mbit,1
1790989207.220,leri-cr1=13 leri-cr2=100 leri-cr3=100,leri-cr1=13 leri-cr2=100 leri-cr3=100,leri-cr1=13 leri-cr2=100 leri-cr3=100,1171Mbit,1171Mbit,1
1790989217.275,leri-cr1=13 leri-cr2=100 leri-cr3=100,leri-cr1=13 leri-cr2=100 leri-cr3=100,leri-cr1=13 leri-cr2=100 leri-cr3=100,1171Mbit,1171Mbit,1
1790989227.322,leri-cr1=13 leri-cr2=100 leri-cr3=100,leri-cr1=13 leri-cr2=100 leri-cr3=100,leri-cr1=13 leri-cr2=100 leri-cr3=100,1171Mbit,1171Mbit,1
1790989237.367,leri-cr1=13 leri-cr2=100 leri-cr3=100,leri-cr1=13 leri-cr2=100 leri-cr3=100,leri-cr1=13 leri-cr2=100 leri-cr3=100,1171Mbit,1171Mbit,1
1790989247.420,leri-cr1=13 leri-cr2=100 leri-cr3=100,leri-cr1=13 leri-cr2=100 leri-cr3=100,leri-cr1=13 leri-cr2=100 leri-cr3=100,1171Mbit,1171Mbit,1
1790989257.472,leri-cr1=13 leri-cr2=100 leri-cr3=100,leri-cr1=13 leri-cr2=100 leri-cr3=100,leri-cr1=13 leri-cr2=100 leri-cr3=100,1171Mbit,1171Mbit,1
1790989267.678,leri-cr1=13 leri-cr2=100 leri-cr3=100,leri-cr1=13 leri-cr2=100 leri-cr3=100,leri-cr1=13 leri-cr2=100 leri-cr3=100,1171Mbit,1171Mbit,1
1790989277.730,leri-cr1=13 leri-cr2=100 leri-cr3=100,leri-cr1=13 leri-cr2=100 leri-cr3=100,leri-cr1=13 leri-cr2=100 leri-cr3=100,1171Mbit,1171Mbit,1
1790989287.780,leri-cr1=13 leri-cr2=100 leri-cr3=100,leri-cr1=13 leri-cr2=100 leri-cr3=100,leri-cr1=13 leri-cr2=100 leri-cr3=100,1171Mbit,1171Mbit,1
1790989297.830,leri-cr1=13 leri-cr2=100 leri-cr3=100,leri-cr1=13 leri-cr2=100 leri-cr3=100,leri-cr1=13 leri-cr2=100 leri-cr3=100,1171Mbit,1171Mbit,1
1790989307.889,leri-cr1=13 leri-cr2=100 leri-cr3=100,leri-cr1=13 leri-cr2=100 leri-cr3=100,leri-cr1=13 leri-cr2=100 leri-cr3=100,1171Mbit,1171Mbit,1
1790989317.938,leri-cr1=13 leri-cr2=100 leri-cr3=100,leri-cr1=13 leri-cr2=100 leri-cr3=100,leri-cr1=13 leri-cr2=100 leri-cr3=100,1171Mbit,1171Mbit,1
1790989328.254,leri-cr1=13 leri-cr2=100 leri-cr3=100,leri-cr1=13 leri-cr2=100 leri-cr3=100,leri-cr1=13 leri-cr2=100 leri-cr3=100,1171Mbit,1171Mbit,1
1790989338.310,leri-cr1=13 leri-cr2=100 leri-cr3=100,leri-cr1=13 leri-cr2=100 leri-cr3=100,leri-cr1=13 leri-cr2=100 leri-cr3=100,1171Mbit,1171Mbit,1
1790989348.361,leri-cr1=13 leri-cr2=100 leri-cr3=100,leri-cr1=13 leri-cr2=100 leri-cr3=100,leri-cr1=13 leri-cr2=100 leri-cr3=100,1171Mbit,1171Mbit,1
1790989358.407,leri-cr1=13 leri-cr2=100 leri-cr3=100,leri-cr1=13 leri-cr2=100 leri-cr3=100,leri-cr1=13 leri-cr2=100 leri-cr3=100,1171Mbit,1171Mbit,1
1790989368.464,leri-cr1=13 leri-cr2=100 leri-cr3=100,leri-cr1=13 leri-cr2=100 leri-cr3=100,leri-cr1=13 leri-cr2=100 leri-cr3=100,1171Mbit,1171Mbit,1
1790989378.512,leri-cr1=13 leri-cr2=100 leri-cr3=100,leri-cr1=13 leri-cr2=100 leri-cr3=100,leri-cr1=13 leri-cr2=100 leri-cr3=100,1171Mbit,1171Mbit,1
1790989388.806,leri-cr1=13 leri-cr2=100 leri-cr3=100,leri-cr1=13 leri-cr2=100 leri-cr3=100,leri-cr1=13 leri-cr2=100 leri-cr3=100,1171Mbit,1171Mbit,1
1790989398.883,leri-cr1=13 leri-cr2=100 leri-cr3=100,leri-cr1=13 leri-cr2=100 leri-cr3=100,leri-cr1=13 leri-cr2=100 leri-cr3=100,1171Mbit,1171Mbit,0
1790989408.958,leri-cr1=13 leri-cr2=100 leri-cr3=100,leri-cr1=13 leri-cr2=100 leri-cr3=100,leri-cr1=13 leri-cr2=100 leri-cr3=100,1171Mbit,1171Mbit,0
1790989419.032,leri-cr1=13 leri-cr2=100 leri-cr3=100,leri-cr1=13 leri-cr2=100 leri-cr3=100,leri-cr1=13 leri-cr2=100 leri-cr3=100,1171Mbit,1171Mbit,0
1790989429.103,leri-cr1=13 leri-cr2=100 leri-cr3=100,leri-cr1=13 leri-cr2=100 leri-cr3=100,leri-cr1=13 leri-cr2=100 leri-cr3=100,1171Mbit,1171Mbit,0
1790989439.178,leri-cr1=13 leri-cr2=100 leri-cr3=100,leri-cr1=13 leri-cr2=100 leri-cr3=100,leri-cr1=13 leri-cr2=100 leri-cr3=100,1171Mbit,1171Mbit,0
1790989449.540,leri-cr1=13 leri-cr2=100 leri-cr3=100,leri-cr1=13 leri-cr2=100 leri-cr3=100,leri-cr1=13 leri-cr2=100 leri-cr3=100,1171Mbit,1171Mbit,0
1790989459.614,leri-cr1=13 leri-cr2=100 leri-cr3=100,leri-cr1=13 leri-cr2=100 leri-cr3=100,leri-cr1=13 leri-cr2=100 leri-cr3=100,1171Mbit,1171Mbit,0
1790989469.692,leri-cr1=13 leri-cr2=100 leri-cr3=100,leri-cr1=13 leri-cr2=100 leri-cr3=100,leri-cr1=13 leri-cr2=100 leri-cr3=100,1171Mbit,1171Mbit,0
1790989479.798,leri-cr1=13 leri-cr2=100 leri-cr3=100,leri-cr1=13 leri-cr2=100 leri-cr3=100,leri-cr1=13 leri-cr2=100 leri-cr3=100,1171Mbit,1171Mbit,0
1790989489.875,leri-cr1=13 leri-cr2=100 leri-cr3=100,leri-cr1=13 leri-cr2=100 leri-cr3=100,leri-cr1=13 leri-cr2=100 leri-cr3=100,1171Mbit,1171Mbit,0
1790989499.947,leri-cr1=13 leri-cr2=100 leri-cr3=100,leri-cr1=13 leri-cr2=100 leri-cr3=100,leri-cr1=13 leri-cr2=100 leri-cr3=100,1171Mbit,1171Mbit,0
1790989510.361,leri-cr1=13 leri-cr2=100 leri-cr3=100,leri-cr1=13 leri-cr2=100 leri-cr3=100,leri-cr1=13 leri-cr2=100 leri-cr3=100,1171Mbit,1171Mbit,0
1790989520.437,leri-cr1=13 leri-cr2=100 leri-cr3=100,leri-cr1=13 leri-cr2=100 leri-cr3=100,leri-cr1=13 leri-cr2=100 leri-cr3=100,1171Mbit,1171Mbit,0
1790989530.493,leri-cr1=13 leri-cr2=100 leri-cr3=100,leri-cr1=13 leri-cr2=100 leri-cr3=100,leri-cr1=13 leri-cr2=100 leri-cr3=100,1171Mbit,1171Mbit,0
1790989540.571,leri-cr1=13 leri-cr2=100 leri-cr3=100,leri-cr1=13 leri-cr2=100 leri-cr3=100,leri-cr1=13 leri-cr2=100 leri-cr3=100,1171Mbit,1171Mbit,1
1790989550.624,leri-cr1=13 leri-cr2=100 leri-cr3=100,leri-cr1=13 leri-cr2=100 leri-cr3=100,leri-cr1=13 leri-cr2=100 leri-cr3=100,1171Mbit,1171Mbit,1
1790989560.676,leri-cr1=13 leri-cr2=100 leri-cr3=100,leri-cr1=13 leri-cr2=100 leri-cr3=100,leri-cr1=13 leri-cr2=100 leri-cr3=100,1171Mbit,1171Mbit,1
1790989570.964,leri-cr1=13 leri-cr2=100 leri-cr3=100,leri-cr1=13 leri-cr2=100 leri-cr3=100,leri-cr1=13 leri-cr2=100 leri-cr3=100,1171Mbit,1171Mbit,1
1790989581.020,leri-cr1=13 leri-cr2=100 leri-cr3=100,leri-cr1=13 leri-cr2=100 leri-cr3=100,leri-cr1=13 leri-cr2=100 leri-cr3=100,1171Mbit,1171Mbit,1
1790989591.072,leri-cr1=13 leri-cr2=100 leri-cr3=100,leri-cr1=13 leri-cr2=100 leri-cr3=100,leri-cr1=13 leri-cr2=100 leri-cr3=100,1171Mbit,1171Mbit,1
1790989601.127,leri-cr1=13 leri-cr2=100 leri-cr3=100,leri-cr1=13 leri-cr2=100 leri-cr3=100,leri-cr1=13 leri-cr2=100 leri-cr3=100,1171Mbit,1171Mbit,1
1790989611.181,leri-cr1=13 leri-cr2=100 leri-cr3=100,leri-cr1=13 leri-cr2=100 leri-cr3=100,leri-cr1=13 leri-cr2=100 leri-cr3=100,1171Mbit,1171Mbit,1
1790989621.236,leri-cr1=13 leri-cr2=100 leri-cr3=100,leri-cr1=13 leri-cr2=100 leri-cr3=100,leri-cr1=13 leri-cr2=100 leri-cr3=100,1171Mbit,1171Mbit,1
1790989631.516,leri-cr1=13 leri-cr2=100 leri-cr3=100,leri-cr1=13 leri-cr2=100 leri-cr3=100,leri-cr1=13 leri-cr2=100 leri-cr3=100,1171Mbit,1171Mbit,1
1790989641.574,leri-cr1=13 leri-cr2=100 leri-cr3=100,leri-cr1=13 leri-cr2=100 leri-cr3=100,leri-cr1=13 leri-cr2=100 leri-cr3=100,1171Mbit,1171Mbit,1
1790989651.627,leri-cr1=13 leri-cr2=100 leri-cr3=100,leri-cr1=13 leri-cr2=100 leri-cr3=100,leri-cr1=13 leri-cr2=100 leri-cr3=100,1171Mbit,1171Mbit,1
1790989661.685,leri-cr1=13 leri-cr2=100 leri-cr3=100,leri-cr1=13 leri-cr2=100 leri-cr3=100,leri-cr1=13 leri-cr2=100 leri-cr3=100,1171Mbit,1171Mbit,1
1790989671.746,leri-cr1=13 leri-cr2=100 leri-cr3=100,leri-cr1=13 leri-cr2=100 leri-cr3=100,leri-cr1=13 leri-cr2=100 leri-cr3=100,1171Mbit,1171Mbit,1
1790989681.795,leri-cr1=13 leri-cr2=100 leri-cr3=100,leri-cr1=13 leri-cr2=100 leri-cr3=100,leri-cr1=13 leri-cr2=100 leri-cr3=100,1171Mbit,1171Mbit,1
1790989692.044,leri-cr1=13 leri-cr2=100 leri-cr3=100,leri-cr1=13 leri-cr2=100 leri-cr3=100,leri-cr1=13 leri-cr2=100 leri-cr3=100,1171Mbit,1171Mbit,1
1790989702.096,leri-cr1=13 leri-cr2=100 leri-cr3=100,leri-cr1=13 leri-cr2=100 leri-cr3=100,leri-cr1=13 leri-cr2=100 leri-cr3=100,1171Mbit,1171Mbit,1
1790989712.146,leri-cr1=13 leri-cr2=100 leri-cr3=100,leri-cr1=13 leri-cr2=100 leri-cr3=100,leri-cr1=13 leri-cr2=100 leri-cr3=100,1171Mbit,1171Mbit,1
1790989722.199,leri-cr1=13 leri-cr2=100 leri-cr3=100,leri-cr1=13 leri-cr2=100 leri-cr3=100,leri-cr1=13 leri-cr2=100 leri-cr3=100,1171Mbit,1171Mbit,1
1790989732.252,leri-cr1=13 leri-cr2=100 leri-cr3=100,leri-cr1=13 leri-cr2=100 leri-cr3=100,leri-cr1=13 leri-cr2=100 leri-cr3=100,1171Mbit,1171Mbit,1
1790989742.305,leri-cr1=13 leri-cr2=100 leri-cr3=100,leri-cr1=13 leri-cr2=100 leri-cr3=100,leri-cr1=13 leri-cr2=100 leri-cr3=100,1171Mbit,1171Mbit,1
1790989752.575,leri-cr1=13 leri-cr2=100 leri-cr3=100,leri-cr1=13 leri-cr2=100 leri-cr3=100,leri-cr1=13 leri-cr2=100 leri-cr3=100,1171Mbit,1171Mbit,1
1790989762.624,leri-cr1=13 leri-cr2=100 leri-cr3=100,leri-cr1=13 leri-cr2=100 leri-cr3=100,leri-cr1=13 leri-cr2=100 leri-cr3=100,1171Mbit,1171Mbit,1
1790989772.675,leri-cr1=13 leri-cr2=100 leri-cr3=100,leri-cr1=13 leri-cr2=100 leri-cr3=100,leri-cr1=13 leri-cr2=100 leri-cr3=100,1171Mbit,1171Mbit,1
1790989782.725,leri-cr1=13 leri-cr2=100 leri-cr3=100,leri-cr1=13 leri-cr2=100 leri-cr3=100,leri-cr1=13 leri-cr2=100 leri-cr3=100,1171Mbit,1171Mbit,1
1790989792.777,leri-cr1=13 leri-cr2=100 leri-cr3=100,leri-cr1=13 leri-cr2=100 leri-cr3=100,leri-cr1=13 leri-cr2=100 leri-cr3=100,1171Mbit,1171Mbit,1
1790989802.830,leri-cr1=13 leri-cr2=100 leri-cr3=100,leri-cr1=13 leri-cr2=100 leri-cr3=100,leri-cr1=13 leri-cr2=100 leri-cr3=100,1171Mbit,1171Mbit,1
1790989813.106,leri-cr1=13 leri-cr2=100 leri-cr3=100,leri-cr1=13 leri-cr2=100 leri-cr3=100,leri-cr1=13 leri-cr2=100 leri-cr3=100,1171Mbit,1171Mbit,1
1790989823.160,leri-cr1=13 leri-cr2=100 leri-cr3=100,leri-cr1=13 leri-cr2=100 leri-cr3=100,leri-cr1=13 leri-cr2=100 leri-cr3=100,1171Mbit,1171Mbit,1
1790989833.210,leri-cr1=13 leri-cr2=100 leri-cr3=100,leri-cr1=13 leri-cr2=100 leri-cr3=100,leri-cr1=13 leri-cr2=100 leri-cr3=100,1171Mbit,1171Mbit,1
1790989843.260,leri-cr1=13 leri-cr2=100 leri-cr3=100,leri-cr1=13 leri-cr2=100 leri-cr3=100,leri-cr1=13 leri-cr2=100 leri-cr3=100,1171Mbit,1171Mbit,1
1790989853.310,leri-cr1=13 leri-cr2=100 leri-cr3=100,leri-cr1=13 leri-cr2=100 leri-cr3=100,leri-cr1=13 leri-cr2=100 leri-cr3=100,1171Mbit,1171Mbit,1
1790989863.368,leri-cr1=13 leri-cr2=100 leri-cr3=100,leri-cr1=13 leri-cr2=100 leri-cr3=100,leri-cr1=13 leri-cr2=100 leri-cr3=100,1171Mbit,1171Mbit,1
1790989873.630,leri-cr1=13 leri-cr2=100 leri-cr3=100,leri-cr1=13 leri-cr2=100 leri-cr3=100,leri-cr1=13 leri-cr2=100 leri-cr3=100,1171Mbit,1171Mbit,1
1790989883.684,leri-cr1=13 leri-cr2=100 leri-cr3=100,leri-cr1=13 leri-cr2=100 leri-cr3=100,leri-cr1=13 leri-cr2=100 leri-cr3=100,1171Mbit,1171Mbit,1
1790989893.731,leri-cr1=13 leri-cr2=100 leri-cr3=100,leri-cr1=13 leri-cr2=100 leri-cr3=100,leri-cr1=13 leri-cr2=100 leri-cr3=100,1171Mbit,1171Mbit,1
1790989903.784,leri-cr1=13 leri-cr2=100 leri-cr3=100,leri-cr1=13 leri-cr2=100 leri-cr3=100,leri-cr1=13 leri-cr2=100 leri-cr3=100,1171Mbit,1171Mbit,1
1790989913.833,leri-cr1=13 leri-cr2=100 leri-cr3=100,leri-cr1=13 leri-cr2=100 leri-cr3=100,leri-cr1=13 leri-cr2=100 leri-cr3=100,1171Mbit,1171Mbit,1
1790989923.889,leri-cr1=13 leri-cr2=100 leri-cr3=100,leri-cr1=13 leri-cr2=100 leri-cr3=100,leri-cr1=13 leri-cr2=100 leri-cr3=100,1171Mbit,1171Mbit,1
1790989934.118,leri-cr1=13 leri-cr2=100 leri-cr3=100,leri-cr1=13 leri-cr2=100 leri-cr3=100,leri-cr1=13 leri-cr2=100 leri-cr3=100,1171Mbit,1171Mbit,1
1790989944.171,leri-cr1=13 leri-cr2=100 leri-cr3=100,leri-cr1=13 leri-cr2=100 leri-cr3=100,leri-cr1=13 leri-cr2=100 leri-cr3=100,1171Mbit,1171Mbit,1
1790989954.216,leri-cr1=13 leri-cr2=100 leri-cr3=100,leri-cr1=13 leri-cr2=100 leri-cr3=100,leri-cr1=13 leri-cr2=100 leri-cr3=100,1171Mbit,1171Mbit,1
1790989964.266,leri-cr1=13 leri-cr2=100 leri-cr3=100,leri-cr1=13 leri-cr2=100 leri-cr3=100,leri-cr1=13 leri-cr2=100 leri-cr3=100,1171Mbit,1171Mbit,1
1790989974.318,leri-cr1=13 leri-cr2=100 leri-cr3=100,leri-cr1=13 leri-cr2=100 leri-cr3=100,leri-cr1=13 leri-cr2=100 leri-cr3=100,1171Mbit,1171Mbit,1
1790989984.375,leri-cr1=13 leri-cr2=100 leri-cr3=100,leri-cr1=13 leri-cr2=100 leri-cr3=100,leri-cr1=13 leri-cr2=100 leri-cr3=100,1171Mbit,1171Mbit,1
1790989994.655,leri-cr1=13 leri-cr2=100 leri-cr3=100,leri-cr1=13 leri-cr2=100 leri-cr3=100,leri-cr1=13 leri-cr2=100 leri-cr3=100,1171Mbit,1171Mbit,1
1790990004.706,leri-cr1=13 leri-cr2=100 leri-cr3=100,leri-cr1=13 leri-cr2=100 leri-cr3=100,leri-cr1=13 leri-cr2=100 leri-cr3=100,1171Mbit,1171Mbit,1
1790990014.755,leri-cr1=13 leri-cr2=100 leri-cr3=100,leri-cr1=13 leri-cr2=100 leri-cr3=100,leri-cr1=13 leri-cr2=100 leri-cr3=100,1171Mbit,1171Mbit,1
1790990024.806,leri-cr1=13 leri-cr2=100 leri-cr3=100,leri-cr1=13 leri-cr2=100 leri-cr3=100,leri-cr1=13 leri-cr2=100 leri-cr3=100,1171Mbit,1171Mbit,1
1790990034.858,leri-cr1=13 leri-cr2=100 leri-cr3=100,leri-cr1=13 leri-cr2=100 leri-cr3=100,leri-cr1=13 leri-cr2=100 leri-cr3=100,1171Mbit,1171Mbit,1
1790990044.909,leri-cr1=13 leri-cr2=100 leri-cr3=100,leri-cr1=13 leri-cr2=100 leri-cr3=100,leri-cr1=13 leri-cr2=100 leri-cr3=100,1171Mbit,1171Mbit,1
1790990055.176,leri-cr1=13 leri-cr2=100 leri-cr3=100,leri-cr1=13 leri-cr2=100 leri-cr3=100,leri-cr1=13 leri-cr2=100 leri-cr3=100,1171Mbit,1171Mbit,1
1790990065.222,leri-cr1=13 leri-cr2=100 leri-cr3=100,leri-cr1=13 leri-cr2=100 leri-cr3=100,leri-cr1=13 leri-cr2=100 leri-cr3=100,1171Mbit,1171Mbit,1
1790990075.271,leri-cr1=13 leri-cr2=100 leri-cr3=100,leri-cr1=13 leri-cr2=100 leri-cr3=100,leri-cr1=13 leri-cr2=100 leri-cr3=100,1171Mbit,1171Mbit,1
1790990085.325,leri-cr1=13 leri-cr2=100 leri-cr3=100,leri-cr1=13 leri-cr2=100 leri-cr3=100,leri-cr1=13 leri-cr2=100 leri-cr3=100,1171Mbit,1171Mbit,1
1790990095.383,leri-cr1=13 leri-cr2=100 leri-cr3=100,leri-cr1=13 leri-cr2=100 leri-cr3=100,leri-cr1=13 leri-cr2=100 leri-cr3=100,1171Mbit,1171Mbit,1
1790990105.440,leri-cr1=13 leri-cr2=100 leri-cr3=100,leri-cr1=13 leri-cr2=100 leri-cr3=100,leri-cr1=13 leri-cr2=100 leri-cr3=100,1171Mbit,1171Mbit,1
1790990115.691,leri-cr1=13 leri-cr2=100 leri-cr3=100,leri-cr1=13 leri-cr2=100 leri-cr3=100,leri-cr1=13 leri-cr2=100 leri-cr3=100,1171Mbit,1171Mbit,1
1790990125.744,leri-cr1=13 leri-cr2=100 leri-cr3=100,leri-cr1=13 leri-cr2=100 leri-cr3=100,leri-cr1=13 leri-cr2=100 leri-cr3=100,1171Mbit,1171Mbit,1
1790990135.792,leri-cr1=13 leri-cr2=100 leri-cr3=100,leri-cr1=13 leri-cr2=100 leri-cr3=100,leri-cr1=13 leri-cr2=100 leri-cr3=100,1171Mbit,1171Mbit,1
1790990145.849,leri-cr1=13 leri-cr2=100 leri-cr3=100,leri-cr1=13 leri-cr2=100 leri-cr3=100,leri-cr1=13 leri-cr2=100 leri-cr3=100,1171Mbit,1171Mbit,1
1790990155.902,leri-cr1=13 leri-cr2=100 leri-cr3=100,leri-cr1=13 leri-cr2=100 leri-cr3=100,leri-cr1=13 leri-cr2=100 leri-cr3=100,1171Mbit,1171Mbit,1
1790990165.961,leri-cr1=13 leri-cr2=100 leri-cr3=100,leri-cr1=13 leri-cr2=100 leri-cr3=100,leri-cr1=13 leri-cr2=100 leri-cr3=100,1171Mbit,1171Mbit,1
1790990176.238,leri-cr1=13 leri-cr2=100 leri-cr3=100,leri-cr1=13 leri-cr2=100 leri-cr3=100,leri-cr1=13 leri-cr2=100 leri-cr3=100,1171Mbit,1171Mbit,1
1790990186.292,leri-cr1=13 leri-cr2=100 leri-cr3=100,leri-cr1=13 leri-cr2=100 leri-cr3=100,leri-cr1=13 leri-cr2=100 leri-cr3=100,1171Mbit,1171Mbit,1
1790990196.341,leri-cr1=13 leri-cr2=100 leri-cr3=100,leri-cr1=13 leri-cr2=100 leri-cr3=100,leri-cr1=13 leri-cr2=100 leri-cr3=100,1171Mbit,1171Mbit,1
1790990206.391,leri-cr1=13 leri-cr2=100 leri-cr3=100,leri-cr1=13 leri-cr2=100 leri-cr3=100,leri-cr1=13 leri-cr2=100 leri-cr3=100,1171Mbit,1171Mbit,1
1790990216.440,leri-cr1=13 leri-cr2=100 leri-cr3=100,leri-cr1=13 leri-cr2=100 leri-cr3=100,leri-cr1=13 leri-cr2=100 leri-cr3=100,1171Mbit,1171Mbit,1
1790990226.495,leri-cr1=13 leri-cr2=100 leri-cr3=100,leri-cr1=13 leri-cr2=100 leri-cr3=100,leri-cr1=13 leri-cr2=100 leri-cr3=100,1171Mbit,1171Mbit,1
1790990236.749,leri-cr1=13 leri-cr2=100 leri-cr3=100,leri-cr1=13 leri-cr2=100 leri-cr3=100,leri-cr1=13 leri-cr2=100 leri-cr3=100,1171Mbit,1171Mbit,1
1790990246.799,leri-cr1=13 leri-cr2=100 leri-cr3=100,leri-cr1=13 leri-cr2=100 leri-cr3=100,leri-cr1=13 leri-cr2=100 leri-cr3=100,1171Mbit,1171Mbit,1
1790990256.895,leri-cr1=13 leri-cr2=100 leri-cr3=100,leri-cr1=13 leri-cr2=100 leri-cr3=100,leri-cr1=13 leri-cr2=100 leri-cr3=100,1171Mbit,1171Mbit,1
1790990266.950,leri-cr1=13 leri-cr2=100 leri-cr3=100,leri-cr1=13 leri-cr2=100 leri-cr3=100,leri-cr1=13 leri-cr2=100 leri-cr3=100,1171Mbit,1171Mbit,1
1790990277.020,leri-cr1=13 leri-cr2=100 leri-cr3=100,leri-cr1=13 leri-cr2=100 leri-cr3=100,leri-cr1=13 leri-cr2=100 leri-cr3=100,1171Mbit,1171Mbit,1
1790990287.075,leri-cr1=13 leri-cr2=100 leri-cr3=100,leri-cr1=13 leri-cr2=100 leri-cr3=100,leri-cr1=13 leri-cr2=100 leri-cr3=100,1171Mbit,1171Mbit,1
1790990297.364,leri-cr1=13 leri-cr2=100 leri-cr3=100,leri-cr1=13 leri-cr2=100 leri-cr3=100,leri-cr1=13 leri-cr2=100 leri-cr3=100,1171Mbit,1171Mbit,1
1790990307.414,leri-cr1=13 leri-cr2=100 leri-cr3=100,leri-cr1=13 leri-cr2=100 leri-cr3=100,leri-cr1=13 leri-cr2=100 leri-cr3=100,1171Mbit,1171Mbit,1
1790990317.465,leri-cr1=13 leri-cr2=100 leri-cr3=100,leri-cr1=13 leri-cr2=100 leri-cr3=100,leri-cr1=13 leri-cr2=100 leri-cr3=100,1171Mbit,1171Mbit,1
1790990327.515,leri-cr1=13 leri-cr2=100 leri-cr3=100,leri-cr1=13 leri-cr2=100 leri-cr3=100,leri-cr1=13 leri-cr2=100 leri-cr3=100,1171Mbit,1171Mbit,1
1790990337.559,leri-cr1=13 leri-cr2=100 leri-cr3=100,leri-cr1=13 leri-cr2=100 leri-cr3=100,leri-cr1=13 leri-cr2=100 leri-cr3=100,1171Mbit,1171Mbit,1
1790990347.610,leri-cr1=13 leri-cr2=100 leri-cr3=100,leri-cr1=13 leri-cr2=100 leri-cr3=100,leri-cr1=13 leri-cr2=100 leri-cr3=100,1171Mbit,1171Mbit,1
1790990357.876,leri-cr1=13 leri-cr2=100 leri-cr3=100,leri-cr1=13 leri-cr2=100 leri-cr3=100,leri-cr1=13 leri-cr2=100 leri-cr3=100,1171Mbit,1171Mbit,1
1790990367.930,leri-cr1=13 leri-cr2=100 leri-cr3=100,leri-cr1=13 leri-cr2=100 leri-cr3=100,leri-cr1=13 leri-cr2=100 leri-cr3=100,1171Mbit,1171Mbit,1
1790990377.982,leri-cr1=13 leri-cr2=100 leri-cr3=100,leri-cr1=13 leri-cr2=100 leri-cr3=100,leri-cr1=13 leri-cr2=100 leri-cr3=100,1171Mbit,1171Mbit,1
1790990388.029,leri-cr1=13 leri-cr2=100 leri-cr3=100,leri-cr1=13 leri-cr2=100 leri-cr3=100,leri-cr1=13 leri-cr2=100 leri-cr3=100,1171Mbit,1171Mbit,1
1790990398.089,leri-cr1=13 leri-cr2=100 leri-cr3=100,leri-cr1=13 leri-cr2=100 leri-cr3=100,leri-cr1=13 leri-cr2=100 leri-cr3=100,1171Mbit,1171Mbit,1
1790990408.161,leri-cr1=13 leri-cr2=100 leri-cr3=100,leri-cr1=13 leri-cr2=100 leri-cr3=100,leri-cr1=13 leri-cr2=100 leri-cr3=100,1171Mbit,1171Mbit,1
1790990418.430,leri-cr1=13 leri-cr2=100 leri-cr3=100,leri-cr1=13 leri-cr2=100 leri-cr3=100,leri-cr1=13 leri-cr2=100 leri-cr3=100,1171Mbit,1171Mbit,1
1790990428.494,leri-cr1=13 leri-cr2=100 leri-cr3=100,leri-cr1=13 leri-cr2=100 leri-cr3=100,leri-cr1=13 leri-cr2=100 leri-cr3=100,1171Mbit,1171Mbit,1
1790990438.547,leri-cr1=13 leri-cr2=100 leri-cr3=100,leri-cr1=13 leri-cr2=100 leri-cr3=100,leri-cr1=13 leri-cr2=100 leri-cr3=100,1171Mbit,1171Mbit,1
1790990448.598,leri-cr1=13 leri-cr2=100 leri-cr3=100,leri-cr1=13 leri-cr2=100 leri-cr3=100,leri-cr1=13 leri-cr2=100 leri-cr3=100,1171Mbit,1171Mbit,1
1790990458.654,leri-cr1=13 leri-cr2=100 leri-cr3=100,leri-cr1=13 leri-cr2=100 leri-cr3=100,leri-cr1=13 leri-cr2=100 leri-cr3=100,1171Mbit,1171Mbit,1
1790990468.705,leri-cr1=13 leri-cr2=100 leri-cr3=100,leri-cr1=13 leri-cr2=100 leri-cr3=100,leri-cr1=13 leri-cr2=100 leri-cr3=100,1171Mbit,1171Mbit,1
1790990479.012,leri-cr1=13 leri-cr2=100 leri-cr3=100,leri-cr1=13 leri-cr2=100 leri-cr3=100,leri-cr1=13 leri-cr2=100 leri-cr3=100,1171Mbit,1171Mbit,1
1790990489.066,leri-cr1=13 leri-cr2=100 leri-cr3=100,leri-cr1=13 leri-cr2=100 leri-cr3=100,leri-cr1=13 leri-cr2=100 leri-cr3=100,1171Mbit,1171Mbit,1
1790990499.117,leri-cr1=13 leri-cr2=100 leri-cr3=100,leri-cr1=13 leri-cr2=100 leri-cr3=100,leri-cr1=13 leri-cr2=100 leri-cr3=100,1171Mbit,1171Mbit,1
1790990509.173,leri-cr1=13 leri-cr2=100 leri-cr3=100,leri-cr1=13 leri-cr2=100 leri-cr3=100,leri-cr1=13 leri-cr2=100 leri-cr3=100,1171Mbit,1171Mbit,1
1790990519.227,leri-cr1=13 leri-cr2=100 leri-cr3=100,leri-cr1=13 leri-cr2=100 leri-cr3=100,leri-cr1=13 leri-cr2=100 leri-cr3=100,1171Mbit,1171Mbit,1
1790990529.531,leri-cr1=13 leri-cr2=100 leri-cr3=100,leri-cr1=13 leri-cr2=100 leri-cr3=100,leri-cr1=13 leri-cr2=100 leri-cr3=100,1171Mbit,1171Mbit,1
1790990539.582,leri-cr1=13 leri-cr2=100 leri-cr3=100,leri-cr1=13 leri-cr2=100 leri-cr3=100,leri-cr1=13 leri-cr2=100 leri-cr3=100,1171Mbit,1171Mbit,1
1790990549.632,leri-cr1=13 leri-cr2=100 leri-cr3=100,leri-cr1=13 leri-cr2=100 leri-cr3=100,leri-cr1=13 leri-cr2=100 leri-cr3=100,1171Mbit,1171Mbit,1
1790990559.686,leri-cr1=13 leri-cr2=100 leri-cr3=100,leri-cr1=13 leri-cr2=100 leri-cr3=100,leri-cr1=13 leri-cr2=100 leri-cr3=100,1171Mbit,1171Mbit,1
1790990569.738,leri-cr1=13 leri-cr2=100 leri-cr3=100,leri-cr1=13 leri-cr2=100 leri-cr3=100,leri-cr1=13 leri-cr2=100 leri-cr3=100,1171Mbit,1171Mbit,1
1790990579.790,leri-cr1=13 leri-cr2=100 leri-cr3=100,leri-cr1=13 leri-cr2=100 leri-cr3=100,leri-cr1=13 leri-cr2=100 leri-cr3=100,1171Mbit,1171Mbit,1
1790990590.078,leri-cr1=13 leri-cr2=100 leri-cr3=100,leri-cr1=13 leri-cr2=100 leri-cr3=100,leri-cr1=13 leri-cr2=100 leri-cr3=100,1171Mbit,1171Mbit,1
1790990600.131,leri-cr1=13 leri-cr2=100 leri-cr3=100,leri-cr1=13 leri-cr2=100 leri-cr3=100,leri-cr1=13 leri-cr2=100 leri-cr3=100,1171Mbit,1171Mbit,1
1790990610.178,leri-cr1=13 leri-cr2=100 leri-cr3=100,leri-cr1=13 leri-cr2=100 leri-cr3=100,leri-cr1=13 leri-cr2=100 leri-cr3=100,1171Mbit,1171Mbit,1
1790990620.230,leri-cr1=13 leri-cr2=100 leri-cr3=100,leri-cr1=13 leri-cr2=100 leri-cr3=100,leri-cr1=13 leri-cr2=100 leri-cr3=100,1171Mbit,1171Mbit,1
1790990630.281,leri-cr1=13 leri-cr2=100 leri-cr3=100,leri-cr1=13 leri-cr2=100 leri-cr3=100,leri-cr1=13 leri-cr2=100 leri-cr3=100,1171Mbit,1171Mbit,1
1790990640.336,leri-cr1=13 leri-cr2=100 leri-cr3=100,leri-cr1=13 leri-cr2=100 leri-cr3=100,leri-cr1=13 leri-cr2=100 leri-cr3=100,1171Mbit,1171Mbit,1
1790990650.616,leri-cr1=13 leri-cr2=100 leri-cr3=100,leri-cr1=13 leri-cr2=100 leri-cr3=100,leri-cr1=13 leri-cr2=100 leri-cr3=100,1171Mbit,1171Mbit,1
1790990660.664,leri-cr1=13 leri-cr2=100 leri-cr3=100,leri-cr1=13 leri-cr2=100 leri-cr3=100,leri-cr1=13 leri-cr2=100 leri-cr3=100,1171Mbit,1171Mbit,1
1790990670.721,leri-cr1=13 leri-cr2=100 leri-cr3=100,leri-cr1=13 leri-cr2=100 leri-cr3=100,leri-cr1=13 leri-cr2=100 leri-cr3=100,1171Mbit,1171Mbit,1
1790990680.774,leri-cr1=13 leri-cr2=100 leri-cr3=100,leri-cr1=13 leri-cr2=100 leri-cr3=100,leri-cr1=13 leri-cr2=100 leri-cr3=100,1171Mbit,1171Mbit,1
1790990690.828,leri-cr1=13 leri-cr2=100 leri-cr3=100,leri-cr1=13 leri-cr2=100 leri-cr3=100,leri-cr1=13 leri-cr2=100 leri-cr3=100,1171Mbit,1171Mbit,1
1790990700.890,leri-cr1=13 leri-cr2=100 leri-cr3=100,leri-cr1=13 leri-cr2=100 leri-cr3=100,leri-cr1=13 leri-cr2=100 leri-cr3=100,1171Mbit,1171Mbit,1
1790990711.174,leri-cr1=13 leri-cr2=100 leri-cr3=100,leri-cr1=13 leri-cr2=100 leri-cr3=100,leri-cr1=13 leri-cr2=100 leri-cr3=100,1171Mbit,1171Mbit,1
1790990721.229,leri-cr1=13 leri-cr2=100 leri-cr3=100,leri-cr1=13 leri-cr2=100 leri-cr3=100,leri-cr1=13 leri-cr2=100 leri-cr3=100,1171Mbit,1171Mbit,1
1790990731.283,leri-cr1=13 leri-cr2=100 leri-cr3=100,leri-cr1=13 leri-cr2=100 leri-cr3=100,leri-cr1=13 leri-cr2=100 leri-cr3=100,1171Mbit,1171Mbit,1
1790990741.334,leri-cr1=13 leri-cr2=100 leri-cr3=100,leri-cr1=13 leri-cr2=100 leri-cr3=100,leri-cr1=13 leri-cr2=100 leri-cr3=100,1171Mbit,1171Mbit,1
1790990751.392,leri-cr1=13 leri-cr2=100 leri-cr3=100,leri-cr1=13 leri-cr2=100 leri-cr3=100,leri-cr1=13 leri-cr2=100 leri-cr3=100,1171Mbit,1171Mbit,1
1790990761.454,leri-cr1=13 leri-cr2=100 leri-cr3=100,leri-cr1=13 leri-cr2=100 leri-cr3=100,leri-cr1=13 leri-cr2=100 leri-cr3=100,1171Mbit,1171Mbit,1
1790990771.726,leri-cr1=13 leri-cr2=100 leri-cr3=100,leri-cr1=13 leri-cr2=100 leri-cr3=100,leri-cr1=13 leri-cr2=100 leri-cr3=100,1171Mbit,1171Mbit,1
1790990781.778,leri-cr1=13 leri-cr2=100 leri-cr3=100,leri-cr1=13 leri-cr2=100 leri-cr3=100,leri-cr1=13 leri-cr2=100 leri-cr3=100,1171Mbit,1171Mbit,1
1790990791.830,leri-cr1=13 leri-cr2=100 leri-cr3=100,leri-cr1=13 leri-cr2=100 leri-cr3=100,leri-cr1=13 leri-cr2=100 leri-cr3=100,1171Mbit,1171Mbit,1
1790990801.884,leri-cr1=13 leri-cr2=100 leri-cr3=100,leri-cr1=13 leri-cr2=100 leri-cr3=100,leri-cr1=13 leri-cr2=100 leri-cr3=100,1171Mbit,1171Mbit,1
1790990811.927,leri-cr1=13 leri-cr2=100 leri-cr3=100,leri-cr1=13 leri-cr2=100 leri-cr3=100,leri-cr1=13 leri-cr2=100 leri-cr3=100,1171Mbit,1171Mbit,1
1790990821.975,leri-cr1=13 leri-cr2=100 leri-cr3=100,leri-cr1=13 leri-cr2=100 leri-cr3=100,leri-cr1=13 leri-cr2=100 leri-cr3=100,1171Mbit,1171Mbit,1
1790990832.234,leri-cr1=13 leri-cr2=100 leri-cr3=100,leri-cr1=13 leri-cr2=100 leri-cr3=100,leri-cr1=13 leri-cr2=100 leri-cr3=100,1171Mbit,1171Mbit,1
1790990842.287,leri-cr1=13 leri-cr2=100 leri-cr3=100,leri-cr1=13 leri-cr2=100 leri-cr3=100,leri-cr1=13 leri-cr2=100 leri-cr3=100,1171Mbit,1171Mbit,1
1790990852.338,leri-cr1=13 leri-cr2=100 leri-cr3=100,leri-cr1=13 leri-cr2=100 leri-cr3=100,leri-cr1=13 leri-cr2=100 leri-cr3=100,1171Mbit,1171Mbit,1
1790990862.396,leri-cr1=13 leri-cr2=100 leri-cr3=100,leri-cr1=13 leri-cr2=100 leri-cr3=100,leri-cr1=13 leri-cr2=100 leri-cr3=100,1171Mbit,1171Mbit,1
1790990872.443,leri-cr1=13 leri-cr2=100 leri-cr3=100,leri-cr1=13 leri-cr2=100 leri-cr3=100,leri-cr1=13 leri-cr2=100 leri-cr3=100,1171Mbit,1171Mbit,1
1790990882.492,leri-cr1=13 leri-cr2=100 leri-cr3=100,leri-cr1=13 leri-cr2=100 leri-cr3=100,leri-cr1=13 leri-cr2=100 leri-cr3=100,1171Mbit,1171Mbit,1
1790990892.756,leri-cr1=13 leri-cr2=100 leri-cr3=100,leri-cr1=13 leri-cr2=100 leri-cr3=100,leri-cr1=13 leri-cr2=100 leri-cr3=100,1171Mbit,1171Mbit,1
1790990902.809,leri-cr1=13 leri-cr2=100 leri-cr3=100,leri-cr1=13 leri-cr2=100 leri-cr3=100,leri-cr1=13 leri-cr2=100 leri-cr3=100,1171Mbit,1171Mbit,1
1790990912.861,leri-cr1=13 leri-cr2=100 leri-cr3=100,leri-cr1=13 leri-cr2=100 leri-cr3=100,leri-cr1=13 leri-cr2=100 leri-cr3=100,1171Mbit,1171Mbit,1
1790990922.911,leri-cr1=13 leri-cr2=100 leri-cr3=100,leri-cr1=13 leri-cr2=100 leri-cr3=100,leri-cr1=13 leri-cr2=100 leri-cr3=100,1171Mbit,1171Mbit,1
1790990932.958,leri-cr1=13 leri-cr2=100 leri-cr3=100,leri-cr1=13 leri-cr2=100 leri-cr3=100,leri-cr1=13 leri-cr2=100 leri-cr3=100,1171Mbit,1171Mbit,1
1790990943.008,leri-cr1=13 leri-cr2=100 leri-cr3=100,leri-cr1=13 leri-cr2=100 leri-cr3=100,leri-cr1=13 leri-cr2=100 leri-cr3=100,1171Mbit,1171Mbit,1
1790990953.315,leri-cr1=13 leri-cr2=100 leri-cr3=100,leri-cr1=13 leri-cr2=100 leri-cr3=100,leri-cr1=13 leri-cr2=100 leri-cr3=100,1171Mbit,1171Mbit,1
1790990963.364,leri-cr1=13 leri-cr2=100 leri-cr3=100,leri-cr1=13 leri-cr2=100 leri-cr3=100,leri-cr1=13 leri-cr2=100 leri-cr3=100,1171Mbit,1171Mbit,1
1790990973.414,leri-cr1=13 leri-cr2=100 leri-cr3=100,leri-cr1=13 leri-cr2=100 leri-cr3=100,leri-cr1=13 leri-cr2=100 leri-cr3=100,1171Mbit,1171Mbit,1
1790990983.459,leri-cr1=13 leri-cr2=100 leri-cr3=100,leri-cr1=13 leri-cr2=100 leri-cr3=100,leri-cr1=13 leri-cr2=100 leri-cr3=100,1171Mbit,1171Mbit,1
1790990993.514,leri-cr1=13 leri-cr2=100 leri-cr3=100,leri-cr1=13 leri-cr2=100 leri-cr3=100,leri-cr1=13 leri-cr2=100 leri-cr3=100,1171Mbit,1171Mbit,1
1790991003.553,leri-cr1=13 leri-cr2=100 leri-cr3=100,leri-cr1=13 leri-cr2=100 leri-cr3=100,leri-cr1=13 leri-cr2=100 leri-cr3=100,1171Mbit,1171Mbit,1
1790991013.845,leri-cr1=13 leri-cr2=100 leri-cr3=100,leri-cr1=13 leri-cr2=100 leri-cr3=100,leri-cr1=13 leri-cr2=100 leri-cr3=100,1171Mbit,1171Mbit,1
1790991023.888,leri-cr1=13 leri-cr2=100 leri-cr3=100,leri-cr1=13 leri-cr2=100 leri-cr3=100,leri-cr1=13 leri-cr2=100 leri-cr3=100,1171Mbit,1171Mbit,1
1790991033.939,leri-cr1=13 leri-cr2=100 leri-cr3=100,leri-cr1=13 leri-cr2=100 leri-cr3=100,leri-cr1=13 leri-cr2=100 leri-cr3=100,1171Mbit,1171Mbit,1
1790991044.023,leri-cr1=13 leri-cr2=100 leri-cr3=100,leri-cr1=13 leri-cr2=100 leri-cr3=100,leri-cr1=13 leri-cr2=100 leri-cr3=100,1171Mbit,1171Mbit,1
1790991054.074,leri-cr1=13 leri-cr2=100 leri-cr3=100,leri-cr1=13 leri-cr2=100 leri-cr3=100,leri-cr1=13 leri-cr2=100 leri-cr3=100,1171Mbit,1171Mbit,1
1790991064.127,leri-cr1=13 leri-cr2=100 leri-cr3=100,leri-cr1=13 leri-cr2=100 leri-cr3=100,leri-cr1=13 leri-cr2=100 leri-cr3=100,1171Mbit,1171Mbit,1
1790991074.424,leri-cr1=13 leri-cr2=100 leri-cr3=100,leri-cr1=13 leri-cr2=100 leri-cr3=100,leri-cr1=13 leri-cr2=100 leri-cr3=100,1171Mbit,1171Mbit,1
1790991084.478,leri-cr1=13 leri-cr2=100 leri-cr3=100,leri-cr1=13 leri-cr2=100 leri-cr3=100,leri-cr1=13 leri-cr2=100 leri-cr3=100,1171Mbit,1171Mbit,1
1790991094.533,leri-cr1=13 leri-cr2=100 leri-cr3=100,leri-cr1=13 leri-cr2=100 leri-cr3=100,leri-cr1=13 leri-cr2=100 leri-cr3=100,1171Mbit,1171Mbit,1
1790991104.588,leri-cr1=13 leri-cr2=100 leri-cr3=100,leri-cr1=13 leri-cr2=100 leri-cr3=100,leri-cr1=13 leri-cr2=100 leri-cr3=100,1171Mbit,1171Mbit,1
1790991114.645,leri-cr1=13 leri-cr2=100 leri-cr3=100,leri-cr1=13 leri-cr2=100 leri-cr3=100,leri-cr1=13 leri-cr2=100 leri-cr3=100,1171Mbit,1171Mbit,1
1790991124.696,leri-cr1=13 leri-cr2=100 leri-cr3=100,leri-cr1=13 leri-cr2=100 leri-cr3=100,leri-cr1=13 leri-cr2=100 leri-cr3=100,1171Mbit,1171Mbit,1
1790991134.984,leri-cr1=13 leri-cr2=100 leri-cr3=100,leri-cr1=13 leri-cr2=100 leri-cr3=100,leri-cr1=13 leri-cr2=100 leri-cr3=100,1171Mbit,1171Mbit,1
1790991145.043,leri-cr1=13 leri-cr2=100 leri-cr3=100,leri-cr1=13 leri-cr2=100 leri-cr3=100,leri-cr1=13 leri-cr2=100 leri-cr3=100,1171Mbit,1171Mbit,1
1790991155.093,leri-cr1=13 leri-cr2=100 leri-cr3=100,leri-cr1=13 leri-cr2=100 leri-cr3=100,leri-cr1=13 leri-cr2=100 leri-cr3=100,1171Mbit,1171Mbit,1
1790991165.152,leri-cr1=13 leri-cr2=100 leri-cr3=100,leri-cr1=13 leri-cr2=100 leri-cr3=100,leri-cr1=13 leri-cr2=100 leri-cr3=100,1171Mbit,1171Mbit,1
1790991175.206,leri-cr1=13 leri-cr2=100 leri-cr3=100,leri-cr1=13 leri-cr2=100 leri-cr3=100,leri-cr1=13 leri-cr2=100 leri-cr3=100,1171Mbit,1171Mbit,1
1790991185.263,leri-cr1=13 leri-cr2=100 leri-cr3=100,leri-cr1=13 leri-cr2=100 leri-cr3=100,leri-cr1=13 leri-cr2=100 leri-cr3=100,1171Mbit,1171Mbit,1
1790991195.569,leri-cr1=13 leri-cr2=100 leri-cr3=100,leri-cr1=13 leri-cr2=100 leri-cr3=100,leri-cr1=13 leri-cr2=100 leri-cr3=100,1171Mbit,1171Mbit,1
1790991205.651,leri-cr1=13 leri-cr2=100 leri-cr3=100,leri-cr1=13 leri-cr2=100 leri-cr3=100,leri-cr1=13 leri-cr2=100 leri-cr3=100,1171Mbit,1171Mbit,0
1790991215.729,leri-cr1=13 leri-cr2=100 leri-cr3=100,leri-cr1=13 leri-cr2=100 leri-cr3=100,leri-cr1=13 leri-cr2=100 leri-cr3=100,1171Mbit,1171Mbit,0
1790991225.807,leri-cr1=13 leri-cr2=100 leri-cr3=100,leri-cr1=13 leri-cr2=100 leri-cr3=100,leri-cr1=13 leri-cr2=100 leri-cr3=100,1171Mbit,1171Mbit,0
1790991235.883,leri-cr1=13 leri-cr2=100 leri-cr3=100,leri-cr1=13 leri-cr2=100 leri-cr3=100,leri-cr1=13 leri-cr2=100 leri-cr3=100,1171Mbit,1171Mbit,0
1790991245.963,leri-cr1=13 leri-cr2=100 leri-cr3=100,leri-cr1=13 leri-cr2=100 leri-cr3=100,leri-cr1=13 leri-cr2=100 leri-cr3=100,1171Mbit,1171Mbit,0
1790991256.371,leri-cr1=13 leri-cr2=100 leri-cr3=100,leri-cr1=13 leri-cr2=100 leri-cr3=100,leri-cr1=13 leri-cr2=100 leri-cr3=100,1171Mbit,1171Mbit,0
1790991266.450,leri-cr1=13 leri-cr2=100 leri-cr3=100,leri-cr1=13 leri-cr2=100 leri-cr3=100,leri-cr1=13 leri-cr2=100 leri-cr3=100,1171Mbit,1171Mbit,0
1790991276.528,leri-cr1=13 leri-cr2=100 leri-cr3=100,leri-cr1=13 leri-cr2=100 leri-cr3=100,leri-cr1=13 leri-cr2=100 leri-cr3=100,1171Mbit,1171Mbit,0
1790991286.606,leri-cr1=13 leri-cr2=100 leri-cr3=100,leri-cr1=13 leri-cr2=100 leri-cr3=100,leri-cr1=13 leri-cr2=100 leri-cr3=100,1171Mbit,1171Mbit,0
1790991296.684,leri-cr1=13 leri-cr2=100 leri-cr3=100,leri-cr1=13 leri-cr2=100 leri-cr3=100,leri-cr1=13 leri-cr2=100 leri-cr3=100,1171Mbit,1171Mbit,0
1790991306.763,leri-cr1=13 leri-cr2=100 leri-cr3=100,leri-cr1=13 leri-cr2=100 leri-cr3=100,leri-cr1=13 leri-cr2=100 leri-cr3=100,1171Mbit,1171Mbit,0
1790991317.198,leri-cr1=13 leri-cr2=100 leri-cr3=100,leri-cr1=13 leri-cr2=100 leri-cr3=100,leri-cr1=13 leri-cr2=100 leri-cr3=100,1171Mbit,1171Mbit,0
1790991327.254,leri-cr1=13 leri-cr2=100 leri-cr3=100,leri-cr1=13 leri-cr2=100 leri-cr3=100,leri-cr1=13 leri-cr2=100 leri-cr3=100,1171Mbit,1171Mbit,0
1790991337.306,leri-cr1=13 leri-cr2=100 leri-cr3=100,leri-cr1=13 leri-cr2=100 leri-cr3=100,leri-cr1=13 leri-cr2=100 leri-cr3=100,1171Mbit,1171Mbit,1
1790991347.363,leri-cr1=13 leri-cr2=100 leri-cr3=100,leri-cr1=13 leri-cr2=100 leri-cr3=100,leri-cr1=13 leri-cr2=100 leri-cr3=100,1171Mbit,1171Mbit,1
1790991357.425,leri-cr1=13 leri-cr2=100 leri-cr3=100,leri-cr1=13 leri-cr2=100 leri-cr3=100,leri-cr1=13 leri-cr2=100 leri-cr3=100,1171Mbit,1171Mbit,1
1790991367.478,leri-cr1=13 leri-cr2=100 leri-cr3=100,leri-cr1=13 leri-cr2=100 leri-cr3=100,leri-cr1=13 leri-cr2=100 leri-cr3=100,1171Mbit,1171Mbit,1
1790991377.740,leri-cr1=13 leri-cr2=100 leri-cr3=100,leri-cr1=13 leri-cr2=100 leri-cr3=100,leri-cr1=13 leri-cr2=100 leri-cr3=100,1171Mbit,1171Mbit,1
1790991387.794,leri-cr1=13 leri-cr2=100 leri-cr3=100,leri-cr1=13 leri-cr2=100 leri-cr3=100,leri-cr1=13 leri-cr2=100 leri-cr3=100,1171Mbit,1171Mbit,1
1790991397.843,leri-cr1=13 leri-cr2=100 leri-cr3=100,leri-cr1=13 leri-cr2=100 leri-cr3=100,leri-cr1=13 leri-cr2=100 leri-cr3=100,1171Mbit,1171Mbit,1
1790991407.898,leri-cr1=13 leri-cr2=100 leri-cr3=100,leri-cr1=13 leri-cr2=100 leri-cr3=100,leri-cr1=13 leri-cr2=100 leri-cr3=100,1171Mbit,1171Mbit,1
1790991417.954,leri-cr1=13 leri-cr2=100 leri-cr3=100,leri-cr1=13 leri-cr2=100 leri-cr3=100,leri-cr1=13 leri-cr2=100 leri-cr3=100,1171Mbit,1171Mbit,1
1790991428.004,leri-cr1=13 leri-cr2=100 leri-cr3=100,leri-cr1=13 leri-cr2=100 leri-cr3=100,leri-cr1=13 leri-cr2=100 leri-cr3=100,1171Mbit,1171Mbit,1
1790991438.315,leri-cr1=13 leri-cr2=100 leri-cr3=100,leri-cr1=13 leri-cr2=100 leri-cr3=100,leri-cr1=13 leri-cr2=100 leri-cr3=100,1171Mbit,1171Mbit,1
1790991448.366,leri-cr1=13 leri-cr2=100 leri-cr3=100,leri-cr1=13 leri-cr2=100 leri-cr3=100,leri-cr1=13 leri-cr2=100 leri-cr3=100,1171Mbit,1171Mbit,1
1790991458.420,leri-cr1=13 leri-cr2=100 leri-cr3=100,leri-cr1=13 leri-cr2=100 leri-cr3=100,leri-cr1=13 leri-cr2=100 leri-cr3=100,1171Mbit,1171Mbit,1
1790991468.474,leri-cr1=13 leri-cr2=100 leri-cr3=100,leri-cr1=13 leri-cr2=100 leri-cr3=100,leri-cr1=13 leri-cr2=100 leri-cr3=100,1171Mbit,1171Mbit,1
1790991478.526,leri-cr1=13 leri-cr2=100 leri-cr3=100,leri-cr1=13 leri-cr2=100 leri-cr3=100,leri-cr1=13 leri-cr2=100 leri-cr3=100,1171Mbit,1171Mbit,1
1790991488.579,leri-cr1=13 leri-cr2=100 leri-cr3=100,leri-cr1=13 leri-cr2=100 leri-cr3=100,leri-cr1=13 leri-cr2=100 leri-cr3=100,1171Mbit,1171Mbit,1
1790991498.878,leri-cr1=13 leri-cr2=100 leri-cr3=100,leri-cr1=13 leri-cr2=100 leri-cr3=100,leri-cr1=13 leri-cr2=100 leri-cr3=100,1171Mbit,1171Mbit,1
1790991508.927,leri-cr1=13 leri-cr2=100 leri-cr3=100,leri-cr1=13 leri-cr2=100 leri-cr3=100,leri-cr1=13 leri-cr2=100 leri-cr3=100,1171Mbit,1171Mbit,1
1790991518.977,leri-cr1=13 leri-cr2=100 leri-cr3=100,leri-cr1=13 leri-cr2=100 leri-cr3=100,leri-cr1=13 leri-cr2=100 leri-cr3=100,1171Mbit,1171Mbit,1
1790991529.024,leri-cr1=13 leri-cr2=100 leri-cr3=100,leri-cr1=13 leri-cr2=100 leri-cr3=100,leri-cr1=13 leri-cr2=100 leri-cr3=100,1171Mbit,1171Mbit,1
1790991539.079,leri-cr1=13 leri-cr2=100 leri-cr3=100,leri-cr1=13 leri-cr2=100 leri-cr3=100,leri-cr1=13 leri-cr2=100 leri-cr3=100,1171Mbit,1171Mbit,1
1790991549.133,leri-cr1=13 leri-cr2=100 leri-cr3=100,leri-cr1=13 leri-cr2=100 leri-cr3=100,leri-cr1=13 leri-cr2=100 leri-cr3=100,1171Mbit,1171Mbit,1
1790991559.394,leri-cr1=13 leri-cr2=100 leri-cr3=100,leri-cr1=13 leri-cr2=100 leri-cr3=100,leri-cr1=13 leri-cr2=100 leri-cr3=100,1171Mbit,1171Mbit,1
1790991569.448,leri-cr1=13 leri-cr2=100 leri-cr3=100,leri-cr1=13 leri-cr2=100 leri-cr3=100,leri-cr1=13 leri-cr2=100 leri-cr3=100,1171Mbit,1171Mbit,1
1790991579.498,leri-cr1=13 leri-cr2=100 leri-cr3=100,leri-cr1=13 leri-cr2=100 leri-cr3=100,leri-cr1=13 leri-cr2=100 leri-cr3=100,1171Mbit,1171Mbit,1
1790991589.563,leri-cr1=13 leri-cr2=100 leri-cr3=100,leri-cr1=13 leri-cr2=100 leri-cr3=100,leri-cr1=13 leri-cr2=100 leri-cr3=100,1171Mbit,1171Mbit,1
1790991599.609,leri-cr1=13 leri-cr2=100 leri-cr3=100,leri-cr1=13 leri-cr2=100 leri-cr3=100,leri-cr1=13 leri-cr2=100 leri-cr3=100,1171Mbit,1171Mbit,1
1790991609.663,leri-cr1=13 leri-cr2=100 leri-cr3=100,leri-cr1=13 leri-cr2=100 leri-cr3=100,leri-cr1=13 leri-cr2=100 leri-cr3=100,1171Mbit,1171Mbit,1
1790991619.964,leri-cr1=13 leri-cr2=100 leri-cr3=100,leri-cr1=13 leri-cr2=100 leri-cr3=100,leri-cr1=13 leri-cr2=100 leri-cr3=100,1171Mbit,1171Mbit,1
1790991630.019,leri-cr1=13 leri-cr2=100 leri-cr3=100,leri-cr1=13 leri-cr2=100 leri-cr3=100,leri-cr1=13 leri-cr2=100 leri-cr3=100,1171Mbit,1171Mbit,1
1790991640.066,leri-cr1=13 leri-cr2=100 leri-cr3=100,leri-cr1=13 leri-cr2=100 leri-cr3=100,leri-cr1=13 leri-cr2=100 leri-cr3=100,1171Mbit,1171Mbit,1
1790991650.118,leri-cr1=13 leri-cr2=100 leri-cr3=100,leri-cr1=13 leri-cr2=100 leri-cr3=100,leri-cr1=13 leri-cr2=100 leri-cr3=100,1171Mbit,1171Mbit,1
1790991660.173,leri-cr1=13 leri-cr2=100 leri-cr3=100,leri-cr1=13 leri-cr2=100 leri-cr3=100,leri-cr1=13 leri-cr2=100 leri-cr3=100,1171Mbit,1171Mbit,1
1790991670.219,leri-cr1=13 leri-cr2=100 leri-cr3=100,leri-cr1=13 leri-cr2=100 leri-cr3=100,leri-cr1=13 leri-cr2=100 leri-cr3=100,1171Mbit,1171Mbit,1
1790991680.488,leri-cr1=13 leri-cr2=100 leri-cr3=100,leri-cr1=13 leri-cr2=100 leri-cr3=100,leri-cr1=13 leri-cr2=100 leri-cr3=100,1171Mbit,1171Mbit,1
1790991690.540,leri-cr1=13 leri-cr2=100 leri-cr3=100,leri-cr1=13 leri-cr2=100 leri-cr3=100,leri-cr1=13 leri-cr2=100 leri-cr3=100,1171Mbit,1171Mbit,1
1790991700.598,leri-cr1=13 leri-cr2=100 leri-cr3=100,leri-cr1=13 leri-cr2=100 leri-cr3=100,leri-cr1=13 leri-cr2=100 leri-cr3=100,1171Mbit,1171Mbit,1
1790991710.647,leri-cr1=13 leri-cr2=100 leri-cr3=100,leri-cr1=13 leri-cr2=100 leri-cr3=100,leri-cr1=13 leri-cr2=100 leri-cr3=100,1171Mbit,1171Mbit,1
1790991720.698,leri-cr1=13 leri-cr2=100 leri-cr3=100,leri-cr1=13 leri-cr2=100 leri-cr3=100,leri-cr1=13 leri-cr2=100 leri-cr3=100,1171Mbit,1171Mbit,1
1790991730.952,leri-cr1=13 leri-cr2=100 leri-cr3=100,leri-cr1=13 leri-cr2=100 leri-cr3=100,leri-cr1=13 leri-cr2=100 leri-cr3=100,1171Mbit,1171Mbit,1
1790991741.002,leri-cr1=13 leri-cr2=100 leri-cr3=100,leri-cr1=13 leri-cr2=100 leri-cr3=100,leri-cr1=13 leri-cr2=100 leri-cr3=100,1171Mbit,1171Mbit,1
1790991751.055,leri-cr1=13 leri-cr2=100 leri-cr3=100,leri-cr1=13 leri-cr2=100 leri-cr3=100,leri-cr1=13 leri-cr2=100 leri-cr3=100,1171Mbit,1171Mbit,1
1790991761.111,leri-cr1=13 leri-cr2=100 leri-cr3=100,leri-cr1=13 leri-cr2=100 leri-cr3=100,leri-cr1=13 leri-cr2=100 leri-cr3=100,1171Mbit,1171Mbit,1
1790991771.160,leri-cr1=13 leri-cr2=100 leri-cr3=100,leri-cr1=13 leri-cr2=100 leri-cr3=100,leri-cr1=13 leri-cr2=100 leri-cr3=100,1171Mbit,1171Mbit,1
1790991781.209,leri-cr1=13 leri-cr2=100 leri-cr3=100,leri-cr1=13 leri-cr2=100 leri-cr3=100,leri-cr1=13 leri-cr2=100 leri-cr3=100,1171Mbit,1171Mbit,1
1790991791.511,leri-cr1=13 leri-cr2=100 leri-cr3=100,leri-cr1=13 leri-cr2=100 leri-cr3=100,leri-cr1=13 leri-cr2=100 leri-cr3=100,1171Mbit,1171Mbit,1
1790991801.568,leri-cr1=13 leri-cr2=100 leri-cr3=100,leri-cr1=13 leri-cr2=100 leri-cr3=100,leri-cr1=13 leri-cr2=100 leri-cr3=100,1171Mbit,1171Mbit,1
1790991811.623,leri-cr1=13 leri-cr2=100 leri-cr3=100,leri-cr1=13 leri-cr2=100 leri-cr3=100,leri-cr1=13 leri-cr2=100 leri-cr3=100,1171Mbit,1171Mbit,1
1790991821.674,leri-cr1=13 leri-cr2=100 leri-cr3=100,leri-cr1=13 leri-cr2=100 leri-cr3=100,leri-cr1=13 leri-cr2=100 leri-cr3=100,1171Mbit,1171Mbit,1
1790991831.726,leri-cr1=13 leri-cr2=100 leri-cr3=100,leri-cr1=13 leri-cr2=100 leri-cr3=100,leri-cr1=13 leri-cr2=100 leri-cr3=100,1171Mbit,1171Mbit,1
1790991841.780,leri-cr1=13 leri-cr2=100 leri-cr3=100,leri-cr1=13 leri-cr2=100 leri-cr3=100,leri-cr1=13 leri-cr2=100 leri-cr3=100,1171Mbit,1171Mbit,1
1790991852.037,leri-cr1=13 leri-cr2=100 leri-cr3=100,leri-cr1=13 leri-cr2=100 leri-cr3=100,leri-cr1=13 leri-cr2=100 leri-cr3=100,1171Mbit,1171Mbit,1
1790991862.093,leri-cr1=13 leri-cr2=100 leri-cr3=100,leri-cr1=13 leri-cr2=100 leri-cr3=100,leri-cr1=13 leri-cr2=100 leri-cr3=100,1171Mbit,1171Mbit,1
1790991872.143,leri-cr1=13 leri-cr2=100 leri-cr3=100,leri-cr1=13 leri-cr2=100 leri-cr3=100,leri-cr1=13 leri-cr2=100 leri-cr3=100,1171Mbit,1171Mbit,1
1790991882.194,leri-cr1=13 leri-cr2=100 leri-cr3=100,leri-cr1=13 leri-cr2=100 leri-cr3=100,leri-cr1=13 leri-cr2=100 leri-cr3=100,1171Mbit,1171Mbit,1
1790991892.247,leri-cr1=13 leri-cr2=100 leri-cr3=100,leri-cr1=13 leri-cr2=100 leri-cr3=100,leri-cr1=13 leri-cr2=100 leri-cr3=100,1171Mbit,1171Mbit,1
1790991902.344,leri-cr1=13 leri-cr2=100 leri-cr3=100,leri-cr1=13 leri-cr2=100 leri-cr3=100,leri-cr1=13 leri-cr2=100 leri-cr3=100,1171Mbit,1171Mbit,1
1790991912.603,leri-cr1=13 leri-cr2=100 leri-cr3=100,leri-cr1=13 leri-cr2=100 leri-cr3=100,leri-cr1=13 leri-cr2=100 leri-cr3=100,1171Mbit,1171Mbit,1
1790991922.650,leri-cr1=13 leri-cr2=100 leri-cr3=100,leri-cr1=13 leri-cr2=100 leri-cr3=100,leri-cr1=13 leri-cr2=100 leri-cr3=100,1171Mbit,1171Mbit,1
1790991932.708,leri-cr1=13 leri-cr2=100 leri-cr3=100,leri-cr1=13 leri-cr2=100 leri-cr3=100,leri-cr1=13 leri-cr2=100 leri-cr3=100,1171Mbit,1171Mbit,1
1790991942.764,leri-cr1=13 leri-cr2=100 leri-cr3=100,leri-cr1=13 leri-cr2=100 leri-cr3=100,leri-cr1=13 leri-cr2=100 leri-cr3=100,1171Mbit,1171Mbit,1
1790991952.812,leri-cr1=13 leri-cr2=100 leri-cr3=100,leri-cr1=13 leri-cr2=100 leri-cr3=100,leri-cr1=13 leri-cr2=100 leri-cr3=100,1171Mbit,1171Mbit,1
1790991962.866,leri-cr1=13 leri-cr2=100 leri-cr3=100,leri-cr1=13 leri-cr2=100 leri-cr3=100,leri-cr1=13 leri-cr2=100 leri-cr3=100,1171Mbit,1171Mbit,1
1790991973.142,leri-cr1=13 leri-cr2=100 leri-cr3=100,leri-cr1=13 leri-cr2=100 leri-cr3=100,leri-cr1=13 leri-cr2=100 leri-cr3=100,1171Mbit,1171Mbit,1
1790991983.195,leri-cr1=13 leri-cr2=100 leri-cr3=100,leri-cr1=13 leri-cr2=100 leri-cr3=100,leri-cr1=13 leri-cr2=100 leri-cr3=100,1171Mbit,1171Mbit,1
1790991993.246,leri-cr1=13 leri-cr2=100 leri-cr3=100,leri-cr1=13 leri-cr2=100 leri-cr3=100,leri-cr1=13 leri-cr2=100 leri-cr3=100,1171Mbit,1171Mbit,1
1790992003.299,leri-cr1=13 leri-cr2=100 leri-cr3=100,leri-cr1=13 leri-cr2=100 leri-cr3=100,leri-cr1=13 leri-cr2=100 leri-cr3=100,1171Mbit,1171Mbit,1
1790992013.351,leri-cr1=13 leri-cr2=100 leri-cr3=100,leri-cr1=13 leri-cr2=100 leri-cr3=100,leri-cr1=13 leri-cr2=100 leri-cr3=100,1171Mbit,1171Mbit,1
1790992023.400,leri-cr1=13 leri-cr2=100 leri-cr3=100,leri-cr1=13 leri-cr2=100 leri-cr3=100,leri-cr1=13 leri-cr2=100 leri-cr3=100,1171Mbit,1171Mbit,1
1790992033.723,leri-cr1=13 leri-cr2=100 leri-cr3=100,leri-cr1=13 leri-cr2=100 leri-cr3=100,leri-cr1=13 leri-cr2=100 leri-cr3=100,1171Mbit,1171Mbit,1
1790992043.774,leri-cr1=13 leri-cr2=100 leri-cr3=100,leri-cr1=13 leri-cr2=100 leri-cr3=100,leri-cr1=13 leri-cr2=100 leri-cr3=100,1171Mbit,1171Mbit,1
1790992053.816,leri-cr1=13 leri-cr2=100 leri-cr3=100,leri-cr1=13 leri-cr2=100 leri-cr3=100,leri-cr1=13 leri-cr2=100 leri-cr3=100,1171Mbit,1171Mbit,1
1790992063.870,leri-cr1=13 leri-cr2=100 leri-cr3=100,leri-cr1=13 leri-cr2=100 leri-cr3=100,leri-cr1=13 leri-cr2=100 leri-cr3=100,1171Mbit,1171Mbit,1
1790992073.925,leri-cr1=13 leri-cr2=100 leri-cr3=100,leri-cr1=13 leri-cr2=100 leri-cr3=100,leri-cr1=13 leri-cr2=100 leri-cr3=100,1171Mbit,1171Mbit,1
1790992083.978,leri-cr1=13 leri-cr2=100 leri-cr3=100,leri-cr1=13 leri-cr2=100 leri-cr3=100,leri-cr1=13 leri-cr2=100 leri-cr3=100,1171Mbit,1171Mbit,1
1790992094.309,leri-cr1=13 leri-cr2=100 leri-cr3=100,leri-cr1=13 leri-cr2=100 leri-cr3=100,leri-cr1=13 leri-cr2=100 leri-cr3=100,1171Mbit,1171Mbit,1
1790992104.362,leri-cr1=13 leri-cr2=100 leri-cr3=100,leri-cr1=13 leri-cr2=100 leri-cr3=100,leri-cr1=13 leri-cr2=100 leri-cr3=100,1171Mbit,1171Mbit,1
1790992114.412,leri-cr1=13 leri-cr2=100 leri-cr3=100,leri-cr1=13 leri-cr2=100 leri-cr3=100,leri-cr1=13 leri-cr2=100 leri-cr3=100,1171Mbit,1171Mbit,1
1790992124.460,leri-cr1=13 leri-cr2=100 leri-cr3=100,leri-cr1=13 leri-cr2=100 leri-cr3=100,leri-cr1=13 leri-cr2=100 leri-cr3=100,1171Mbit,1171Mbit,1
1790992134.511,leri-cr1=13 leri-cr2=100 leri-cr3=100,leri-cr1=13 leri-cr2=100 leri-cr3=100,leri-cr1=13 leri-cr2=100 leri-cr3=100,1171Mbit,1171Mbit,1
1790992144.565,leri-cr1=13 leri-cr2=100 leri-cr3=100,leri-cr1=13 leri-cr2=100 leri-cr3=100,leri-cr1=13 leri-cr2=100 leri-cr3=100,1171Mbit,1171Mbit,1
1790992154.787,leri-cr1=13 leri-cr2=100 leri-cr3=100,leri-cr1=13 leri-cr2=100 leri-cr3=100,leri-cr1=13 leri-cr2=100 leri-cr3=100,1171Mbit,1171Mbit,1
1790992164.835,leri-cr1=13 leri-cr2=100 leri-cr3=100,leri-cr1=13 leri-cr2=100 leri-cr3=100,leri-cr1=13 leri-cr2=100 leri-cr3=100,1171Mbit,1171Mbit,1
1790992174.885,leri-cr1=13 leri-cr2=100 leri-cr3=100,leri-cr1=13 leri-cr2=100 leri-cr3=100,leri-cr1=13 leri-cr2=100 leri-cr3=100,1171Mbit,1171Mbit,1
1790992184.934,leri-cr1=13 leri-cr2=100 leri-cr3=100,leri-cr1=13 leri-cr2=100 leri-cr3=100,leri-cr1=13 leri-cr2=100 leri-cr3=100,1171Mbit,1171Mbit,1
1790992194.991,leri-cr1=13 leri-cr2=100 leri-cr3=100,leri-cr1=13 leri-cr2=100 leri-cr3=100,leri-cr1=13 leri-cr2=100 leri-cr3=100,1171Mbit,1171Mbit,1
1790992205.041,leri-cr1=13 leri-cr2=100 leri-cr3=100,leri-cr1=13 leri-cr2=100 leri-cr3=100,leri-cr1=13 leri-cr2=100 leri-cr3=100,1171Mbit,1171Mbit,1
1790992215.331,leri-cr1=13 leri-cr2=100 leri-cr3=100,leri-cr1=13 leri-cr2=100 leri-cr3=100,leri-cr1=13 leri-cr2=100 leri-cr3=100,1171Mbit,1171Mbit,1
1790992225.386,leri-cr1=13 leri-cr2=100 leri-cr3=100,leri-cr1=13 leri-cr2=100 leri-cr3=100,leri-cr1=13 leri-cr2=100 leri-cr3=100,1171Mbit,1171Mbit,1
1790992235.436,leri-cr1=13 leri-cr2=100 leri-cr3=100,leri-cr1=13 leri-cr2=100 leri-cr3=100,leri-cr1=13 leri-cr2=100 leri-cr3=100,1171Mbit,1171Mbit,1
1790992245.486,leri-cr1=13 leri-cr2=100 leri-cr3=100,leri-cr1=13 leri-cr2=100 leri-cr3=100,leri-cr1=13 leri-cr2=100 leri-cr3=100,1171Mbit,1171Mbit,1
1790992255.540,leri-cr1=13 leri-cr2=100 leri-cr3=100,leri-cr1=13 leri-cr2=100 leri-cr3=100,leri-cr1=13 leri-cr2=100 leri-cr3=100,1171Mbit,1171Mbit,1
1790992265.587,leri-cr1=13 leri-cr2=100 leri-cr3=100,leri-cr1=13 leri-cr2=100 leri-cr3=100,leri-cr1=13 leri-cr2=100 leri-cr3=100,1171Mbit,1171Mbit,1
1790992275.887,leri-cr1=13 leri-cr2=100 leri-cr3=100,leri-cr1=13 leri-cr2=100 leri-cr3=100,leri-cr1=13 leri-cr2=100 leri-cr3=100,1171Mbit,1171Mbit,1
1790992285.941,leri-cr1=13 leri-cr2=100 leri-cr3=100,leri-cr1=13 leri-cr2=100 leri-cr3=100,leri-cr1=13 leri-cr2=100 leri-cr3=100,1171Mbit,1171Mbit,1
1790992295.996,leri-cr1=13 leri-cr2=100 leri-cr3=100,leri-cr1=13 leri-cr2=100 leri-cr3=100,leri-cr1=13 leri-cr2=100 leri-cr3=100,1171Mbit,1171Mbit,1
1790992306.046,leri-cr1=13 leri-cr2=100 leri-cr3=100,leri-cr1=13 leri-cr2=100 leri-cr3=100,leri-cr1=13 leri-cr2=100 leri-cr3=100,1171Mbit,1171Mbit,1
1790992316.092,leri-cr1=13 leri-cr2=100 leri-cr3=100,leri-cr1=13 leri-cr2=100 leri-cr3=100,leri-cr1=13 leri-cr2=100 leri-cr3=100,1171Mbit,1171Mbit,1
1790992326.142,leri-cr1=13 leri-cr2=100 leri-cr3=100,leri-cr1=13 leri-cr2=100 leri-cr3=100,leri-cr1=13 leri-cr2=100 leri-cr3=100,1171Mbit,1171Mbit,1
1790992336.408,leri-cr1=13 leri-cr2=100 leri-cr3=100,leri-cr1=13 leri-cr2=100 leri-cr3=100,leri-cr1=13 leri-cr2=100 leri-cr3=100,1171Mbit,1171Mbit,1
1790992346.463,leri-cr1=13 leri-cr2=100 leri-cr3=100,leri-cr1=13 leri-cr2=100 leri-cr3=100,leri-cr1=13 leri-cr2=100 leri-cr3=100,1171Mbit,1171Mbit,1
1790992356.519,leri-cr1=13 leri-cr2=100 leri-cr3=100,leri-cr1=13 leri-cr2=100 leri-cr3=100,leri-cr1=13 leri-cr2=100 leri-cr3=100,1171Mbit,1171Mbit,1
1790992366.571,leri-cr1=13 leri-cr2=100 leri-cr3=100,leri-cr1=13 leri-cr2=100 leri-cr3=100,leri-cr1=13 leri-cr2=100 leri-cr3=100,1171Mbit,1171Mbit,1
1790992376.632,leri-cr1=13 leri-cr2=100 leri-cr3=100,leri-cr1=13 leri-cr2=100 leri-cr3=100,leri-cr1=13 leri-cr2=100 leri-cr3=100,1171Mbit,1171Mbit,1
1790992386.686,leri-cr1=13 leri-cr2=100 leri-cr3=100,leri-cr1=13 leri-cr2=100 leri-cr3=100,leri-cr1=13 leri-cr2=100 leri-cr3=100,1171Mbit,1171Mbit,1
1790992396.962,leri-cr1=13 leri-cr2=100 leri-cr3=100,leri-cr1=13 leri-cr2=100 leri-cr3=100,leri-cr1=13 leri-cr2=100 leri-cr3=100,1171Mbit,1171Mbit,1
1790992407.016,leri-cr1=13 leri-cr2=100 leri-cr3=100,leri-cr1=13 leri-cr2=100 leri-cr3=100,leri-cr1=13 leri-cr2=100 leri-cr3=100,1171Mbit,1171Mbit,1
1790992417.073,leri-cr1=13 leri-cr2=100 leri-cr3=100,leri-cr1=13 leri-cr2=100 leri-cr3=100,leri-cr1=13 leri-cr2=100 leri-cr3=100,1171Mbit,1171Mbit,1
1790992427.126,leri-cr1=13 leri-cr2=100 leri-cr3=100,leri-cr1=13 leri-cr2=100 leri-cr3=100,leri-cr1=13 leri-cr2=100 leri-cr3=100,1171Mbit,1171Mbit,1
1790992437.176,leri-cr1=13 leri-cr2=100 leri-cr3=100,leri-cr1=13 leri-cr2=100 leri-cr3=100,leri-cr1=13 leri-cr2=100 leri-cr3=100,1171Mbit,1171Mbit,1
1790992447.228,leri-cr1=13 leri-cr2=100 leri-cr3=100,leri-cr1=13 leri-cr2=100 leri-cr3=100,leri-cr1=13 leri-cr2=100 leri-cr3=100,1171Mbit,1171Mbit,1
1790992457.476,leri-cr1=13 leri-cr2=100 leri-cr3=100,leri-cr1=13 leri-cr2=100 leri-cr3=100,leri-cr1=13 leri-cr2=100 leri-cr3=100,1171Mbit,1171Mbit,1
1790992467.525,leri-cr1=13 leri-cr2=100 leri-cr3=100,leri-cr1=13 leri-cr2=100 leri-cr3=100,leri-cr1=13 leri-cr2=100 leri-cr3=100,1171Mbit,1171Mbit,1
1790992477.579,leri-cr1=13 leri-cr2=100 leri-cr3=100,leri-cr1=13 leri-cr2=100 leri-cr3=100,leri-cr1=13 leri-cr2=100 leri-cr3=100,1171Mbit,1171Mbit,1
1790992487.624,leri-cr1=13 leri-cr2=100 leri-cr3=100,leri-cr1=13 leri-cr2=100 leri-cr3=100,leri-cr1=13 leri-cr2=100 leri-cr3=100,1171Mbit,1171Mbit,1
1790992497.676,leri-cr1=13 leri-cr2=100 leri-cr3=100,leri-cr1=13 leri-cr2=100 leri-cr3=100,leri-cr1=13 leri-cr2=100 leri-cr3=100,1171Mbit,1171Mbit,1
1790992507.728,leri-cr1=13 leri-cr2=100 leri-cr3=100,leri-cr1=13 leri-cr2=100 leri-cr3=100,leri-cr1=13 leri-cr2=100 leri-cr3=100,1171Mbit,1171Mbit,1
1790992518.022,leri-cr1=13 leri-cr2=100 leri-cr3=100,leri-cr1=13 leri-cr2=100 leri-cr3=100,leri-cr1=13 leri-cr2=100 leri-cr3=100,1171Mbit,1171Mbit,1
1790992528.082,leri-cr1=13 leri-cr2=100 leri-cr3=100,leri-cr1=13 leri-cr2=100 leri-cr3=100,leri-cr1=13 leri-cr2=100 leri-cr3=100,1171Mbit,1171Mbit,1
1790992538.131,leri-cr1=13 leri-cr2=100 leri-cr3=100,leri-cr1=13 leri-cr2=100 leri-cr3=100,leri-cr1=13 leri-cr2=100 leri-cr3=100,1171Mbit,1171Mbit,1
1790992548.190,leri-cr1=13 leri-cr2=100 leri-cr3=100,leri-cr1=13 leri-cr2=100 leri-cr3=100,leri-cr1=13 leri-cr2=100 leri-cr3=100,1171Mbit,1171Mbit,1
1790992558.243,leri-cr1=13 leri-cr2=100 leri-cr3=100,leri-cr1=13 leri-cr2=100 leri-cr3=100,leri-cr1=13 leri-cr2=100 leri-cr3=100,1171Mbit,1171Mbit,1
1790992568.301,leri-cr1=13 leri-cr2=100 leri-cr3=100,leri-cr1=13 leri-cr2=100 leri-cr3=100,leri-cr1=13 leri-cr2=100 leri-cr3=100,1171Mbit,1171Mbit,1
1790992578.562,leri-cr1=13 leri-cr2=100 leri-cr3=100,leri-cr1=13 leri-cr2=100 leri-cr3=100,leri-cr1=13 leri-cr2=100 leri-cr3=100,1171Mbit,1171Mbit,1
1790992588.618,leri-cr1=13 leri-cr2=100 leri-cr3=100,leri-cr1=13 leri-cr2=100 leri-cr3=100,leri-cr1=13 leri-cr2=100 leri-cr3=100,1171Mbit,1171Mbit,1
1790992598.666,leri-cr1=13 leri-cr2=100 leri-cr3=100,leri-cr1=13 leri-cr2=100 leri-cr3=100,leri-cr1=13 leri-cr2=100 leri-cr3=100,1171Mbit,1171Mbit,1
1790992608.715,leri-cr1=13 leri-cr2=100 leri-cr3=100,leri-cr1=13 leri-cr2=100 leri-cr3=100,leri-cr1=13 leri-cr2=100 leri-cr3=100,1171Mbit,1171Mbit,1
1790992618.767,leri-cr1=13 leri-cr2=100 leri-cr3=100,leri-cr1=13 leri-cr2=100 leri-cr3=100,leri-cr1=13 leri-cr2=100 leri-cr3=100,1171Mbit,1171Mbit,1
1790992628.822,leri-cr1=13 leri-cr2=100 leri-cr3=100,leri-cr1=13 leri-cr2=100 leri-cr3=100,leri-cr1=13 leri-cr2=100 leri-cr3=100,1171Mbit,1171Mbit,1
1790992639.128,leri-cr1=13 leri-cr2=100 leri-cr3=100,leri-cr1=13 leri-cr2=100 leri-cr3=100,leri-cr1=13 leri-cr2=100 leri-cr3=100,1171Mbit,1171Mbit,1
1790992649.185,leri-cr1=13 leri-cr2=100 leri-cr3=100,leri-cr1=13 leri-cr2=100 leri-cr3=100,leri-cr1=13 leri-cr2=100 leri-cr3=100,1171Mbit,1171Mbit,1
1790992659.239,leri-cr1=13 leri-cr2=100 leri-cr3=100,leri-cr1=13 leri-cr2=100 leri-cr3=100,leri-cr1=13 leri-cr2=100 leri-cr3=100,1171Mbit,1171Mbit,1
1790992669.291,leri-cr1=13 leri-cr2=100 leri-cr3=100,leri-cr1=13 leri-cr2=100 leri-cr3=100,leri-cr1=13 leri-cr2=100 leri-cr3=100,1171Mbit,1171Mbit,1
1790992679.358,leri-cr1=13 leri-cr2=100 leri-cr3=100,leri-cr1=13 leri-cr2=100 leri-cr3=100,leri-cr1=13 leri-cr2=100 leri-cr3=100,1171Mbit,1171Mbit,1
1790992689.412,leri-cr1=13 leri-cr2=100 leri-cr3=100,leri-cr1=13 leri-cr2=100 leri-cr3=100,leri-cr1=13 leri-cr2=100 leri-cr3=100,1171Mbit,1171Mbit,1
1790992699.695,leri-cr1=13 leri-cr2=100 leri-cr3=100,leri-cr1=13 leri-cr2=100 leri-cr3=100,leri-cr1=13 leri-cr2=100 leri-cr3=100,1171Mbit,1171Mbit,1
1790992709.742,leri-cr1=13 leri-cr2=100 leri-cr3=100,leri-cr1=13 leri-cr2=100 leri-cr3=100,leri-cr1=13 leri-cr2=100 leri-cr3=100,1171Mbit,1171Mbit,1
1790992719.791,leri-cr1=13 leri-cr2=100 leri-cr3=100,leri-cr1=13 leri-cr2=100 leri-cr3=100,leri-cr1=13 leri-cr2=100 leri-cr3=100,1171Mbit,1171Mbit,1
1790992729.839,leri-cr1=13 leri-cr2=100 leri-cr3=100,leri-cr1=13 leri-cr2=100 leri-cr3=100,leri-cr1=13 leri-cr2=100 leri-cr3=100,1171Mbit,1171Mbit,1
1790992739.890,leri-cr1=13 leri-cr2=100 leri-cr3=100,leri-cr1=13 leri-cr2=100 leri-cr3=100,leri-cr1=13 leri-cr2=100 leri-cr3=100,1171Mbit,1171Mbit,1
1790992749.935,leri-cr1=13 leri-cr2=100 leri-cr3=100,leri-cr1=13 leri-cr2=100 leri-cr3=100,leri-cr1=13 leri-cr2=100 leri-cr3=100,1171Mbit,1171Mbit,1
1790992760.170,leri-cr1=13 leri-cr2=100 leri-cr3=100,leri-cr1=13 leri-cr2=100 leri-cr3=100,leri-cr1=13 leri-cr2=100 leri-cr3=100,1171Mbit,1171Mbit,1
1790992770.219,leri-cr1=13 leri-cr2=100 leri-cr3=100,leri-cr1=13 leri-cr2=100 leri-cr3=100,leri-cr1=13 leri-cr2=100 leri-cr3=100,1171Mbit,1171Mbit,1
1790992780.275,leri-cr1=13 leri-cr2=100 leri-cr3=100,leri-cr1=13 leri-cr2=100 leri-cr3=100,leri-cr1=13 leri-cr2=100 leri-cr3=100,1171Mbit,1171Mbit,1
1790992790.327,leri-cr1=13 leri-cr2=100 leri-cr3=100,leri-cr1=13 leri-cr2=100 leri-cr3=100,leri-cr1=13 leri-cr2=100 leri-cr3=100,1171Mbit,1171Mbit,1
1790992800.374,leri-cr1=13 leri-cr2=100 leri-cr3=100,leri-cr1=13 leri-cr2=100 leri-cr3=100,leri-cr1=13 leri-cr2=100 leri-cr3=100,1171Mbit,1171Mbit,1
1790992810.427,leri-cr1=13 leri-cr2=100 leri-cr3=100,leri-cr1=13 leri-cr2=100 leri-cr3=100,leri-cr1=13 leri-cr2=100 leri-cr3=100,1171Mbit,1171Mbit,1
1790992820.683,leri-cr1=13 leri-cr2=100 leri-cr3=100,leri-cr1=13 leri-cr2=100 leri-cr3=100,leri-cr1=13 leri-cr2=100 leri-cr3=100,1171Mbit,1171Mbit,1
1790992830.736,leri-cr1=13 leri-cr2=100 leri-cr3=100,leri-cr1=13 leri-cr2=100 leri-cr3=100,leri-cr1=13 leri-cr2=100 leri-cr3=100,1171Mbit,1171Mbit,1
1790992840.790,leri-cr1=13 leri-cr2=100 leri-cr3=100,leri-cr1=13 leri-cr2=100 leri-cr3=100,leri-cr1=13 leri-cr2=100 leri-cr3=100,1171Mbit,1171Mbit,1
1790992850.844,leri-cr1=13 leri-cr2=100 leri-cr3=100,leri-cr1=13 leri-cr2=100 leri-cr3=100,leri-cr1=13 leri-cr2=100 leri-cr3=100,1171Mbit,1171Mbit,1
1790992860.893,leri-cr1=13 leri-cr2=100 leri-cr3=100,leri-cr1=13 leri-cr2=100 leri-cr3=100,leri-cr1=13 leri-cr2=100 leri-cr3=100,1171Mbit,1171Mbit,1
1790992870.947,leri-cr1=13 leri-cr2=100 leri-cr3=100,leri-cr1=13 leri-cr2=100 leri-cr3=100,leri-cr1=13 leri-cr2=100 leri-cr3=100,1171Mbit,1171Mbit,1
1790992881.225,leri-cr1=13 leri-cr2=100 leri-cr3=100,leri-cr1=13 leri-cr2=100 leri-cr3=100,leri-cr1=13 leri-cr2=100 leri-cr3=100,1171Mbit,1171Mbit,1
1790992891.275,leri-cr1=13 leri-cr2=100 leri-cr3=100,leri-cr1=13 leri-cr2=100 leri-cr3=100,leri-cr1=13 leri-cr2=100 leri-cr3=100,1171Mbit,1171Mbit,1
1790992901.325,leri-cr1=13 leri-cr2=100 leri-cr3=100,leri-cr1=13 leri-cr2=100 leri-cr3=100,leri-cr1=13 leri-cr2=100 leri-cr3=100,1171Mbit,1171Mbit,1
1790992911.376,leri-cr1=13 leri-cr2=100 leri-cr3=100,leri-cr1=13 leri-cr2=100 leri-cr3=100,leri-cr1=13 leri-cr2=100 leri-cr3=100,1171Mbit,1171Mbit,1
1790992921.425,leri-cr1=13 leri-cr2=100 leri-cr3=100,leri-cr1=13 leri-cr2=100 leri-cr3=100,leri-cr1=13 leri-cr2=100 leri-cr3=100,1171Mbit,1171Mbit,1
1790992931.475,leri-cr1=13 leri-cr2=100 leri-cr3=100,leri-cr1=13 leri-cr2=100 leri-cr3=100,leri-cr1=13 leri-cr2=100 leri-cr3=100,1171Mbit,1171Mbit,1
1790992941.806,leri-cr1=13 leri-cr2=100 leri-cr3=100,leri-cr1=13 leri-cr2=100 leri-cr3=100,leri-cr1=13 leri-cr2=100 leri-cr3=100,1171Mbit,1171Mbit,1
1790992951.860,leri-cr1=13 leri-cr2=100 leri-cr3=100,leri-cr1=13 leri-cr2=100 leri-cr3=100,leri-cr1=13 leri-cr2=100 leri-cr3=100,1171Mbit,1171Mbit,1
1790992961.918,leri-cr1=13 leri-cr2=100 leri-cr3=100,leri-cr1=13 leri-cr2=100 leri-cr3=100,leri-cr1=13 leri-cr2=100 leri-cr3=100,1171Mbit,1171Mbit,1
1790992971.969,leri-cr1=13 leri-cr2=100 leri-cr3=100,leri-cr1=13 leri-cr2=100 leri-cr3=100,leri-cr1=13 leri-cr2=100 leri-cr3=100,1171Mbit,1171Mbit,1
1790992982.021,leri-cr1=13 leri-cr2=100 leri-cr3=100,leri-cr1=13 leri-cr2=100 leri-cr3=100,leri-cr1=13 leri-cr2=100 leri-cr3=100,1171Mbit,1171Mbit,1
1790992992.062,leri-cr1=13 leri-cr2=100 leri-cr3=100,leri-cr1=13 leri-cr2=100 leri-cr3=100,leri-cr1=13 leri-cr2=100 leri-cr3=100,1171Mbit,1171Mbit,1
1790993002.366,leri-cr1=13 leri-cr2=100 leri-cr3=100,leri-cr1=13 leri-cr2=100 leri-cr3=100,leri-cr1=13 leri-cr2=100 leri-cr3=100,1171Mbit,1171Mbit,0
1790993012.443,leri-cr1=13 leri-cr2=100 leri-cr3=100,leri-cr1=13 leri-cr2=100 leri-cr3=100,leri-cr1=13 leri-cr2=100 leri-cr3=100,1171Mbit,1171Mbit,0
1790993022.519,leri-cr1=13 leri-cr2=100 leri-cr3=100,leri-cr1=13 leri-cr2=100 leri-cr3=100,leri-cr1=13 leri-cr2=100 leri-cr3=100,1171Mbit,1171Mbit,0
1790993032.597,leri-cr1=13 leri-cr2=100 leri-cr3=100,leri-cr1=13 leri-cr2=100 leri-cr3=100,leri-cr1=13 leri-cr2=100 leri-cr3=100,1171Mbit,1171Mbit,0
1790993042.679,leri-cr1=13 leri-cr2=100 leri-cr3=100,leri-cr1=13 leri-cr2=100 leri-cr3=100,leri-cr1=13 leri-cr2=100 leri-cr3=100,1171Mbit,1171Mbit,0
1790993052.759,leri-cr1=13 leri-cr2=100 leri-cr3=100,leri-cr1=13 leri-cr2=100 leri-cr3=100,leri-cr1=13 leri-cr2=100 leri-cr3=100,1171Mbit,1171Mbit,0
1790993063.187,leri-cr1=13 leri-cr2=100 leri-cr3=100,leri-cr1=13 leri-cr2=100 leri-cr3=100,leri-cr1=13 leri-cr2=100 leri-cr3=100,1171Mbit,1171Mbit,0
1790993073.267,leri-cr1=13 leri-cr2=100 leri-cr3=100,leri-cr1=13 leri-cr2=100 leri-cr3=100,leri-cr1=13 leri-cr2=100 leri-cr3=100,1171Mbit,1171Mbit,0
1790993083.349,leri-cr1=13 leri-cr2=100 leri-cr3=100,leri-cr1=13 leri-cr2=100 leri-cr3=100,leri-cr1=13 leri-cr2=100 leri-cr3=100,1171Mbit,1171Mbit,0
1790993093.427,leri-cr1=13 leri-cr2=100 leri-cr3=100,leri-cr1=13 leri-cr2=100 leri-cr3=100,leri-cr1=13 leri-cr2=100 leri-cr3=100,1171Mbit,1171Mbit,0
1790993103.509,leri-cr1=13 leri-cr2=100 leri-cr3=100,leri-cr1=13 leri-cr2=100 leri-cr3=100,leri-cr1=13 leri-cr2=100 leri-cr3=100,1171Mbit,1171Mbit,0
1790993113.943,leri-cr1=13 leri-cr2=100 leri-cr3=100,leri-cr1=13 leri-cr2=100 leri-cr3=100,leri-cr1=13 leri-cr2=100 leri-cr3=100,1171Mbit,1171Mbit,0
1790993124.021,leri-cr1=13 leri-cr2=100 leri-cr3=100,leri-cr1=13 leri-cr2=100 leri-cr3=100,leri-cr1=13 leri-cr2=100 leri-cr3=100,1171Mbit,1171Mbit,0
1790993134.074,leri-cr1=13 leri-cr2=100 leri-cr3=100,leri-cr1=13 leri-cr2=100 leri-cr3=100,leri-cr1=13 leri-cr2=100 leri-cr3=100,1171Mbit,1171Mbit,0
1790993144.129,leri-cr1=13 leri-cr2=100 leri-cr3=100,leri-cr1=13 leri-cr2=100 leri-cr3=100,leri-cr1=13 leri-cr2=100 leri-cr3=100,1171Mbit,1171Mbit,1
1790993154.190,leri-cr1=13 leri-cr2=100 leri-cr3=100,leri-cr1=13 leri-cr2=100 leri-cr3=100,leri-cr1=13 leri-cr2=100 leri-cr3=100,1171Mbit,1171Mbit,1
1790993164.245,leri-cr1=13 leri-cr2=100 leri-cr3=100,leri-cr1=13 leri-cr2=100 leri-cr3=100,leri-cr1=13 leri-cr2=100 leri-cr3=100,1171Mbit,1171Mbit,1
1790993174.518,leri-cr1=13 leri-cr2=100 leri-cr3=100,leri-cr1=13 leri-cr2=100 leri-cr3=100,leri-cr1=13 leri-cr2=100 leri-cr3=100,1171Mbit,1171Mbit,1
1790993184.570,leri-cr1=13 leri-cr2=100 leri-cr3=100,leri-cr1=13 leri-cr2=100 leri-cr3=100,leri-cr1=13 leri-cr2=100 leri-cr3=100,1171Mbit,1171Mbit,1
1790993194.622,leri-cr1=13 leri-cr2=100 leri-cr3=100,leri-cr1=13 leri-cr2=100 leri-cr3=100,leri-cr1=13 leri-cr2=100 leri-cr3=100,1171Mbit,1171Mbit,1
1790993204.666,leri-cr1=13 leri-cr2=100 leri-cr3=100,leri-cr1=13 leri-cr2=100 leri-cr3=100,leri-cr1=13 leri-cr2=100 leri-cr3=100,1171Mbit,1171Mbit,1
1790993214.722,leri-cr1=13 leri-cr2=100 leri-cr3=100,leri-cr1=13 leri-cr2=100 leri-cr3=100,leri-cr1=13 leri-cr2=100 leri-cr3=100,1171Mbit,1171Mbit,1
1790993224.779,leri-cr1=13 leri-cr2=100 leri-cr3=100,leri-cr1=13 leri-cr2=100 leri-cr3=100,leri-cr1=13 leri-cr2=100 leri-cr3=100,1171Mbit,1171Mbit,1
1790993235.070,leri-cr1=13 leri-cr2=100 leri-cr3=100,leri-cr1=13 leri-cr2=100 leri-cr3=100,leri-cr1=13 leri-cr2=100 leri-cr3=100,1171Mbit,1171Mbit,1
1790993245.169,leri-cr1=13 leri-cr2=100 leri-cr3=100,leri-cr1=13 leri-cr2=100 leri-cr3=100,leri-cr1=13 leri-cr2=100 leri-cr3=100,1171Mbit,1171Mbit,1
1790993255.222,leri-cr1=13 leri-cr2=100 leri-cr3=100,leri-cr1=13 leri-cr2=100 leri-cr3=100,leri-cr1=13 leri-cr2=100 leri-cr3=100,1171Mbit,1171Mbit,1
1790993265.278,leri-cr1=13 leri-cr2=100 leri-cr3=100,leri-cr1=13 leri-cr2=100 leri-cr3=100,leri-cr1=13 leri-cr2=100 leri-cr3=100,1171Mbit,1171Mbit,1
1790993275.335,leri-cr1=13 leri-cr2=100 leri-cr3=100,leri-cr1=13 leri-cr2=100 leri-cr3=100,leri-cr1=13 leri-cr2=100 leri-cr3=100,1171Mbit,1171Mbit,1
1790993285.388,leri-cr1=13 leri-cr2=100 leri-cr3=100,leri-cr1=13 leri-cr2=100 leri-cr3=100,leri-cr1=13 leri-cr2=100 leri-cr3=100,1171Mbit,1171Mbit,1
1790993295.662,leri-cr1=13 leri-cr2=100 leri-cr3=100,leri-cr1=13 leri-cr2=100 leri-cr3=100,leri-cr1=13 leri-cr2=100 leri-cr3=100,1171Mbit,1171Mbit,1
1790993305.715,leri-cr1=13 leri-cr2=100 leri-cr3=100,leri-cr1=13 leri-cr2=100 leri-cr3=100,leri-cr1=13 leri-cr2=100 leri-cr3=100,1171Mbit,1171Mbit,1
1790993315.768,leri-cr1=13 leri-cr2=100 leri-cr3=100,leri-cr1=13 leri-cr2=100 leri-cr3=100,leri-cr1=13 leri-cr2=100 leri-cr3=100,1171Mbit,1171Mbit,1
1790993325.828,leri-cr1=13 leri-cr2=100 leri-cr3=100,leri-cr1=13 leri-cr2=100 leri-cr3=100,leri-cr1=13 leri-cr2=100 leri-cr3=100,1171Mbit,1171Mbit,1
1790993335.879,leri-cr1=13 leri-cr2=100 leri-cr3=100,leri-cr1=13 leri-cr2=100 leri-cr3=100,leri-cr1=13 leri-cr2=100 leri-cr3=100,1171Mbit,1171Mbit,1
1790993345.927,leri-cr1=13 leri-cr2=100 leri-cr3=100,leri-cr1=13 leri-cr2=100 leri-cr3=100,leri-cr1=13 leri-cr2=100 leri-cr3=100,1171Mbit,1171Mbit,1
1790993356.177,leri-cr1=13 leri-cr2=100 leri-cr3=100,leri-cr1=13 leri-cr2=100 leri-cr3=100,leri-cr1=13 leri-cr2=100 leri-cr3=100,1171Mbit,1171Mbit,1
1790993366.231,leri-cr1=13 leri-cr2=100 leri-cr3=100,leri-cr1=13 leri-cr2=100 leri-cr3=100,leri-cr1=13 leri-cr2=100 leri-cr3=100,1171Mbit,1171Mbit,1
1790993376.276,leri-cr1=13 leri-cr2=100 leri-cr3=100,leri-cr1=13 leri-cr2=100 leri-cr3=100,leri-cr1=13 leri-cr2=100 leri-cr3=100,1171Mbit,1171Mbit,1
1790993386.328,leri-cr1=13 leri-cr2=100 leri-cr3=100,leri-cr1=13 leri-cr2=100 leri-cr3=100,leri-cr1=13 leri-cr2=100 leri-cr3=100,1171Mbit,1171Mbit,1
1790993396.382,leri-cr1=13 leri-cr2=100 leri-cr3=100,leri-cr1=13 leri-cr2=100 leri-cr3=100,leri-cr1=13 leri-cr2=100 leri-cr3=100,1171Mbit,1171Mbit,1
1790993406.433,leri-cr1=13 leri-cr2=100 leri-cr3=100,leri-cr1=13 leri-cr2=100 leri-cr3=100,leri-cr1=13 leri-cr2=100 leri-cr3=100,1171Mbit,1171Mbit,1
1790993416.698,leri-cr1=13 leri-cr2=100 leri-cr3=100,leri-cr1=13 leri-cr2=100 leri-cr3=100,leri-cr1=13 leri-cr2=100 leri-cr3=100,1171Mbit,1171Mbit,1
1790993426.750,leri-cr1=13 leri-cr2=100 leri-cr3=100,leri-cr1=13 leri-cr2=100 leri-cr3=100,leri-cr1=13 leri-cr2=100 leri-cr3=100,1171Mbit,1171Mbit,1
1790993436.837,leri-cr1=13 leri-cr2=100 leri-cr3=100,leri-cr1=13 leri-cr2=100 leri-cr3=100,leri-cr1=13 leri-cr2=100 leri-cr3=100,1171Mbit,1171Mbit,1
1790993446.888,leri-cr1=13 leri-cr2=100 leri-cr3=100,leri-cr1=13 leri-cr2=100 leri-cr3=100,leri-cr1=13 leri-cr2=100 leri-cr3=100,1171Mbit,1171Mbit,1
1790993456.942,leri-cr1=13 leri-cr2=100 leri-cr3=100,leri-cr1=13 leri-cr2=100 leri-cr3=100,leri-cr1=13 leri-cr2=100 leri-cr3=100,1171Mbit,1171Mbit,1
1790993466.998,leri-cr1=13 leri-cr2=100 leri-cr3=100,leri-cr1=13 leri-cr2=100 leri-cr3=100,leri-cr1=13 leri-cr2=100 leri-cr3=100,1171Mbit,1171Mbit,1
1790993477.260,leri-cr1=13 leri-cr2=100 leri-cr3=100,leri-cr1=13 leri-cr2=100 leri-cr3=100,leri-cr1=13 leri-cr2=100 leri-cr3=100,1171Mbit,1171Mbit,1
1790993487.316,leri-cr1=13 leri-cr2=100 leri-cr3=100,leri-cr1=13 leri-cr2=100 leri-cr3=100,leri-cr1=13 leri-cr2=100 leri-cr3=100,1171Mbit,1171Mbit,1
1790993497.370,leri-cr1=13 leri-cr2=100 leri-cr3=100,leri-cr1=13 leri-cr2=100 leri-cr3=100,leri-cr1=13 leri-cr2=100 leri-cr3=100,1171Mbit,1171Mbit,1
1790993507.420,leri-cr1=13 leri-cr2=100 leri-cr3=100,leri-cr1=13 leri-cr2=100 leri-cr3=100,leri-cr1=13 leri-cr2=100 leri-cr3=100,1171Mbit,1171Mbit,1
1790993517.479,leri-cr1=13 leri-cr2=100 leri-cr3=100,leri-cr1=13 leri-cr2=100 leri-cr3=100,leri-cr1=13 leri-cr2=100 leri-cr3=100,1171Mbit,1171Mbit,1
1790993527.530,leri-cr1=13 leri-cr2=100 leri-cr3=100,leri-cr1=13 leri-cr2=100 leri-cr3=100,leri-cr1=13 leri-cr2=100 leri-cr3=100,1171Mbit,1171Mbit,1
1790993537.816,leri-cr1=13 leri-cr2=100 leri-cr3=100,leri-cr1=13 leri-cr2=100 leri-cr3=100,leri-cr1=13 leri-cr2=100 leri-cr3=100,1171Mbit,1171Mbit,1
1790993547.863,leri-cr1=13 leri-cr2=100 leri-cr3=100,leri-cr1=13 leri-cr2=100 leri-cr3=100,leri-cr1=13 leri-cr2=100 leri-cr3=100,1171Mbit,1171Mbit,1
1790993557.911,leri-cr1=13 leri-cr2=100 leri-cr3=100,leri-cr1=13 leri-cr2=100 leri-cr3=100,leri-cr1=13 leri-cr2=100 leri-cr3=100,1171Mbit,1171Mbit,1
1790993567.972,leri-cr1=13 leri-cr2=100 leri-cr3=100,leri-cr1=13 leri-cr2=100 leri-cr3=100,leri-cr1=13 leri-cr2=100 leri-cr3=100,1171Mbit,1171Mbit,1
1790993578.020,leri-cr1=13 leri-cr2=100 leri-cr3=100,leri-cr1=13 leri-cr2=100 leri-cr3=100,leri-cr1=13 leri-cr2=100 leri-cr3=100,1171Mbit,1171Mbit,1
1790993588.073,leri-cr1=13 leri-cr2=100 leri-cr3=100,leri-cr1=13 leri-cr2=100 leri-cr3=100,leri-cr1=13 leri-cr2=100 leri-cr3=100,1171Mbit,1171Mbit,1
1790993598.352,leri-cr1=13 leri-cr2=100 leri-cr3=100,leri-cr1=13 leri-cr2=100 leri-cr3=100,leri-cr1=13 leri-cr2=100 leri-cr3=100,1171Mbit,1171Mbit,1
1790993608.409,leri-cr1=13 leri-cr2=100 leri-cr3=100,leri-cr1=13 leri-cr2=100 leri-cr3=100,leri-cr1=13 leri-cr2=100 leri-cr3=100,1171Mbit,1171Mbit,1
1790993618.462,leri-cr1=13 leri-cr2=100 leri-cr3=100,leri-cr1=13 leri-cr2=100 leri-cr3=100,leri-cr1=13 leri-cr2=100 leri-cr3=100,1171Mbit,1171Mbit,1
1790993628.519,leri-cr1=13 leri-cr2=100 leri-cr3=100,leri-cr1=13 leri-cr2=100 leri-cr3=100,leri-cr1=13 leri-cr2=100 leri-cr3=100,1171Mbit,1171Mbit,1
1790993638.572,leri-cr1=13 leri-cr2=100 leri-cr3=100,leri-cr1=13 leri-cr2=100 leri-cr3=100,leri-cr1=13 leri-cr2=100 leri-cr3=100,1171Mbit,1171Mbit,1
1790993648.623,leri-cr1=13 leri-cr2=100 leri-cr3=100,leri-cr1=13 leri-cr2=100 leri-cr3=100,leri-cr1=13 leri-cr2=100 leri-cr3=100,1171Mbit,1171Mbit,1
1790993658.886,leri-cr1=13 leri-cr2=100 leri-cr3=100,leri-cr1=13 leri-cr2=100 leri-cr3=100,leri-cr1=13 leri-cr2=100 leri-cr3=100,1171Mbit,1171Mbit,1
1790993668.938,leri-cr1=13 leri-cr2=100 leri-cr3=100,leri-cr1=13 leri-cr2=100 leri-cr3=100,leri-cr1=13 leri-cr2=100 leri-cr3=100,1171Mbit,1171Mbit,1
1790993678.984,leri-cr1=13 leri-cr2=100 leri-cr3=100,leri-cr1=13 leri-cr2=100 leri-cr3=100,leri-cr1=13 leri-cr2=100 leri-cr3=100,1171Mbit,1171Mbit,1
1790993689.036,leri-cr1=13 leri-cr2=100 leri-cr3=100,leri-cr1=13 leri-cr2=100 leri-cr3=100,leri-cr1=13 leri-cr2=100 leri-cr3=100,1171Mbit,1171Mbit,1
1790993699.086,leri-cr1=13 leri-cr2=100 leri-cr3=100,leri-cr1=13 leri-cr2=100 leri-cr3=100,leri-cr1=13 leri-cr2=100 leri-cr3=100,1171Mbit,1171Mbit,1
1790993709.139,leri-cr1=13 leri-cr2=100 leri-cr3=100,leri-cr1=13 leri-cr2=100 leri-cr3=100,leri-cr1=13 leri-cr2=100 leri-cr3=100,1171Mbit,1171Mbit,1
1790993719.377,leri-cr1=13 leri-cr2=100 leri-cr3=100,leri-cr1=13 leri-cr2=100 leri-cr3=100,leri-cr1=13 leri-cr2=100 leri-cr3=100,1171Mbit,1171Mbit,1
1790993729.423,leri-cr1=13 leri-cr2=100 leri-cr3=100,leri-cr1=13 leri-cr2=100 leri-cr3=100,leri-cr1=13 leri-cr2=100 leri-cr3=100,1171Mbit,1171Mbit,1
1790993739.475,leri-cr1=13 leri-cr2=100 leri-cr3=100,leri-cr1=13 leri-cr2=100 leri-cr3=100,leri-cr1=13 leri-cr2=100 leri-cr3=100,1171Mbit,1171Mbit,1
1790993749.526,leri-cr1=13 leri-cr2=100 leri-cr3=100,leri-cr1=13 leri-cr2=100 leri-cr3=100,leri-cr1=13 leri-cr2=100 leri-cr3=100,1171Mbit,1171Mbit,1
1790993759.580,leri-cr1=13 leri-cr2=100 leri-cr3=100,leri-cr1=13 leri-cr2=100 leri-cr3=100,leri-cr1=13 leri-cr2=100 leri-cr3=100,1171Mbit,1171Mbit,1
1790993769.630,leri-cr1=13 leri-cr2=100 leri-cr3=100,leri-cr1=13 leri-cr2=100 leri-cr3=100,leri-cr1=13 leri-cr2=100 leri-cr3=100,1171Mbit,1171Mbit,1
1790993779.939,leri-cr1=13 leri-cr2=100 leri-cr3=100,leri-cr1=13 leri-cr2=100 leri-cr3=100,leri-cr1=13 leri-cr2=100 leri-cr3=100,1171Mbit,1171Mbit,1
1790993789.993,leri-cr1=13 leri-cr2=100 leri-cr3=100,leri-cr1=13 leri-cr2=100 leri-cr3=100,leri-cr1=13 leri-cr2=100 leri-cr3=100,1171Mbit,1171Mbit,1
1790993800.044,leri-cr1=13 leri-cr2=100 leri-cr3=100,leri-cr1=13 leri-cr2=100 leri-cr3=100,leri-cr1=13 leri-cr2=100 leri-cr3=100,1171Mbit,1171Mbit,1
1790993810.100,leri-cr1=13 leri-cr2=100 leri-cr3=100,leri-cr1=13 leri-cr2=100 leri-cr3=100,leri-cr1=13 leri-cr2=100 leri-cr3=100,1171Mbit,1171Mbit,1
1790993820.158,leri-cr1=13 leri-cr2=100 leri-cr3=100,leri-cr1=13 leri-cr2=100 leri-cr3=100,leri-cr1=13 leri-cr2=100 leri-cr3=100,1171Mbit,1171Mbit,1
1790993830.205,leri-cr1=13 leri-cr2=100 leri-cr3=100,leri-cr1=13 leri-cr2=100 leri-cr3=100,leri-cr1=13 leri-cr2=100 leri-cr3=100,1171Mbit,1171Mbit,1
1790993840.510,leri-cr1=13 leri-cr2=100 leri-cr3=100,leri-cr1=13 leri-cr2=100 leri-cr3=100,leri-cr1=13 leri-cr2=100 leri-cr3=100,1171Mbit,1171Mbit,1
1790993850.560,leri-cr1=13 leri-cr2=100 leri-cr3=100,leri-cr1=13 leri-cr2=100 leri-cr3=100,leri-cr1=13 leri-cr2=100 leri-cr3=100,1171Mbit,1171Mbit,1
1790993860.617,leri-cr1=13 leri-cr2=100 leri-cr3=100,leri-cr1=13 leri-cr2=100 leri-cr3=100,leri-cr1=13 leri-cr2=100 leri-cr3=100,1171Mbit,1171Mbit,1
1790993870.684,leri-cr1=13 leri-cr2=100 leri-cr3=100,leri-cr1=13 leri-cr2=100 leri-cr3=100,leri-cr1=13 leri-cr2=100 leri-cr3=100,1171Mbit,1171Mbit,1
1790993880.731,leri-cr1=13 leri-cr2=100 leri-cr3=100,leri-cr1=13 leri-cr2=100 leri-cr3=100,leri-cr1=13 leri-cr2=100 leri-cr3=100,1171Mbit,1171Mbit,1
1790993890.784,leri-cr1=13 leri-cr2=100 leri-cr3=100,leri-cr1=13 leri-cr2=100 leri-cr3=100,leri-cr1=13 leri-cr2=100 leri-cr3=100,1171Mbit,1171Mbit,1
1790993901.107,leri-cr1=13 leri-cr2=100 leri-cr3=100,leri-cr1=13 leri-cr2=100 leri-cr3=100,leri-cr1=13 leri-cr2=100 leri-cr3=100,1171Mbit,1171Mbit,1
1790993911.151,leri-cr1=13 leri-cr2=100 leri-cr3=100,leri-cr1=13 leri-cr2=100 leri-cr3=100,leri-cr1=13 leri-cr2=100 leri-cr3=100,1171Mbit,1171Mbit,1
1790993921.200,leri-cr1=13 leri-cr2=100 leri-cr3=100,leri-cr1=13 leri-cr2=100 leri-cr3=100,leri-cr1=13 leri-cr2=100 leri-cr3=100,1171Mbit,1171Mbit,1
1790993931.254,leri-cr1=13 leri-cr2=100 leri-cr3=100,leri-cr1=13 leri-cr2=100 leri-cr3=100,leri-cr1=13 leri-cr2=100 leri-cr3=100,1171Mbit,1171Mbit,1
1790993941.306,leri-cr1=13 leri-cr2=100 leri-cr3=100,leri-cr1=13 leri-cr2=100 leri-cr3=100,leri-cr1=13 leri-cr2=100 leri-cr3=100,1171Mbit,1171Mbit,1
1790993951.361,leri-cr1=13 leri-cr2=100 leri-cr3=100,leri-cr1=13 leri-cr2=100 leri-cr3=100,leri-cr1=13 leri-cr2=100 leri-cr3=100,1171Mbit,1171Mbit,1
1790993961.618,leri-cr1=13 leri-cr2=100 leri-cr3=100,leri-cr1=13 leri-cr2=100 leri-cr3=100,leri-cr1=13 leri-cr2=100 leri-cr3=100,1171Mbit,1171Mbit,1
1790993971.671,leri-cr1=13 leri-cr2=100 leri-cr3=100,leri-cr1=13 leri-cr2=100 leri-cr3=100,leri-cr1=13 leri-cr2=100 leri-cr3=100,1171Mbit,1171Mbit,1
1790993981.717,leri-cr1=13 leri-cr2=100 leri-cr3=100,leri-cr1=13 leri-cr2=100 leri-cr3=100,leri-cr1=13 leri-cr2=100 leri-cr3=100,1171Mbit,1171Mbit,1
1790993991.771,leri-cr1=13 leri-cr2=100 leri-cr3=100,leri-cr1=13 leri-cr2=100 leri-cr3=100,leri-cr1=13 leri-cr2=100 leri-cr3=100,1171Mbit,1171Mbit,1
1790994001.824,leri-cr1=13 leri-cr2=100 leri-cr3=100,leri-cr1=13 leri-cr2=100 leri-cr3=100,leri-cr1=13 leri-cr2=100 leri-cr3=100,1171Mbit,1171Mbit,1
1790994011.875,leri-cr1=13 leri-cr2=100 leri-cr3=100,leri-cr1=13 leri-cr2=100 leri-cr3=100,leri-cr1=13 leri-cr2=100 leri-cr3=100,1171Mbit,1171Mbit,1
1790994022.148,leri-cr1=13 leri-cr2=100 leri-cr3=100,leri-cr1=13 leri-cr2=100 leri-cr3=100,leri-cr1=13 leri-cr2=100 leri-cr3=100,1171Mbit,1171Mbit,1
1790994032.202,leri-cr1=13 leri-cr2=100 leri-cr3=100,leri-cr1=13 leri-cr2=100 leri-cr3=100,leri-cr1=13 leri-cr2=100 leri-cr3=100,1171Mbit,1171Mbit,1
1790994042.251,leri-cr1=13 leri-cr2=100 leri-cr3=100,leri-cr1=13 leri-cr2=100 leri-cr3=100,leri-cr1=13 leri-cr2=100 leri-cr3=100,1171Mbit,1171Mbit,1
1790994052.297,leri-cr1=13 leri-cr2=100 leri-cr3=100,leri-cr1=13 leri-cr2=100 leri-cr3=100,leri-cr1=13 leri-cr2=100 leri-cr3=100,1171Mbit,1171Mbit,1
1790994062.342,leri-cr1=13 leri-cr2=100 leri-cr3=100,leri-cr1=13 leri-cr2=100 leri-cr3=100,leri-cr1=13 leri-cr2=100 leri-cr3=100,1171Mbit,1171Mbit,1
1790994072.390,leri-cr1=13 leri-cr2=100 leri-cr3=100,leri-cr1=13 leri-cr2=100 leri-cr3=100,leri-cr1=13 leri-cr2=100 leri-cr3=100,1171Mbit,1171Mbit,1
1790994082.673,leri-cr1=13 leri-cr2=100 leri-cr3=100,leri-cr1=13 leri-cr2=100 leri-cr3=100,leri-cr1=13 leri-cr2=100 leri-cr3=100,1171Mbit,1171Mbit,1
1790994092.730,leri-cr1=13 leri-cr2=100 leri-cr3=100,leri-cr1=13 leri-cr2=100 leri-cr3=100,leri-cr1=13 leri-cr2=100 leri-cr3=100,1171Mbit,1171Mbit,1
1790994102.784,leri-cr1=13 leri-cr2=100 leri-cr3=100,leri-cr1=13 leri-cr2=100 leri-cr3=100,leri-cr1=13 leri-cr2=100 leri-cr3=100,1171Mbit,1171Mbit,1
1790994112.840,leri-cr1=13 leri-cr2=100 leri-cr3=100,leri-cr1=13 leri-cr2=100 leri-cr3=100,leri-cr1=13 leri-cr2=100 leri-cr3=100,1171Mbit,1171Mbit,1
1790994122.900,leri-cr1=13 leri-cr2=100 leri-cr3=100,leri-cr1=13 leri-cr2=100 leri-cr3=100,leri-cr1=13 leri-cr2=100 leri-cr3=100,1171Mbit,1171Mbit,1
1790994132.948,leri-cr1=13 leri-cr2=100 leri-cr3=100,leri-cr1=13 leri-cr2=100 leri-cr3=100,leri-cr1=13 leri-cr2=100 leri-cr3=100,1171Mbit,1171Mbit,1
1790994143.223,leri-cr1=13 leri-cr2=100 leri-cr3=100,leri-cr1=13 leri-cr2=100 leri-cr3=100,leri-cr1=13 leri-cr2=100 leri-cr3=100,1171Mbit,1171Mbit,1
1790994153.276,leri-cr1=13 leri-cr2=100 leri-cr3=100,leri-cr1=13 leri-cr2=100 leri-cr3=100,leri-cr1=13 leri-cr2=100 leri-cr3=100,1171Mbit,1171Mbit,1
1790994163.328,leri-cr1=13 leri-cr2=100 leri-cr3=100,leri-cr1=13 leri-cr2=100 leri-cr3=100,leri-cr1=13 leri-cr2=100 leri-cr3=100,1171Mbit,1171Mbit,1
1790994173.381,leri-cr1=13 leri-cr2=100 leri-cr3=100,leri-cr1=13 leri-cr2=100 leri-cr3=100,leri-cr1=13 leri-cr2=100 leri-cr3=100,1171Mbit,1171Mbit,1
1790994183.436,leri-cr1=13 leri-cr2=100 leri-cr3=100,leri-cr1=13 leri-cr2=100 leri-cr3=100,leri-cr1=13 leri-cr2=100 leri-cr3=100,1171Mbit,1171Mbit,1
1790994193.508,leri-cr1=13 leri-cr2=100 leri-cr3=100,leri-cr1=13 leri-cr2=100 leri-cr3=100,leri-cr1=13 leri-cr2=100 leri-cr3=100,1171Mbit,1171Mbit,1
1790994203.778,leri-cr1=13 leri-cr2=100 leri-cr3=100,leri-cr1=13 leri-cr2=100 leri-cr3=100,leri-cr1=13 leri-cr2=100 leri-cr3=100,1171Mbit,1171Mbit,1
1790994213.829,leri-cr1=13 leri-cr2=100 leri-cr3=100,leri-cr1=13 leri-cr2=100 leri-cr3=100,leri-cr1=13 leri-cr2=100 leri-cr3=100,1171Mbit,1171Mbit,1
1790994223.882,leri-cr1=13 leri-cr2=100 leri-cr3=100,leri-cr1=13 leri-cr2=100 leri-cr3=100,leri-cr1=13 leri-cr2=100 leri-cr3=100,1171Mbit,1171Mbit,1
1790994233.963,leri-cr1=13 leri-cr2=100 leri-cr3=100,leri-cr1=13 leri-cr2=100 leri-cr3=100,leri-cr1=13 leri-cr2=100 leri-cr3=100,1171Mbit,1171Mbit,1
1790994244.016,leri-cr1=13 leri-cr2=100 leri-cr3=100,leri-cr1=13 leri-cr2=100 leri-cr3=100,leri-cr1=13 leri-cr2=100 leri-cr3=100,1171Mbit,1171Mbit,1
1790994254.077,leri-cr1=13 leri-cr2=100 leri-cr3=100,leri-cr1=13 leri-cr2=100 leri-cr3=100,leri-cr1=13 leri-cr2=100 leri-cr3=100,1171Mbit,1171Mbit,1
1790994264.343,leri-cr1=13 leri-cr2=100 leri-cr3=100,leri-cr1=13 leri-cr2=100 leri-cr3=100,leri-cr1=13 leri-cr2=100 leri-cr3=100,1171Mbit,1171Mbit,1
1790994274.395,leri-cr1=13 leri-cr2=100 leri-cr3=100,leri-cr1=13 leri-cr2=100 leri-cr3=100,leri-cr1=13 leri-cr2=100 leri-cr3=100,1171Mbit,1171Mbit,1
1790994284.450,leri-cr1=13 leri-cr2=100 leri-cr3=100,leri-cr1=13 leri-cr2=100 leri-cr3=100,leri-cr1=13 leri-cr2=100 leri-cr3=100,1171Mbit,1171Mbit,1
1790994294.502,leri-cr1=13 leri-cr2=100 leri-cr3=100,leri-cr1=13 leri-cr2=100 leri-cr3=100,leri-cr1=13 leri-cr2=100 leri-cr3=100,1171Mbit,1171Mbit,1
1790994304.554,leri-cr1=13 leri-cr2=100 leri-cr3=100,leri-cr1=13 leri-cr2=100 leri-cr3=100,leri-cr1=13 leri-cr2=100 leri-cr3=100,1171Mbit,1171Mbit,1
1790994314.611,leri-cr1=13 leri-cr2=100 leri-cr3=100,leri-cr1=13 leri-cr2=100 leri-cr3=100,leri-cr1=13 leri-cr2=100 leri-cr3=100,1171Mbit,1171Mbit,1
1790994324.906,leri-cr1=13 leri-cr2=100 leri-cr3=100,leri-cr1=13 leri-cr2=100 leri-cr3=100,leri-cr1=13 leri-cr2=100 leri-cr3=100,1171Mbit,1171Mbit,1
1790994334.961,leri-cr1=13 leri-cr2=100 leri-cr3=100,leri-cr1=13 leri-cr2=100 leri-cr3=100,leri-cr1=13 leri-cr2=100 leri-cr3=100,1171Mbit,1171Mbit,1
1790994345.012,leri-cr1=13 leri-cr2=100 leri-cr3=100,leri-cr1=13 leri-cr2=100 leri-cr3=100,leri-cr1=13 leri-cr2=100 leri-cr3=100,1171Mbit,1171Mbit,1
1790994355.071,leri-cr1=13 leri-cr2=100 leri-cr3=100,leri-cr1=13 leri-cr2=100 leri-cr3=100,leri-cr1=13 leri-cr2=100 leri-cr3=100,1171Mbit,1171Mbit,1
1790994365.125,leri-cr1=13 leri-cr2=100 leri-cr3=100,leri-cr1=13 leri-cr2=100 leri-cr3=100,leri-cr1=13 leri-cr2=100 leri-cr3=100,1171Mbit,1171Mbit,1
1790994375.181,leri-cr1=13 leri-cr2=100 leri-cr3=100,leri-cr1=13 leri-cr2=100 leri-cr3=100,leri-cr1=13 leri-cr2=100 leri-cr3=100,1171Mbit,1171Mbit,1
1790994385.475,leri-cr1=13 leri-cr2=100 leri-cr3=100,leri-cr1=13 leri-cr2=100 leri-cr3=100,leri-cr1=13 leri-cr2=100 leri-cr3=100,1171Mbit,1171Mbit,1
1790994395.528,leri-cr1=13 leri-cr2=100 leri-cr3=100,leri-cr1=13 leri-cr2=100 leri-cr3=100,leri-cr1=13 leri-cr2=100 leri-cr3=100,1171Mbit,1171Mbit,1
1790994405.575,leri-cr1=13 leri-cr2=100 leri-cr3=100,leri-cr1=13 leri-cr2=100 leri-cr3=100,leri-cr1=13 leri-cr2=100 leri-cr3=100,1171Mbit,1171Mbit,1
1790994415.626,leri-cr1=13 leri-cr2=100 leri-cr3=100,leri-cr1=13 leri-cr2=100 leri-cr3=100,leri-cr1=13 leri-cr2=100 leri-cr3=100,1171Mbit,1171Mbit,1
1790994425.677,leri-cr1=13 leri-cr2=100 leri-cr3=100,leri-cr1=13 leri-cr2=100 leri-cr3=100,leri-cr1=13 leri-cr2=100 leri-cr3=100,1171Mbit,1171Mbit,1
1790994435.976,leri-cr1=13 leri-cr2=100 leri-cr3=100,leri-cr1=13 leri-cr2=100 leri-cr3=100,leri-cr1=13 leri-cr2=100 leri-cr3=100,1171Mbit,1171Mbit,1
1790994446.034,leri-cr1=13 leri-cr2=100 leri-cr3=100,leri-cr1=13 leri-cr2=100 leri-cr3=100,leri-cr1=13 leri-cr2=100 leri-cr3=100,1171Mbit,1171Mbit,1
1790994456.085,leri-cr1=13 leri-cr2=100 leri-cr3=100,leri-cr1=13 leri-cr2=100 leri-cr3=100,leri-cr1=13 leri-cr2=100 leri-cr3=100,1171Mbit,1171Mbit,1
1790994466.144,leri-cr1=13 leri-cr2=100 leri-cr3=100,leri-cr1=13 leri-cr2=100 leri-cr3=100,leri-cr1=13 leri-cr2=100 leri-cr3=100,1171Mbit,1171Mbit,1
1790994476.199,leri-cr1=13 leri-cr2=100 leri-cr3=100,leri-cr1=13 leri-cr2=100 leri-cr3=100,leri-cr1=13 leri-cr2=100 leri-cr3=100,1171Mbit,1171Mbit,1
1790994486.256,leri-cr1=13 leri-cr2=100 leri-cr3=100,leri-cr1=13 leri-cr2=100 leri-cr3=100,leri-cr1=13 leri-cr2=100 leri-cr3=100,1171Mbit,1171Mbit,1
1790994496.521,leri-cr1=13 leri-cr2=100 leri-cr3=100,leri-cr1=13 leri-cr2=100 leri-cr3=100,leri-cr1=13 leri-cr2=100 leri-cr3=100,1171Mbit,1171Mbit,1
1790994506.574,leri-cr1=13 leri-cr2=100 leri-cr3=100,leri-cr1=13 leri-cr2=100 leri-cr3=100,leri-cr1=13 leri-cr2=100 leri-cr3=100,1171Mbit,1171Mbit,1
1790994516.625,leri-cr1=13 leri-cr2=100 leri-cr3=100,leri-cr1=13 leri-cr2=100 leri-cr3=100,leri-cr1=13 leri-cr2=100 leri-cr3=100,1171Mbit,1171Mbit,1
1790994526.684,leri-cr1=13 leri-cr2=100 leri-cr3=100,leri-cr1=13 leri-cr2=100 leri-cr3=100,leri-cr1=13 leri-cr2=100 leri-cr3=100,1171Mbit,1171Mbit,1
1790994536.731,leri-cr1=13 leri-cr2=100 leri-cr3=100,leri-cr1=13 leri-cr2=100 leri-cr3=100,leri-cr1=13 leri-cr2=100 leri-cr3=100,1171Mbit,1171Mbit,1
1790994546.780,leri-cr1=13 leri-cr2=100 leri-cr3=100,leri-cr1=13 leri-cr2=100 leri-cr3=100,leri-cr1=13 leri-cr2=100 leri-cr3=100,1171Mbit,1171Mbit,1
1790994557.067,leri-cr1=13 leri-cr2=100 leri-cr3=100,leri-cr1=13 leri-cr2=100 leri-cr3=100,leri-cr1=13 leri-cr2=100 leri-cr3=100,1171Mbit,1171Mbit,1
1790994567.117,leri-cr1=13 leri-cr2=100 leri-cr3=100,leri-cr1=13 leri-cr2=100 leri-cr3=100,leri-cr1=13 leri-cr2=100 leri-cr3=100,1171Mbit,1171Mbit,1
1790994577.185,leri-cr1=13 leri-cr2=100 leri-cr3=100,leri-cr1=13 leri-cr2=100 leri-cr3=100,leri-cr1=13 leri-cr2=100 leri-cr3=100,1171Mbit,1171Mbit,1
1790994587.238,leri-cr1=13 leri-cr2=100 leri-cr3=100,leri-cr1=13 leri-cr2=100 leri-cr3=100,leri-cr1=13 leri-cr2=100 leri-cr3=100,1171Mbit,1171Mbit,1
1790994597.290,leri-cr1=13 leri-cr2=100 leri-cr3=100,leri-cr1=13 leri-cr2=100 leri-cr3=100,leri-cr1=13 leri-cr2=100 leri-cr3=100,1171Mbit,1171Mbit,1
1790994607.343,leri-cr1=13 leri-cr2=100 leri-cr3=100,leri-cr1=13 leri-cr2=100 leri-cr3=100,leri-cr1=13 leri-cr2=100 leri-cr3=100,1171Mbit,1171Mbit,1
1790994617.568,leri-cr1=13 leri-cr2=100 leri-cr3=100,leri-cr1=13 leri-cr2=100 leri-cr3=100,leri-cr1=13 leri-cr2=100 leri-cr3=100,1171Mbit,1171Mbit,1
1790994627.623,leri-cr1=13 leri-cr2=100 leri-cr3=100,leri-cr1=13 leri-cr2=100 leri-cr3=100,leri-cr1=13 leri-cr2=100 leri-cr3=100,1171Mbit,1171Mbit,1
1790994637.680,leri-cr1=13 leri-cr2=100 leri-cr3=100,leri-cr1=13 leri-cr2=100 leri-cr3=100,leri-cr1=13 leri-cr2=100 leri-cr3=100,1171Mbit,1171Mbit,1
1790994647.735,leri-cr1=13 leri-cr2=100 leri-cr3=100,leri-cr1=13 leri-cr2=100 leri-cr3=100,leri-cr1=13 leri-cr2=100 leri-cr3=100,1171Mbit,1171Mbit,1
1790994657.789,leri-cr1=13 leri-cr2=100 leri-cr3=100,leri-cr1=13 leri-cr2=100 leri-cr3=100,leri-cr1=13 leri-cr2=100 leri-cr3=100,1171Mbit,1171Mbit,1
1790994667.833,leri-cr1=13 leri-cr2=100 leri-cr3=100,leri-cr1=13 leri-cr2=100 leri-cr3=100,leri-cr1=13 leri-cr2=100 leri-cr3=100,1171Mbit,1171Mbit,1
1790994678.120,leri-cr1=13 leri-cr2=100 leri-cr3=100,leri-cr1=13 leri-cr2=100 leri-cr3=100,leri-cr1=13 leri-cr2=100 leri-cr3=100,1171Mbit,1171Mbit,1
1790994688.184,leri-cr1=13 leri-cr2=100 leri-cr3=100,leri-cr1=13 leri-cr2=100 leri-cr3=100,leri-cr1=13 leri-cr2=100 leri-cr3=100,1171Mbit,1171Mbit,1
1790994698.232,leri-cr1=13 leri-cr2=100 leri-cr3=100,leri-cr1=13 leri-cr2=100 leri-cr3=100,leri-cr1=13 leri-cr2=100 leri-cr3=100,1171Mbit,1171Mbit,1
1790994708.280,leri-cr1=13 leri-cr2=100 leri-cr3=100,leri-cr1=13 leri-cr2=100 leri-cr3=100,leri-cr1=13 leri-cr2=100 leri-cr3=100,1171Mbit,1171Mbit,1
1790994718.333,leri-cr1=13 leri-cr2=100 leri-cr3=100,leri-cr1=13 leri-cr2=100 leri-cr3=100,leri-cr1=13 leri-cr2=100 leri-cr3=100,1171Mbit,1171Mbit,1
1790994728.386,leri-cr1=13 leri-cr2=100 leri-cr3=100,leri-cr1=13 leri-cr2=100 leri-cr3=100,leri-cr1=13 leri-cr2=100 leri-cr3=100,1171Mbit,1171Mbit,1
1790994738.654,leri-cr1=13 leri-cr2=100 leri-cr3=100,leri-cr1=13 leri-cr2=100 leri-cr3=100,leri-cr1=13 leri-cr2=100 leri-cr3=100,1171Mbit,1171Mbit,1
1790994748.706,leri-cr1=13 leri-cr2=100 leri-cr3=100,leri-cr1=13 leri-cr2=100 leri-cr3=100,leri-cr1=13 leri-cr2=100 leri-cr3=100,1171Mbit,1171Mbit,1
1790994758.755,leri-cr1=13 leri-cr2=100 leri-cr3=100,leri-cr1=13 leri-cr2=100 leri-cr3=100,leri-cr1=13 leri-cr2=100 leri-cr3=100,1171Mbit,1171Mbit,1
1790994768.808,leri-cr1=13 leri-cr2=100 leri-cr3=100,leri-cr1=13 leri-cr2=100 leri-cr3=100,leri-cr1=13 leri-cr2=100 leri-cr3=100,1171Mbit,1171Mbit,1
1790994778.855,leri-cr1=13 leri-cr2=100 leri-cr3=100,leri-cr1=13 leri-cr2=100 leri-cr3=100,leri-cr1=13 leri-cr2=100 leri-cr3=100,1171Mbit,1171Mbit,1
1790994788.907,leri-cr1=13 leri-cr2=100 leri-cr3=100,leri-cr1=13 leri-cr2=100 leri-cr3=100,leri-cr1=13 leri-cr2=100 leri-cr3=100,1171Mbit,1171Mbit,1
1790994799.194,leri-cr1=13 leri-cr2=100 leri-cr3=100,leri-cr1=13 leri-cr2=100 leri-cr3=100,leri-cr1=13 leri-cr2=100 leri-cr3=100,1171Mbit,1171Mbit,1
1790994809.262,leri-cr1=13 leri-cr2=100 leri-cr3=100,leri-cr1=13 leri-cr2=100 leri-cr3=100,leri-cr1=13 leri-cr2=100 leri-cr3=100,1171Mbit,1171Mbit,0
1790994819.334,leri-cr1=13 leri-cr2=100 leri-cr3=100,leri-cr1=13 leri-cr2=100 leri-cr3=100,leri-cr1=13 leri-cr2=100 leri-cr3=100,1171Mbit,1171Mbit,0
1790994829.411,leri-cr1=13 leri-cr2=100 leri-cr3=100,leri-cr1=13 leri-cr2=100 leri-cr3=100,leri-cr1=13 leri-cr2=100 leri-cr3=100,1171Mbit,1171Mbit,0
1790994839.483,leri-cr1=13 leri-cr2=100 leri-cr3=100,leri-cr1=13 leri-cr2=100 leri-cr3=100,leri-cr1=13 leri-cr2=100 leri-cr3=100,1171Mbit,1171Mbit,0
1790994849.557,leri-cr1=13 leri-cr2=100 leri-cr3=100,leri-cr1=13 leri-cr2=100 leri-cr3=100,leri-cr1=13 leri-cr2=100 leri-cr3=100,1171Mbit,1171Mbit,0
1790994859.964,leri-cr1=13 leri-cr2=100 leri-cr3=100,leri-cr1=13 leri-cr2=100 leri-cr3=100,leri-cr1=13 leri-cr2=100 leri-cr3=100,1171Mbit,1171Mbit,0
1790994870.036,leri-cr1=13 leri-cr2=100 leri-cr3=100,leri-cr1=13 leri-cr2=100 leri-cr3=100,leri-cr1=13 leri-cr2=100 leri-cr3=100,1171Mbit,1171Mbit,0
1790994880.106,leri-cr1=13 leri-cr2=100 leri-cr3=100,leri-cr1=13 leri-cr2=100 leri-cr3=100,leri-cr1=13 leri-cr2=100 leri-cr3=100,1171Mbit,1171Mbit,0
1790994890.181,leri-cr1=13 leri-cr2=100 leri-cr3=100,leri-cr1=13 leri-cr2=100 leri-cr3=100,leri-cr1=13 leri-cr2=100 leri-cr3=100,1171Mbit,1171Mbit,0
1790994900.279,leri-cr1=13 leri-cr2=100 leri-cr3=100,leri-cr1=13 leri-cr2=100 leri-cr3=100,leri-cr1=13 leri-cr2=100 leri-cr3=100,1171Mbit,1171Mbit,0
1790994910.356,leri-cr1=13 leri-cr2=100 leri-cr3=100,leri-cr1=13 leri-cr2=100 leri-cr3=100,leri-cr1=13 leri-cr2=100 leri-cr3=100,1171Mbit,1171Mbit,0
1790994920.773,leri-cr1=13 leri-cr2=100 leri-cr3=100,leri-cr1=13 leri-cr2=100 leri-cr3=100,leri-cr1=13 leri-cr2=100 leri-cr3=100,1171Mbit,1171Mbit,0
1790994930.823,leri-cr1=13 leri-cr2=100 leri-cr3=100,leri-cr1=13 leri-cr2=100 leri-cr3=100,leri-cr1=13 leri-cr2=100 leri-cr3=100,1171Mbit,1171Mbit,0
1790994940.870,leri-cr1=13 leri-cr2=100 leri-cr3=100,leri-cr1=13 leri-cr2=100 leri-cr3=100,leri-cr1=13 leri-cr2=100 leri-cr3=100,1171Mbit,1171Mbit,1
1790994950.931,leri-cr1=13 leri-cr2=100 leri-cr3=100,leri-cr1=13 leri-cr2=100 leri-cr3=100,leri-cr1=13 leri-cr2=100 leri-cr3=100,1171Mbit,1171Mbit,1
1790994960.978,leri-cr1=13 leri-cr2=100 leri-cr3=100,leri-cr1=13 leri-cr2=100 leri-cr3=100,leri-cr1=13 leri-cr2=100 leri-cr3=100,1171Mbit,1171Mbit,1
1790994971.029,leri-cr1=13 leri-cr2=100 leri-cr3=100,leri-cr1=13 leri-cr2=100 leri-cr3=100,leri-cr1=13 leri-cr2=100 leri-cr3=100,1171Mbit,1171Mbit,1
1790994981.332,leri-cr1=13 leri-cr2=100 leri-cr3=100,leri-cr1=13 leri-cr2=100 leri-cr3=100,leri-cr1=13 leri-cr2=100 leri-cr3=100,1171Mbit,1171Mbit,1
1790994991.387,leri-cr1=13 leri-cr2=100 leri-cr3=100,leri-cr1=13 leri-cr2=100 leri-cr3=100,leri-cr1=13 leri-cr2=100 leri-cr3=100,1171Mbit,1171Mbit,1
1790995001.437,leri-cr1=13 leri-cr2=100 leri-cr3=100,leri-cr1=13 leri-cr2=100 leri-cr3=100,leri-cr1=13 leri-cr2=100 leri-cr3=100,1171Mbit,1171Mbit,1
1790995011.495,leri-cr1=13 leri-cr2=100 leri-cr3=100,leri-cr1=13 leri-cr2=100 leri-cr3=100,leri-cr1=13 leri-cr2=100 leri-cr3=100,1171Mbit,1171Mbit,1
1790995021.553,leri-cr1=13 leri-cr2=100 leri-cr3=100,leri-cr1=13 leri-cr2=100 leri-cr3=100,leri-cr1=13 leri-cr2=100 leri-cr3=100,1171Mbit,1171Mbit,1
1790995031.602,leri-cr1=13 leri-cr2=100 leri-cr3=100,leri-cr1=13 leri-cr2=100 leri-cr3=100,leri-cr1=13 leri-cr2=100 leri-cr3=100,1171Mbit,1171Mbit,1
1790995041.878,leri-cr1=13 leri-cr2=100 leri-cr3=100,leri-cr1=13 leri-cr2=100 leri-cr3=100,leri-cr1=13 leri-cr2=100 leri-cr3=100,1171Mbit,1171Mbit,1
1790995051.934,leri-cr1=13 leri-cr2=100 leri-cr3=100,leri-cr1=13 leri-cr2=100 leri-cr3=100,leri-cr1=13 leri-cr2=100 leri-cr3=100,1171Mbit,1171Mbit,1
1790995061.989,leri-cr1=13 leri-cr2=100 leri-cr3=100,leri-cr1=13 leri-cr2=100 leri-cr3=100,leri-cr1=13 leri-cr2=100 leri-cr3=100,1171Mbit,1171Mbit,1
1790995072.045,leri-cr1=13 leri-cr2=100 leri-cr3=100,leri-cr1=13 leri-cr2=100 leri-cr3=100,leri-cr1=13 leri-cr2=100 leri-cr3=100,1171Mbit,1171Mbit,1
1790995082.100,leri-cr1=13 leri-cr2=100 leri-cr3=100,leri-cr1=13 leri-cr2=100 leri-cr3=100,leri-cr1=13 leri-cr2=100 leri-cr3=100,1171Mbit,1171Mbit,1
1790995092.157,leri-cr1=13 leri-cr2=100 leri-cr3=100,leri-cr1=13 leri-cr2=100 leri-cr3=100,leri-cr1=13 leri-cr2=100 leri-cr3=100,1171Mbit,1171Mbit,1
1790995102.449,leri-cr1=13 leri-cr2=100 leri-cr3=100,leri-cr1=13 leri-cr2=100 leri-cr3=100,leri-cr1=13 leri-cr2=100 leri-cr3=100,1171Mbit,1171Mbit,1
1790995112.502,leri-cr1=13 leri-cr2=100 leri-cr3=100,leri-cr1=13 leri-cr2=100 leri-cr3=100,leri-cr1=13 leri-cr2=100 leri-cr3=100,1171Mbit,1171Mbit,1
1790995122.551,leri-cr1=13 leri-cr2=100 leri-cr3=100,leri-cr1=13 leri-cr2=100 leri-cr3=100,leri-cr1=13 leri-cr2=100 leri-cr3=100,1171Mbit,1171Mbit,1
1790995132.599,leri-cr1=13 leri-cr2=100 leri-cr3=100,leri-cr1=13 leri-cr2=100 leri-cr3=100,leri-cr1=13 leri-cr2=100 leri-cr3=100,1171Mbit,1171Mbit,1
1790995142.649,leri-cr1=13 leri-cr2=100 leri-cr3=100,leri-cr1=13 leri-cr2=100 leri-cr3=100,leri-cr1=13 leri-cr2=100 leri-cr3=100,1171Mbit,1171Mbit,1
1790995152.693,leri-cr1=13 leri-cr2=100 leri-cr3=100,leri-cr1=13 leri-cr2=100 leri-cr3=100,leri-cr1=13 leri-cr2=100 leri-cr3=100,1171Mbit,1171Mbit,1
1790995162.943,leri-cr1=13 leri-cr2=100 leri-cr3=100,leri-cr1=13 leri-cr2=100 leri-cr3=100,leri-cr1=13 leri-cr2=100 leri-cr3=100,1171Mbit,1171Mbit,1
1790995172.986,leri-cr1=13 leri-cr2=100 leri-cr3=100,leri-cr1=13 leri-cr2=100 leri-cr3=100,leri-cr1=13 leri-cr2=100 leri-cr3=100,1171Mbit,1171Mbit,1
1790995183.037,leri-cr1=13 leri-cr2=100 leri-cr3=100,leri-cr1=13 leri-cr2=100 leri-cr3=100,leri-cr1=13 leri-cr2=100 leri-cr3=100,1171Mbit,1171Mbit,1
1790995193.090,leri-cr1=13 leri-cr2=100 leri-cr3=100,leri-cr1=13 leri-cr2=100 leri-cr3=100,leri-cr1=13 leri-cr2=100 leri-cr3=100,1171Mbit,1171Mbit,1
1790995203.137,leri-cr1=13 leri-cr2=100 leri-cr3=100,leri-cr1=13 leri-cr2=100 leri-cr3=100,leri-cr1=13 leri-cr2=100 leri-cr3=100,1171Mbit,1171Mbit,1
1790995213.190,leri-cr1=13 leri-cr2=100 leri-cr3=100,leri-cr1=13 leri-cr2=100 leri-cr3=100,leri-cr1=13 leri-cr2=100 leri-cr3=100,1171Mbit,1171Mbit,1
1790995223.453,leri-cr1=13 leri-cr2=100 leri-cr3=100,leri-cr1=13 leri-cr2=100 leri-cr3=100,leri-cr1=13 leri-cr2=100 leri-cr3=100,1171Mbit,1171Mbit,1
1790995233.504,leri-cr1=13 leri-cr2=100 leri-cr3=100,leri-cr1=13 leri-cr2=100 leri-cr3=100,leri-cr1=13 leri-cr2=100 leri-cr3=100,1171Mbit,1171Mbit,1
1790995243.560,leri-cr1=13 leri-cr2=100 leri-cr3=100,leri-cr1=13 leri-cr2=100 leri-cr3=100,leri-cr1=13 leri-cr2=100 leri-cr3=100,1171Mbit,1171Mbit,1
1790995253.610,leri-cr1=13 leri-cr2=100 leri-cr3=100,leri-cr1=13 leri-cr2=100 leri-cr3=100,leri-cr1=13 leri-cr2=100 leri-cr3=100,1171Mbit,1171Mbit,1
1790995263.659,leri-cr1=13 leri-cr2=100 leri-cr3=100,leri-cr1=13 leri-cr2=100 leri-cr3=100,leri-cr1=13 leri-cr2=100 leri-cr3=100,1171Mbit,1171Mbit,1
1790995273.710,leri-cr1=13 leri-cr2=100 leri-cr3=100,leri-cr1=13 leri-cr2=100 leri-cr3=100,leri-cr1=13 leri-cr2=100 leri-cr3=100,1171Mbit,1171Mbit,1
1790995283.983,leri-cr1=13 leri-cr2=100 leri-cr3=100,leri-cr1=13 leri-cr2=100 leri-cr3=100,leri-cr1=13 leri-cr2=100 leri-cr3=100,1171Mbit,1171Mbit,1
1790995294.037,leri-cr1=13 leri-cr2=100 leri-cr3=100,leri-cr1=13 leri-cr2=100 leri-cr3=100,leri-cr1=13 leri-cr2=100 leri-cr3=100,1171Mbit,1171Mbit,1
1790995304.093,leri-cr1=13 leri-cr2=100 leri-cr3=100,leri-cr1=13 leri-cr2=100 leri-cr3=100,leri-cr1=13 leri-cr2=100 leri-cr3=100,1171Mbit,1171Mbit,1
1790995314.147,leri-cr1=13 leri-cr2=100 leri-cr3=100,leri-cr1=13 leri-cr2=100 leri-cr3=100,leri-cr1=13 leri-cr2=100 leri-cr3=100,1171Mbit,1171Mbit,1
1790995324.214,leri-cr1=13 leri-cr2=100 leri-cr3=100,leri-cr1=13 leri-cr2=100 leri-cr3=100,leri-cr1=13 leri-cr2=100 leri-cr3=100,1171Mbit,1171Mbit,1
1790995334.266,leri-cr1=13 leri-cr2=100 leri-cr3=100,leri-cr1=13 leri-cr2=100 leri-cr3=100,leri-cr1=13 leri-cr2=100 leri-cr3=100,1171Mbit,1171Mbit,1
1790995344.563,leri-cr1=13 leri-cr2=100 leri-cr3=100,leri-cr1=13 leri-cr2=100 leri-cr3=100,leri-cr1=13 leri-cr2=100 leri-cr3=100,1171Mbit,1171Mbit,1
1790995354.615,leri-cr1=13 leri-cr2=100 leri-cr3=100,leri-cr1=13 leri-cr2=100 leri-cr3=100,leri-cr1=13 leri-cr2=100 leri-cr3=100,1171Mbit,1171Mbit,1
1790995364.665,leri-cr1=13 leri-cr2=100 leri-cr3=100,leri-cr1=13 leri-cr2=100 leri-cr3=100,leri-cr1=13 leri-cr2=100 leri-cr3=100,1171Mbit,1171Mbit,1
1790995374.718,leri-cr1=13 leri-cr2=100 leri-cr3=100,leri-cr1=13 leri-cr2=100 leri-cr3=100,leri-cr1=13 leri-cr2=100 leri-cr3=100,1171Mbit,1171Mbit,1
1790995384.771,leri-cr1=13 leri-cr2=100 leri-cr3=100,leri-cr1=13 leri-cr2=100 leri-cr3=100,leri-cr1=13 leri-cr2=100 leri-cr3=100,1171Mbit,1171Mbit,1
1790995394.820,leri-cr1=13 leri-cr2=100 leri-cr3=100,leri-cr1=13 leri-cr2=100 leri-cr3=100,leri-cr1=13 leri-cr2=100 leri-cr3=100,1171Mbit,1171Mbit,1
1790995405.098,leri-cr1=13 leri-cr2=100 leri-cr3=100,leri-cr1=13 leri-cr2=100 leri-cr3=100,leri-cr1=13 leri-cr2=100 leri-cr3=100,1171Mbit,1171Mbit,1
1790995415.148,leri-cr1=13 leri-cr2=100 leri-cr3=100,leri-cr1=13 leri-cr2=100 leri-cr3=100,leri-cr1=13 leri-cr2=100 leri-cr3=100,1171Mbit,1171Mbit,1
1790995425.207,leri-cr1=13 leri-cr2=100 leri-cr3=100,leri-cr1=13 leri-cr2=100 leri-cr3=100,leri-cr1=13 leri-cr2=100 leri-cr3=100,1171Mbit,1171Mbit,1
1790995435.254,leri-cr1=13 leri-cr2=100 leri-cr3=100,leri-cr1=13 leri-cr2=100 leri-cr3=100,leri-cr1=13 leri-cr2=100 leri-cr3=100,1171Mbit,1171Mbit,1
1790995445.306,leri-cr1=13 leri-cr2=100 leri-cr3=100,leri-cr1=13 leri-cr2=100 leri-cr3=100,leri-cr1=13 leri-cr2=100 leri-cr3=100,1171Mbit,1171Mbit,1
1790995455.361,leri-cr1=13 leri-cr2=100 leri-cr3=100,leri-cr1=13 leri-cr2=100 leri-cr3=100,leri-cr1=13 leri-cr2=100 leri-cr3=100,1171Mbit,1171Mbit,1
1790995465.642,leri-cr1=13 leri-cr2=100 leri-cr3=100,leri-cr1=13 leri-cr2=100 leri-cr3=100,leri-cr1=13 leri-cr2=100 leri-cr3=100,1171Mbit,1171Mbit,1
1790995475.694,leri-cr1=13 leri-cr2=100 leri-cr3=100,leri-cr1=13 leri-cr2=100 leri-cr3=100,leri-cr1=13 leri-cr2=100 leri-cr3=100,1171Mbit,1171Mbit,1
1790995485.744,leri-cr1=13 leri-cr2=100 leri-cr3=100,leri-cr1=13 leri-cr2=100 leri-cr3=100,leri-cr1=13 leri-cr2=100 leri-cr3=100,1171Mbit,1171Mbit,1
1790995495.798,leri-cr1=13 leri-cr2=100 leri-cr3=100,leri-cr1=13 leri-cr2=100 leri-cr3=100,leri-cr1=13 leri-cr2=100 leri-cr3=100,1171Mbit,1171Mbit,1
1790995505.846,leri-cr1=13 leri-cr2=100 leri-cr3=100,leri-cr1=13 leri-cr2=100 leri-cr3=100,leri-cr1=13 leri-cr2=100 leri-cr3=100,1171Mbit,1171Mbit,1
1790995515.902,leri-cr1=13 leri-cr2=100 leri-cr3=100,leri-cr1=13 leri-cr2=100 leri-cr3=100,leri-cr1=13 leri-cr2=100 leri-cr3=100,1171Mbit,1171Mbit,1
1790995526.187,leri-cr1=13 leri-cr2=100 leri-cr3=100,leri-cr1=13 leri-cr2=100 leri-cr3=100,leri-cr1=13 leri-cr2=100 leri-cr3=100,1171Mbit,1171Mbit,1
1790995536.240,leri-cr1=13 leri-cr2=100 leri-cr3=100,leri-cr1=13 leri-cr2=100 leri-cr3=100,leri-cr1=13 leri-cr2=100 leri-cr3=100,1171Mbit,1171Mbit,1
1790995546.295,leri-cr1=13 leri-cr2=100 leri-cr3=100,leri-cr1=13 leri-cr2=100 leri-cr3=100,leri-cr1=13 leri-cr2=100 leri-cr3=100,1171Mbit,1171Mbit,1
1790995556.351,leri-cr1=13 leri-cr2=100 leri-cr3=100,leri-cr1=13 leri-cr2=100 leri-cr3=100,leri-cr1=13 leri-cr2=100 leri-cr3=100,1171Mbit,1171Mbit,1
1790995566.399,leri-cr1=13 leri-cr2=100 leri-cr3=100,leri-cr1=13 leri-cr2=100 leri-cr3=100,leri-cr1=13 leri-cr2=100 leri-cr3=100,1171Mbit,1171Mbit,1
1790995576.451,leri-cr1=13 leri-cr2=100 leri-cr3=100,leri-cr1=13 leri-cr2=100 leri-cr3=100,leri-cr1=13 leri-cr2=100 leri-cr3=100,1171Mbit,1171Mbit,1
1790995586.694,leri-cr1=13 leri-cr2=100 leri-cr3=100,leri-cr1=13 leri-cr2=100 leri-cr3=100,leri-cr1=13 leri-cr2=100 leri-cr3=100,1171Mbit,1171Mbit,1
1790995596.748,leri-cr1=13 leri-cr2=100 leri-cr3=100,leri-cr1=13 leri-cr2=100 leri-cr3=100,leri-cr1=13 leri-cr2=100 leri-cr3=100,1171Mbit,1171Mbit,1
1790995606.802,leri-cr1=13 leri-cr2=100 leri-cr3=100,leri-cr1=13 leri-cr2=100 leri-cr3=100,leri-cr1=13 leri-cr2=100 leri-cr3=100,1171Mbit,1171Mbit,1
1790995616.853,leri-cr1=13 leri-cr2=100 leri-cr3=100,leri-cr1=13 leri-cr2=100 leri-cr3=100,leri-cr1=13 leri-cr2=100 leri-cr3=100,1171Mbit,1171Mbit,1
1790995626.909,leri-cr1=13 leri-cr2=100 leri-cr3=100,leri-cr1=13 leri-cr2=100 leri-cr3=100,leri-cr1=13 leri-cr2=100 leri-cr3=100,1171Mbit,1171Mbit,1
1790995636.963,leri-cr1=13 leri-cr2=100 leri-cr3=100,leri-cr1=13 leri-cr2=100 leri-cr3=100,leri-cr1=13 leri-cr2=100 leri-cr3=100,1171Mbit,1171Mbit,1
1790995647.250,leri-cr1=13 leri-cr2=100 leri-cr3=100,leri-cr1=13 leri-cr2=100 leri-cr3=100,leri-cr1=13 leri-cr2=100 leri-cr3=100,1171Mbit,1171Mbit,1
1790995657.298,leri-cr1=13 leri-cr2=100 leri-cr3=100,leri-cr1=13 leri-cr2=100 leri-cr3=100,leri-cr1=13 leri-cr2=100 leri-cr3=100,1171Mbit,1171Mbit,1
1790995667.351,leri-cr1=13 leri-cr2=100 leri-cr3=100,leri-cr1=13 leri-cr2=100 leri-cr3=100,leri-cr1=13 leri-cr2=100 leri-cr3=100,1171Mbit,1171Mbit,1
1790995677.399,leri-cr1=13 leri-cr2=100 leri-cr3=100,leri-cr1=13 leri-cr2=100 leri-cr3=100,leri-cr1=13 leri-cr2=100 leri-cr3=100,1171Mbit,1171Mbit,1
1790995687.449,leri-cr1=13 leri-cr2=100 leri-cr3=100,leri-cr1=13 leri-cr2=100 leri-cr3=100,leri-cr1=13 leri-cr2=100 leri-cr3=100,1171Mbit,1171Mbit,1
1790995697.505,leri-cr1=13 leri-cr2=100 leri-cr3=100,leri-cr1=13 leri-cr2=100 leri-cr3=100,leri-cr1=13 leri-cr2=100 leri-cr3=100,1171Mbit,1171Mbit,1
1790995707.791,leri-cr1=13 leri-cr2=100 leri-cr3=100,leri-cr1=13 leri-cr2=100 leri-cr3=100,leri-cr1=13 leri-cr2=100 leri-cr3=100,1171Mbit,1171Mbit,1
1790995717.840,leri-cr1=13 leri-cr2=100 leri-cr3=100,leri-cr1=13 leri-cr2=100 leri-cr3=100,leri-cr1=13 leri-cr2=100 leri-cr3=100,1171Mbit,1171Mbit,1
1790995727.887,leri-cr1=13 leri-cr2=100 leri-cr3=100,leri-cr1=13 leri-cr2=100 leri-cr3=100,leri-cr1=13 leri-cr2=100 leri-cr3=100,1171Mbit,1171Mbit,1
1790995737.943,leri-cr1=13 leri-cr2=100 leri-cr3=100,leri-cr1=13 leri-cr2=100 leri-cr3=100,leri-cr1=13 leri-cr2=100 leri-cr3=100,1171Mbit,1171Mbit,1
1790995747.991,leri-cr1=13 leri-cr2=100 leri-cr3=100,leri-cr1=13 leri-cr2=100 leri-cr3=100,leri-cr1=13 leri-cr2=100 leri-cr3=100,1171Mbit,1171Mbit,1
1790995758.043,leri-cr1=13 leri-cr2=100 leri-cr3=100,leri-cr1=13 leri-cr2=100 leri-cr3=100,leri-cr1=13 leri-cr2=100 leri-cr3=100,1171Mbit,1171Mbit,1
1790995768.286,leri-cr1=13 leri-cr2=100 leri-cr3=100,leri-cr1=13 leri-cr2=100 leri-cr3=100,leri-cr1=13 leri-cr2=100 leri-cr3=100,1171Mbit,1171Mbit,1
1790995778.339,leri-cr1=13 leri-cr2=100 leri-cr3=100,leri-cr1=13 leri-cr2=100 leri-cr3=100,leri-cr1=13 leri-cr2=100 leri-cr3=100,1171Mbit,1171Mbit,1
1790995788.386,leri-cr1=13 leri-cr2=100 leri-cr3=100,leri-cr1=13 leri-cr2=100 leri-cr3=100,leri-cr1=13 leri-cr2=100 leri-cr3=100,1171Mbit,1171Mbit,1
1790995798.430,leri-cr1=13 leri-cr2=100 leri-cr3=100,leri-cr1=13 leri-cr2=100 leri-cr3=100,leri-cr1=13 leri-cr2=100 leri-cr3=100,1171Mbit,1171Mbit,1
1790995808.480,leri-cr1=13 leri-cr2=100 leri-cr3=100,leri-cr1=13 leri-cr2=100 leri-cr3=100,leri-cr1=13 leri-cr2=100 leri-cr3=100,1171Mbit,1171Mbit,1
1790995818.535,leri-cr1=13 leri-cr2=100 leri-cr3=100,leri-cr1=13 leri-cr2=100 leri-cr3=100,leri-cr1=13 leri-cr2=100 leri-cr3=100,1171Mbit,1171Mbit,1
1790995828.763,leri-cr1=13 leri-cr2=100 leri-cr3=100,leri-cr1=13 leri-cr2=100 leri-cr3=100,leri-cr1=13 leri-cr2=100 leri-cr3=100,1171Mbit,1171Mbit,1
1790995838.814,leri-cr1=13 leri-cr2=100 leri-cr3=100,leri-cr1=13 leri-cr2=100 leri-cr3=100,leri-cr1=13 leri-cr2=100 leri-cr3=100,1171Mbit,1171Mbit,1
1790995848.860,leri-cr1=13 leri-cr2=100 leri-cr3=100,leri-cr1=13 leri-cr2=100 leri-cr3=100,leri-cr1=13 leri-cr2=100 leri-cr3=100,1171Mbit,1171Mbit,1
1790995858.916,leri-cr1=13 leri-cr2=100 leri-cr3=100,leri-cr1=13 leri-cr2=100 leri-cr3=100,leri-cr1=13 leri-cr2=100 leri-cr3=100,1171Mbit,1171Mbit,1
1790995868.967,leri-cr1=13 leri-cr2=100 leri-cr3=100,leri-cr1=13 leri-cr2=100 leri-cr3=100,leri-cr1=13 leri-cr2=100 leri-cr3=100,1171Mbit,1171Mbit,1
1790995879.018,leri-cr1=13 leri-cr2=100 leri-cr3=100,leri-cr1=13 leri-cr2=100 leri-cr3=100,leri-cr1=13 leri-cr2=100 leri-cr3=100,1171Mbit,1171Mbit,1
1790995889.302,leri-cr1=13 leri-cr2=100 leri-cr3=100,leri-cr1=13 leri-cr2=100 leri-cr3=100,leri-cr1=13 leri-cr2=100 leri-cr3=100,1171Mbit,1171Mbit,1
1790995899.357,leri-cr1=13 leri-cr2=100 leri-cr3=100,leri-cr1=13 leri-cr2=100 leri-cr3=100,leri-cr1=13 leri-cr2=100 leri-cr3=100,1171Mbit,1171Mbit,1
1790995909.410,leri-cr1=13 leri-cr2=100 leri-cr3=100,leri-cr1=13 leri-cr2=100 leri-cr3=100,leri-cr1=13 leri-cr2=100 leri-cr3=100,1171Mbit,1171Mbit,1
1790995919.458,leri-cr1=13 leri-cr2=100 leri-cr3=100,leri-cr1=13 leri-cr2=100 leri-cr3=100,leri-cr1=13 leri-cr2=100 leri-cr3=100,1171Mbit,1171Mbit,1
1790995929.509,leri-cr1=13 leri-cr2=100 leri-cr3=100,leri-cr1=13 leri-cr2=100 leri-cr3=100,leri-cr1=13 leri-cr2=100 leri-cr3=100,1171Mbit,1171Mbit,1
1790995939.563,leri-cr1=13 leri-cr2=100 leri-cr3=100,leri-cr1=13 leri-cr2=100 leri-cr3=100,leri-cr1=13 leri-cr2=100 leri-cr3=100,1171Mbit,1171Mbit,1
1790995949.837,leri-cr1=13 leri-cr2=100 leri-cr3=100,leri-cr1=13 leri-cr2=100 leri-cr3=100,leri-cr1=13 leri-cr2=100 leri-cr3=100,1171Mbit,1171Mbit,1
1790995959.891,leri-cr1=13 leri-cr2=100 leri-cr3=100,leri-cr1=13 leri-cr2=100 leri-cr3=100,leri-cr1=13 leri-cr2=100 leri-cr3=100,1171Mbit,1171Mbit,1
1790995969.946,leri-cr1=13 leri-cr2=100 leri-cr3=100,leri-cr1=13 leri-cr2=100 leri-cr3=100,leri-cr1=13 leri-cr2=100 leri-cr3=100,1171Mbit,1171Mbit,1
1790995979.993,leri-cr1=13 leri-cr2=100 leri-cr3=100,leri-cr1=13 leri-cr2=100 leri-cr3=100,leri-cr1=13 leri-cr2=100 leri-cr3=100,1171Mbit,1171Mbit,1
1790995990.047,leri-cr1=13 leri-cr2=100 leri-cr3=100,leri-cr1=13 leri-cr2=100 leri-cr3=100,leri-cr1=13 leri-cr2=100 leri-cr3=100,1171Mbit,1171Mbit,1
1790996000.320,leri-cr1=13 leri-cr2=100 leri-cr3=100,leri-cr1=13 leri-cr2=100 leri-cr3=100,leri-cr1=13 leri-cr2=100 leri-cr3=100,1171Mbit,1171Mbit,1
1790996010.378,leri-cr1=13 leri-cr2=100 leri-cr3=100,leri-cr1=13 leri-cr2=100 leri-cr3=100,leri-cr1=13 leri-cr2=100 leri-cr3=100,1171Mbit,1171Mbit,1
1790996020.432,leri-cr1=13 leri-cr2=100 leri-cr3=100,leri-cr1=13 leri-cr2=100 leri-cr3=100,leri-cr1=13 leri-cr2=100 leri-cr3=100,1171Mbit,1171Mbit,1
1790996030.488,leri-cr1=13 leri-cr2=100 leri-cr3=100,leri-cr1=13 leri-cr2=100 leri-cr3=100,leri-cr1=13 leri-cr2=100 leri-cr3=100,1171Mbit,1171Mbit,1
1790996040.542,leri-cr1=13 leri-cr2=100 leri-cr3=100,leri-cr1=13 leri-cr2=100 leri-cr3=100,leri-cr1=13 leri-cr2=100 leri-cr3=100,1171Mbit,1171Mbit,1
1790996050.598,leri-cr1=13 leri-cr2=100 leri-cr3=100,leri-cr1=13 leri-cr2=100 leri-cr3=100,leri-cr1=13 leri-cr2=100 leri-cr3=100,1171Mbit,1171Mbit,1
1790996060.880,leri-cr1=13 leri-cr2=100 leri-cr3=100,leri-cr1=13 leri-cr2=100 leri-cr3=100,leri-cr1=13 leri-cr2=100 leri-cr3=100,1171Mbit,1171Mbit,1
1790996070.925,leri-cr1=13 leri-cr2=100 leri-cr3=100,leri-cr1=13 leri-cr2=100 leri-cr3=100,leri-cr1=13 leri-cr2=100 leri-cr3=100,1171Mbit,1171Mbit,1
1790996080.984,leri-cr1=13 leri-cr2=100 leri-cr3=100,leri-cr1=13 leri-cr2=100 leri-cr3=100,leri-cr1=13 leri-cr2=100 leri-cr3=100,1171Mbit,1171Mbit,1
1790996091.034,leri-cr1=13 leri-cr2=100 leri-cr3=100,leri-cr1=13 leri-cr2=100 leri-cr3=100,leri-cr1=13 leri-cr2=100 leri-cr3=100,1171Mbit,1171Mbit,1
1790996101.087,leri-cr1=13 leri-cr2=100 leri-cr3=100,leri-cr1=13 leri-cr2=100 leri-cr3=100,leri-cr1=13 leri-cr2=100 leri-cr3=100,1171Mbit,1171Mbit,1
1790996111.141,leri-cr1=13 leri-cr2=100 leri-cr3=100,leri-cr1=13 leri-cr2=100 leri-cr3=100,leri-cr1=13 leri-cr2=100 leri-cr3=100,1171Mbit,1171Mbit,1
1790996121.458,leri-cr1=13 leri-cr2=100 leri-cr3=100,leri-cr1=13 leri-cr2=100 leri-cr3=100,leri-cr1=13 leri-cr2=100 leri-cr3=100,1171Mbit,1171Mbit,1
1790996131.543,leri-cr1=13 leri-cr2=100 leri-cr3=100,leri-cr1=13 leri-cr2=100 leri-cr3=100,leri-cr1=13 leri-cr2=100 leri-cr3=100,1171Mbit,1171Mbit,1
1790996141.593,leri-cr1=13 leri-cr2=100 leri-cr3=100,leri-cr1=13 leri-cr2=100 leri-cr3=100,leri-cr1=13 leri-cr2=100 leri-cr3=100,1171Mbit,1171Mbit,1
1790996151.648,leri-cr1=13 leri-cr2=100 leri-cr3=100,leri-cr1=13 leri-cr2=100 leri-cr3=100,leri-cr1=13 leri-cr2=100 leri-cr3=100,1171Mbit,1171Mbit,1
1790996161.703,leri-cr1=13 leri-cr2=100 leri-cr3=100,leri-cr1=13 leri-cr2=100 leri-cr3=100,leri-cr1=13 leri-cr2=100 leri-cr3=100,1171Mbit,1171Mbit,1
1790996171.759,leri-cr1=13 leri-cr2=100 leri-cr3=100,leri-cr1=13 leri-cr2=100 leri-cr3=100,leri-cr1=13 leri-cr2=100 leri-cr3=100,1171Mbit,1171Mbit,1
1790996182.004,leri-cr1=13 leri-cr2=100 leri-cr3=100,leri-cr1=13 leri-cr2=100 leri-cr3=100,leri-cr1=13 leri-cr2=100 leri-cr3=100,1171Mbit,1171Mbit,1
1790996192.058,leri-cr1=13 leri-cr2=100 leri-cr3=100,leri-cr1=13 leri-cr2=100 leri-cr3=100,leri-cr1=13 leri-cr2=100 leri-cr3=100,1171Mbit,1171Mbit,1
1790996202.109,leri-cr1=13 leri-cr2=100 leri-cr3=100,leri-cr1=13 leri-cr2=100 leri-cr3=100,leri-cr1=13 leri-cr2=100 leri-cr3=100,1171Mbit,1171Mbit,1
1790996212.162,leri-cr1=13 leri-cr2=100 leri-cr3=100,leri-cr1=13 leri-cr2=100 leri-cr3=100,leri-cr1=13 leri-cr2=100 leri-cr3=100,1171Mbit,1171Mbit,1
1790996222.208,leri-cr1=13 leri-cr2=100 leri-cr3=100,leri-cr1=13 leri-cr2=100 leri-cr3=100,leri-cr1=13 leri-cr2=100 leri-cr3=100,1171Mbit,1171Mbit,1
1790996232.262,leri-cr1=13 leri-cr2=100 leri-cr3=100,leri-cr1=13 leri-cr2=100 leri-cr3=100,leri-cr1=13 leri-cr2=100 leri-cr3=100,1171Mbit,1171Mbit,1
1790996242.514,leri-cr1=13 leri-cr2=100 leri-cr3=100,leri-cr1=13 leri-cr2=100 leri-cr3=100,leri-cr1=13 leri-cr2=100 leri-cr3=100,1171Mbit,1171Mbit,1
1790996252.569,leri-cr1=13 leri-cr2=100 leri-cr3=100,leri-cr1=13 leri-cr2=100 leri-cr3=100,leri-cr1=13 leri-cr2=100 leri-cr3=100,1171Mbit,1171Mbit,1
1790996262.614,leri-cr1=13 leri-cr2=100 leri-cr3=100,leri-cr1=13 leri-cr2=100 leri-cr3=100,leri-cr1=13 leri-cr2=100 leri-cr3=100,1171Mbit,1171Mbit,1
1790996272.667,leri-cr1=13 leri-cr2=100 leri-cr3=100,leri-cr1=13 leri-cr2=100 leri-cr3=100,leri-cr1=13 leri-cr2=100 leri-cr3=100,1171Mbit,1171Mbit,1
1790996282.725,leri-cr1=13 leri-cr2=100 leri-cr3=100,leri-cr1=13 leri-cr2=100 leri-cr3=100,leri-cr1=13 leri-cr2=100 leri-cr3=100,1171Mbit,1171Mbit,1
1790996292.779,leri-cr1=13 leri-cr2=100 leri-cr3=100,leri-cr1=13 leri-cr2=100 leri-cr3=100,leri-cr1=13 leri-cr2=100 leri-cr3=100,1171Mbit,1171Mbit,1
1790996303.102,leri-cr1=13 leri-cr2=100 leri-cr3=100,leri-cr1=13 leri-cr2=100 leri-cr3=100,leri-cr1=13 leri-cr2=100 leri-cr3=100,1171Mbit,1171Mbit,1
1790996313.157,leri-cr1=13 leri-cr2=100 leri-cr3=100,leri-cr1=13 leri-cr2=100 leri-cr3=100,leri-cr1=13 leri-cr2=100 leri-cr3=100,1171Mbit,1171Mbit,1
1790996323.211,leri-cr1=13 leri-cr2=100 leri-cr3=100,leri-cr1=13 leri-cr2=100 leri-cr3=100,leri-cr1=13 leri-cr2=100 leri-cr3=100,1171Mbit,1171Mbit,1
1790996333.264,leri-cr1=13 leri-cr2=100 leri-cr3=100,leri-cr1=13 leri-cr2=100 leri-cr3=100,leri-cr1=13 leri-cr2=100 leri-cr3=100,1171Mbit,1171Mbit,1
1790996343.320,leri-cr1=13 leri-cr2=100 leri-cr3=100,leri-cr1=13 leri-cr2=100 leri-cr3=100,leri-cr1=13 leri-cr2=100 leri-cr3=100,1171Mbit,1171Mbit,1
1790996353.367,leri-cr1=13 leri-cr2=100 leri-cr3=100,leri-cr1=13 leri-cr2=100 leri-cr3=100,leri-cr1=13 leri-cr2=100 leri-cr3=100,1171Mbit,1171Mbit,1
1790996363.665,leri-cr1=13 leri-cr2=100 leri-cr3=100,leri-cr1=13 leri-cr2=100 leri-cr3=100,leri-cr1=13 leri-cr2=100 leri-cr3=100,1171Mbit,1171Mbit,1
1790996373.710,leri-cr1=13 leri-cr2=100 leri-cr3=100,leri-cr1=13 leri-cr2=100 leri-cr3=100,leri-cr1=13 leri-cr2=100 leri-cr3=100,1171Mbit,1171Mbit,1
1790996383.763,leri-cr1=13 leri-cr2=100 leri-cr3=100,leri-cr1=13 leri-cr2=100 leri-cr3=100,leri-cr1=13 leri-cr2=100 leri-cr3=100,1171Mbit,1171Mbit,1
1790996393.812,leri-cr1=13 leri-cr2=100 leri-cr3=100,leri-cr1=13 leri-cr2=100 leri-cr3=100,leri-cr1=13 leri-cr2=100 leri-cr3=100,1171Mbit,1171Mbit,1
1790996403.862,leri-cr1=13 leri-cr2=100 leri-cr3=100,leri-cr1=13 leri-cr2=100 leri-cr3=100,leri-cr1=13 leri-cr2=100 leri-cr3=100,1171Mbit,1171Mbit,1
1790996413.912,leri-cr1=13 leri-cr2=100 leri-cr3=100,leri-cr1=13 leri-cr2=100 leri-cr3=100,leri-cr1=13 leri-cr2=100 leri-cr3=100,1171Mbit,1171Mbit,1
1790996424.192,leri-cr1=13 leri-cr2=100 leri-cr3=100,leri-cr1=13 leri-cr2=100 leri-cr3=100,leri-cr1=13 leri-cr2=100 leri-cr3=100,1171Mbit,1171Mbit,1
1790996434.248,leri-cr1=13 leri-cr2=100 leri-cr3=100,leri-cr1=13 leri-cr2=100 leri-cr3=100,leri-cr1=13 leri-cr2=100 leri-cr3=100,1171Mbit,1171Mbit,1
1790996444.293,leri-cr1=13 leri-cr2=100 leri-cr3=100,leri-cr1=13 leri-cr2=100 leri-cr3=100,leri-cr1=13 leri-cr2=100 leri-cr3=100,1171Mbit,1171Mbit,1
1790996454.347,leri-cr1=13 leri-cr2=100 leri-cr3=100,leri-cr1=13 leri-cr2=100 leri-cr3=100,leri-cr1=13 leri-cr2=100 leri-cr3=100,1171Mbit,1171Mbit,1
1790996464.398,leri-cr1=13 leri-cr2=100 leri-cr3=100,leri-cr1=13 leri-cr2=100 leri-cr3=100,leri-cr1=13 leri-cr2=100 leri-cr3=100,1171Mbit,1171Mbit,1
1790996474.455,leri-cr1=13 leri-cr2=100 leri-cr3=100,leri-cr1=13 leri-cr2=100 leri-cr3=100,leri-cr1=13 leri-cr2=100 leri-cr3=100,1171Mbit,1171Mbit,1
1790996484.756,leri-cr1=13 leri-cr2=100 leri-cr3=100,leri-cr1=13 leri-cr2=100 leri-cr3=100,leri-cr1=13 leri-cr2=100 leri-cr3=100,1171Mbit,1171Mbit,1
1790996494.812,leri-cr1=13 leri-cr2=100 leri-cr3=100,leri-cr1=13 leri-cr2=100 leri-cr3=100,leri-cr1=13 leri-cr2=100 leri-cr3=100,1171Mbit,1171Mbit,1
1790996504.854,leri-cr1=13 leri-cr2=100 leri-cr3=100,leri-cr1=13 leri-cr2=100 leri-cr3=100,leri-cr1=13 leri-cr2=100 leri-cr3=100,1171Mbit,1171Mbit,1
1790996514.908,leri-cr1=13 leri-cr2=100 leri-cr3=100,leri-cr1=13 leri-cr2=100 leri-cr3=100,leri-cr1=13 leri-cr2=100 leri-cr3=100,1171Mbit,1171Mbit,1
1790996524.955,leri-cr1=13 leri-cr2=100 leri-cr3=100,leri-cr1=13 leri-cr2=100 leri-cr3=100,leri-cr1=13 leri-cr2=100 leri-cr3=100,1171Mbit,1171Mbit,1
1790996535.007,leri-cr1=13 leri-cr2=100 leri-cr3=100,leri-cr1=13 leri-cr2=100 leri-cr3=100,leri-cr1=13 leri-cr2=100 leri-cr3=100,1171Mbit,1171Mbit,1
1790996545.260,leri-cr1=13 leri-cr2=100 leri-cr3=100,leri-cr1=13 leri-cr2=100 leri-cr3=100,leri-cr1=13 leri-cr2=100 leri-cr3=100,1171Mbit,1171Mbit,1
1790996555.314,leri-cr1=13 leri-cr2=100 leri-cr3=100,leri-cr1=13 leri-cr2=100 leri-cr3=100,leri-cr1=13 leri-cr2=100 leri-cr3=100,1171Mbit,1171Mbit,1
1790996565.368,leri-cr1=13 leri-cr2=100 leri-cr3=100,leri-cr1=13 leri-cr2=100 leri-cr3=100,leri-cr1=13 leri-cr2=100 leri-cr3=100,1171Mbit,1171Mbit,1
1790996575.422,leri-cr1=13 leri-cr2=100 leri-cr3=100,leri-cr1=13 leri-cr2=100 leri-cr3=100,leri-cr1=13 leri-cr2=100 leri-cr3=100,1171Mbit,1171Mbit,1
1790996585.474,leri-cr1=13 leri-cr2=100 leri-cr3=100,leri-cr1=13 leri-cr2=100 leri-cr3=100,leri-cr1=13 leri-cr2=100 leri-cr3=100,1171Mbit,1171Mbit,1
1790996595.523,leri-cr1=13 leri-cr2=100 leri-cr3=100,leri-cr1=13 leri-cr2=100 leri-cr3=100,leri-cr1=13 leri-cr2=100 leri-cr3=100,1171Mbit,1171Mbit,1
1790996605.795,leri-cr1=13 leri-cr2=100 leri-cr3=100,leri-cr1=13 leri-cr2=100 leri-cr3=100,leri-cr1=13 leri-cr2=100 leri-cr3=100,1171Mbit,1171Mbit,0
1790996615.900,leri-cr1=13 leri-cr2=100 leri-cr3=100,leri-cr1=13 leri-cr2=100 leri-cr3=100,leri-cr1=13 leri-cr2=100 leri-cr3=100,1171Mbit,1171Mbit,0
1790996625.975,leri-cr1=13 leri-cr2=100 leri-cr3=100,leri-cr1=13 leri-cr2=100 leri-cr3=100,leri-cr1=13 leri-cr2=100 leri-cr3=100,1171Mbit,1171Mbit,0
1790996636.053,leri-cr1=13 leri-cr2=100 leri-cr3=100,leri-cr1=13 leri-cr2=100 leri-cr3=100,leri-cr1=13 leri-cr2=100 leri-cr3=100,1171Mbit,1171Mbit,0
1790996646.128,leri-cr1=13 leri-cr2=100 leri-cr3=100,leri-cr1=13 leri-cr2=100 leri-cr3=100,leri-cr1=13 leri-cr2=100 leri-cr3=100,1171Mbit,1171Mbit,0
1790996656.206,leri-cr1=13 leri-cr2=100 leri-cr3=100,leri-cr1=13 leri-cr2=100 leri-cr3=100,leri-cr1=13 leri-cr2=100 leri-cr3=100,1171Mbit,1171Mbit,0
1790996666.634,leri-cr1=13 leri-cr2=100 leri-cr3=100,leri-cr1=13 leri-cr2=100 leri-cr3=100,leri-cr1=13 leri-cr2=100 leri-cr3=100,1171Mbit,1171Mbit,0
1790996676.713,leri-cr1=13 leri-cr2=100 leri-cr3=100,leri-cr1=13 leri-cr2=100 leri-cr3=100,leri-cr1=13 leri-cr2=100 leri-cr3=100,1171Mbit,1171Mbit,0
1790996686.792,leri-cr1=13 leri-cr2=100 leri-cr3=100,leri-cr1=13 leri-cr2=100 leri-cr3=100,leri-cr1=13 leri-cr2=100 leri-cr3=100,1171Mbit,1171Mbit,0
1790996696.870,leri-cr1=13 leri-cr2=100 leri-cr3=100,leri-cr1=13 leri-cr2=100 leri-cr3=100,leri-cr1=13 leri-cr2=100 leri-cr3=100,1171Mbit,1171Mbit,0
1790996706.946,leri-cr1=13 leri-cr2=100 leri-cr3=100,leri-cr1=13 leri-cr2=100 leri-cr3=100,leri-cr1=13 leri-cr2=100 leri-cr3=100,1171Mbit,1171Mbit,0
1790996717.019,leri-cr1=13 leri-cr2=100 leri-cr3=100,leri-cr1=13 leri-cr2=100 leri-cr3=100,leri-cr1=13 leri-cr2=100 leri-cr3=100,1171Mbit,1171Mbit,0
1790996727.439,leri-cr1=13 leri-cr2=100 leri-cr3=100,leri-cr1=13 leri-cr2=100 leri-cr3=100,leri-cr1=13 leri-cr2=100 leri-cr3=100,1171Mbit,1171Mbit,0
1790996737.493,leri-cr1=13 leri-cr2=100 leri-cr3=100,leri-cr1=13 leri-cr2=100 leri-cr3=100,leri-cr1=13 leri-cr2=100 leri-cr3=100,1171Mbit,1171Mbit,0
1790996747.540,leri-cr1=13 leri-cr2=100 leri-cr3=100,leri-cr1=13 leri-cr2=100 leri-cr3=100,leri-cr1=13 leri-cr2=100 leri-cr3=100,1171Mbit,1171Mbit,1
1790996757.596,leri-cr1=13 leri-cr2=100 leri-cr3=100,leri-cr1=13 leri-cr2=100 leri-cr3=100,leri-cr1=13 leri-cr2=100 leri-cr3=100,1171Mbit,1171Mbit,1
1790996767.651,leri-cr1=13 leri-cr2=100 leri-cr3=100,leri-cr1=13 leri-cr2=100 leri-cr3=100,leri-cr1=13 leri-cr2=100 leri-cr3=100,1171Mbit,1171Mbit,1
1790996777.702,leri-cr1=13 leri-cr2=100 leri-cr3=100,leri-cr1=13 leri-cr2=100 leri-cr3=100,leri-cr1=13 leri-cr2=100 leri-cr3=100,1171Mbit,1171Mbit,1
1790996787.980,leri-cr1=13 leri-cr2=100 leri-cr3=100,leri-cr1=13 leri-cr2=100 leri-cr3=100,leri-cr1=13 leri-cr2=100 leri-cr3=100,1171Mbit,1171Mbit,1
1790996798.037,leri-cr1=13 leri-cr2=100 leri-cr3=100,leri-cr1=13 leri-cr2=100 leri-cr3=100,leri-cr1=13 leri-cr2=100 leri-cr3=100,1171Mbit,1171Mbit,1
1790996808.088,leri-cr1=13 leri-cr2=100 leri-cr3=100,leri-cr1=13 leri-cr2=100 leri-cr3=100,leri-cr1=13 leri-cr2=100 leri-cr3=100,1171Mbit,1171Mbit,1
1790996818.142,leri-cr1=13 leri-cr2=100 leri-cr3=100,leri-cr1=13 leri-cr2=100 leri-cr3=100,leri-cr1=13 leri-cr2=100 leri-cr3=100,1171Mbit,1171Mbit,1
1790996828.191,leri-cr1=13 leri-cr2=100 leri-cr3=100,leri-cr1=13 leri-cr2=100 leri-cr3=100,leri-cr1=13 leri-cr2=100 leri-cr3=100,1171Mbit,1171Mbit,1
1790996838.243,leri-cr1=13 leri-cr2=100 leri-cr3=100,leri-cr1=13 leri-cr2=100 leri-cr3=100,leri-cr1=13 leri-cr2=100 leri-cr3=100,1171Mbit,1171Mbit,1
1790996848.542,leri-cr1=13 leri-cr2=100 leri-cr3=100,leri-cr1=13 leri-cr2=100 leri-cr3=100,leri-cr1=13 leri-cr2=100 leri-cr3=100,1171Mbit,1171Mbit,1
1790996858.596,leri-cr1=13 leri-cr2=100 leri-cr3=100,leri-cr1=13 leri-cr2=100 leri-cr3=100,leri-cr1=13 leri-cr2=100 leri-cr3=100,1171Mbit,1171Mbit,1
1790996868.655,leri-cr1=13 leri-cr2=100 leri-cr3=100,leri-cr1=13 leri-cr2=100 leri-cr3=100,leri-cr1=13 leri-cr2=100 leri-cr3=100,1171Mbit,1171Mbit,1
1790996878.703,leri-cr1=13 leri-cr2=100 leri-cr3=100,leri-cr1=13 leri-cr2=100 leri-cr3=100,leri-cr1=13 leri-cr2=100 leri-cr3=100,1171Mbit,1171Mbit,1
1790996888.755,leri-cr1=13 leri-cr2=100 leri-cr3=100,leri-cr1=13 leri-cr2=100 leri-cr3=100,leri-cr1=13 leri-cr2=100 leri-cr3=100,1171Mbit,1171Mbit,1
1790996898.802,leri-cr1=13 leri-cr2=100 leri-cr3=100,leri-cr1=13 leri-cr2=100 leri-cr3=100,leri-cr1=13 leri-cr2=100 leri-cr3=100,1171Mbit,1171Mbit,1
1790996909.032,leri-cr1=13 leri-cr2=100 leri-cr3=100,leri-cr1=13 leri-cr2=100 leri-cr3=100,leri-cr1=13 leri-cr2=100 leri-cr3=100,1171Mbit,1171Mbit,1
1790996919.084,leri-cr1=13 leri-cr2=100 leri-cr3=100,leri-cr1=13 leri-cr2=100 leri-cr3=100,leri-cr1=13 leri-cr2=100 leri-cr3=100,1171Mbit,1171Mbit,1
1790996929.137,leri-cr1=13 leri-cr2=100 leri-cr3=100,leri-cr1=13 leri-cr2=100 leri-cr3=100,leri-cr1=13 leri-cr2=100 leri-cr3=100,1171Mbit,1171Mbit,1
1790996939.193,leri-cr1=13 leri-cr2=100 leri-cr3=100,leri-cr1=13 leri-cr2=100 leri-cr3=100,leri-cr1=13 leri-cr2=100 leri-cr3=100,1171Mbit,1171Mbit,1
1790996949.242,leri-cr1=13 leri-cr2=100 leri-cr3=100,leri-cr1=13 leri-cr2=100 leri-cr3=100,leri-cr1=13 leri-cr2=100 leri-cr3=100,1171Mbit,1171Mbit,1
1790996959.292,leri-cr1=13 leri-cr2=100 leri-cr3=100,leri-cr1=13 leri-cr2=100 leri-cr3=100,leri-cr1=13 leri-cr2=100 leri-cr3=100,1171Mbit,1171Mbit,1
1790996969.574,leri-cr1=13 leri-cr2=100 leri-cr3=100,leri-cr1=13 leri-cr2=100 leri-cr3=100,leri-cr1=13 leri-cr2=100 leri-cr3=100,1171Mbit,1171Mbit,1
1790996979.628,leri-cr1=13 leri-cr2=100 leri-cr3=100,leri-cr1=13 leri-cr2=100 leri-cr3=100,leri-cr1=13 leri-cr2=100 leri-cr3=100,1171Mbit,1171Mbit,1
1790996989.678,leri-cr1=13 leri-cr2=100 leri-cr3=100,leri-cr1=13 leri-cr2=100 leri-cr3=100,leri-cr1=13 leri-cr2=100 leri-cr3=100,1171Mbit,1171Mbit,1
1790996999.732,leri-cr1=13 leri-cr2=100 leri-cr3=100,leri-cr1=13 leri-cr2=100 leri-cr3=100,leri-cr1=13 leri-cr2=100 leri-cr3=100,1171Mbit,1171Mbit,1
1790997009.783,leri-cr1=13 leri-cr2=100 leri-cr3=100,leri-cr1=13 leri-cr2=100 leri-cr3=100,leri-cr1=13 leri-cr2=100 leri-cr3=100,1171Mbit,1171Mbit,1
1790997019.842,leri-cr1=13 leri-cr2=100 leri-cr3=100,leri-cr1=13 leri-cr2=100 leri-cr3=100,leri-cr1=13 leri-cr2=100 leri-cr3=100,1171Mbit,1171Mbit,1
1790997030.134,leri-cr1=13 leri-cr2=100 leri-cr3=100,leri-cr1=13 leri-cr2=100 leri-cr3=100,leri-cr1=13 leri-cr2=100 leri-cr3=100,1171Mbit,1171Mbit,1
1790997040.186,leri-cr1=13 leri-cr2=100 leri-cr3=100,leri-cr1=13 leri-cr2=100 leri-cr3=100,leri-cr1=13 leri-cr2=100 leri-cr3=100,1171Mbit,1171Mbit,1
1790997050.234,leri-cr1=13 leri-cr2=100 leri-cr3=100,leri-cr1=13 leri-cr2=100 leri-cr3=100,leri-cr1=13 leri-cr2=100 leri-cr3=100,1171Mbit,1171Mbit,1
1790997060.286,leri-cr1=13 leri-cr2=100 leri-cr3=100,leri-cr1=13 leri-cr2=100 leri-cr3=100,leri-cr1=13 leri-cr2=100 leri-cr3=100,1171Mbit,1171Mbit,1
1790997070.343,leri-cr1=13 leri-cr2=100 leri-cr3=100,leri-cr1=13 leri-cr2=100 leri-cr3=100,leri-cr1=13 leri-cr2=100 leri-cr3=100,1171Mbit,1171Mbit,1
1790997080.396,leri-cr1=13 leri-cr2=100 leri-cr3=100,leri-cr1=13 leri-cr2=100 leri-cr3=100,leri-cr1=13 leri-cr2=100 leri-cr3=100,1171Mbit,1171Mbit,1
1790997090.668,leri-cr1=13 leri-cr2=100 leri-cr3=100,leri-cr1=13 leri-cr2=100 leri-cr3=100,leri-cr1=13 leri-cr2=100 leri-cr3=100,1171Mbit,1171Mbit,1
1790997100.718,leri-cr1=13 leri-cr2=100 leri-cr3=100,leri-cr1=13 leri-cr2=100 leri-cr3=100,leri-cr1=13 leri-cr2=100 leri-cr3=100,1171Mbit,1171Mbit,1
1790997110.773,leri-cr1=13 leri-cr2=100 leri-cr3=100,leri-cr1=13 leri-cr2=100 leri-cr3=100,leri-cr1=13 leri-cr2=100 leri-cr3=100,1171Mbit,1171Mbit,1
1790997120.830,leri-cr1=13 leri-cr2=100 leri-cr3=100,leri-cr1=13 leri-cr2=100 leri-cr3=100,leri-cr1=13 leri-cr2=100 leri-cr3=100,1171Mbit,1171Mbit,1
1790997130.888,leri-cr1=13 leri-cr2=100 leri-cr3=100,leri-cr1=13 leri-cr2=100 leri-cr3=100,leri-cr1=13 leri-cr2=100 leri-cr3=100,1171Mbit,1171Mbit,1
1790997140.931,leri-cr1=13 leri-cr2=100 leri-cr3=100,leri-cr1=13 leri-cr2=100 leri-cr3=100,leri-cr1=13 leri-cr2=100 leri-cr3=100,1171Mbit,1171Mbit,1
1790997151.210,leri-cr1=13 leri-cr2=100 leri-cr3=100,leri-cr1=13 leri-cr2=100 leri-cr3=100,leri-cr1=13 leri-cr2=100 leri-cr3=100,1171Mbit,1171Mbit,1
1790997161.258,leri-cr1=13 leri-cr2=100 leri-cr3=100,leri-cr1=13 leri-cr2=100 leri-cr3=100,leri-cr1=13 leri-cr2=100 leri-cr3=100,1171Mbit,1171Mbit,1
1790997171.310,leri-cr1=13 leri-cr2=100 leri-cr3=100,leri-cr1=13 leri-cr2=100 leri-cr3=100,leri-cr1=13 leri-cr2=100 leri-cr3=100,1171Mbit,1171Mbit,1
1790997181.360,leri-cr1=13 leri-cr2=100 leri-cr3=100,leri-cr1=13 leri-cr2=100 leri-cr3=100,leri-cr1=13 leri-cr2=100 leri-cr3=100,1171Mbit,1171Mbit,1
1790997191.417,leri-cr1=13 leri-cr2=100 leri-cr3=100,leri-cr1=13 leri-cr2=100 leri-cr3=100,leri-cr1=13 leri-cr2=100 leri-cr3=100,1171Mbit,1171Mbit,1
1790997201.473,leri-cr1=13 leri-cr2=100 leri-cr3=100,leri-cr1=13 leri-cr2=100 leri-cr3=100,leri-cr1=13 leri-cr2=100 leri-cr3=100,1171Mbit,1171Mbit,1
1790997211.748,leri-cr1=13 leri-cr2=100 leri-cr3=100,leri-cr1=13 leri-cr2=100 leri-cr3=100,leri-cr1=13 leri-cr2=100 leri-cr3=100,1171Mbit,1171Mbit,1
1790997221.801,leri-cr1=13 leri-cr2=100 leri-cr3=100,leri-cr1=13 leri-cr2=100 leri-cr3=100,leri-cr1=13 leri-cr2=100 leri-cr3=100,1171Mbit,1171Mbit,1
1790997231.856,leri-cr1=13 leri-cr2=100 leri-cr3=100,leri-cr1=13 leri-cr2=100 leri-cr3=100,leri-cr1=13 leri-cr2=100 leri-cr3=100,1171Mbit,1171Mbit,1
1790997241.912,leri-cr1=13 leri-cr2=100 leri-cr3=100,leri-cr1=13 leri-cr2=100 leri-cr3=100,leri-cr1=13 leri-cr2=100 leri-cr3=100,1171Mbit,1171Mbit,1
1790997251.964,leri-cr1=13 leri-cr2=100 leri-cr3=100,leri-cr1=13 leri-cr2=100 leri-cr3=100,leri-cr1=13 leri-cr2=100 leri-cr3=100,1171Mbit,1171Mbit,1
1790997262.018,leri-cr1=13 leri-cr2=100 leri-cr3=100,leri-cr1=13 leri-cr2=100 leri-cr3=100,leri-cr1=13 leri-cr2=100 leri-cr3=100,1171Mbit,1171Mbit,1
1790997272.316,leri-cr1=13 leri-cr2=100 leri-cr3=100,leri-cr1=13 leri-cr2=100 leri-cr3=100,leri-cr1=13 leri-cr2=100 leri-cr3=100,1171Mbit,1171Mbit,1
1790997282.371,leri-cr1=13 leri-cr2=100 leri-cr3=100,leri-cr1=13 leri-cr2=100 leri-cr3=100,leri-cr1=13 leri-cr2=100 leri-cr3=100,1171Mbit,1171Mbit,1
1790997292.416,leri-cr1=13 leri-cr2=100 leri-cr3=100,leri-cr1=13 leri-cr2=100 leri-cr3=100,leri-cr1=13 leri-cr2=100 leri-cr3=100,1171Mbit,1171Mbit,1
1790997302.467,leri-cr1=13 leri-cr2=100 leri-cr3=100,leri-cr1=13 leri-cr2=100 leri-cr3=100,leri-cr1=13 leri-cr2=100 leri-cr3=100,1171Mbit,1171Mbit,1
1790997312.523,leri-cr1=13 leri-cr2=100 leri-cr3=100,leri-cr1=13 leri-cr2=100 leri-cr3=100,leri-cr1=13 leri-cr2=100 leri-cr3=100,1171Mbit,1171Mbit,1
1790997322.803,leri-cr1=13 leri-cr2=100 leri-cr3=100,leri-cr1=13 leri-cr2=100 leri-cr3=100,leri-cr1=13 leri-cr2=100 leri-cr3=100,1171Mbit,1171Mbit,1
1790997332.857,leri-cr1=13 leri-cr2=100 leri-cr3=100,leri-cr1=13 leri-cr2=100 leri-cr3=100,leri-cr1=13 leri-cr2=100 leri-cr3=100,1171Mbit,1171Mbit,1
1790997342.904,leri-cr1=13 leri-cr2=100 leri-cr3=100,leri-cr1=13 leri-cr2=100 leri-cr3=100,leri-cr1=13 leri-cr2=100 leri-cr3=100,1171Mbit,1171Mbit,1
1790997352.962,leri-cr1=13 leri-cr2=100 leri-cr3=100,leri-cr1=13 leri-cr2=100 leri-cr3=100,leri-cr1=13 leri-cr2=100 leri-cr3=100,1171Mbit,1171Mbit,1
1790997363.020,leri-cr1=13 leri-cr2=100 leri-cr3=100,leri-cr1=13 leri-cr2=100 leri-cr3=100,leri-cr1=13 leri-cr2=100 leri-cr3=100,1171Mbit,1171Mbit,1
1790997373.075,leri-cr1=13 leri-cr2=100 leri-cr3=100,leri-cr1=13 leri-cr2=100 leri-cr3=100,leri-cr1=13 leri-cr2=100 leri-cr3=100,1171Mbit,1171Mbit,1
1790997383.374,leri-cr1=13 leri-cr2=100 leri-cr3=100,leri-cr1=13 leri-cr2=100 leri-cr3=100,leri-cr1=13 leri-cr2=100 leri-cr3=100,1171Mbit,1171Mbit,1
1790997393.422,leri-cr1=13 leri-cr2=100 leri-cr3=100,leri-cr1=13 leri-cr2=100 leri-cr3=100,leri-cr1=13 leri-cr2=100 leri-cr3=100,1171Mbit,1171Mbit,1
1790997403.474,leri-cr1=13 leri-cr2=100 leri-cr3=100,leri-cr1=13 leri-cr2=100 leri-cr3=100,leri-cr1=13 leri-cr2=100 leri-cr3=100,1171Mbit,1171Mbit,1
1790997413.528,leri-cr1=13 leri-cr2=100 leri-cr3=100,leri-cr1=13 leri-cr2=100 leri-cr3=100,leri-cr1=13 leri-cr2=100 leri-cr3=100,1171Mbit,1171Mbit,1
1790997423.578,leri-cr1=13 leri-cr2=100 leri-cr3=100,leri-cr1=13 leri-cr2=100 leri-cr3=100,leri-cr1=13 leri-cr2=100 leri-cr3=100,1171Mbit,1171Mbit,1
1790997433.635,leri-cr1=13 leri-cr2=100 leri-cr3=100,leri-cr1=13 leri-cr2=100 leri-cr3=100,leri-cr1=13 leri-cr2=100 leri-cr3=100,1171Mbit,1171Mbit,1
1790997443.908,leri-cr1=13 leri-cr2=100 leri-cr3=100,leri-cr1=13 leri-cr2=100 leri-cr3=100,leri-cr1=13 leri-cr2=100 leri-cr3=100,1171Mbit,1171Mbit,1
1790997453.960,leri-cr1=13 leri-cr2=100 leri-cr3=100,leri-cr1=13 leri-cr2=100 leri-cr3=100,leri-cr1=13 leri-cr2=100 leri-cr3=100,1171Mbit,1171Mbit,1
1790997464.014,leri-cr1=13 leri-cr2=100 leri-cr3=100,leri-cr1=13 leri-cr2=100 leri-cr3=100,leri-cr1=13 leri-cr2=100 leri-cr3=100,1171Mbit,1171Mbit,1
1790997474.070,leri-cr1=13 leri-cr2=100 leri-cr3=100,leri-cr1=13 leri-cr2=100 leri-cr3=100,leri-cr1=13 leri-cr2=100 leri-cr3=100,1171Mbit,1171Mbit,1
1790997484.123,leri-cr1=13 leri-cr2=100 leri-cr3=100,leri-cr1=13 leri-cr2=100 leri-cr3=100,leri-cr1=13 leri-cr2=100 leri-cr3=100,1171Mbit,1171Mbit,1
1790997494.178,leri-cr1=13 leri-cr2=100 leri-cr3=100,leri-cr1=13 leri-cr2=100 leri-cr3=100,leri-cr1=13 leri-cr2=100 leri-cr3=100,1171Mbit,1171Mbit,1
1790997504.503,leri-cr1=13 leri-cr2=100 leri-cr3=100,leri-cr1=13 leri-cr2=100 leri-cr3=100,leri-cr1=13 leri-cr2=100 leri-cr3=100,1171Mbit,1171Mbit,1
1790997514.554,leri-cr1=13 leri-cr2=100 leri-cr3=100,leri-cr1=13 leri-cr2=100 leri-cr3=100,leri-cr1=13 leri-cr2=100 leri-cr3=100,1171Mbit,1171Mbit,1
1790997524.609,leri-cr1=13 leri-cr2=100 leri-cr3=100,leri-cr1=13 leri-cr2=100 leri-cr3=100,leri-cr1=13 leri-cr2=100 leri-cr3=100,1171Mbit,1171Mbit,1
1790997534.655,leri-cr1=13 leri-cr2=100 leri-cr3=100,leri-cr1=13 leri-cr2=100 leri-cr3=100,leri-cr1=13 leri-cr2=100 leri-cr3=100,1171Mbit,1171Mbit,1
1790997544.706,leri-cr1=13 leri-cr2=100 leri-cr3=100,leri-cr1=13 leri-cr2=100 leri-cr3=100,leri-cr1=13 leri-cr2=100 leri-cr3=100,1171Mbit,1171Mbit,1
1790997554.783,leri-cr1=13 leri-cr2=100 leri-cr3=100,leri-cr1=13 leri-cr2=100 leri-cr3=100,leri-cr1=13 leri-cr2=100 leri-cr3=100,1171Mbit,1171Mbit,1
1790997565.095,leri-cr1=13 leri-cr2=100 leri-cr3=100,leri-cr1=13 leri-cr2=100 leri-cr3=100,leri-cr1=13 leri-cr2=100 leri-cr3=100,1171Mbit,1171Mbit,1
1790997575.175,leri-cr1=13 leri-cr2=100 leri-cr3=100,leri-cr1=13 leri-cr2=100 leri-cr3=100,leri-cr1=13 leri-cr2=100 leri-cr3=100,1171Mbit,1171Mbit,1
1790997585.226,leri-cr1=13 leri-cr2=100 leri-cr3=100,leri-cr1=13 leri-cr2=100 leri-cr3=100,leri-cr1=13 leri-cr2=100 leri-cr3=100,1171Mbit,1171Mbit,1
1790997595.274,leri-cr1=13 leri-cr2=100 leri-cr3=100,leri-cr1=13 leri-cr2=100 leri-cr3=100,leri-cr1=13 leri-cr2=100 leri-cr3=100,1171Mbit,1171Mbit,1
1790997605.318,leri-cr1=13 leri-cr2=100 leri-cr3=100,leri-cr1=13 leri-cr2=100 leri-cr3=100,leri-cr1=13 leri-cr2=100 leri-cr3=100,1171Mbit,1171Mbit,1
1790997615.371,leri-cr1=13 leri-cr2=100 leri-cr3=100,leri-cr1=13 leri-cr2=100 leri-cr3=100,leri-cr1=13 leri-cr2=100 leri-cr3=100,1171Mbit,1171Mbit,1
1790997625.655,leri-cr1=13 leri-cr2=100 leri-cr3=100,leri-cr1=13 leri-cr2=100 leri-cr3=100,leri-cr1=13 leri-cr2=100 leri-cr3=100,1171Mbit,1171Mbit,1
1790997635.705,leri-cr1=13 leri-cr2=100 leri-cr3=100,leri-cr1=13 leri-cr2=100 leri-cr3=100,leri-cr1=13 leri-cr2=100 leri-cr3=100,1171Mbit,1171Mbit,1
1790997645.760,leri-cr1=13 leri-cr2=100 leri-cr3=100,leri-cr1=13 leri-cr2=100 leri-cr3=100,leri-cr1=13 leri-cr2=100 leri-cr3=100,1171Mbit,1171Mbit,1
1790997655.818,leri-cr1=13 leri-cr2=100 leri-cr3=100,leri-cr1=13 leri-cr2=100 leri-cr3=100,leri-cr1=13 leri-cr2=100 leri-cr3=100,1171Mbit,1171Mbit,1
1790997665.870,leri-cr1=13 leri-cr2=100 leri-cr3=100,leri-cr1=13 leri-cr2=100 leri-cr3=100,leri-cr1=13 leri-cr2=100 leri-cr3=100,1171Mbit,1171Mbit,1
1790997675.926,leri-cr1=13 leri-cr2=100 leri-cr3=100,leri-cr1=13 leri-cr2=100 leri-cr3=100,leri-cr1=13 leri-cr2=100 leri-cr3=100,1171Mbit,1171Mbit,1
1790997686.197,leri-cr1=13 leri-cr2=100 leri-cr3=100,leri-cr1=13 leri-cr2=100 leri-cr3=100,leri-cr1=13 leri-cr2=100 leri-cr3=100,1171Mbit,1171Mbit,1
1790997696.247,leri-cr1=13 leri-cr2=100 leri-cr3=100,leri-cr1=13 leri-cr2=100 leri-cr3=100,leri-cr1=13 leri-cr2=100 leri-cr3=100,1171Mbit,1171Mbit,1
1790997706.320,leri-cr1=13 leri-cr2=100 leri-cr3=100,leri-cr1=13 leri-cr2=100 leri-cr3=100,leri-cr1=13 leri-cr2=100 leri-cr3=100,1171Mbit,1171Mbit,1
1790997716.374,leri-cr1=13 leri-cr2=100 leri-cr3=100,leri-cr1=13 leri-cr2=100 leri-cr3=100,leri-cr1=13 leri-cr2=100 leri-cr3=100,1171Mbit,1171Mbit,1
1790997726.428,leri-cr1=13 leri-cr2=100 leri-cr3=100,leri-cr1=13 leri-cr2=100 leri-cr3=100,leri-cr1=13 leri-cr2=100 leri-cr3=100,1171Mbit,1171Mbit,1
1790997736.482,leri-cr1=13 leri-cr2=100 leri-cr3=100,leri-cr1=13 leri-cr2=100 leri-cr3=100,leri-cr1=13 leri-cr2=100 leri-cr3=100,1171Mbit,1171Mbit,1
1790997746.724,leri-cr1=13 leri-cr2=100 leri-cr3=100,leri-cr1=13 leri-cr2=100 leri-cr3=100,leri-cr1=13 leri-cr2=100 leri-cr3=100,1171Mbit,1171Mbit,1
1790997756.778,leri-cr1=13 leri-cr2=100 leri-cr3=100,leri-cr1=13 leri-cr2=100 leri-cr3=100,leri-cr1=13 leri-cr2=100 leri-cr3=100,1171Mbit,1171Mbit,1
1790997766.834,leri-cr1=13 leri-cr2=100 leri-cr3=100,leri-cr1=13 leri-cr2=100 leri-cr3=100,leri-cr1=13 leri-cr2=100 leri-cr3=100,1171Mbit,1171Mbit,1
1790997776.886,leri-cr1=13 leri-cr2=100 leri-cr3=100,leri-cr1=13 leri-cr2=100 leri-cr3=100,leri-cr1=13 leri-cr2=100 leri-cr3=100,1171Mbit,1171Mbit,1
1790997786.942,leri-cr1=13 leri-cr2=100 leri-cr3=100,leri-cr1=13 leri-cr2=100 leri-cr3=100,leri-cr1=13 leri-cr2=100 leri-cr3=100,1171Mbit,1171Mbit,1
1790997797.004,leri-cr1=13 leri-cr2=100 leri-cr3=100,leri-cr1=13 leri-cr2=100 leri-cr3=100,leri-cr1=13 leri-cr2=100 leri-cr3=100,1171Mbit,1171Mbit,1
1790997807.284,leri-cr1=13 leri-cr2=100 leri-cr3=100,leri-cr1=13 leri-cr2=100 leri-cr3=100,leri-cr1=13 leri-cr2=100 leri-cr3=100,1171Mbit,1171Mbit,1
1790997817.331,leri-cr1=13 leri-cr2=100 leri-cr3=100,leri-cr1=13 leri-cr2=100 leri-cr3=100,leri-cr1=13 leri-cr2=100 leri-cr3=100,1171Mbit,1171Mbit,1
1790997827.382,leri-cr1=13 leri-cr2=100 leri-cr3=100,leri-cr1=13 leri-cr2=100 leri-cr3=100,leri-cr1=13 leri-cr2=100 leri-cr3=100,1171Mbit,1171Mbit,1
1790997837.433,leri-cr1=13 leri-cr2=100 leri-cr3=100,leri-cr1=13 leri-cr2=100 leri-cr3=100,leri-cr1=13 leri-cr2=100 leri-cr3=100,1171Mbit,1171Mbit,1
1790997847.488,leri-cr1=13 leri-cr2=100 leri-cr3=100,leri-cr1=13 leri-cr2=100 leri-cr3=100,leri-cr1=13 leri-cr2=100 leri-cr3=100,1171Mbit,1171Mbit,1
1790997857.543,leri-cr1=13 leri-cr2=100 leri-cr3=100,leri-cr1=13 leri-cr2=100 leri-cr3=100,leri-cr1=13 leri-cr2=100 leri-cr3=100,1171Mbit,1171Mbit,1
1790997867.822,leri-cr1=13 leri-cr2=100 leri-cr3=100,leri-cr1=13 leri-cr2=100 leri-cr3=100,leri-cr1=13 leri-cr2=100 leri-cr3=100,1171Mbit,1171Mbit,1
1790997877.875,leri-cr1=13 leri-cr2=100 leri-cr3=100,leri-cr1=13 leri-cr2=100 leri-cr3=100,leri-cr1=13 leri-cr2=100 leri-cr3=100,1171Mbit,1171Mbit,1
1790997887.923,leri-cr1=13 leri-cr2=100 leri-cr3=100,leri-cr1=13 leri-cr2=100 leri-cr3=100,leri-cr1=13 leri-cr2=100 leri-cr3=100,1171Mbit,1171Mbit,1
1790997897.974,leri-cr1=13 leri-cr2=100 leri-cr3=100,leri-cr1=13 leri-cr2=100 leri-cr3=100,leri-cr1=13 leri-cr2=100 leri-cr3=100,1171Mbit,1171Mbit,1
1790997908.023,leri-cr1=13 leri-cr2=100 leri-cr3=100,leri-cr1=13 leri-cr2=100 leri-cr3=100,leri-cr1=13 leri-cr2=100 leri-cr3=100,1171Mbit,1171Mbit,1
1790997918.076,leri-cr1=13 leri-cr2=100 leri-cr3=100,leri-cr1=13 leri-cr2=100 leri-cr3=100,leri-cr1=13 leri-cr2=100 leri-cr3=100,1171Mbit,1171Mbit,1
1790997928.382,leri-cr1=13 leri-cr2=100 leri-cr3=100,leri-cr1=13 leri-cr2=100 leri-cr3=100,leri-cr1=13 leri-cr2=100 leri-cr3=100,1171Mbit,1171Mbit,1
1790997938.436,leri-cr1=13 leri-cr2=100 leri-cr3=100,leri-cr1=13 leri-cr2=100 leri-cr3=100,leri-cr1=13 leri-cr2=100 leri-cr3=100,1171Mbit,1171Mbit,1
1790997948.486,leri-cr1=13 leri-cr2=100 leri-cr3=100,leri-cr1=13 leri-cr2=100 leri-cr3=100,leri-cr1=13 leri-cr2=100 leri-cr3=100,1171Mbit,1171Mbit,1
1790997958.537,leri-cr1=13 leri-cr2=100 leri-cr3=100,leri-cr1=13 leri-cr2=100 leri-cr3=100,leri-cr1=13 leri-cr2=100 leri-cr3=100,1171Mbit,1171Mbit,1
1790997968.586,leri-cr1=13 leri-cr2=100 leri-cr3=100,leri-cr1=13 leri-cr2=100 leri-cr3=100,leri-cr1=13 leri-cr2=100 leri-cr3=100,1171Mbit,1171Mbit,1
1790997978.638,leri-cr1=13 leri-cr2=100 leri-cr3=100,leri-cr1=13 leri-cr2=100 leri-cr3=100,leri-cr1=13 leri-cr2=100 leri-cr3=100,1171Mbit,1171Mbit,1
1790997988.893,leri-cr1=13 leri-cr2=100 leri-cr3=100,leri-cr1=13 leri-cr2=100 leri-cr3=100,leri-cr1=13 leri-cr2=100 leri-cr3=100,1171Mbit,1171Mbit,1
1790997998.950,leri-cr1=13 leri-cr2=100 leri-cr3=100,leri-cr1=13 leri-cr2=100 leri-cr3=100,leri-cr1=13 leri-cr2=100 leri-cr3=100,1171Mbit,1171Mbit,1
1790998009.004,leri-cr1=13 leri-cr2=100 leri-cr3=100,leri-cr1=13 leri-cr2=100 leri-cr3=100,leri-cr1=13 leri-cr2=100 leri-cr3=100,1171Mbit,1171Mbit,1
1790998019.058,leri-cr1=13 leri-cr2=100 leri-cr3=100,leri-cr1=13 leri-cr2=100 leri-cr3=100,leri-cr1=13 leri-cr2=100 leri-cr3=100,1171Mbit,1171Mbit,1
1790998029.112,leri-cr1=13 leri-cr2=100 leri-cr3=100,leri-cr1=13 leri-cr2=100 leri-cr3=100,leri-cr1=13 leri-cr2=100 leri-cr3=100,1171Mbit,1171Mbit,1
1790998039.162,leri-cr1=13 leri-cr2=100 leri-cr3=100,leri-cr1=13 leri-cr2=100 leri-cr3=100,leri-cr1=13 leri-cr2=100 leri-cr3=100,1171Mbit,1171Mbit,1
1790998049.462,leri-cr1=13 leri-cr2=100 leri-cr3=100,leri-cr1=13 leri-cr2=100 leri-cr3=100,leri-cr1=13 leri-cr2=100 leri-cr3=100,1171Mbit,1171Mbit,1
1790998059.514,leri-cr1=13 leri-cr2=100 leri-cr3=100,leri-cr1=13 leri-cr2=100 leri-cr3=100,leri-cr1=13 leri-cr2=100 leri-cr3=100,1171Mbit,1171Mbit,1
1790998069.567,leri-cr1=13 leri-cr2=100 leri-cr3=100,leri-cr1=13 leri-cr2=100 leri-cr3=100,leri-cr1=13 leri-cr2=100 leri-cr3=100,1171Mbit,1171Mbit,1
1790998079.624,leri-cr1=13 leri-cr2=100 leri-cr3=100,leri-cr1=13 leri-cr2=100 leri-cr3=100,leri-cr1=13 leri-cr2=100 leri-cr3=100,1171Mbit,1171Mbit,1
1790998089.677,leri-cr1=13 leri-cr2=100 leri-cr3=100,leri-cr1=13 leri-cr2=100 leri-cr3=100,leri-cr1=13 leri-cr2=100 leri-cr3=100,1171Mbit,1171Mbit,1
1790998099.732,leri-cr1=13 leri-cr2=100 leri-cr3=100,leri-cr1=13 leri-cr2=100 leri-cr3=100,leri-cr1=13 leri-cr2=100 leri-cr3=100,1171Mbit,1171Mbit,1
1790998110.006,leri-cr1=13 leri-cr2=100 leri-cr3=100,leri-cr1=13 leri-cr2=100 leri-cr3=100,leri-cr1=13 leri-cr2=100 leri-cr3=100,1171Mbit,1171Mbit,1
1790998120.058,leri-cr1=13 leri-cr2=100 leri-cr3=100,leri-cr1=13 leri-cr2=100 leri-cr3=100,leri-cr1=13 leri-cr2=100 leri-cr3=100,1171Mbit,1171Mbit,1
1790998130.111,leri-cr1=13 leri-cr2=100 leri-cr3=100,leri-cr1=13 leri-cr2=100 leri-cr3=100,leri-cr1=13 leri-cr2=100 leri-cr3=100,1171Mbit,1171Mbit,1
1790998140.167,leri-cr1=13 leri-cr2=100 leri-cr3=100,leri-cr1=13 leri-cr2=100 leri-cr3=100,leri-cr1=13 leri-cr2=100 leri-cr3=100,1171Mbit,1171Mbit,1
1790998150.215,leri-cr1=13 leri-cr2=100 leri-cr3=100,leri-cr1=13 leri-cr2=100 leri-cr3=100,leri-cr1=13 leri-cr2=100 leri-cr3=100,1171Mbit,1171Mbit,1
1790998160.264,leri-cr1=13 leri-cr2=100 leri-cr3=100,leri-cr1=13 leri-cr2=100 leri-cr3=100,leri-cr1=13 leri-cr2=100 leri-cr3=100,1171Mbit,1171Mbit,1
1790998170.556,leri-cr1=13 leri-cr2=100 leri-cr3=100,leri-cr1=13 leri-cr2=100 leri-cr3=100,leri-cr1=13 leri-cr2=100 leri-cr3=100,1171Mbit,1171Mbit,1
1790998180.602,leri-cr1=13 leri-cr2=100 leri-cr3=100,leri-cr1=13 leri-cr2=100 leri-cr3=100,leri-cr1=13 leri-cr2=100 leri-cr3=100,1171Mbit,1171Mbit,1
1790998190.654,leri-cr1=13 leri-cr2=100 leri-cr3=100,leri-cr1=13 leri-cr2=100 leri-cr3=100,leri-cr1=13 leri-cr2=100 leri-cr3=100,1171Mbit,1171Mbit,1
1790998200.698,leri-cr1=13 leri-cr2=100 leri-cr3=100,leri-cr1=13 leri-cr2=100 leri-cr3=100,leri-cr1=13 leri-cr2=100 leri-cr3=100,1171Mbit,1171Mbit,1
1790998210.745,leri-cr1=13 leri-cr2=100 leri-cr3=100,leri-cr1=13 leri-cr2=100 leri-cr3=100,leri-cr1=13 leri-cr2=100 leri-cr3=100,1171Mbit,1171Mbit,1
1790998220.793,leri-cr1=13 leri-cr2=100 leri-cr3=100,leri-cr1=13 leri-cr2=100 leri-cr3=100,leri-cr1=13 leri-cr2=100 leri-cr3=100,1171Mbit,1171Mbit,1
1790998231.101,leri-cr1=13 leri-cr2=100 leri-cr3=100,leri-cr1=13 leri-cr2=100 leri-cr3=100,leri-cr1=13 leri-cr2=100 leri-cr3=100,1171Mbit,1171Mbit,1
1790998241.152,leri-cr1=13 leri-cr2=100 leri-cr3=100,leri-cr1=13 leri-cr2=100 leri-cr3=100,leri-cr1=13 leri-cr2=100 leri-cr3=100,1171Mbit,1171Mbit,1
1790998251.203,leri-cr1=13 leri-cr2=100 leri-cr3=100,leri-cr1=13 leri-cr2=100 leri-cr3=100,leri-cr1=13 leri-cr2=100 leri-cr3=100,1171Mbit,1171Mbit,1
1790998261.258,leri-cr1=13 leri-cr2=100 leri-cr3=100,leri-cr1=13 leri-cr2=100 leri-cr3=100,leri-cr1=13 leri-cr2=100 leri-cr3=100,1171Mbit,1171Mbit,1
1790998271.310,leri-cr1=13 leri-cr2=100 leri-cr3=100,leri-cr1=13 leri-cr2=100 leri-cr3=100,leri-cr1=13 leri-cr2=100 leri-cr3=100,1171Mbit,1171Mbit,1
1790998281.362,leri-cr1=13 leri-cr2=100 leri-cr3=100,leri-cr1=13 leri-cr2=100 leri-cr3=100,leri-cr1=13 leri-cr2=100 leri-cr3=100,1171Mbit,1171Mbit,1
1790998291.575,leri-cr1=13 leri-cr2=100 leri-cr3=100,leri-cr1=13 leri-cr2=100 leri-cr3=100,leri-cr1=13 leri-cr2=100 leri-cr3=100,1171Mbit,1171Mbit,1
1790998301.624,leri-cr1=13 leri-cr2=100 leri-cr3=100,leri-cr1=13 leri-cr2=100 leri-cr3=100,leri-cr1=13 leri-cr2=100 leri-cr3=100,1171Mbit,1171Mbit,1
1790998311.676,leri-cr1=13 leri-cr2=100 leri-cr3=100,leri-cr1=13 leri-cr2=100 leri-cr3=100,leri-cr1=13 leri-cr2=100 leri-cr3=100,1171Mbit,1171Mbit,1
1790998321.727,leri-cr1=13 leri-cr2=100 leri-cr3=100,leri-cr1=13 leri-cr2=100 leri-cr3=100,leri-cr1=13 leri-cr2=100 leri-cr3=100,1171Mbit,1171Mbit,1
1790998331.779,leri-cr1=13 leri-cr2=100 leri-cr3=100,leri-cr1=13 leri-cr2=100 leri-cr3=100,leri-cr1=13 leri-cr2=100 leri-cr3=100,1171Mbit,1171Mbit,1
1790998341.824,leri-cr1=13 leri-cr2=100 leri-cr3=100,leri-cr1=13 leri-cr2=100 leri-cr3=100,leri-cr1=13 leri-cr2=100 leri-cr3=100,1171Mbit,1171Mbit,1
1790998352.147,leri-cr1=13 leri-cr2=100 leri-cr3=100,leri-cr1=13 leri-cr2=100 leri-cr3=100,leri-cr1=13 leri-cr2=100 leri-cr3=100,1171Mbit,1171Mbit,1
1790998362.193,leri-cr1=13 leri-cr2=100 leri-cr3=100,leri-cr1=13 leri-cr2=100 leri-cr3=100,leri-cr1=13 leri-cr2=100 leri-cr3=100,1171Mbit,1171Mbit,1
1790998372.246,leri-cr1=13 leri-cr2=100 leri-cr3=100,leri-cr1=13 leri-cr2=100 leri-cr3=100,leri-cr1=13 leri-cr2=100 leri-cr3=100,1171Mbit,1171Mbit,1
1790998382.297,leri-cr1=13 leri-cr2=100 leri-cr3=100,leri-cr1=13 leri-cr2=100 leri-cr3=100,leri-cr1=13 leri-cr2=100 leri-cr3=100,1171Mbit,1171Mbit,1
1790998392.348,leri-cr1=13 leri-cr2=100 leri-cr3=100,leri-cr1=13 leri-cr2=100 leri-cr3=100,leri-cr1=13 leri-cr2=100 leri-cr3=100,1171Mbit,1171Mbit,1
1790998402.403,leri-cr1=13 leri-cr2=100 leri-cr3=100,leri-cr1=13 leri-cr2=100 leri-cr3=100,leri-cr1=13 leri-cr2=100 leri-cr3=100,1171Mbit,1171Mbit,0
1790998412.726,leri-cr1=13 leri-cr2=100 leri-cr3=100,leri-cr1=13 leri-cr2=100 leri-cr3=100,leri-cr1=13 leri-cr2=100 leri-cr3=100,1171Mbit,1171Mbit,0
1790998422.803,leri-cr1=13 leri-cr2=100 leri-cr3=100,leri-cr1=13 leri-cr2=100 leri-cr3=100,leri-cr1=13 leri-cr2=100 leri-cr3=100,1171Mbit,1171Mbit,0
1790998432.882,leri-cr1=13 leri-cr2=100 leri-cr3=100,leri-cr1=13 leri-cr2=100 leri-cr3=100,leri-cr1=13 leri-cr2=100 leri-cr3=100,1171Mbit,1171Mbit,0
1790998442.958,leri-cr1=13 leri-cr2=100 leri-cr3=100,leri-cr1=13 leri-cr2=100 leri-cr3=100,leri-cr1=13 leri-cr2=100 leri-cr3=100,1171Mbit,1171Mbit,0
1790998453.077,leri-cr1=13 leri-cr2=100 leri-cr3=100,leri-cr1=13 leri-cr2=100 leri-cr3=100,leri-cr1=13 leri-cr2=100 leri-cr3=100,1171Mbit,1171Mbit,0
1790998463.155,leri-cr1=13 leri-cr2=100 leri-cr3=100,leri-cr1=13 leri-cr2=100 leri-cr3=100,leri-cr1=13 leri-cr2=100 leri-cr3=100,1171Mbit,1171Mbit,0
1790998473.590,leri-cr1=13 leri-cr2=100 leri-cr3=100,leri-cr1=13 leri-cr2=100 leri-cr3=100,leri-cr1=13 leri-cr2=100 leri-cr3=100,1171Mbit,1171Mbit,0
1790998483.669,leri-cr1=13 leri-cr2=100 leri-cr3=100,leri-cr1=13 leri-cr2=100 leri-cr3=100,leri-cr1=13 leri-cr2=100 leri-cr3=100,1171Mbit,1171Mbit,0
1790998493.751,leri-cr1=13 leri-cr2=100 leri-cr3=100,leri-cr1=13 leri-cr2=100 leri-cr3=100,leri-cr1=13 leri-cr2=100 leri-cr3=100,1171Mbit,1171Mbit,0
1790998503.824,leri-cr1=13 leri-cr2=100 leri-cr3=100,leri-cr1=13 leri-cr2=100 leri-cr3=100,leri-cr1=13 leri-cr2=100 leri-cr3=100,1171Mbit,1171Mbit,0
1790998513.900,leri-cr1=13 leri-cr2=100 leri-cr3=100,leri-cr1=13 leri-cr2=100 leri-cr3=100,leri-cr1=13 leri-cr2=100 leri-cr3=100,1171Mbit,1171Mbit,0
1790998523.977,leri-cr1=13 leri-cr2=100 leri-cr3=100,leri-cr1=13 leri-cr2=100 leri-cr3=100,leri-cr1=13 leri-cr2=100 leri-cr3=100,1171Mbit,1171Mbit,0
1790998534.385,leri-cr1=13 leri-cr2=100 leri-cr3=100,leri-cr1=13 leri-cr2=100 leri-cr3=100,leri-cr1=13 leri-cr2=100 leri-cr3=100,1171Mbit,1171Mbit,0
1790998544.436,leri-cr1=13 leri-cr2=100 leri-cr3=100,leri-cr1=13 leri-cr2=100 leri-cr3=100,leri-cr1=13 leri-cr2=100 leri-cr3=100,1171Mbit,1171Mbit,1
1790998554.517,leri-cr1=13 leri-cr2=100 leri-cr3=100,leri-cr1=13 leri-cr2=100 leri-cr3=100,leri-cr1=13 leri-cr2=100 leri-cr3=100,1171Mbit,1171Mbit,1
1790998564.571,leri-cr1=13 leri-cr2=100 leri-cr3=100,leri-cr1=13 leri-cr2=100 leri-cr3=100,leri-cr1=13 leri-cr2=100 leri-cr3=100,1171Mbit,1171Mbit,1
1790998574.636,leri-cr1=13 leri-cr2=100 leri-cr3=100,leri-cr1=13 leri-cr2=100 leri-cr3=100,leri-cr1=13 leri-cr2=100 leri-cr3=100,1171Mbit,1171Mbit,1
1790998584.860,leri-cr1=13 leri-cr2=100 leri-cr3=100,leri-cr1=13 leri-cr2=100 leri-cr3=100,leri-cr1=13 leri-cr2=100 leri-cr3=100,1171Mbit,1171Mbit,1
1790998594.924,leri-cr1=13 leri-cr2=100 leri-cr3=100,leri-cr1=13 leri-cr2=100 leri-cr3=100,leri-cr1=13 leri-cr2=100 leri-cr3=100,1171Mbit,1171Mbit,1
1790998604.975,leri-cr1=13 leri-cr2=100 leri-cr3=100,leri-cr1=13 leri-cr2=100 leri-cr3=100,leri-cr1=13 leri-cr2=100 leri-cr3=100,1171Mbit,1171Mbit,1
1790998615.031,leri-cr1=13 leri-cr2=100 leri-cr3=100,leri-cr1=13 leri-cr2=100 leri-cr3=100,leri-cr1=13 leri-cr2=100 leri-cr3=100,1171Mbit,1171Mbit,1
1790998625.082,leri-cr1=13 leri-cr2=100 leri-cr3=100,leri-cr1=13 leri-cr2=100 leri-cr3=100,leri-cr1=13 leri-cr2=100 leri-cr3=100,1171Mbit,1171Mbit,1
1790998635.134,leri-cr1=13 leri-cr2=100 leri-cr3=100,leri-cr1=13 leri-cr2=100 leri-cr3=100,leri-cr1=13 leri-cr2=100 leri-cr3=100,1171Mbit,1171Mbit,1
1790998645.395,leri-cr1=13 leri-cr2=100 leri-cr3=100,leri-cr1=13 leri-cr2=100 leri-cr3=100,leri-cr1=13 leri-cr2=100 leri-cr3=100,1171Mbit,1171Mbit,1
1790998655.450,leri-cr1=13 leri-cr2=100 leri-cr3=100,leri-cr1=13 leri-cr2=100 leri-cr3=100,leri-cr1=13 leri-cr2=100 leri-cr3=100,1171Mbit,1171Mbit,1
1790998665.501,leri-cr1=13 leri-cr2=100 leri-cr3=100,leri-cr1=13 leri-cr2=100 leri-cr3=100,leri-cr1=13 leri-cr2=100 leri-cr3=100,1171Mbit,1171Mbit,1
1790998675.554,leri-cr1=13 leri-cr2=100 leri-cr3=100,leri-cr1=13 leri-cr2=100 leri-cr3=100,leri-cr1=13 leri-cr2=100 leri-cr3=100,1171Mbit,1171Mbit,1
1790998685.599,leri-cr1=13 leri-cr2=100 leri-cr3=100,leri-cr1=13 leri-cr2=100 leri-cr3=100,leri-cr1=13 leri-cr2=100 leri-cr3=100,1171Mbit,1171Mbit,1
1790998695.655,leri-cr1=13 leri-cr2=100 leri-cr3=100,leri-cr1=13 leri-cr2=100 leri-cr3=100,leri-cr1=13 leri-cr2=100 leri-cr3=100,1171Mbit,1171Mbit,1
1790998705.919,leri-cr1=13 leri-cr2=100 leri-cr3=100,leri-cr1=13 leri-cr2=100 leri-cr3=100,leri-cr1=13 leri-cr2=100 leri-cr3=100,1171Mbit,1171Mbit,1
1790998715.967,leri-cr1=13 leri-cr2=100 leri-cr3=100,leri-cr1=13 leri-cr2=100 leri-cr3=100,leri-cr1=13 leri-cr2=100 leri-cr3=100,1171Mbit,1171Mbit,1
1790998726.037,leri-cr1=13 leri-cr2=100 leri-cr3=100,leri-cr1=13 leri-cr2=100 leri-cr3=100,leri-cr1=13 leri-cr2=100 leri-cr3=100,1171Mbit,1171Mbit,1
1790998736.088,leri-cr1=13 leri-cr2=100 leri-cr3=100,leri-cr1=13 leri-cr2=100 leri-cr3=100,leri-cr1=13 leri-cr2=100 leri-cr3=100,1171Mbit,1171Mbit,1
1790998746.133,leri-cr1=13 leri-cr2=100 leri-cr3=100,leri-cr1=13 leri-cr2=100 leri-cr3=100,leri-cr1=13 leri-cr2=100 leri-cr3=100,1171Mbit,1171Mbit,1
1790998756.182,leri-cr1=13 leri-cr2=100 leri-cr3=100,leri-cr1=13 leri-cr2=100 leri-cr3=100,leri-cr1=13 leri-cr2=100 leri-cr3=100,1171Mbit,1171Mbit,1
1790998766.425,leri-cr1=13 leri-cr2=100 leri-cr3=100,leri-cr1=13 leri-cr2=100 leri-cr3=100,leri-cr1=13 leri-cr2=100 leri-cr3=100,1171Mbit,1171Mbit,1
1790998776.481,leri-cr1=13 leri-cr2=100 leri-cr3=100,leri-cr1=13 leri-cr2=100 leri-cr3=100,leri-cr1=13 leri-cr2=100 leri-cr3=100,1171Mbit,1171Mbit,1
1790998786.531,leri-cr1=13 leri-cr2=100 leri-cr3=100,leri-cr1=13 leri-cr2=100 leri-cr3=100,leri-cr1=13 leri-cr2=100 leri-cr3=100,1171Mbit,1171Mbit,1
1790998796.580,leri-cr1=13 leri-cr2=100 leri-cr3=100,leri-cr1=13 leri-cr2=100 leri-cr3=100,leri-cr1=13 leri-cr2=100 leri-cr3=100,1171Mbit,1171Mbit,1
1790998806.629,leri-cr1=13 leri-cr2=100 leri-cr3=100,leri-cr1=13 leri-cr2=100 leri-cr3=100,leri-cr1=13 leri-cr2=100 leri-cr3=100,1171Mbit,1171Mbit,1
1790998816.691,leri-cr1=13 leri-cr2=100 leri-cr3=100,leri-cr1=13 leri-cr2=100 leri-cr3=100,leri-cr1=13 leri-cr2=100 leri-cr3=100,1171Mbit,1171Mbit,1
1790998826.956,leri-cr1=13 leri-cr2=100 leri-cr3=100,leri-cr1=13 leri-cr2=100 leri-cr3=100,leri-cr1=13 leri-cr2=100 leri-cr3=100,1171Mbit,1171Mbit,1
1790998837.009,leri-cr1=13 leri-cr2=100 leri-cr3=100,leri-cr1=13 leri-cr2=100 leri-cr3=100,leri-cr1=13 leri-cr2=100 leri-cr3=100,1171Mbit,1171Mbit,1
1790998847.064,leri-cr1=13 leri-cr2=100 leri-cr3=100,leri-cr1=13 leri-cr2=100 leri-cr3=100,leri-cr1=13 leri-cr2=100 leri-cr3=100,1171Mbit,1171Mbit,1
1790998857.112,leri-cr1=13 leri-cr2=100 leri-cr3=100,leri-cr1=13 leri-cr2=100 leri-cr3=100,leri-cr1=13 leri-cr2=100 leri-cr3=100,1171Mbit,1171Mbit,1
1790998867.165,leri-cr1=13 leri-cr2=100 leri-cr3=100,leri-cr1=13 leri-cr2=100 leri-cr3=100,leri-cr1=13 leri-cr2=100 leri-cr3=100,1171Mbit,1171Mbit,1
1790998877.220,leri-cr1=13 leri-cr2=100 leri-cr3=100,leri-cr1=13 leri-cr2=100 leri-cr3=100,leri-cr1=13 leri-cr2=100 leri-cr3=100,1171Mbit,1171Mbit,1
1790998887.410,leri-cr1=13 leri-cr2=100 leri-cr3=100,leri-cr1=13 leri-cr2=100 leri-cr3=100,leri-cr1=13 leri-cr2=100 leri-cr3=100,1171Mbit,1171Mbit,1
1790998897.461,leri-cr1=13 leri-cr2=100 leri-cr3=100,leri-cr1=13 leri-cr2=100 leri-cr3=100,leri-cr1=13 leri-cr2=100 leri-cr3=100,1171Mbit,1171Mbit,1
1790998907.524,leri-cr1=13 leri-cr2=100 leri-cr3=100,leri-cr1=13 leri-cr2=100 leri-cr3=100,leri-cr1=13 leri-cr2=100 leri-cr3=100,1171Mbit,1171Mbit,1
1790998917.574,leri-cr1=13 leri-cr2=100 leri-cr3=100,leri-cr1=13 leri-cr2=100 leri-cr3=100,leri-cr1=13 leri-cr2=100 leri-cr3=100,1171Mbit,1171Mbit,1
1790998927.626,leri-cr1=13 leri-cr2=100 leri-cr3=100,leri-cr1=13 leri-cr2=100 leri-cr3=100,leri-cr1=13 leri-cr2=100 leri-cr3=100,1171Mbit,1171Mbit,1
1790998937.678,leri-cr1=13 leri-cr2=100 leri-cr3=100,leri-cr1=13 leri-cr2=100 leri-cr3=100,leri-cr1=13 leri-cr2=100 leri-cr3=100,1171Mbit,1171Mbit,1
1790998947.949,leri-cr1=13 leri-cr2=100 leri-cr3=100,leri-cr1=13 leri-cr2=100 leri-cr3=100,leri-cr1=13 leri-cr2=100 leri-cr3=100,1171Mbit,1171Mbit,1
1790998958.003,leri-cr1=13 leri-cr2=100 leri-cr3=100,leri-cr1=13 leri-cr2=100 leri-cr3=100,leri-cr1=13 leri-cr2=100 leri-cr3=100,1171Mbit,1171Mbit,1
1790998968.050,leri-cr1=13 leri-cr2=100 leri-cr3=100,leri-cr1=13 leri-cr2=100 leri-cr3=100,leri-cr1=13 leri-cr2=100 leri-cr3=100,1171Mbit,1171Mbit,1
1790998978.101,leri-cr1=13 leri-cr2=100 leri-cr3=100,leri-cr1=13 leri-cr2=100 leri-cr3=100,leri-cr1=13 leri-cr2=100 leri-cr3=100,1171Mbit,1171Mbit,1
1790998988.151,leri-cr1=13 leri-cr2=100 leri-cr3=100,leri-cr1=13 leri-cr2=100 leri-cr3=100,leri-cr1=13 leri-cr2=100 leri-cr3=100,1171Mbit,1171Mbit,1
1790998998.198,leri-cr1=13 leri-cr2=100 leri-cr3=100,leri-cr1=13 leri-cr2=100 leri-cr3=100,leri-cr1=13 leri-cr2=100 leri-cr3=100,1171Mbit,1171Mbit,1
1790999008.467,leri-cr1=13 leri-cr2=100 leri-cr3=100,leri-cr1=13 leri-cr2=100 leri-cr3=100,leri-cr1=13 leri-cr2=100 leri-cr3=100,1171Mbit,1171Mbit,1
1790999018.518,leri-cr1=13 leri-cr2=100 leri-cr3=100,leri-cr1=13 leri-cr2=100 leri-cr3=100,leri-cr1=13 leri-cr2=100 leri-cr3=100,1171Mbit,1171Mbit,1
1790999028.576,leri-cr1=13 leri-cr2=100 leri-cr3=100,leri-cr1=13 leri-cr2=100 leri-cr3=100,leri-cr1=13 leri-cr2=100 leri-cr3=100,1171Mbit,1171Mbit,1
1790999038.622,leri-cr1=13 leri-cr2=100 leri-cr3=100,leri-cr1=13 leri-cr2=100 leri-cr3=100,leri-cr1=13 leri-cr2=100 leri-cr3=100,1171Mbit,1171Mbit,1
1790999048.670,leri-cr1=13 leri-cr2=100 leri-cr3=100,leri-cr1=13 leri-cr2=100 leri-cr3=100,leri-cr1=13 leri-cr2=100 leri-cr3=100,1171Mbit,1171Mbit,1
1790999058.757,leri-cr1=13 leri-cr2=100 leri-cr3=100,leri-cr1=13 leri-cr2=100 leri-cr3=100,leri-cr1=13 leri-cr2=100 leri-cr3=100,1171Mbit,1171Mbit,1
1790999069.011,leri-cr1=13 leri-cr2=100 leri-cr3=100,leri-cr1=13 leri-cr2=100 leri-cr3=100,leri-cr1=13 leri-cr2=100 leri-cr3=100,1171Mbit,1171Mbit,1
1790999079.107,leri-cr1=13 leri-cr2=100 leri-cr3=100,leri-cr1=13 leri-cr2=100 leri-cr3=100,leri-cr1=13 leri-cr2=100 leri-cr3=100,1171Mbit,1171Mbit,1
1790999089.162,leri-cr1=13 leri-cr2=100 leri-cr3=100,leri-cr1=13 leri-cr2=100 leri-cr3=100,leri-cr1=13 leri-cr2=100 leri-cr3=100,1171Mbit,1171Mbit,1
1790999099.218,leri-cr1=13 leri-cr2=100 leri-cr3=100,leri-cr1=13 leri-cr2=100 leri-cr3=100,leri-cr1=13 leri-cr2=100 leri-cr3=100,1171Mbit,1171Mbit,1
1790999109.272,leri-cr1=13 leri-cr2=100 leri-cr3=100,leri-cr1=13 leri-cr2=100 leri-cr3=100,leri-cr1=13 leri-cr2=100 leri-cr3=100,1171Mbit,1171Mbit,1
1790999119.327,leri-cr1=13 leri-cr2=100 leri-cr3=100,leri-cr1=13 leri-cr2=100 leri-cr3=100,leri-cr1=13 leri-cr2=100 leri-cr3=100,1171Mbit,1171Mbit,1
1790999129.633,leri-cr1=13 leri-cr2=100 leri-cr3=100,leri-cr1=13 leri-cr2=100 leri-cr3=100,leri-cr1=13 leri-cr2=100 leri-cr3=100,1171Mbit,1171Mbit,1
1790999139.685,leri-cr1=13 leri-cr2=100 leri-cr3=100,leri-cr1=13 leri-cr2=100 leri-cr3=100,leri-cr1=13 leri-cr2=100 leri-cr3=100,1171Mbit,1171Mbit,1
1790999149.739,leri-cr1=13 leri-cr2=100 leri-cr3=100,leri-cr1=13 leri-cr2=100 leri-cr3=100,leri-cr1=13 leri-cr2=100 leri-cr3=100,1171Mbit,1171Mbit,1
1790999159.794,leri-cr1=13 leri-cr2=100 leri-cr3=100,leri-cr1=13 leri-cr2=100 leri-cr3=100,leri-cr1=13 leri-cr2=100 leri-cr3=100,1171Mbit,1171Mbit,1
1790999169.847,leri-cr1=13 leri-cr2=100 leri-cr3=100,leri-cr1=13 leri-cr2=100 leri-cr3=100,leri-cr1=13 leri-cr2=100 leri-cr3=100,1171Mbit,1171Mbit,1
1790999179.897,leri-cr1=13 leri-cr2=100 leri-cr3=100,leri-cr1=13 leri-cr2=100 leri-cr3=100,leri-cr1=13 leri-cr2=100 leri-cr3=100,1171Mbit,1171Mbit,1
1790999190.158,leri-cr1=13 leri-cr2=100 leri-cr3=100,leri-cr1=13 leri-cr2=100 leri-cr3=100,leri-cr1=13 leri-cr2=100 leri-cr3=100,1171Mbit,1171Mbit,1
1790999200.211,leri-cr1=13 leri-cr2=100 leri-cr3=100,leri-cr1=13 leri-cr2=100 leri-cr3=100,leri-cr1=13 leri-cr2=100 leri-cr3=100,1171Mbit,1171Mbit,1
1790999210.259,leri-cr1=13 leri-cr2=100 leri-cr3=100,leri-cr1=13 leri-cr2=100 leri-cr3=100,leri-cr1=13 leri-cr2=100 leri-cr3=100,1171Mbit,1171Mbit,1
1790999220.309,leri-cr1=13 leri-cr2=100 leri-cr3=100,leri-cr1=13 leri-cr2=100 leri-cr3=100,leri-cr1=13 leri-cr2=100 leri-cr3=100,1171Mbit,1171Mbit,1
1790999230.356,leri-cr1=13 leri-cr2=100 leri-cr3=100,leri-cr1=13 leri-cr2=100 leri-cr3=100,leri-cr1=13 leri-cr2=100 leri-cr3=100,1171Mbit,1171Mbit,1
1790999240.408,leri-cr1=13 leri-cr2=100 leri-cr3=100,leri-cr1=13 leri-cr2=100 leri-cr3=100,leri-cr1=13 leri-cr2=100 leri-cr3=100,1171Mbit,1171Mbit,1
1790999250.691,leri-cr1=13 leri-cr2=100 leri-cr3=100,leri-cr1=13 leri-cr2=100 leri-cr3=100,leri-cr1=13 leri-cr2=100 leri-cr3=100,1171Mbit,1171Mbit,1
1790999260.739,leri-cr1=13 leri-cr2=100 leri-cr3=100,leri-cr1=13 leri-cr2=100 leri-cr3=100,leri-cr1=13 leri-cr2=100 leri-cr3=100,1171Mbit,1171Mbit,1
1790999270.795,leri-cr1=13 leri-cr2=100 leri-cr3=100,leri-cr1=13 leri-cr2=100 leri-cr3=100,leri-cr1=13 leri-cr2=100 leri-cr3=100,1171Mbit,1171Mbit,1
1790999280.850,leri-cr1=13 leri-cr2=100 leri-cr3=100,leri-cr1=13 leri-cr2=100 leri-cr3=100,leri-cr1=13 leri-cr2=100 leri-cr3=100,1171Mbit,1171Mbit,1
1790999290.899,leri-cr1=13 leri-cr2=100 leri-cr3=100,leri-cr1=13 leri-cr2=100 leri-cr3=100,leri-cr1=13 leri-cr2=100 leri-cr3=100,1171Mbit,1171Mbit,1
1790999300.948,leri-cr1=13 leri-cr2=100 leri-cr3=100,leri-cr1=13 leri-cr2=100 leri-cr3=100,leri-cr1=13 leri-cr2=100 leri-cr3=100,1171Mbit,1171Mbit,1
1790999311.215,leri-cr1=13 leri-cr2=100 leri-cr3=100,leri-cr1=13 leri-cr2=100 leri-cr3=100,leri-cr1=13 leri-cr2=100 leri-cr3=100,1171Mbit,1171Mbit,1
1790999321.266,leri-cr1=13 leri-cr2=100 leri-cr3=100,leri-cr1=13 leri-cr2=100 leri-cr3=100,leri-cr1=13 leri-cr2=100 leri-cr3=100,1171Mbit,1171Mbit,1
1790999331.322,leri-cr1=13 leri-cr2=100 leri-cr3=100,leri-cr1=13 leri-cr2=100 leri-cr3=100,leri-cr1=13 leri-cr2=100 leri-cr3=100,1171Mbit,1171Mbit,1
1790999341.368,leri-cr1=13 leri-cr2=100 leri-cr3=100,leri-cr1=13 leri-cr2=100 leri-cr3=100,leri-cr1=13 leri-cr2=100 leri-cr3=100,1171Mbit,1171Mbit,1
1790999351.422,leri-cr1=13 leri-cr2=100 leri-cr3=100,leri-cr1=13 leri-cr2=100 leri-cr3=100,leri-cr1=13 leri-cr2=100 leri-cr3=100,1171Mbit,1171Mbit,1
1790999361.480,leri-cr1=13 leri-cr2=100 leri-cr3=100,leri-cr1=13 leri-cr2=100 leri-cr3=100,leri-cr1=13 leri-cr2=100 leri-cr3=100,1171Mbit,1171Mbit,1
1790999371.781,leri-cr1=13 leri-cr2=100 leri-cr3=100,leri-cr1=13 leri-cr2=100 leri-cr3=100,leri-cr1=13 leri-cr2=100 leri-cr3=100,1171Mbit,1171Mbit,1
1790999381.824,leri-cr1=13 leri-cr2=100 leri-cr3=100,leri-cr1=13 leri-cr2=100 leri-cr3=100,leri-cr1=13 leri-cr2=100 leri-cr3=100,1171Mbit,1171Mbit,1
1790999391.880,leri-cr1=13 leri-cr2=100 leri-cr3=100,leri-cr1=13 leri-cr2=100 leri-cr3=100,leri-cr1=13 leri-cr2=100 leri-cr3=100,1171Mbit,1171Mbit,1
1790999401.931,leri-cr1=13 leri-cr2=100 leri-cr3=100,leri-cr1=13 leri-cr2=100 leri-cr3=100,leri-cr1=13 leri-cr2=100 leri-cr3=100,1171Mbit,1171Mbit,1
1790999411.985,leri-cr1=13 leri-cr2=100 leri-cr3=100,leri-cr1=13 leri-cr2=100 leri-cr3=100,leri-cr1=13 leri-cr2=100 leri-cr3=100,1171Mbit,1171Mbit,1
1790999422.039,leri-cr1=13 leri-cr2=100 leri-cr3=100,leri-cr1=13 leri-cr2=100 leri-cr3=100,leri-cr1=13 leri-cr2=100 leri-cr3=100,1171Mbit,1171Mbit,1
1790999432.282,leri-cr1=13 leri-cr2=100 leri-cr3=100,leri-cr1=13 leri-cr2=100 leri-cr3=100,leri-cr1=13 leri-cr2=100 leri-cr3=100,1171Mbit,1171Mbit,1
1790999442.335,leri-cr1=13 leri-cr2=100 leri-cr3=100,leri-cr1=13 leri-cr2=100 leri-cr3=100,leri-cr1=13 leri-cr2=100 leri-cr3=100,1171Mbit,1171Mbit,1
1790999452.377,leri-cr1=13 leri-cr2=100 leri-cr3=100,leri-cr1=13 leri-cr2=100 leri-cr3=100,leri-cr1=13 leri-cr2=100 leri-cr3=100,1171Mbit,1171Mbit,1
1790999462.427,leri-cr1=13 leri-cr2=100 leri-cr3=100,leri-cr1=13 leri-cr2=100 leri-cr3=100,leri-cr1=13 leri-cr2=100 leri-cr3=100,1171Mbit,1171Mbit,1
1790999472.483,leri-cr1=13 leri-cr2=100 leri-cr3=100,leri-cr1=13 leri-cr2=100 leri-cr3=100,leri-cr1=13 leri-cr2=100 leri-cr3=100,1171Mbit,1171Mbit,1
1790999482.536,leri-cr1=13 leri-cr2=100 leri-cr3=100,leri-cr1=13 leri-cr2=100 leri-cr3=100,leri-cr1=13 leri-cr2=100 leri-cr3=100,1171Mbit,1171Mbit,1
1790999492.830,leri-cr1=13 leri-cr2=100 leri-cr3=100,leri-cr1=13 leri-cr2=100 leri-cr3=100,leri-cr1=13 leri-cr2=100 leri-cr3=100,1171Mbit,1171Mbit,1
1790999502.884,leri-cr1=13 leri-cr2=100 leri-cr3=100,leri-cr1=13 leri-cr2=100 leri-cr3=100,leri-cr1=13 leri-cr2=100 leri-cr3=100,1171Mbit,1171Mbit,1
1790999512.933,leri-cr1=13 leri-cr2=100 leri-cr3=100,leri-cr1=13 leri-cr2=100 leri-cr3=100,leri-cr1=13 leri-cr2=100 leri-cr3=100,1171Mbit,1171Mbit,1
1790999522.983,leri-cr1=13 leri-cr2=100 leri-cr3=100,leri-cr1=13 leri-cr2=100 leri-cr3=100,leri-cr1=13 leri-cr2=100 leri-cr3=100,1171Mbit,1171Mbit,1
1790999533.038,leri-cr1=13 leri-cr2=100 leri-cr3=100,leri-cr1=13 leri-cr2=100 leri-cr3=100,leri-cr1=13 leri-cr2=100 leri-cr3=100,1171Mbit,1171Mbit,1
1790999543.090,leri-cr1=13 leri-cr2=100 leri-cr3=100,leri-cr1=13 leri-cr2=100 leri-cr3=100,leri-cr1=13 leri-cr2=100 leri-cr3=100,1171Mbit,1171Mbit,1
1790999553.412,leri-cr1=13 leri-cr2=100 leri-cr3=100,leri-cr1=13 leri-cr2=100 leri-cr3=100,leri-cr1=13 leri-cr2=100 leri-cr3=100,1171Mbit,1171Mbit,1
1790999563.464,leri-cr1=13 leri-cr2=100 leri-cr3=100,leri-cr1=13 leri-cr2=100 leri-cr3=100,leri-cr1=13 leri-cr2=100 leri-cr3=100,1171Mbit,1171Mbit,1
1790999573.516,leri-cr1=13 leri-cr2=100 leri-cr3=100,leri-cr1=13 leri-cr2=100 leri-cr3=100,leri-cr1=13 leri-cr2=100 leri-cr3=100,1171Mbit,1171Mbit,1
1790999583.563,leri-cr1=13 leri-cr2=100 leri-cr3=100,leri-cr1=13 leri-cr2=100 leri-cr3=100,leri-cr1=13 leri-cr2=100 leri-cr3=100,1171Mbit,1171Mbit,1
1790999593.610,leri-cr1=13 leri-cr2=100 leri-cr3=100,leri-cr1=13 leri-cr2=100 leri-cr3=100,leri-cr1=13 leri-cr2=100 leri-cr3=100,1171Mbit,1171Mbit,1
1790999603.657,leri-cr1=13 leri-cr2=100 leri-cr3=100,leri-cr1=13 leri-cr2=100 leri-cr3=100,leri-cr1=13 leri-cr2=100 leri-cr3=100,1171Mbit,1171Mbit,1
1790999613.932,leri-cr1=13 leri-cr2=100 leri-cr3=100,leri-cr1=13 leri-cr2=100 leri-cr3=100,leri-cr1=13 leri-cr2=100 leri-cr3=100,1171Mbit,1171Mbit,1
1790999623.998,leri-cr1=13 leri-cr2=100 leri-cr3=100,leri-cr1=13 leri-cr2=100 leri-cr3=100,leri-cr1=13 leri-cr2=100 leri-cr3=100,1171Mbit,1171Mbit,1
1790999634.050,leri-cr1=13 leri-cr2=100 leri-cr3=100,leri-cr1=13 leri-cr2=100 leri-cr3=100,leri-cr1=13 leri-cr2=100 leri-cr3=100,1171Mbit,1171Mbit,1
1790999644.106,leri-cr1=13 leri-cr2=100 leri-cr3=100,leri-cr1=13 leri-cr2=100 leri-cr3=100,leri-cr1=13 leri-cr2=100 leri-cr3=100,1171Mbit,1171Mbit,1
1790999654.158,leri-cr1=13 leri-cr2=100 leri-cr3=100,leri-cr1=13 leri-cr2=100 leri-cr3=100,leri-cr1=13 leri-cr2=100 leri-cr3=100,1171Mbit,1171Mbit,1
1790999664.208,leri-cr1=13 leri-cr2=100 leri-cr3=100,leri-cr1=13 leri-cr2=100 leri-cr3=100,leri-cr1=13 leri-cr2=100 leri-cr3=100,1171Mbit,1171Mbit,1
1790999674.491,leri-cr1=13 leri-cr2=100 leri-cr3=100,leri-cr1=13 leri-cr2=100 leri-cr3=100,leri-cr1=13 leri-cr2=100 leri-cr3=100,1171Mbit,1171Mbit,1
1790999684.549,leri-cr1=13 leri-cr2=100 leri-cr3=100,leri-cr1=13 leri-cr2=100 leri-cr3=100,leri-cr1=13 leri-cr2=100 leri-cr3=100,1171Mbit,1171Mbit,1
1790999694.599,leri-cr1=13 leri-cr2=100 leri-cr3=100,leri-cr1=13 leri-cr2=100 leri-cr3=100,leri-cr1=13 leri-cr2=100 leri-cr3=100,1171Mbit,1171Mbit,1
1790999704.653,leri-cr1=13 leri-cr2=100 leri-cr3=100,leri-cr1=13 leri-cr2=100 leri-cr3=100,leri-cr1=13 leri-cr2=100 leri-cr3=100,1171Mbit,1171Mbit,1
1790999714.693,leri-cr1=13 leri-cr2=100 leri-cr3=100,leri-cr1=13 leri-cr2=100 leri-cr3=100,leri-cr1=13 leri-cr2=100 leri-cr3=100,1171Mbit,1171Mbit,1
1790999724.755,leri-cr1=13 leri-cr2=100 leri-cr3=100,leri-cr1=13 leri-cr2=100 leri-cr3=100,leri-cr1=13 leri-cr2=100 leri-cr3=100,1171Mbit,1171Mbit,1
1790999735.009,leri-cr1=13 leri-cr2=100 leri-cr3=100,leri-cr1=13 leri-cr2=100 leri-cr3=100,leri-cr1=13 leri-cr2=100 leri-cr3=100,1171Mbit,1171Mbit,1
1790999745.061,leri-cr1=13 leri-cr2=100 leri-cr3=100,leri-cr1=13 leri-cr2=100 leri-cr3=100,leri-cr1=13 leri-cr2=100 leri-cr3=100,1171Mbit,1171Mbit,1
1790999755.146,leri-cr1=13 leri-cr2=100 leri-cr3=100,leri-cr1=13 leri-cr2=100 leri-cr3=100,leri-cr1=13 leri-cr2=100 leri-cr3=100,1171Mbit,1171Mbit,1
1790999765.200,leri-cr1=13 leri-cr2=100 leri-cr3=100,leri-cr1=13 leri-cr2=100 leri-cr3=100,leri-cr1=13 leri-cr2=100 leri-cr3=100,1171Mbit,1171Mbit,1
1790999775.251,leri-cr1=13 leri-cr2=100 leri-cr3=100,leri-cr1=13 leri-cr2=100 leri-cr3=100,leri-cr1=13 leri-cr2=100 leri-cr3=100,1171Mbit,1171Mbit,1
1790999785.304,leri-cr1=13 leri-cr2=100 leri-cr3=100,leri-cr1=13 leri-cr2=100 leri-cr3=100,leri-cr1=13 leri-cr2=100 leri-cr3=100,1171Mbit,1171Mbit,1
1790999795.630,leri-cr1=13 leri-cr2=100 leri-cr3=100,leri-cr1=13 leri-cr2=100 leri-cr3=100,leri-cr1=13 leri-cr2=100 leri-cr3=100,1171Mbit,1171Mbit,1
1790999805.687,leri-cr1=13 leri-cr2=100 leri-cr3=100,leri-cr1=13 leri-cr2=100 leri-cr3=100,leri-cr1=13 leri-cr2=100 leri-cr3=100,1171Mbit,1171Mbit,1
1790999815.739,leri-cr1=13 leri-cr2=100 leri-cr3=100,leri-cr1=13 leri-cr2=100 leri-cr3=100,leri-cr1=13 leri-cr2=100 leri-cr3=100,1171Mbit,1171Mbit,1
1790999825.792,leri-cr1=13 leri-cr2=100 leri-cr3=100,leri-cr1=13 leri-cr2=100 leri-cr3=100,leri-cr1=13 leri-cr2=100 leri-cr3=100,1171Mbit,1171Mbit,1
1790999835.844,leri-cr1=13 leri-cr2=100 leri-cr3=100,leri-cr1=13 leri-cr2=100 leri-cr3=100,leri-cr1=13 leri-cr2=100 leri-cr3=100,1171Mbit,1171Mbit,1
1790999845.901,leri-cr1=13 leri-cr2=100 leri-cr3=100,leri-cr1=13 leri-cr2=100 leri-cr3=100,leri-cr1=13 leri-cr2=100 leri-cr3=100,1171Mbit,1171Mbit,1
1790999856.195,leri-cr1=13 leri-cr2=100 leri-cr3=100,leri-cr1=13 leri-cr2=100 leri-cr3=100,leri-cr1=13 leri-cr2=100 leri-cr3=100,1171Mbit,1171Mbit,1
1790999866.246,leri-cr1=13 leri-cr2=100 leri-cr3=100,leri-cr1=13 leri-cr2=100 leri-cr3=100,leri-cr1=13 leri-cr2=100 leri-cr3=100,1171Mbit,1171Mbit,1
1790999876.297,leri-cr1=13 leri-cr2=100 leri-cr3=100,leri-cr1=13 leri-cr2=100 leri-cr3=100,leri-cr1=13 leri-cr2=100 leri-cr3=100,1171Mbit,1171Mbit,1
1790999886.348,leri-cr1=13 leri-cr2=100 leri-cr3=100,leri-cr1=13 leri-cr2=100 leri-cr3=100,leri-cr1=13 leri-cr2=100 leri-cr3=100,1171Mbit,1171Mbit,1
1790999896.398,leri-cr1=13 leri-cr2=100 leri-cr3=100,leri-cr1=13 leri-cr2=100 leri-cr3=100,leri-cr1=13 leri-cr2=100 leri-cr3=100,1171Mbit,1171Mbit,1
1790999906.458,leri-cr1=13 leri-cr2=100 leri-cr3=100,leri-cr1=13 leri-cr2=100 leri-cr3=100,leri-cr1=13 leri-cr2=100 leri-cr3=100,1171Mbit,1171Mbit,1
1790999916.746,leri-cr1=13 leri-cr2=100 leri-cr3=100,leri-cr1=13 leri-cr2=100 leri-cr3=100,leri-cr1=13 leri-cr2=100 leri-cr3=100,1171Mbit,1171Mbit,1
1790999926.796,leri-cr1=13 leri-cr2=100 leri-cr3=100,leri-cr1=13 leri-cr2=100 leri-cr3=100,leri-cr1=13 leri-cr2=100 leri-cr3=100,1171Mbit,1171Mbit,1
1790999936.849,leri-cr1=13 leri-cr2=100 leri-cr3=100,leri-cr1=13 leri-cr2=100 leri-cr3=100,leri-cr1=13 leri-cr2=100 leri-cr3=100,1171Mbit,1171Mbit,1
1790999946.897,leri-cr1=13 leri-cr2=100 leri-cr3=100,leri-cr1=13 leri-cr2=100 leri-cr3=100,leri-cr1=13 leri-cr2=100 leri-cr3=100,1171Mbit,1171Mbit,1
1790999956.951,leri-cr1=13 leri-cr2=100 leri-cr3=100,leri-cr1=13 leri-cr2=100 leri-cr3=100,leri-cr1=13 leri-cr2=100 leri-cr3=100,1171Mbit,1171Mbit,1
1790999967.196,leri-cr1=13 leri-cr2=100 leri-cr3=100,leri-cr1=13 leri-cr2=100 leri-cr3=100,leri-cr1=13 leri-cr2=100 leri-cr3=100,1171Mbit,1171Mbit,1
1790999977.249,leri-cr1=13 leri-cr2=100 leri-cr3=100,leri-cr1=13 leri-cr2=100 leri-cr3=100,leri-cr1=13 leri-cr2=100 leri-cr3=100,1171Mbit,1171Mbit,1
1790999987.302,leri-cr1=13 leri-cr2=100 leri-cr3=100,leri-cr1=13 leri-cr2=100 leri-cr3=100,leri-cr1=13 leri-cr2=100 leri-cr3=100,1171Mbit,1171Mbit,1
1790999997.350,leri-cr1=13 leri-cr2=100 leri-cr3=100,leri-cr1=13 leri-cr2=100 leri-cr3=100,leri-cr1=13 leri-cr2=100 leri-cr3=100,1171Mbit,1171Mbit,1
1791000007.403,leri-cr1=13 leri-cr2=100 leri-cr3=100,leri-cr1=13 leri-cr2=100 leri-cr3=100,leri-cr1=13 leri-cr2=100 leri-cr3=100,1171Mbit,1171Mbit,1
1791000017.449,leri-cr1=13 leri-cr2=100 leri-cr3=100,leri-cr1=13 leri-cr2=100 leri-cr3=100,leri-cr1=13 leri-cr2=100 leri-cr3=100,1171Mbit,1171Mbit,1
1791000027.734,leri-cr1=13 leri-cr2=100 leri-cr3=100,leri-cr1=13 leri-cr2=100 leri-cr3=100,leri-cr1=13 leri-cr2=100 leri-cr3=100,1171Mbit,1171Mbit,1
1791000037.784,leri-cr1=13 leri-cr2=100 leri-cr3=100,leri-cr1=13 leri-cr2=100 leri-cr3=100,leri-cr1=13 leri-cr2=100 leri-cr3=100,1171Mbit,1171Mbit,1
1791000047.836,leri-cr1=13 leri-cr2=100 leri-cr3=100,leri-cr1=13 leri-cr2=100 leri-cr3=100,leri-cr1=13 leri-cr2=100 leri-cr3=100,1171Mbit,1171Mbit,1
1791000057.881,leri-cr1=13 leri-cr2=100 leri-cr3=100,leri-cr1=13 leri-cr2=100 leri-cr3=100,leri-cr1=13 leri-cr2=100 leri-cr3=100,1171Mbit,1171Mbit,1
1791000067.930,leri-cr1=13 leri-cr2=100 leri-cr3=100,leri-cr1=13 leri-cr2=100 leri-cr3=100,leri-cr1=13 leri-cr2=100 leri-cr3=100,1171Mbit,1171Mbit,1
1791000077.980,leri-cr1=13 leri-cr2=100 leri-cr3=100,leri-cr1=13 leri-cr2=100 leri-cr3=100,leri-cr1=13 leri-cr2=100 leri-cr3=100,1171Mbit,1171Mbit,1
1791000088.211,leri-cr1=13 leri-cr2=100 leri-cr3=100,leri-cr1=13 leri-cr2=100 leri-cr3=100,leri-cr1=13 leri-cr2=100 leri-cr3=100,1171Mbit,1171Mbit,1
1791000098.260,leri-cr1=13 leri-cr2=100 leri-cr3=100,leri-cr1=13 leri-cr2=100 leri-cr3=100,leri-cr1=13 leri-cr2=100 leri-cr3=100,1171Mbit,1171Mbit,1
1791000108.313,leri-cr1=13 leri-cr2=100 leri-cr3=100,leri-cr1=13 leri-cr2=100 leri-cr3=100,leri-cr1=13 leri-cr2=100 leri-cr3=100,1171Mbit,1171Mbit,1
1791000118.366,leri-cr1=13 leri-cr2=100 leri-cr3=100,leri-cr1=13 leri-cr2=100 leri-cr3=100,leri-cr1=13 leri-cr2=100 leri-cr3=100,1171Mbit,1171Mbit,1
1791000128.419,leri-cr1=13 leri-cr2=100 leri-cr3=100,leri-cr1=13 leri-cr2=100 leri-cr3=100,leri-cr1=13 leri-cr2=100 leri-cr3=100,1171Mbit,1171Mbit,1
1791000138.476,leri-cr1=13 leri-cr2=100 leri-cr3=100,leri-cr1=13 leri-cr2=100 leri-cr3=100,leri-cr1=13 leri-cr2=100 leri-cr3=100,1171Mbit,1171Mbit,1
1791000148.739,leri-cr1=13 leri-cr2=100 leri-cr3=100,leri-cr1=13 leri-cr2=100 leri-cr3=100,leri-cr1=13 leri-cr2=100 leri-cr3=100,1171Mbit,1171Mbit,1
1791000158.789,leri-cr1=13 leri-cr2=100 leri-cr3=100,leri-cr1=13 leri-cr2=100 leri-cr3=100,leri-cr1=13 leri-cr2=100 leri-cr3=100,1171Mbit,1171Mbit,1
1791000168.840,leri-cr1=13 leri-cr2=100 leri-cr3=100,leri-cr1=13 leri-cr2=100 leri-cr3=100,leri-cr1=13 leri-cr2=100 leri-cr3=100,1171Mbit,1171Mbit,1
1791000178.895,leri-cr1=13 leri-cr2=100 leri-cr3=100,leri-cr1=13 leri-cr2=100 leri-cr3=100,leri-cr1=13 leri-cr2=100 leri-cr3=100,1171Mbit,1171Mbit,1
1791000188.972,leri-cr1=13 leri-cr2=100 leri-cr3=100,leri-cr1=13 leri-cr2=100 leri-cr3=100,leri-cr1=13 leri-cr2=100 leri-cr3=100,1171Mbit,1171Mbit,1
1791000199.027,leri-cr1=13 leri-cr2=100 leri-cr3=100,leri-cr1=13 leri-cr2=100 leri-cr3=100,leri-cr1=13 leri-cr2=100 leri-cr3=100,1171Mbit,1171Mbit,1
1791000209.306,leri-cr1=13 leri-cr2=100 leri-cr3=100,leri-cr1=13 leri-cr2=100 leri-cr3=100,leri-cr1=13 leri-cr2=100 leri-cr3=100,1171Mbit,1171Mbit,0
1791000219.380,leri-cr1=13 leri-cr2=100 leri-cr3=100,leri-cr1=13 leri-cr2=100 leri-cr3=100,leri-cr1=13 leri-cr2=100 leri-cr3=100,1171Mbit,1171Mbit,0
1791000229.456,leri-cr1=13 leri-cr2=100 leri-cr3=100,leri-cr1=13 leri-cr2=100 leri-cr3=100,leri-cr1=13 leri-cr2=100 leri-cr3=100,1171Mbit,1171Mbit,0
1791000239.535,leri-cr1=13 leri-cr2=100 leri-cr3=100,leri-cr1=13 leri-cr2=100 leri-cr3=100,leri-cr1=13 leri-cr2=100 leri-cr3=100,1171Mbit,1171Mbit,0
1791000249.608,leri-cr1=13 leri-cr2=100 leri-cr3=100,leri-cr1=13 leri-cr2=100 leri-cr3=100,leri-cr1=13 leri-cr2=100 leri-cr3=100,1171Mbit,1171Mbit,0
1791000259.688,leri-cr1=13 leri-cr2=100 leri-cr3=100,leri-cr1=13 leri-cr2=100 leri-cr3=100,leri-cr1=13 leri-cr2=100 leri-cr3=100,1171Mbit,1171Mbit,0
1791000270.123,leri-cr1=13 leri-cr2=100 leri-cr3=100,leri-cr1=13 leri-cr2=100 leri-cr3=100,leri-cr1=13 leri-cr2=100 leri-cr3=100,1171Mbit,1171Mbit,0
1791000280.207,leri-cr1=13 leri-cr2=100 leri-cr3=100,leri-cr1=13 leri-cr2=100 leri-cr3=100,leri-cr1=13 leri-cr2=100 leri-cr3=100,1171Mbit,1171Mbit,0
1791000290.282,leri-cr1=13 leri-cr2=100 leri-cr3=100,leri-cr1=13 leri-cr2=100 leri-cr3=100,leri-cr1=13 leri-cr2=100 leri-cr3=100,1171Mbit,1171Mbit,0
1791000300.362,leri-cr1=13 leri-cr2=100 leri-cr3=100,leri-cr1=13 leri-cr2=100 leri-cr3=100,leri-cr1=13 leri-cr2=100 leri-cr3=100,1171Mbit,1171Mbit,0
1791000310.445,leri-cr1=13 leri-cr2=100 leri-cr3=100,leri-cr1=13 leri-cr2=100 leri-cr3=100,leri-cr1=13 leri-cr2=100 leri-cr3=100,1171Mbit,1171Mbit,0
1791000320.528,leri-cr1=13 leri-cr2=100 leri-cr3=100,leri-cr1=13 leri-cr2=100 leri-cr3=100,leri-cr1=13 leri-cr2=100 leri-cr3=100,1171Mbit,1171Mbit,0
1791000330.920,leri-cr1=13 leri-cr2=100 leri-cr3=100,leri-cr1=13 leri-cr2=100 leri-cr3=100,leri-cr1=13 leri-cr2=100 leri-cr3=100,1171Mbit,1171Mbit,0
1791000340.973,leri-cr1=13 leri-cr2=100 leri-cr3=100,leri-cr1=13 leri-cr2=100 leri-cr3=100,leri-cr1=13 leri-cr2=100 leri-cr3=100,1171Mbit,1171Mbit,1
1791000351.021,leri-cr1=13 leri-cr2=100 leri-cr3=100,leri-cr1=13 leri-cr2=100 leri-cr3=100,leri-cr1=13 leri-cr2=100 leri-cr3=100,1171Mbit,1171Mbit,1
1791000361.074,leri-cr1=13 leri-cr2=100 leri-cr3=100,leri-cr1=13 leri-cr2=100 leri-cr3=100,leri-cr1=13 leri-cr2=100 leri-cr3=100,1171Mbit,1171Mbit,1
1791000371.118,leri-cr1=13 leri-cr2=100 leri-cr3=100,leri-cr1=13 leri-cr2=100 leri-cr3=100,leri-cr1=13 leri-cr2=100 leri-cr3=100,1171Mbit,1171Mbit,1
1791000381.167,leri-cr1=13 leri-cr2=100 leri-cr3=100,leri-cr1=13 leri-cr2=100 leri-cr3=100,leri-cr1=13 leri-cr2=100 leri-cr3=100,1171Mbit,1171Mbit,1
1791000391.447,leri-cr1=13 leri-cr2=100 leri-cr3=100,leri-cr1=13 leri-cr2=100 leri-cr3=100,leri-cr1=13 leri-cr2=100 leri-cr3=100,1171Mbit,1171Mbit,1
1791000401.490,leri-cr1=13 leri-cr2=100 leri-cr3=100,leri-cr1=13 leri-cr2=100 leri-cr3=100,leri-cr1=13 leri-cr2=100 leri-cr3=100,1171Mbit,1171Mbit,1
1791000411.544,leri-cr1=13 leri-cr2=100 leri-cr3=100,leri-cr1=13 leri-cr2=100 leri-cr3=100,leri-cr1=13 leri-cr2=100 leri-cr3=100,1171Mbit,1171Mbit,1
1791000421.591,leri-cr1=13 leri-cr2=100 leri-cr3=100,leri-cr1=13 leri-cr2=100 leri-cr3=100,leri-cr1=13 leri-cr2=100 leri-cr3=100,1171Mbit,1171Mbit,1
1791000431.643,leri-cr1=13 leri-cr2=100 leri-cr3=100,leri-cr1=13 leri-cr2=100 leri-cr3=100,leri-cr1=13 leri-cr2=100 leri-cr3=100,1171Mbit,1171Mbit,1
1791000441.702,leri-cr1=13 leri-cr2=100 leri-cr3=100,leri-cr1=13 leri-cr2=100 leri-cr3=100,leri-cr1=13 leri-cr2=100 leri-cr3=100,1171Mbit,1171Mbit,1
1791000452.001,leri-cr1=13 leri-cr2=100 leri-cr3=100,leri-cr1=13 leri-cr2=100 leri-cr3=100,leri-cr1=13 leri-cr2=100 leri-cr3=100,1171Mbit,1171Mbit,1
1791000462.058,leri-cr1=13 leri-cr2=100 leri-cr3=100,leri-cr1=13 leri-cr2=100 leri-cr3=100,leri-cr1=13 leri-cr2=100 leri-cr3=100,1171Mbit,1171Mbit,1
1791000472.114,leri-cr1=13 leri-cr2=100 leri-cr3=100,leri-cr1=13 leri-cr2=100 leri-cr3=100,leri-cr1=13 leri-cr2=100 leri-cr3=100,1171Mbit,1171Mbit,1
1791000482.172,leri-cr1=13 leri-cr2=100 leri-cr3=100,leri-cr1=13 leri-cr2=100 leri-cr3=100,leri-cr1=13 leri-cr2=100 leri-cr3=100,1171Mbit,1171Mbit,1
1791000492.222,leri-cr1=13 leri-cr2=100 leri-cr3=100,leri-cr1=13 leri-cr2=100 leri-cr3=100,leri-cr1=13 leri-cr2=100 leri-cr3=100,1171Mbit,1171Mbit,1
1791000502.276,leri-cr1=13 leri-cr2=100 leri-cr3=100,leri-cr1=13 leri-cr2=100 leri-cr3=100,leri-cr1=13 leri-cr2=100 leri-cr3=100,1171Mbit,1171Mbit,1
1791000512.561,leri-cr1=13 leri-cr2=100 leri-cr3=100,leri-cr1=13 leri-cr2=100 leri-cr3=100,leri-cr1=13 leri-cr2=100 leri-cr3=100,1171Mbit,1171Mbit,1
1791000522.616,leri-cr1=13 leri-cr2=100 leri-cr3=100,leri-cr1=13 leri-cr2=100 leri-cr3=100,leri-cr1=13 leri-cr2=100 leri-cr3=100,1171Mbit,1171Mbit,1
1791000532.670,leri-cr1=13 leri-cr2=100 leri-cr3=100,leri-cr1=13 leri-cr2=100 leri-cr3=100,leri-cr1=13 leri-cr2=100 leri-cr3=100,1171Mbit,1171Mbit,1
1791000542.727,leri-cr1=13 leri-cr2=100 leri-cr3=100,leri-cr1=13 leri-cr2=100 leri-cr3=100,leri-cr1=13 leri-cr2=100 leri-cr3=100,1171Mbit,1171Mbit,1
1791000552.798,leri-cr1=13 leri-cr2=100 leri-cr3=100,leri-cr1=13 leri-cr2=100 leri-cr3=100,leri-cr1=13 leri-cr2=100 leri-cr3=100,1171Mbit,1171Mbit,1
1791000562.848,leri-cr1=13 leri-cr2=100 leri-cr3=100,leri-cr1=13 leri-cr2=100 leri-cr3=100,leri-cr1=13 leri-cr2=100 leri-cr3=100,1171Mbit,1171Mbit,1
1791000573.120,leri-cr1=13 leri-cr2=100 leri-cr3=100,leri-cr1=13 leri-cr2=100 leri-cr3=100,leri-cr1=13 leri-cr2=100 leri-cr3=100,1171Mbit,1171Mbit,1
1791000583.177,leri-cr1=13 leri-cr2=100 leri-cr3=100,leri-cr1=13 leri-cr2=100 leri-cr3=100,leri-cr1=13 leri-cr2=100 leri-cr3=100,1171Mbit,1171Mbit,1
1791000593.225,leri-cr1=13 leri-cr2=100 leri-cr3=100,leri-cr1=13 leri-cr2=100 leri-cr3=100,leri-cr1=13 leri-cr2=100 leri-cr3=100,1171Mbit,1171Mbit,1
1791000603.272,leri-cr1=13 leri-cr2=100 leri-cr3=100,leri-cr1=13 leri-cr2=100 leri-cr3=100,leri-cr1=13 leri-cr2=100 leri-cr3=100,1171Mbit,1171Mbit,1
1791000613.325,leri-cr1=13 leri-cr2=100 leri-cr3=100,leri-cr1=13 leri-cr2=100 leri-cr3=100,leri-cr1=13 leri-cr2=100 leri-cr3=100,1171Mbit,1171Mbit,1
1791000623.372,leri-cr1=13 leri-cr2=100 leri-cr3=100,leri-cr1=13 leri-cr2=100 leri-cr3=100,leri-cr1=13 leri-cr2=100 leri-cr3=100,1171Mbit,1171Mbit,1
1791000633.673,leri-cr1=13 leri-cr2=100 leri-cr3=100,leri-cr1=13 leri-cr2=100 leri-cr3=100,leri-cr1=13 leri-cr2=100 leri-cr3=100,1171Mbit,1171Mbit,1
1791000643.726,leri-cr1=13 leri-cr2=100 leri-cr3=100,leri-cr1=13 leri-cr2=100 leri-cr3=100,leri-cr1=13 leri-cr2=100 leri-cr3=100,1171Mbit,1171Mbit,1
1791000653.780,leri-cr1=13 leri-cr2=100 leri-cr3=100,leri-cr1=13 leri-cr2=100 leri-cr3=100,leri-cr1=13 leri-cr2=100 leri-cr3=100,1171Mbit,1171Mbit,1
1791000663.829,leri-cr1=13 leri-cr2=100 leri-cr3=100,leri-cr1=13 leri-cr2=100 leri-cr3=100,leri-cr1=13 leri-cr2=100 leri-cr3=100,1171Mbit,1171Mbit,1
1791000673.884,leri-cr1=13 leri-cr2=100 leri-cr3=100,leri-cr1=13 leri-cr2=100 leri-cr3=100,leri-cr1=13 leri-cr2=100 leri-cr3=100,1171Mbit,1171Mbit,1
1791000683.929,leri-cr1=13 leri-cr2=100 leri-cr3=100,leri-cr1=13 leri-cr2=100 leri-cr3=100,leri-cr1=13 leri-cr2=100 leri-cr3=100,1171Mbit,1171Mbit,1
1791000694.215,leri-cr1=13 leri-cr2=100 leri-cr3=100,leri-cr1=13 leri-cr2=100 leri-cr3=100,leri-cr1=13 leri-cr2=100 leri-cr3=100,1171Mbit,1171Mbit,1
1791000704.273,leri-cr1=13 leri-cr2=100 leri-cr3=100,leri-cr1=13 leri-cr2=100 leri-cr3=100,leri-cr1=13 leri-cr2=100 leri-cr3=100,1171Mbit,1171Mbit,1
1791000714.326,leri-cr1=13 leri-cr2=100 leri-cr3=100,leri-cr1=13 leri-cr2=100 leri-cr3=100,leri-cr1=13 leri-cr2=100 leri-cr3=100,1171Mbit,1171Mbit,1
1791000724.370,leri-cr1=13 leri-cr2=100 leri-cr3=100,leri-cr1=13 leri-cr2=100 leri-cr3=100,leri-cr1=13 leri-cr2=100 leri-cr3=100,1171Mbit,1171Mbit,1
1791000734.422,leri-cr1=13 leri-cr2=100 leri-cr3=100,leri-cr1=13 leri-cr2=100 leri-cr3=100,leri-cr1=13 leri-cr2=100 leri-cr3=100,1171Mbit,1171Mbit,1
1791000744.475,leri-cr1=13 leri-cr2=100 leri-cr3=100,leri-cr1=13 leri-cr2=100 leri-cr3=100,leri-cr1=13 leri-cr2=100 leri-cr3=100,1171Mbit,1171Mbit,1
1791000754.739,leri-cr1=13 leri-cr2=100 leri-cr3=100,leri-cr1=13 leri-cr2=100 leri-cr3=100,leri-cr1=13 leri-cr2=100 leri-cr3=100,1171Mbit,1171Mbit,1
1791000764.795,leri-cr1=13 leri-cr2=100 leri-cr3=100,leri-cr1=13 leri-cr2=100 leri-cr3=100,leri-cr1=13 leri-cr2=100 leri-cr3=100,1171Mbit,1171Mbit,1
1791000774.850,leri-cr1=13 leri-cr2=100 leri-cr3=100,leri-cr1=13 leri-cr2=100 leri-cr3=100,leri-cr1=13 leri-cr2=100 leri-cr3=100,1171Mbit,1171Mbit,1
1791000784.902,leri-cr1=13 leri-cr2=100 leri-cr3=100,leri-cr1=13 leri-cr2=100 leri-cr3=100,leri-cr1=13 leri-cr2=100 leri-cr3=100,1171Mbit,1171Mbit,1
1791000794.960,leri-cr1=13 leri-cr2=100 leri-cr3=100,leri-cr1=13 leri-cr2=100 leri-cr3=100,leri-cr1=13 leri-cr2=100 leri-cr3=100,1171Mbit,1171Mbit,1
1791000805.017,leri-cr1=13 leri-cr2=100 leri-cr3=100,leri-cr1=13 leri-cr2=100 leri-cr3=100,leri-cr1=13 leri-cr2=100 leri-cr3=100,1171Mbit,1171Mbit,1
1791000815.265,leri-cr1=13 leri-cr2=100 leri-cr3=100,leri-cr1=13 leri-cr2=100 leri-cr3=100,leri-cr1=13 leri-cr2=100 leri-cr3=100,1171Mbit,1171Mbit,1
1791000825.315,leri-cr1=13 leri-cr2=100 leri-cr3=100,leri-cr1=13 leri-cr2=100 leri-cr3=100,leri-cr1=13 leri-cr2=100 leri-cr3=100,1171Mbit,1171Mbit,1
1791000835.364,leri-cr1=13 leri-cr2=100 leri-cr3=100,leri-cr1=13 leri-cr2=100 leri-cr3=100,leri-cr1=13 leri-cr2=100 leri-cr3=100,1171Mbit,1171Mbit,1
1791000845.418,leri-cr1=13 leri-cr2=100 leri-cr3=100,leri-cr1=13 leri-cr2=100 leri-cr3=100,leri-cr1=13 leri-cr2=100 leri-cr3=100,1171Mbit,1171Mbit,1
1791000855.463,leri-cr1=13 leri-cr2=100 leri-cr3=100,leri-cr1=13 leri-cr2=100 leri-cr3=100,leri-cr1=13 leri-cr2=100 leri-cr3=100,1171Mbit,1171Mbit,1
1791000865.517,leri-cr1=13 leri-cr2=100 leri-cr3=100,leri-cr1=13 leri-cr2=100 leri-cr3=100,leri-cr1=13 leri-cr2=100 leri-cr3=100,1171Mbit,1171Mbit,1
1791000875.810,leri-cr1=13 leri-cr2=100 leri-cr3=100,leri-cr1=13 leri-cr2=100 leri-cr3=100,leri-cr1=13 leri-cr2=100 leri-cr3=100,1171Mbit,1171Mbit,1
1791000885.862,leri-cr1=13 leri-cr2=100 leri-cr3=100,leri-cr1=13 leri-cr2=100 leri-cr3=100,leri-cr1=13 leri-cr2=100 leri-cr3=100,1171Mbit,1171Mbit,1
1791000895.913,leri-cr1=13 leri-cr2=100 leri-cr3=100,leri-cr1=13 leri-cr2=100 leri-cr3=100,leri-cr1=13 leri-cr2=100 leri-cr3=100,1171Mbit,1171Mbit,1
1791000905.962,leri-cr1=13 leri-cr2=100 leri-cr3=100,leri-cr1=13 leri-cr2=100 leri-cr3=100,leri-cr1=13 leri-cr2=100 leri-cr3=100,1171Mbit,1171Mbit,1
1791000916.010,leri-cr1=13 leri-cr2=100 leri-cr3=100,leri-cr1=13 leri-cr2=100 leri-cr3=100,leri-cr1=13 leri-cr2=100 leri-cr3=100,1171Mbit,1171Mbit,1
1791000926.062,leri-cr1=13 leri-cr2=100 leri-cr3=100,leri-cr1=13 leri-cr2=100 leri-cr3=100,leri-cr1=13 leri-cr2=100 leri-cr3=100,1171Mbit,1171Mbit,1
1791000936.353,leri-cr1=13 leri-cr2=100 leri-cr3=100,leri-cr1=13 leri-cr2=100 leri-cr3=100,leri-cr1=13 leri-cr2=100 leri-cr3=100,1171Mbit,1171Mbit,1
1791000946.406,leri-cr1=13 leri-cr2=100 leri-cr3=100,leri-cr1=13 leri-cr2=100 leri-cr3=100,leri-cr1=13 leri-cr2=100 leri-cr3=100,1171Mbit,1171Mbit,1
1791000956.458,leri-cr1=13 leri-cr2=100 leri-cr3=100,leri-cr1=13 leri-cr2=100 leri-cr3=100,leri-cr1=13 leri-cr2=100 leri-cr3=100,1171Mbit,1171Mbit,1
1791000966.508,leri-cr1=13 leri-cr2=100 leri-cr3=100,leri-cr1=13 leri-cr2=100 leri-cr3=100,leri-cr1=13 leri-cr2=100 leri-cr3=100,1171Mbit,1171Mbit,1
1791000976.565,leri-cr1=13 leri-cr2=100 leri-cr3=100,leri-cr1=13 leri-cr2=100 leri-cr3=100,leri-cr1=13 leri-cr2=100 leri-cr3=100,1171Mbit,1171Mbit,1
1791000986.612,leri-cr1=13 leri-cr2=100 leri-cr3=100,leri-cr1=13 leri-cr2=100 leri-cr3=100,leri-cr1=13 leri-cr2=100 leri-cr3=100,1171Mbit,1171Mbit,1
1791000996.898,leri-cr1=13 leri-cr2=100 leri-cr3=100,leri-cr1=13 leri-cr2=100 leri-cr3=100,leri-cr1=13 leri-cr2=100 leri-cr3=100,1171Mbit,1171Mbit,1
1791001006.943,leri-cr1=13 leri-cr2=100 leri-cr3=100,leri-cr1=13 leri-cr2=100 leri-cr3=100,leri-cr1=13 leri-cr2=100 leri-cr3=100,1171Mbit,1171Mbit,1
1791001016.990,leri-cr1=13 leri-cr2=100 leri-cr3=100,leri-cr1=13 leri-cr2=100 leri-cr3=100,leri-cr1=13 leri-cr2=100 leri-cr3=100,1171Mbit,1171Mbit,1
1791001027.044,leri-cr1=13 leri-cr2=100 leri-cr3=100,leri-cr1=13 leri-cr2=100 leri-cr3=100,leri-cr1=13 leri-cr2=100 leri-cr3=100,1171Mbit,1171Mbit,1
1791001037.098,leri-cr1=13 leri-cr2=100 leri-cr3=100,leri-cr1=13 leri-cr2=100 leri-cr3=100,leri-cr1=13 leri-cr2=100 leri-cr3=100,1171Mbit,1171Mbit,1
1791001047.146,leri-cr1=13 leri-cr2=100 leri-cr3=100,leri-cr1=13 leri-cr2=100 leri-cr3=100,leri-cr1=13 leri-cr2=100 leri-cr3=100,1171Mbit,1171Mbit,1
1791001057.419,leri-cr1=13 leri-cr2=100 leri-cr3=100,leri-cr1=13 leri-cr2=100 leri-cr3=100,leri-cr1=13 leri-cr2=100 leri-cr3=100,1171Mbit,1171Mbit,1
1791001067.478,leri-cr1=13 leri-cr2=100 leri-cr3=100,leri-cr1=13 leri-cr2=100 leri-cr3=100,leri-cr1=13 leri-cr2=100 leri-cr3=100,1171Mbit,1171Mbit,1
1791001077.529,leri-cr1=13 leri-cr2=100 leri-cr3=100,leri-cr1=13 leri-cr2=100 leri-cr3=100,leri-cr1=13 leri-cr2=100 leri-cr3=100,1171Mbit,1171Mbit,1
1791001087.588,leri-cr1=13 leri-cr2=100 leri-cr3=100,leri-cr1=13 leri-cr2=100 leri-cr3=100,leri-cr1=13 leri-cr2=100 leri-cr3=100,1171Mbit,1171Mbit,1
1791001097.637,leri-cr1=13 leri-cr2=100 leri-cr3=100,leri-cr1=13 leri-cr2=100 leri-cr3=100,leri-cr1=13 leri-cr2=100 leri-cr3=100,1171Mbit,1171Mbit,1
1791001107.690,leri-cr1=13 leri-cr2=100 leri-cr3=100,leri-cr1=13 leri-cr2=100 leri-cr3=100,leri-cr1=13 leri-cr2=100 leri-cr3=100,1171Mbit,1171Mbit,1
1791001117.957,leri-cr1=13 leri-cr2=100 leri-cr3=100,leri-cr1=13 leri-cr2=100 leri-cr3=100,leri-cr1=13 leri-cr2=100 leri-cr3=100,1171Mbit,1171Mbit,1
1791001128.010,leri-cr1=13 leri-cr2=100 leri-cr3=100,leri-cr1=13 leri-cr2=100 leri-cr3=100,leri-cr1=13 leri-cr2=100 leri-cr3=100,1171Mbit,1171Mbit,1
1791001138.056,leri-cr1=13 leri-cr2=100 leri-cr3=100,leri-cr1=13 leri-cr2=100 leri-cr3=100,leri-cr1=13 leri-cr2=100 leri-cr3=100,1171Mbit,1171Mbit,1
1791001148.106,leri-cr1=13 leri-cr2=100 leri-cr3=100,leri-cr1=13 leri-cr2=100 leri-cr3=100,leri-cr1=13 leri-cr2=100 leri-cr3=100,1171Mbit,1171Mbit,1
1791001158.158,leri-cr1=13 leri-cr2=100 leri-cr3=100,leri-cr1=13 leri-cr2=100 leri-cr3=100,leri-cr1=13 leri-cr2=100 leri-cr3=100,1171Mbit,1171Mbit,1
1791001168.203,leri-cr1=13 leri-cr2=100 leri-cr3=100,leri-cr1=13 leri-cr2=100 leri-cr3=100,leri-cr1=13 leri-cr2=100 leri-cr3=100,1171Mbit,1171Mbit,1
1791001178.479,leri-cr1=13 leri-cr2=100 leri-cr3=100,leri-cr1=13 leri-cr2=100 leri-cr3=100,leri-cr1=13 leri-cr2=100 leri-cr3=100,1171Mbit,1171Mbit,1
1791001188.530,leri-cr1=13 leri-cr2=100 leri-cr3=100,leri-cr1=13 leri-cr2=100 leri-cr3=100,leri-cr1=13 leri-cr2=100 leri-cr3=100,1171Mbit,1171Mbit,1
1791001198.580,leri-cr1=13 leri-cr2=100 leri-cr3=100,leri-cr1=13 leri-cr2=100 leri-cr3=100,leri-cr1=13 leri-cr2=100 leri-cr3=100,1171Mbit,1171Mbit,1
1791001208.632,leri-cr1=13 leri-cr2=100 leri-cr3=100,leri-cr1=13 leri-cr2=100 leri-cr3=100,leri-cr1=13 leri-cr2=100 leri-cr3=100,1171Mbit,1171Mbit,1
1791001218.686,leri-cr1=13 leri-cr2=100 leri-cr3=100,leri-cr1=13 leri-cr2=100 leri-cr3=100,leri-cr1=13 leri-cr2=100 leri-cr3=100,1171Mbit,1171Mbit,1
1791001228.732,leri-cr1=13 leri-cr2=100 leri-cr3=100,leri-cr1=13 leri-cr2=100 leri-cr3=100,leri-cr1=13 leri-cr2=100 leri-cr3=100,1171Mbit,1171Mbit,1
1791001239.014,leri-cr1=13 leri-cr2=100 leri-cr3=100,leri-cr1=13 leri-cr2=100 leri-cr3=100,leri-cr1=13 leri-cr2=100 leri-cr3=100,1171Mbit,1171Mbit,1
1791001249.066,leri-cr1=13 leri-cr2=100 leri-cr3=100,leri-cr1=13 leri-cr2=100 leri-cr3=100,leri-cr1=13 leri-cr2=100 leri-cr3=100,1171Mbit,1171Mbit,1
1791001259.112,leri-cr1=13 leri-cr2=100 leri-cr3=100,leri-cr1=13 leri-cr2=100 leri-cr3=100,leri-cr1=13 leri-cr2=100 leri-cr3=100,1171Mbit,1171Mbit,1
1791001269.158,leri-cr1=13 leri-cr2=100 leri-cr3=100,leri-cr1=13 leri-cr2=100 leri-cr3=100,leri-cr1=13 leri-cr2=100 leri-cr3=100,1171Mbit,1171Mbit,1
1791001279.209,leri-cr1=13 leri-cr2=100 leri-cr3=100,leri-cr1=13 leri-cr2=100 leri-cr3=100,leri-cr1=13 leri-cr2=100 leri-cr3=100,1171Mbit,1171Mbit,1
1791001289.253,leri-cr1=13 leri-cr2=100 leri-cr3=100,leri-cr1=13 leri-cr2=100 leri-cr3=100,leri-cr1=13 leri-cr2=100 leri-cr3=100,1171Mbit,1171Mbit,1
1791001299.567,leri-cr1=13 leri-cr2=100 leri-cr3=100,leri-cr1=13 leri-cr2=100 leri-cr3=100,leri-cr1=13 leri-cr2=100 leri-cr3=100,1171Mbit,1171Mbit,1
1791001309.613,leri-cr1=13 leri-cr2=100 leri-cr3=100,leri-cr1=13 leri-cr2=100 leri-cr3=100,leri-cr1=13 leri-cr2=100 leri-cr3=100,1171Mbit,1171Mbit,1
1791001319.667,leri-cr1=13 leri-cr2=100 leri-cr3=100,leri-cr1=13 leri-cr2=100 leri-cr3=100,leri-cr1=13 leri-cr2=100 leri-cr3=100,1171Mbit,1171Mbit,1
1791001329.710,leri-cr1=13 leri-cr2=100 leri-cr3=100,leri-cr1=13 leri-cr2=100 leri-cr3=100,leri-cr1=13 leri-cr2=100 leri-cr3=100,1171Mbit,1171Mbit,1
1791001339.763,leri-cr1=13 leri-cr2=100 leri-cr3=100,leri-cr1=13 leri-cr2=100 leri-cr3=100,leri-cr1=13 leri-cr2=100 leri-cr3=100,1171Mbit,1171Mbit,1
1791001349.813,leri-cr1=13 leri-cr2=100 leri-cr3=100,leri-cr1=13 leri-cr2=100 leri-cr3=100,leri-cr1=13 leri-cr2=100 leri-cr3=100,1171Mbit,1171Mbit,1
1791001360.094,leri-cr1=13 leri-cr2=100 leri-cr3=100,leri-cr1=13 leri-cr2=100 leri-cr3=100,leri-cr1=13 leri-cr2=100 leri-cr3=100,1171Mbit,1171Mbit,1
1791001370.146,leri-cr1=13 leri-cr2=100 leri-cr3=100,leri-cr1=13 leri-cr2=100 leri-cr3=100,leri-cr1=13 leri-cr2=100 leri-cr3=100,1171Mbit,1171Mbit,1
1791001380.198,leri-cr1=13 leri-cr2=100 leri-cr3=100,leri-cr1=13 leri-cr2=100 leri-cr3=100,leri-cr1=13 leri-cr2=100 leri-cr3=100,1171Mbit,1171Mbit,1
1791001390.248,leri-cr1=13 leri-cr2=100 leri-cr3=100,leri-cr1=13 leri-cr2=100 leri-cr3=100,leri-cr1=13 leri-cr2=100 leri-cr3=100,1171Mbit,1171Mbit,1
1791001400.296,leri-cr1=13 leri-cr2=100 leri-cr3=100,leri-cr1=13 leri-cr2=100 leri-cr3=100,leri-cr1=13 leri-cr2=100 leri-cr3=100,1171Mbit,1171Mbit,1
1791001410.585,leri-cr1=13 leri-cr2=100 leri-cr3=100,leri-cr1=13 leri-cr2=100 leri-cr3=100,leri-cr1=13 leri-cr2=100 leri-cr3=100,1171Mbit,1171Mbit,1
1791001420.635,leri-cr1=13 leri-cr2=100 leri-cr3=100,leri-cr1=13 leri-cr2=100 leri-cr3=100,leri-cr1=13 leri-cr2=100 leri-cr3=100,1171Mbit,1171Mbit,1
1791001430.688,leri-cr1=13 leri-cr2=100 leri-cr3=100,leri-cr1=13 leri-cr2=100 leri-cr3=100,leri-cr1=13 leri-cr2=100 leri-cr3=100,1171Mbit,1171Mbit,1
1791001440.741,leri-cr1=13 leri-cr2=100 leri-cr3=100,leri-cr1=13 leri-cr2=100 leri-cr3=100,leri-cr1=13 leri-cr2=100 leri-cr3=100,1171Mbit,1171Mbit,1
1791001450.794,leri-cr1=13 leri-cr2=100 leri-cr3=100,leri-cr1=13 leri-cr2=100 leri-cr3=100,leri-cr1=13 leri-cr2=100 leri-cr3=100,1171Mbit,1171Mbit,1
1791001460.847,leri-cr1=13 leri-cr2=100 leri-cr3=100,leri-cr1=13 leri-cr2=100 leri-cr3=100,leri-cr1=13 leri-cr2=100 leri-cr3=100,1171Mbit,1171Mbit,1
1791001471.130,leri-cr1=13 leri-cr2=100 leri-cr3=100,leri-cr1=13 leri-cr2=100 leri-cr3=100,leri-cr1=13 leri-cr2=100 leri-cr3=100,1171Mbit,1171Mbit,1
1791001481.183,leri-cr1=13 leri-cr2=100 leri-cr3=100,leri-cr1=13 leri-cr2=100 leri-cr3=100,leri-cr1=13 leri-cr2=100 leri-cr3=100,1171Mbit,1171Mbit,1
1791001491.237,leri-cr1=13 leri-cr2=100 leri-cr3=100,leri-cr1=13 leri-cr2=100 leri-cr3=100,leri-cr1=13 leri-cr2=100 leri-cr3=100,1171Mbit,1171Mbit,1
1791001501.286,leri-cr1=13 leri-cr2=100 leri-cr3=100,leri-cr1=13 leri-cr2=100 leri-cr3=100,leri-cr1=13 leri-cr2=100 leri-cr3=100,1171Mbit,1171Mbit,1
1791001511.340,leri-cr1=13 leri-cr2=100 leri-cr3=100,leri-cr1=13 leri-cr2=100 leri-cr3=100,leri-cr1=13 leri-cr2=100 leri-cr3=100,1171Mbit,1171Mbit,1
1791001521.388,leri-cr1=13 leri-cr2=100 leri-cr3=100,leri-cr1=13 leri-cr2=100 leri-cr3=100,leri-cr1=13 leri-cr2=100 leri-cr3=100,1171Mbit,1171Mbit,1
1791001531.685,leri-cr1=13 leri-cr2=100 leri-cr3=100,leri-cr1=13 leri-cr2=100 leri-cr3=100,leri-cr1=13 leri-cr2=100 leri-cr3=100,1171Mbit,1171Mbit,1
1791001541.740,leri-cr1=13 leri-cr2=100 leri-cr3=100,leri-cr1=13 leri-cr2=100 leri-cr3=100,leri-cr1=13 leri-cr2=100 leri-cr3=100,1171Mbit,1171Mbit,1
1791001551.793,leri-cr1=13 leri-cr2=100 leri-cr3=100,leri-cr1=13 leri-cr2=100 leri-cr3=100,leri-cr1=13 leri-cr2=100 leri-cr3=100,1171Mbit,1171Mbit,1
1791001561.845,leri-cr1=13 leri-cr2=100 leri-cr3=100,leri-cr1=13 leri-cr2=100 leri-cr3=100,leri-cr1=13 leri-cr2=100 leri-cr3=100,1171Mbit,1171Mbit,1
1791001571.900,leri-cr1=13 leri-cr2=100 leri-cr3=100,leri-cr1=13 leri-cr2=100 leri-cr3=100,leri-cr1=13 leri-cr2=100 leri-cr3=100,1171Mbit,1171Mbit,1
1791001581.958,leri-cr1=13 leri-cr2=100 leri-cr3=100,leri-cr1=13 leri-cr2=100 leri-cr3=100,leri-cr1=13 leri-cr2=100 leri-cr3=100,1171Mbit,1171Mbit,1
1791001592.260,leri-cr1=13 leri-cr2=100 leri-cr3=100,leri-cr1=13 leri-cr2=100 leri-cr3=100,leri-cr1=13 leri-cr2=100 leri-cr3=100,1171Mbit,1171Mbit,1
1791001602.308,leri-cr1=13 leri-cr2=100 leri-cr3=100,leri-cr1=13 leri-cr2=100 leri-cr3=100,leri-cr1=13 leri-cr2=100 leri-cr3=100,1171Mbit,1171Mbit,1
1791001612.357,leri-cr1=13 leri-cr2=100 leri-cr3=100,leri-cr1=13 leri-cr2=100 leri-cr3=100,leri-cr1=13 leri-cr2=100 leri-cr3=100,1171Mbit,1171Mbit,1
1791001622.412,leri-cr1=13 leri-cr2=100 leri-cr3=100,leri-cr1=13 leri-cr2=100 leri-cr3=100,leri-cr1=13 leri-cr2=100 leri-cr3=100,1171Mbit,1171Mbit,1
1791001632.466,leri-cr1=13 leri-cr2=100 leri-cr3=100,leri-cr1=13 leri-cr2=100 leri-cr3=100,leri-cr1=13 leri-cr2=100 leri-cr3=100,1171Mbit,1171Mbit,1
1791001642.515,leri-cr1=13 leri-cr2=100 leri-cr3=100,leri-cr1=13 leri-cr2=100 leri-cr3=100,leri-cr1=13 leri-cr2=100 leri-cr3=100,1171Mbit,1171Mbit,1
1791001652.770,leri-cr1=13 leri-cr2=100 leri-cr3=100,leri-cr1=13 leri-cr2=100 leri-cr3=100,leri-cr1=13 leri-cr2=100 leri-cr3=100,1171Mbit,1171Mbit,1
1791001662.825,leri-cr1=13 leri-cr2=100 leri-cr3=100,leri-cr1=13 leri-cr2=100 leri-cr3=100,leri-cr1=13 leri-cr2=100 leri-cr3=100,1171Mbit,1171Mbit,1
1791001672.876,leri-cr1=13 leri-cr2=100 leri-cr3=100,leri-cr1=13 leri-cr2=100 leri-cr3=100,leri-cr1=13 leri-cr2=100 leri-cr3=100,1171Mbit,1171Mbit,1
1791001682.930,leri-cr1=13 leri-cr2=100 leri-cr3=100,leri-cr1=13 leri-cr2=100 leri-cr3=100,leri-cr1=13 leri-cr2=100 leri-cr3=100,1171Mbit,1171Mbit,1
1791001692.977,leri-cr1=13 leri-cr2=100 leri-cr3=100,leri-cr1=13 leri-cr2=100 leri-cr3=100,leri-cr1=13 leri-cr2=100 leri-cr3=100,1171Mbit,1171Mbit,1
1791001703.028,leri-cr1=13 leri-cr2=100 leri-cr3=100,leri-cr1=13 leri-cr2=100 leri-cr3=100,leri-cr1=13 leri-cr2=100 leri-cr3=100,1171Mbit,1171Mbit,1
1791001713.328,leri-cr1=13 leri-cr2=100 leri-cr3=100,leri-cr1=13 leri-cr2=100 leri-cr3=100,leri-cr1=13 leri-cr2=100 leri-cr3=100,1171Mbit,1171Mbit,1
1791001723.387,leri-cr1=13 leri-cr2=100 leri-cr3=100,leri-cr1=13 leri-cr2=100 leri-cr3=100,leri-cr1=13 leri-cr2=100 leri-cr3=100,1171Mbit,1171Mbit,1
1791001733.439,leri-cr1=13 leri-cr2=100 leri-cr3=100,leri-cr1=13 leri-cr2=100 leri-cr3=100,leri-cr1=13 leri-cr2=100 leri-cr3=100,1171Mbit,1171Mbit,1
1791001743.490,leri-cr1=13 leri-cr2=100 leri-cr3=100,leri-cr1=13 leri-cr2=100 leri-cr3=100,leri-cr1=13 leri-cr2=100 leri-cr3=100,1171Mbit,1171Mbit,1
1791001753.546,leri-cr1=13 leri-cr2=100 leri-cr3=100,leri-cr1=13 leri-cr2=100 leri-cr3=100,leri-cr1=13 leri-cr2=100 leri-cr3=100,1171Mbit,1171Mbit,1
1791001763.599,leri-cr1=13 leri-cr2=100 leri-cr3=100,leri-cr1=13 leri-cr2=100 leri-cr3=100,leri-cr1=13 leri-cr2=100 leri-cr3=100,1171Mbit,1171Mbit,1
1791001773.864,leri-cr1=13 leri-cr2=100 leri-cr3=100,leri-cr1=13 leri-cr2=100 leri-cr3=100,leri-cr1=13 leri-cr2=100 leri-cr3=100,1171Mbit,1171Mbit,1
1791001783.919,leri-cr1=13 leri-cr2=100 leri-cr3=100,leri-cr1=13 leri-cr2=100 leri-cr3=100,leri-cr1=13 leri-cr2=100 leri-cr3=100,1171Mbit,1171Mbit,1
1791001793.977,leri-cr1=13 leri-cr2=100 leri-cr3=100,leri-cr1=13 leri-cr2=100 leri-cr3=100,leri-cr1=13 leri-cr2=100 leri-cr3=100,1171Mbit,1171Mbit,1
1791001804.030,leri-cr1=13 leri-cr2=100 leri-cr3=100,leri-cr1=13 leri-cr2=100 leri-cr3=100,leri-cr1=13 leri-cr2=100 leri-cr3=100,1171Mbit,1171Mbit,1
1791001814.076,leri-cr1=13 leri-cr2=100 leri-cr3=100,leri-cr1=13 leri-cr2=100 leri-cr3=100,leri-cr1=13 leri-cr2=100 leri-cr3=100,1171Mbit,1171Mbit,1
1791001824.135,leri-cr1=13 leri-cr2=100 leri-cr3=100,leri-cr1=13 leri-cr2=100 leri-cr3=100,leri-cr1=13 leri-cr2=100 leri-cr3=100,1171Mbit,1171Mbit,1
1791001834.392,leri-cr1=13 leri-cr2=100 leri-cr3=100,leri-cr1=13 leri-cr2=100 leri-cr3=100,leri-cr1=13 leri-cr2=100 leri-cr3=100,1171Mbit,1171Mbit,1
1791001844.441,leri-cr1=13 leri-cr2=100 leri-cr3=100,leri-cr1=13 leri-cr2=100 leri-cr3=100,leri-cr1=13 leri-cr2=100 leri-cr3=100,1171Mbit,1171Mbit,1
1791001854.497,leri-cr1=13 leri-cr2=100 leri-cr3=100,leri-cr1=13 leri-cr2=100 leri-cr3=100,leri-cr1=13 leri-cr2=100 leri-cr3=100,1171Mbit,1171Mbit,1
1791001864.541,leri-cr1=13 leri-cr2=100 leri-cr3=100,leri-cr1=13 leri-cr2=100 leri-cr3=100,leri-cr1=13 leri-cr2=100 leri-cr3=100,1171Mbit,1171Mbit,1
1791001874.590,leri-cr1=13 leri-cr2=100 leri-cr3=100,leri-cr1=13 leri-cr2=100 leri-cr3=100,leri-cr1=13 leri-cr2=100 leri-cr3=100,1171Mbit,1171Mbit,1
1791001884.643,leri-cr1=13 leri-cr2=100 leri-cr3=100,leri-cr1=13 leri-cr2=100 leri-cr3=100,leri-cr1=13 leri-cr2=100 leri-cr3=100,1171Mbit,1171Mbit,1
1791001894.874,leri-cr1=13 leri-cr2=100 leri-cr3=100,leri-cr1=13 leri-cr2=100 leri-cr3=100,leri-cr1=13 leri-cr2=100 leri-cr3=100,1171Mbit,1171Mbit,1
1791001904.933,leri-cr1=13 leri-cr2=100 leri-cr3=100,leri-cr1=13 leri-cr2=100 leri-cr3=100,leri-cr1=13 leri-cr2=100 leri-cr3=100,1171Mbit,1171Mbit,1
1791001914.986,leri-cr1=13 leri-cr2=100 leri-cr3=100,leri-cr1=13 leri-cr2=100 leri-cr3=100,leri-cr1=13 leri-cr2=100 leri-cr3=100,1171Mbit,1171Mbit,1
1791001925.043,leri-cr1=13 leri-cr2=100 leri-cr3=100,leri-cr1=13 leri-cr2=100 leri-cr3=100,leri-cr1=13 leri-cr2=100 leri-cr3=100,1171Mbit,1171Mbit,1
1791001935.090,leri-cr1=13 leri-cr2=100 leri-cr3=100,leri-cr1=13 leri-cr2=100 leri-cr3=100,leri-cr1=13 leri-cr2=100 leri-cr3=100,1171Mbit,1171Mbit,1
1791001945.145,leri-cr1=13 leri-cr2=100 leri-cr3=100,leri-cr1=13 leri-cr2=100 leri-cr3=100,leri-cr1=13 leri-cr2=100 leri-cr3=100,1171Mbit,1171Mbit,1
1791001955.437,leri-cr1=13 leri-cr2=100 leri-cr3=100,leri-cr1=13 leri-cr2=100 leri-cr3=100,leri-cr1=13 leri-cr2=100 leri-cr3=100,1171Mbit,1171Mbit,1
1791001965.490,leri-cr1=13 leri-cr2=100 leri-cr3=100,leri-cr1=13 leri-cr2=100 leri-cr3=100,leri-cr1=13 leri-cr2=100 leri-cr3=100,1171Mbit,1171Mbit,1
1791001975.536,leri-cr1=13 leri-cr2=100 leri-cr3=100,leri-cr1=13 leri-cr2=100 leri-cr3=100,leri-cr1=13 leri-cr2=100 leri-cr3=100,1171Mbit,1171Mbit,1
1791001985.593,leri-cr1=13 leri-cr2=100 leri-cr3=100,leri-cr1=13 leri-cr2=100 leri-cr3=100,leri-cr1=13 leri-cr2=100 leri-cr3=100,1171Mbit,1171Mbit,1
1791001995.640,leri-cr1=13 leri-cr2=100 leri-cr3=100,leri-cr1=13 leri-cr2=100 leri-cr3=100,leri-cr1=13 leri-cr2=100 leri-cr3=100,1171Mbit,1171Mbit,1
1791002005.691,leri-cr1=13 leri-cr2=100 leri-cr3=100,leri-cr1=13 leri-cr2=100 leri-cr3=100,leri-cr1=13 leri-cr2=100 leri-cr3=100,1171Mbit,1171Mbit,0
1791002015.985,leri-cr1=13 leri-cr2=100 leri-cr3=100,leri-cr1=13 leri-cr2=100 leri-cr3=100,leri-cr1=13 leri-cr2=100 leri-cr3=100,1171Mbit,1171Mbit,0
1791002026.060,leri-cr1=13 leri-cr2=100 leri-cr3=100,leri-cr1=13 leri-cr2=100 leri-cr3=100,leri-cr1=13 leri-cr2=100 leri-cr3=100,1171Mbit,1171Mbit,0
1791002036.138,leri-cr1=13 leri-cr2=100 leri-cr3=100,leri-cr1=13 leri-cr2=100 leri-cr3=100,leri-cr1=13 leri-cr2=100 leri-cr3=100,1171Mbit,1171Mbit,0
1791002046.219,leri-cr1=13 leri-cr2=100 leri-cr3=100,leri-cr1=13 leri-cr2=100 leri-cr3=100,leri-cr1=13 leri-cr2=100 leri-cr3=100,1171Mbit,1171Mbit,0
1791002056.295,leri-cr1=13 leri-cr2=100 leri-cr3=100,leri-cr1=13 leri-cr2=100 leri-cr3=100,leri-cr1=13 leri-cr2=100 leri-cr3=100,1171Mbit,1171Mbit,0
1791002066.377,leri-cr1=13 leri-cr2=100 leri-cr3=100,leri-cr1=13 leri-cr2=100 leri-cr3=100,leri-cr1=13 leri-cr2=100 leri-cr3=100,1171Mbit,1171Mbit,0
1791002076.803,leri-cr1=13 leri-cr2=100 leri-cr3=100,leri-cr1=13 leri-cr2=100 leri-cr3=100,leri-cr1=13 leri-cr2=100 leri-cr3=100,1171Mbit,1171Mbit,0
1791002086.880,leri-cr1=13 leri-cr2=100 leri-cr3=100,leri-cr1=13 leri-cr2=100 leri-cr3=100,leri-cr1=13 leri-cr2=100 leri-cr3=100,1171Mbit,1171Mbit,0
1791002096.958,leri-cr1=13 leri-cr2=100 leri-cr3=100,leri-cr1=13 leri-cr2=100 leri-cr3=100,leri-cr1=13 leri-cr2=100 leri-cr3=100,1171Mbit,1171Mbit,0
1791002107.033,leri-cr1=13 leri-cr2=100 leri-cr3=100,leri-cr1=13 leri-cr2=100 leri-cr3=100,leri-cr1=13 leri-cr2=100 leri-cr3=100,1171Mbit,1171Mbit,0
1791002117.112,leri-cr1=13 leri-cr2=100 leri-cr3=100,leri-cr1=13 leri-cr2=100 leri-cr3=100,leri-cr1=13 leri-cr2=100 leri-cr3=100,1171Mbit,1171Mbit,0
1791002127.189,leri-cr1=13 leri-cr2=100 leri-cr3=100,leri-cr1=13 leri-cr2=100 leri-cr3=100,leri-cr1=13 leri-cr2=100 leri-cr3=100,1171Mbit,1171Mbit,0
1791002137.578,leri-cr1=13 leri-cr2=100 leri-cr3=100,leri-cr1=13 leri-cr2=100 leri-cr3=100,leri-cr1=13 leri-cr2=100 leri-cr3=100,1171Mbit,1171Mbit,0
1791002147.630,leri-cr1=13 leri-cr2=100 leri-cr3=100,leri-cr1=13 leri-cr2=100 leri-cr3=100,leri-cr1=13 leri-cr2=100 leri-cr3=100,1171Mbit,1171Mbit,1
1791002157.686,leri-cr1=13 leri-cr2=100 leri-cr3=100,leri-cr1=13 leri-cr2=100 leri-cr3=100,leri-cr1=13 leri-cr2=100 leri-cr3=100,1171Mbit,1171Mbit,1
1791002167.737,leri-cr1=13 leri-cr2=100 leri-cr3=100,leri-cr1=13 leri-cr2=100 leri-cr3=100,leri-cr1=13 leri-cr2=100 leri-cr3=100,1171Mbit,1171Mbit,1
1791002177.791,leri-cr1=13 leri-cr2=100 leri-cr3=100,leri-cr1=13 leri-cr2=100 leri-cr3=100,leri-cr1=13 leri-cr2=100 leri-cr3=100,1171Mbit,1171Mbit,1
1791002187.844,leri-cr1=13 leri-cr2=100 leri-cr3=100,leri-cr1=13 leri-cr2=100 leri-cr3=100,leri-cr1=13 leri-cr2=100 leri-cr3=100,1171Mbit,1171Mbit,1
1791002198.138,leri-cr1=13 leri-cr2=100 leri-cr3=100,leri-cr1=13 leri-cr2=100 leri-cr3=100,leri-cr1=13 leri-cr2=100 leri-cr3=100,1171Mbit,1171Mbit,1
1791002208.186,leri-cr1=13 leri-cr2=100 leri-cr3=100,leri-cr1=13 leri-cr2=100 leri-cr3=100,leri-cr1=13 leri-cr2=100 leri-cr3=100,1171Mbit,1171Mbit,1
1791002218.238,leri-cr1=13 leri-cr2=100 leri-cr3=100,leri-cr1=13 leri-cr2=100 leri-cr3=100,leri-cr1=13 leri-cr2=100 leri-cr3=100,1171Mbit,1171Mbit,1
1791002228.291,leri-cr1=13 leri-cr2=100 leri-cr3=100,leri-cr1=13 leri-cr2=100 leri-cr3=100,leri-cr1=13 leri-cr2=100 leri-cr3=100,1171Mbit,1171Mbit,1
1791002238.345,leri-cr1=13 leri-cr2=100 leri-cr3=100,leri-cr1=13 leri-cr2=100 leri-cr3=100,leri-cr1=13 leri-cr2=100 leri-cr3=100,1171Mbit,1171Mbit,1
1791002248.398,leri-cr1=13 leri-cr2=100 leri-cr3=100,leri-cr1=13 leri-cr2=100 leri-cr3=100,leri-cr1=13 leri-cr2=100 leri-cr3=100,1171Mbit,1171Mbit,1
1791002258.590,leri-cr1=13 leri-cr2=100 leri-cr3=100,leri-cr1=13 leri-cr2=100 leri-cr3=100,leri-cr1=13 leri-cr2=100 leri-cr3=100,1171Mbit,1171Mbit,1
1791002268.644,leri-cr1=13 leri-cr2=100 leri-cr3=100,leri-cr1=13 leri-cr2=100 leri-cr3=100,leri-cr1=13 leri-cr2=100 leri-cr3=100,1171Mbit,1171Mbit,1
1791002278.700,leri-cr1=13 leri-cr2=100 leri-cr3=100,leri-cr1=13 leri-cr2=100 leri-cr3=100,leri-cr1=13 leri-cr2=100 leri-cr3=100,1171Mbit,1171Mbit,1
1791002288.754,leri-cr1=13 leri-cr2=100 leri-cr3=100,leri-cr1=13 leri-cr2=100 leri-cr3=100,leri-cr1=13 leri-cr2=100 leri-cr3=100,1171Mbit,1171Mbit,1
1791002298.807,leri-cr1=13 leri-cr2=100 leri-cr3=100,leri-cr1=13 leri-cr2=100 leri-cr3=100,leri-cr1=13 leri-cr2=100 leri-cr3=100,1171Mbit,1171Mbit,1
1791002308.856,leri-cr1=13 leri-cr2=100 leri-cr3=100,leri-cr1=13 leri-cr2=100 leri-cr3=100,leri-cr1=13 leri-cr2=100 leri-cr3=100,1171Mbit,1171Mbit,1
1791002319.122,leri-cr1=13 leri-cr2=100 leri-cr3=100,leri-cr1=13 leri-cr2=100 leri-cr3=100,leri-cr1=13 leri-cr2=100 leri-cr3=100,1171Mbit,1171Mbit,1
1791002329.174,leri-cr1=13 leri-cr2=100 leri-cr3=100,leri-cr1=13 leri-cr2=100 leri-cr3=100,leri-cr1=13 leri-cr2=100 leri-cr3=100,1171Mbit,1171Mbit,1
1791002339.243,leri-cr1=13 leri-cr2=100 leri-cr3=100,leri-cr1=13 leri-cr2=100 leri-cr3=100,leri-cr1=13 leri-cr2=100 leri-cr3=100,1171Mbit,1171Mbit,1
1791002349.294,leri-cr1=13 leri-cr2=100 leri-cr3=100,leri-cr1=13 leri-cr2=100 leri-cr3=100,leri-cr1=13 leri-cr2=100 leri-cr3=100,1171Mbit,1171Mbit,1
1791002359.342,leri-cr1=13 leri-cr2=100 leri-cr3=100,leri-cr1=13 leri-cr2=100 leri-cr3=100,leri-cr1=13 leri-cr2=100 leri-cr3=100,1171Mbit,1171Mbit,1
1791002369.394,leri-cr1=13 leri-cr2=100 leri-cr3=100,leri-cr1=13 leri-cr2=100 leri-cr3=100,leri-cr1=13 leri-cr2=100 leri-cr3=100,1171Mbit,1171Mbit,1
1791002379.650,leri-cr1=13 leri-cr2=100 leri-cr3=100,leri-cr1=13 leri-cr2=100 leri-cr3=100,leri-cr1=13 leri-cr2=100 leri-cr3=100,1171Mbit,1171Mbit,1
1791002389.701,leri-cr1=13 leri-cr2=100 leri-cr3=100,leri-cr1=13 leri-cr2=100 leri-cr3=100,leri-cr1=13 leri-cr2=100 leri-cr3=100,1171Mbit,1171Mbit,1
1791002399.751,leri-cr1=13 leri-cr2=100 leri-cr3=100,leri-cr1=13 leri-cr2=100 leri-cr3=100,leri-cr1=13 leri-cr2=100 leri-cr3=100,1171Mbit,1171Mbit,1
1791002409.798,leri-cr1=13 leri-cr2=100 leri-cr3=100,leri-cr1=13 leri-cr2=100 leri-cr3=100,leri-cr1=13 leri-cr2=100 leri-cr3=100,1171Mbit,1171Mbit,1
1791002419.839,leri-cr1=13 leri-cr2=100 leri-cr3=100,leri-cr1=13 leri-cr2=100 leri-cr3=100,leri-cr1=13 leri-cr2=100 leri-cr3=100,1171Mbit,1171Mbit,1
1791002429.891,leri-cr1=13 leri-cr2=100 leri-cr3=100,leri-cr1=13 leri-cr2=100 leri-cr3=100,leri-cr1=13 leri-cr2=100 leri-cr3=100,1171Mbit,1171Mbit,1
1791002440.198,leri-cr1=13 leri-cr2=100 leri-cr3=100,leri-cr1=13 leri-cr2=100 leri-cr3=100,leri-cr1=13 leri-cr2=100 leri-cr3=100,1171Mbit,1171Mbit,1
1791002450.244,leri-cr1=13 leri-cr2=100 leri-cr3=100,leri-cr1=13 leri-cr2=100 leri-cr3=100,leri-cr1=13 leri-cr2=100 leri-cr3=100,1171Mbit,1171Mbit,1
1791002460.295,leri-cr1=13 leri-cr2=100 leri-cr3=100,leri-cr1=13 leri-cr2=100 leri-cr3=100,leri-cr1=13 leri-cr2=100 leri-cr3=100,1171Mbit,1171Mbit,1
1791002470.342,leri-cr1=13 leri-cr2=100 leri-cr3=100,leri-cr1=13 leri-cr2=100 leri-cr3=100,leri-cr1=13 leri-cr2=100 leri-cr3=100,1171Mbit,1171Mbit,1
1791002480.390,leri-cr1=13 leri-cr2=100 leri-cr3=100,leri-cr1=13 leri-cr2=100 leri-cr3=100,leri-cr1=13 leri-cr2=100 leri-cr3=100,1171Mbit,1171Mbit,1
1791002490.439,leri-cr1=13 leri-cr2=100 leri-cr3=100,leri-cr1=13 leri-cr2=100 leri-cr3=100,leri-cr1=13 leri-cr2=100 leri-cr3=100,1171Mbit,1171Mbit,1
1791002500.707,leri-cr1=13 leri-cr2=100 leri-cr3=100,leri-cr1=13 leri-cr2=100 leri-cr3=100,leri-cr1=13 leri-cr2=100 leri-cr3=100,1171Mbit,1171Mbit,1
1791002510.752,leri-cr1=13 leri-cr2=100 leri-cr3=100,leri-cr1=13 leri-cr2=100 leri-cr3=100,leri-cr1=13 leri-cr2=100 leri-cr3=100,1171Mbit,1171Mbit,1
1791002520.805,leri-cr1=13 leri-cr2=100 leri-cr3=100,leri-cr1=13 leri-cr2=100 leri-cr3=100,leri-cr1=13 leri-cr2=100 leri-cr3=100,1171Mbit,1171Mbit,1
1791002530.855,leri-cr1=13 leri-cr2=100 leri-cr3=100,leri-cr1=13 leri-cr2=100 leri-cr3=100,leri-cr1=13 leri-cr2=100 leri-cr3=100,1171Mbit,1171Mbit,1
1791002540.904,leri-cr1=13 leri-cr2=100 leri-cr3=100,leri-cr1=13 leri-cr2=100 leri-cr3=100,leri-cr1=13 leri-cr2=100 leri-cr3=100,1171Mbit,1171Mbit,1
1791002550.953,leri-cr1=13 leri-cr2=100 leri-cr3=100,leri-cr1=13 leri-cr2=100 leri-cr3=100,leri-cr1=13 leri-cr2=100 leri-cr3=100,1171Mbit,1171Mbit,1
1791002561.247,leri-cr1=13 leri-cr2=100 leri-cr3=100,leri-cr1=13 leri-cr2=100 leri-cr3=100,leri-cr1=13 leri-cr2=100 leri-cr3=100,1171Mbit,1171Mbit,1
1791002571.295,leri-cr1=13 leri-cr2=100 leri-cr3=100,leri-cr1=13 leri-cr2=100 leri-cr3=100,leri-cr1=13 leri-cr2=100 leri-cr3=100,1171Mbit,1171Mbit,1
1791002581.344,leri-cr1=13 leri-cr2=100 leri-cr3=100,leri-cr1=13 leri-cr2=100 leri-cr3=100,leri-cr1=13 leri-cr2=100 leri-cr3=100,1171Mbit,1171Mbit,1
1791002591.396,leri-cr1=13 leri-cr2=100 leri-cr3=100,leri-cr1=13 leri-cr2=100 leri-cr3=100,leri-cr1=13 leri-cr2=100 leri-cr3=100,1171Mbit,1171Mbit,1
1791002601.449,leri-cr1=13 leri-cr2=100 leri-cr3=100,leri-cr1=13 leri-cr2=100 leri-cr3=100,leri-cr1=13 leri-cr2=100 leri-cr3=100,1171Mbit,1171Mbit,1
1791002611.503,leri-cr1=13 leri-cr2=100 leri-cr3=100,leri-cr1=13 leri-cr2=100 leri-cr3=100,leri-cr1=13 leri-cr2=100 leri-cr3=100,1171Mbit,1171Mbit,1
1791002621.813,leri-cr1=13 leri-cr2=100 leri-cr3=100,leri-cr1=13 leri-cr2=100 leri-cr3=100,leri-cr1=13 leri-cr2=100 leri-cr3=100,1171Mbit,1171Mbit,1
1791002631.862,leri-cr1=13 leri-cr2=100 leri-cr3=100,leri-cr1=13 leri-cr2=100 leri-cr3=100,leri-cr1=13 leri-cr2=100 leri-cr3=100,1171Mbit,1171Mbit,1
1791002641.915,leri-cr1=13 leri-cr2=100 leri-cr3=100,leri-cr1=13 leri-cr2=100 leri-cr3=100,leri-cr1=13 leri-cr2=100 leri-cr3=100,1171Mbit,1171Mbit,1
1791002651.969,leri-cr1=13 leri-cr2=100 leri-cr3=100,leri-cr1=13 leri-cr2=100 leri-cr3=100,leri-cr1=13 leri-cr2=100 leri-cr3=100,1171Mbit,1171Mbit,1
1791002662.015,leri-cr1=13 leri-cr2=100 leri-cr3=100,leri-cr1=13 leri-cr2=100 leri-cr3=100,leri-cr1=13 leri-cr2=100 leri-cr3=100,1171Mbit,1171Mbit,1
1791002672.069,leri-cr1=13 leri-cr2=100 leri-cr3=100,leri-cr1=13 leri-cr2=100 leri-cr3=100,leri-cr1=13 leri-cr2=100 leri-cr3=100,1171Mbit,1171Mbit,1
1791002682.348,leri-cr1=13 leri-cr2=100 leri-cr3=100,leri-cr1=13 leri-cr2=100 leri-cr3=100,leri-cr1=13 leri-cr2=100 leri-cr3=100,1171Mbit,1171Mbit,1
1791002692.398,leri-cr1=13 leri-cr2=100 leri-cr3=100,leri-cr1=13 leri-cr2=100 leri-cr3=100,leri-cr1=13 leri-cr2=100 leri-cr3=100,1171Mbit,1171Mbit,1
1791002702.454,leri-cr1=13 leri-cr2=100 leri-cr3=100,leri-cr1=13 leri-cr2=100 leri-cr3=100,leri-cr1=13 leri-cr2=100 leri-cr3=100,1171Mbit,1171Mbit,1
1791002712.502,leri-cr1=13 leri-cr2=100 leri-cr3=100,leri-cr1=13 leri-cr2=100 leri-cr3=100,leri-cr1=13 leri-cr2=100 leri-cr3=100,1171Mbit,1171Mbit,1
1791002722.552,leri-cr1=13 leri-cr2=100 leri-cr3=100,leri-cr1=13 leri-cr2=100 leri-cr3=100,leri-cr1=13 leri-cr2=100 leri-cr3=100,1171Mbit,1171Mbit,1
1791002732.752,leri-cr1=13 leri-cr2=100 leri-cr3=100,leri-cr1=13 leri-cr2=100 leri-cr3=100,leri-cr1=13 leri-cr2=100 leri-cr3=100,1171Mbit,1171Mbit,1
1791002742.803,leri-cr1=13 leri-cr2=100 leri-cr3=100,leri-cr1=13 leri-cr2=100 leri-cr3=100,leri-cr1=13 leri-cr2=100 leri-cr3=100,1171Mbit,1171Mbit,1
1791002752.853,leri-cr1=13 leri-cr2=100 leri-cr3=100,leri-cr1=13 leri-cr2=100 leri-cr3=100,leri-cr1=13 leri-cr2=100 leri-cr3=100,1171Mbit,1171Mbit,1
1791002762.906,leri-cr1=13 leri-cr2=100 leri-cr3=100,leri-cr1=13 leri-cr2=100 leri-cr3=100,leri-cr1=13 leri-cr2=100 leri-cr3=100,1171Mbit,1171Mbit,1
1791002772.954,leri-cr1=13 leri-cr2=100 leri-cr3=100,leri-cr1=13 leri-cr2=100 leri-cr3=100,leri-cr1=13 leri-cr2=100 leri-cr3=100,1171Mbit,1171Mbit,1
1791002783.011,leri-cr1=13 leri-cr2=100 leri-cr3=100,leri-cr1=13 leri-cr2=100 leri-cr3=100,leri-cr1=13 leri-cr2=100 leri-cr3=100,1171Mbit,1171Mbit,1
1791002793.306,leri-cr1=13 leri-cr2=100 leri-cr3=100,leri-cr1=13 leri-cr2=100 leri-cr3=100,leri-cr1=13 leri-cr2=100 leri-cr3=100,1171Mbit,1171Mbit,1
1791002803.360,leri-cr1=13 leri-cr2=100 leri-cr3=100,leri-cr1=13 leri-cr2=100 leri-cr3=100,leri-cr1=13 leri-cr2=100 leri-cr3=100,1171Mbit,1171Mbit,1
1791002813.405,leri-cr1=13 leri-cr2=100 leri-cr3=100,leri-cr1=13 leri-cr2=100 leri-cr3=100,leri-cr1=13 leri-cr2=100 leri-cr3=100,1171Mbit,1171Mbit,1
1791002823.454,leri-cr1=13 leri-cr2=100 leri-cr3=100,leri-cr1=13 leri-cr2=100 leri-cr3=100,leri-cr1=13 leri-cr2=100 leri-cr3=100,1171Mbit,1171Mbit,1
1791002833.509,leri-cr1=13 leri-cr2=100 leri-cr3=100,leri-cr1=13 leri-cr2=100 leri-cr3=100,leri-cr1=13 leri-cr2=100 leri-cr3=100,1171Mbit,1171Mbit,1
1791002843.566,leri-cr1=13 leri-cr2=100 leri-cr3=100,leri-cr1=13 leri-cr2=100 leri-cr3=100,leri-cr1=13 leri-cr2=100 leri-cr3=100,1171Mbit,1171Mbit,1
1791002853.862,leri-cr1=13 leri-cr2=100 leri-cr3=100,leri-cr1=13 leri-cr2=100 leri-cr3=100,leri-cr1=13 leri-cr2=100 leri-cr3=100,1171Mbit,1171Mbit,1
1791002863.914,leri-cr1=13 leri-cr2=100 leri-cr3=100,leri-cr1=13 leri-cr2=100 leri-cr3=100,leri-cr1=13 leri-cr2=100 leri-cr3=100,1171Mbit,1171Mbit,1
1791002873.971,leri-cr1=13 leri-cr2=100 leri-cr3=100,leri-cr1=13 leri-cr2=100 leri-cr3=100,leri-cr1=13 leri-cr2=100 leri-cr3=100,1171Mbit,1171Mbit,1
1791002884.026,leri-cr1=13 leri-cr2=100 leri-cr3=100,leri-cr1=13 leri-cr2=100 leri-cr3=100,leri-cr1=13 leri-cr2=100 leri-cr3=100,1171Mbit,1171Mbit,1
1791002894.078,leri-cr1=13 leri-cr2=100 leri-cr3=100,leri-cr1=13 leri-cr2=100 leri-cr3=100,leri-cr1=13 leri-cr2=100 leri-cr3=100,1171Mbit,1171Mbit,1
1791002904.131,leri-cr1=13 leri-cr2=100 leri-cr3=100,leri-cr1=13 leri-cr2=100 leri-cr3=100,leri-cr1=13 leri-cr2=100 leri-cr3=100,1171Mbit,1171Mbit,1
1791002914.379,leri-cr1=13 leri-cr2=100 leri-cr3=100,leri-cr1=13 leri-cr2=100 leri-cr3=100,leri-cr1=13 leri-cr2=100 leri-cr3=100,1171Mbit,1171Mbit,1
1791002924.431,leri-cr1=13 leri-cr2=100 leri-cr3=100,leri-cr1=13 leri-cr2=100 leri-cr3=100,leri-cr1=13 leri-cr2=100 leri-cr3=100,1171Mbit,1171Mbit,1
1791002934.482,leri-cr1=13 leri-cr2=100 leri-cr3=100,leri-cr1=13 leri-cr2=100 leri-cr3=100,leri-cr1=13 leri-cr2=100 leri-cr3=100,1171Mbit,1171Mbit,1
1791002944.526,leri-cr1=13 leri-cr2=100 leri-cr3=100,leri-cr1=13 leri-cr2=100 leri-cr3=100,leri-cr1=13 leri-cr2=100 leri-cr3=100,1171Mbit,1171Mbit,1
1791002954.580,leri-cr1=13 leri-cr2=100 leri-cr3=100,leri-cr1=13 leri-cr2=100 leri-cr3=100,leri-cr1=13 leri-cr2=100 leri-cr3=100,1171Mbit,1171Mbit,1
1791002964.636,leri-cr1=13 leri-cr2=100 leri-cr3=100,leri-cr1=13 leri-cr2=100 leri-cr3=100,leri-cr1=13 leri-cr2=100 leri-cr3=100,1171Mbit,1171Mbit,1
1791002974.902,leri-cr1=13 leri-cr2=100 leri-cr3=100,leri-cr1=13 leri-cr2=100 leri-cr3=100,leri-cr1=13 leri-cr2=100 leri-cr3=100,1171Mbit,1171Mbit,1
1791002984.954,leri-cr1=13 leri-cr2=100 leri-cr3=100,leri-cr1=13 leri-cr2=100 leri-cr3=100,leri-cr1=13 leri-cr2=100 leri-cr3=100,1171Mbit,1171Mbit,1
1791002995.003,leri-cr1=13 leri-cr2=100 leri-cr3=100,leri-cr1=13 leri-cr2=100 leri-cr3=100,leri-cr1=13 leri-cr2=100 leri-cr3=100,1171Mbit,1171Mbit,1
1791003005.055,leri-cr1=13 leri-cr2=100 leri-cr3=100,leri-cr1=13 leri-cr2=100 leri-cr3=100,leri-cr1=13 leri-cr2=100 leri-cr3=100,1171Mbit,1171Mbit,1
1791003015.113,leri-cr1=13 leri-cr2=100 leri-cr3=100,leri-cr1=13 leri-cr2=100 leri-cr3=100,leri-cr1=13 leri-cr2=100 leri-cr3=100,1171Mbit,1171Mbit,1
1791003025.172,leri-cr1=13 leri-cr2=100 leri-cr3=100,leri-cr1=13 leri-cr2=100 leri-cr3=100,leri-cr1=13 leri-cr2=100 leri-cr3=100,1171Mbit,1171Mbit,1
1791003035.451,leri-cr1=13 leri-cr2=100 leri-cr3=100,leri-cr1=13 leri-cr2=100 leri-cr3=100,leri-cr1=13 leri-cr2=100 leri-cr3=100,1171Mbit,1171Mbit,1
1791003045.503,leri-cr1=13 leri-cr2=100 leri-cr3=100,leri-cr1=13 leri-cr2=100 leri-cr3=100,leri-cr1=13 leri-cr2=100 leri-cr3=100,1171Mbit,1171Mbit,1
1791003055.551,leri-cr1=13 leri-cr2=100 leri-cr3=100,leri-cr1=13 leri-cr2=100 leri-cr3=100,leri-cr1=13 leri-cr2=100 leri-cr3=100,1171Mbit,1171Mbit,1
1791003065.604,leri-cr1=13 leri-cr2=100 leri-cr3=100,leri-cr1=13 leri-cr2=100 leri-cr3=100,leri-cr1=13 leri-cr2=100 leri-cr3=100,1171Mbit,1171Mbit,1
1791003075.648,leri-cr1=13 leri-cr2=100 leri-cr3=100,leri-cr1=13 leri-cr2=100 leri-cr3=100,leri-cr1=13 leri-cr2=100 leri-cr3=100,1171Mbit,1171Mbit,1
1791003085.699,leri-cr1=13 leri-cr2=100 leri-cr3=100,leri-cr1=13 leri-cr2=100 leri-cr3=100,leri-cr1=13 leri-cr2=100 leri-cr3=100,1171Mbit,1171Mbit,1
1791003095.976,leri-cr1=13 leri-cr2=100 leri-cr3=100,leri-cr1=13 leri-cr2=100 leri-cr3=100,leri-cr1=13 leri-cr2=100 leri-cr3=100,1171Mbit,1171Mbit,1
1791003106.023,leri-cr1=13 leri-cr2=100 leri-cr3=100,leri-cr1=13 leri-cr2=100 leri-cr3=100,leri-cr1=13 leri-cr2=100 leri-cr3=100,1171Mbit,1171Mbit,1
1791003116.076,leri-cr1=13 leri-cr2=100 leri-cr3=100,leri-cr1=13 leri-cr2=100 leri-cr3=100,leri-cr1=13 leri-cr2=100 leri-cr3=100,1171Mbit,1171Mbit,1
1791003126.129,leri-cr1=13 leri-cr2=100 leri-cr3=100,leri-cr1=13 leri-cr2=100 leri-cr3=100,leri-cr1=13 leri-cr2=100 leri-cr3=100,1171Mbit,1171Mbit,1
1791003136.183,leri-cr1=13 leri-cr2=100 leri-cr3=100,leri-cr1=13 leri-cr2=100 leri-cr3=100,leri-cr1=13 leri-cr2=100 leri-cr3=100,1171Mbit,1171Mbit,1
1791003146.235,leri-cr1=13 leri-cr2=100 leri-cr3=100,leri-cr1=13 leri-cr2=100 leri-cr3=100,leri-cr1=13 leri-cr2=100 leri-cr3=100,1171Mbit,1171Mbit,1
1791003156.508,leri-cr1=13 leri-cr2=100 leri-cr3=100,leri-cr1=13 leri-cr2=100 leri-cr3=100,leri-cr1=13 leri-cr2=100 leri-cr3=100,1171Mbit,1171Mbit,1
1791003166.563,leri-cr1=13 leri-cr2=100 leri-cr3=100,leri-cr1=13 leri-cr2=100 leri-cr3=100,leri-cr1=13 leri-cr2=100 leri-cr3=100,1171Mbit,1171Mbit,1
1791003176.612,leri-cr1=13 leri-cr2=100 leri-cr3=100,leri-cr1=13 leri-cr2=100 leri-cr3=100,leri-cr1=13 leri-cr2=100 leri-cr3=100,1171Mbit,1171Mbit,1
1791003186.662,leri-cr1=13 leri-cr2=100 leri-cr3=100,leri-cr1=13 leri-cr2=100 leri-cr3=100,leri-cr1=13 leri-cr2=100 leri-cr3=100,1171Mbit,1171Mbit,1
1791003196.714,leri-cr1=13 leri-cr2=100 leri-cr3=100,leri-cr1=13 leri-cr2=100 leri-cr3=100,leri-cr1=13 leri-cr2=100 leri-cr3=100,1171Mbit,1171Mbit,1
1791003206.791,leri-cr1=13 leri-cr2=100 leri-cr3=100,leri-cr1=13 leri-cr2=100 leri-cr3=100,leri-cr1=13 leri-cr2=100 leri-cr3=100,1171Mbit,1171Mbit,1
1791003217.106,leri-cr1=13 leri-cr2=100 leri-cr3=100,leri-cr1=13 leri-cr2=100 leri-cr3=100,leri-cr1=13 leri-cr2=100 leri-cr3=100,1171Mbit,1171Mbit,1
1791003227.153,leri-cr1=13 leri-cr2=100 leri-cr3=100,leri-cr1=13 leri-cr2=100 leri-cr3=100,leri-cr1=13 leri-cr2=100 leri-cr3=100,1171Mbit,1171Mbit,1
1791003237.212,leri-cr1=13 leri-cr2=100 leri-cr3=100,leri-cr1=13 leri-cr2=100 leri-cr3=100,leri-cr1=13 leri-cr2=100 leri-cr3=100,1171Mbit,1171Mbit,1
1791003247.256,leri-cr1=13 leri-cr2=100 leri-cr3=100,leri-cr1=13 leri-cr2=100 leri-cr3=100,leri-cr1=13 leri-cr2=100 leri-cr3=100,1171Mbit,1171Mbit,1
1791003257.311,leri-cr1=13 leri-cr2=100 leri-cr3=100,leri-cr1=13 leri-cr2=100 leri-cr3=100,leri-cr1=13 leri-cr2=100 leri-cr3=100,1171Mbit,1171Mbit,1
1791003267.357,leri-cr1=13 leri-cr2=100 leri-cr3=100,leri-cr1=13 leri-cr2=100 leri-cr3=100,leri-cr1=13 leri-cr2=100 leri-cr3=100,1171Mbit,1171Mbit,1
1791003277.659,leri-cr1=13 leri-cr2=100 leri-cr3=100,leri-cr1=13 leri-cr2=100 leri-cr3=100,leri-cr1=13 leri-cr2=100 leri-cr3=100,1171Mbit,1171Mbit,1
1791003287.704,leri-cr1=13 leri-cr2=100 leri-cr3=100,leri-cr1=13 leri-cr2=100 leri-cr3=100,leri-cr1=13 leri-cr2=100 leri-cr3=100,1171Mbit,1171Mbit,1
1791003297.755,leri-cr1=13 leri-cr2=100 leri-cr3=100,leri-cr1=13 leri-cr2=100 leri-cr3=100,leri-cr1=13 leri-cr2=100 leri-cr3=100,1171Mbit,1171Mbit,1
1791003307.804,leri-cr1=13 leri-cr2=100 leri-cr3=100,leri-cr1=13 leri-cr2=100 leri-cr3=100,leri-cr1=13 leri-cr2=100 leri-cr3=100,1171Mbit,1171Mbit,1
1791003317.858,leri-cr1=13 leri-cr2=100 leri-cr3=100,leri-cr1=13 leri-cr2=100 leri-cr3=100,leri-cr1=13 leri-cr2=100 leri-cr3=100,1171Mbit,1171Mbit,1
1791003327.910,leri-cr1=13 leri-cr2=100 leri-cr3=100,leri-cr1=13 leri-cr2=100 leri-cr3=100,leri-cr1=13 leri-cr2=100 leri-cr3=100,1171Mbit,1171Mbit,1
1791003338.198,leri-cr1=13 leri-cr2=100 leri-cr3=100,leri-cr1=13 leri-cr2=100 leri-cr3=100,leri-cr1=13 leri-cr2=100 leri-cr3=100,1171Mbit,1171Mbit,1
1791003348.250,leri-cr1=13 leri-cr2=100 leri-cr3=100,leri-cr1=13 leri-cr2=100 leri-cr3=100,leri-cr1=13 leri-cr2=100 leri-cr3=100,1171Mbit,1171Mbit,1
1791003358.294,leri-cr1=13 leri-cr2=100 leri-cr3=100,leri-cr1=13 leri-cr2=100 leri-cr3=100,leri-cr1=13 leri-cr2=100 leri-cr3=100,1171Mbit,1171Mbit,1
1791003368.344,leri-cr1=13 leri-cr2=100 leri-cr3=100,leri-cr1=13 leri-cr2=100 leri-cr3=100,leri-cr1=13 leri-cr2=100 leri-cr3=100,1171Mbit,1171Mbit,1
1791003378.397,leri-cr1=13 leri-cr2=100 leri-cr3=100,leri-cr1=13 leri-cr2=100 leri-cr3=100,leri-cr1=13 leri-cr2=100 leri-cr3=100,1171Mbit,1171Mbit,1
1791003388.450,leri-cr1=13 leri-cr2=100 leri-cr3=100,leri-cr1=13 leri-cr2=100 leri-cr3=100,leri-cr1=13 leri-cr2=100 leri-cr3=100,1171Mbit,1171Mbit,1
1791003398.739,leri-cr1=13 leri-cr2=100 leri-cr3=100,leri-cr1=13 leri-cr2=100 leri-cr3=100,leri-cr1=13 leri-cr2=100 leri-cr3=100,1171Mbit,1171Mbit,1
1791003408.790,leri-cr1=13 leri-cr2=100 leri-cr3=100,leri-cr1=13 leri-cr2=100 leri-cr3=100,leri-cr1=13 leri-cr2=100 leri-cr3=100,1171Mbit,1171Mbit,1
1791003418.842,leri-cr1=13 leri-cr2=100 leri-cr3=100,leri-cr1=13 leri-cr2=100 leri-cr3=100,leri-cr1=13 leri-cr2=100 leri-cr3=100,1171Mbit,1171Mbit,1
1791003428.896,leri-cr1=13 leri-cr2=100 leri-cr3=100,leri-cr1=13 leri-cr2=100 leri-cr3=100,leri-cr1=13 leri-cr2=100 leri-cr3=100,1171Mbit,1171Mbit,1
1791003438.950,leri-cr1=13 leri-cr2=100 leri-cr3=100,leri-cr1=13 leri-cr2=100 leri-cr3=100,leri-cr1=13 leri-cr2=100 leri-cr3=100,1171Mbit,1171Mbit,1
1791003448.996,leri-cr1=13 leri-cr2=100 leri-cr3=100,leri-cr1=13 leri-cr2=100 leri-cr3=100,leri-cr1=13 leri-cr2=100 leri-cr3=100,1171Mbit,1171Mbit,1
1791003459.276,leri-cr1=13 leri-cr2=100 leri-cr3=100,leri-cr1=13 leri-cr2=100 leri-cr3=100,leri-cr1=13 leri-cr2=100 leri-cr3=100,1171Mbit,1171Mbit,1
1791003469.326,leri-cr1=13 leri-cr2=100 leri-cr3=100,leri-cr1=13 leri-cr2=100 leri-cr3=100,leri-cr1=13 leri-cr2=100 leri-cr3=100,1171Mbit,1171Mbit,1
1791003479.379,leri-cr1=13 leri-cr2=100 leri-cr3=100,leri-cr1=13 leri-cr2=100 leri-cr3=100,leri-cr1=13 leri-cr2=100 leri-cr3=100,1171Mbit,1171Mbit,1
1791003489.431,leri-cr1=13 leri-cr2=100 leri-cr3=100,leri-cr1=13 leri-cr2=100 leri-cr3=100,leri-cr1=13 leri-cr2=100 leri-cr3=100,1171Mbit,1171Mbit,1
1791003499.486,leri-cr1=13 leri-cr2=100 leri-cr3=100,leri-cr1=13 leri-cr2=100 leri-cr3=100,leri-cr1=13 leri-cr2=100 leri-cr3=100,1171Mbit,1171Mbit,1
1791003509.538,leri-cr1=13 leri-cr2=100 leri-cr3=100,leri-cr1=13 leri-cr2=100 leri-cr3=100,leri-cr1=13 leri-cr2=100 leri-cr3=100,1171Mbit,1171Mbit,1
1791003519.826,leri-cr1=13 leri-cr2=100 leri-cr3=100,leri-cr1=13 leri-cr2=100 leri-cr3=100,leri-cr1=13 leri-cr2=100 leri-cr3=100,1171Mbit,1171Mbit,1
1791003529.880,leri-cr1=13 leri-cr2=100 leri-cr3=100,leri-cr1=13 leri-cr2=100 leri-cr3=100,leri-cr1=13 leri-cr2=100 leri-cr3=100,1171Mbit,1171Mbit,1
1791003539.929,leri-cr1=13 leri-cr2=100 leri-cr3=100,leri-cr1=13 leri-cr2=100 leri-cr3=100,leri-cr1=13 leri-cr2=100 leri-cr3=100,1171Mbit,1171Mbit,1
1791003549.982,leri-cr1=13 leri-cr2=100 leri-cr3=100,leri-cr1=13 leri-cr2=100 leri-cr3=100,leri-cr1=13 leri-cr2=100 leri-cr3=100,1171Mbit,1171Mbit,1
1791003560.032,leri-cr1=13 leri-cr2=100 leri-cr3=100,leri-cr1=13 leri-cr2=100 leri-cr3=100,leri-cr1=13 leri-cr2=100 leri-cr3=100,1171Mbit,1171Mbit,1
1791003570.082,leri-cr1=13 leri-cr2=100 leri-cr3=100,leri-cr1=13 leri-cr2=100 leri-cr3=100,leri-cr1=13 leri-cr2=100 leri-cr3=100,1171Mbit,1171Mbit,1
1791003580.354,leri-cr1=13 leri-cr2=100 leri-cr3=100,leri-cr1=13 leri-cr2=100 leri-cr3=100,leri-cr1=13 leri-cr2=100 leri-cr3=100,1171Mbit,1171Mbit,1
1791003590.406,leri-cr1=13 leri-cr2=100 leri-cr3=100,leri-cr1=13 leri-cr2=100 leri-cr3=100,leri-cr1=13 leri-cr2=100 leri-cr3=100,1171Mbit,1171Mbit,1
1791003600.460,leri-cr1=13 leri-cr2=100 leri-cr3=100,leri-cr1=13 leri-cr2=100 leri-cr3=100,leri-cr1=13 leri-cr2=100 leri-cr3=100,1171Mbit,1171Mbit,1
1791003610.516,leri-cr1=13 leri-cr2=100 leri-cr3=100,leri-cr1=13 leri-cr2=100 leri-cr3=100,leri-cr1=13 leri-cr2=100 leri-cr3=100,1171Mbit,1171Mbit,1
1791003620.572,leri-cr1=13 leri-cr2=100 leri-cr3=100,leri-cr1=13 leri-cr2=100 leri-cr3=100,leri-cr1=13 leri-cr2=100 leri-cr3=100,1171Mbit,1171Mbit,1
1791003630.623,leri-cr1=13 leri-cr2=100 leri-cr3=100,leri-cr1=13 leri-cr2=100 leri-cr3=100,leri-cr1=13 leri-cr2=100 leri-cr3=100,1171Mbit,1171Mbit,1
1791003640.924,leri-cr1=13 leri-cr2=100 leri-cr3=100,leri-cr1=13 leri-cr2=100 leri-cr3=100,leri-cr1=13 leri-cr2=100 leri-cr3=100,1171Mbit,1171Mbit,1
1791003650.976,leri-cr1=13 leri-cr2=100 leri-cr3=100,leri-cr1=13 leri-cr2=100 leri-cr3=100,leri-cr1=13 leri-cr2=100 leri-cr3=100,1171Mbit,1171Mbit,1
1791003661.027,leri-cr1=13 leri-cr2=100 leri-cr3=100,leri-cr1=13 leri-cr2=100 leri-cr3=100,leri-cr1=13 leri-cr2=100 leri-cr3=100,1171Mbit,1171Mbit,1
1791003671.077,leri-cr1=13 leri-cr2=100 leri-cr3=100,leri-cr1=13 leri-cr2=100 leri-cr3=100,leri-cr1=13 leri-cr2=100 leri-cr3=100,1171Mbit,1171Mbit,1
1791003681.125,leri-cr1=13 leri-cr2=100 leri-cr3=100,leri-cr1=13 leri-cr2=100 leri-cr3=100,leri-cr1=13 leri-cr2=100 leri-cr3=100,1171Mbit,1171Mbit,1
1791003691.170,leri-cr1=13 leri-cr2=100 leri-cr3=100,leri-cr1=13 leri-cr2=100 leri-cr3=100,leri-cr1=13 leri-cr2=100 leri-cr3=100,1171Mbit,1171Mbit,1
1791003701.443,leri-cr1=13 leri-cr2=100 leri-cr3=100,leri-cr1=13 leri-cr2=100 leri-cr3=100,leri-cr1=13 leri-cr2=100 leri-cr3=100,1171Mbit,1171Mbit,1
1791003711.487,leri-cr1=13 leri-cr2=100 leri-cr3=100,leri-cr1=13 leri-cr2=100 leri-cr3=100,leri-cr1=13 leri-cr2=100 leri-cr3=100,1171Mbit,1171Mbit,1
1791003721.534,leri-cr1=13 leri-cr2=100 leri-cr3=100,leri-cr1=13 leri-cr2=100 leri-cr3=100,leri-cr1=13 leri-cr2=100 leri-cr3=100,1171Mbit,1171Mbit,1
1791003731.588,leri-cr1=13 leri-cr2=100 leri-cr3=100,leri-cr1=13 leri-cr2=100 leri-cr3=100,leri-cr1=13 leri-cr2=100 leri-cr3=100,1171Mbit,1171Mbit,1
1791003741.639,leri-cr1=13 leri-cr2=100 leri-cr3=100,leri-cr1=13 leri-cr2=100 leri-cr3=100,leri-cr1=13 leri-cr2=100 leri-cr3=100,1171Mbit,1171Mbit,1
1791003751.684,leri-cr1=13 leri-cr2=100 leri-cr3=100,leri-cr1=13 leri-cr2=100 leri-cr3=100,leri-cr1=13 leri-cr2=100 leri-cr3=100,1171Mbit,1171Mbit,1
1791003761.994,leri-cr1=13 leri-cr2=100 leri-cr3=100,leri-cr1=13 leri-cr2=100 leri-cr3=100,leri-cr1=13 leri-cr2=100 leri-cr3=100,1171Mbit,1171Mbit,1
1791003772.047,leri-cr1=13 leri-cr2=100 leri-cr3=100,leri-cr1=13 leri-cr2=100 leri-cr3=100,leri-cr1=13 leri-cr2=100 leri-cr3=100,1171Mbit,1171Mbit,1
1791003782.099,leri-cr1=13 leri-cr2=100 leri-cr3=100,leri-cr1=13 leri-cr2=100 leri-cr3=100,leri-cr1=13 leri-cr2=100 leri-cr3=100,1171Mbit,1171Mbit,1
1791003792.151,leri-cr1=13 leri-cr2=100 leri-cr3=100,leri-cr1=13 leri-cr2=100 leri-cr3=100,leri-cr1=13 leri-cr2=100 leri-cr3=100,1171Mbit,1171Mbit,1
1791003802.202,leri-cr1=13 leri-cr2=100 leri-cr3=100,leri-cr1=13 leri-cr2=100 leri-cr3=100,leri-cr1=13 leri-cr2=100 leri-cr3=100,1171Mbit,1171Mbit,1
1791003812.294,leri-cr1=13 leri-cr2=100 leri-cr3=100,leri-cr1=13 leri-cr2=100 leri-cr3=100,leri-cr1=13 leri-cr2=100 leri-cr3=100,1171Mbit,1171Mbit,0
1791003822.636,leri-cr1=13 leri-cr2=100 leri-cr3=100,leri-cr1=13 leri-cr2=100 leri-cr3=100,leri-cr1=13 leri-cr2=100 leri-cr3=100,1171Mbit,1171Mbit,0
1791003832.715,leri-cr1=13 leri-cr2=100 leri-cr3=100,leri-cr1=13 leri-cr2=100 leri-cr3=100,leri-cr1=13 leri-cr2=100 leri-cr3=100,1171Mbit,1171Mbit,0
1791003842.786,leri-cr1=13 leri-cr2=100 leri-cr3=100,leri-cr1=13 leri-cr2=100 leri-cr3=100,leri-cr1=13 leri-cr2=100 leri-cr3=100,1171Mbit,1171Mbit,0
1791003852.865,leri-cr1=13 leri-cr2=100 leri-cr3=100,leri-cr1=13 leri-cr2=100 leri-cr3=100,leri-cr1=13 leri-cr2=100 leri-cr3=100,1171Mbit,1171Mbit,0
1791003862.943,leri-cr1=13 leri-cr2=100 leri-cr3=100,leri-cr1=13 leri-cr2=100 leri-cr3=100,leri-cr1=13 leri-cr2=100 leri-cr3=100,1171Mbit,1171Mbit,0
1791003873.020,leri-cr1=13 leri-cr2=100 leri-cr3=100,leri-cr1=13 leri-cr2=100 leri-cr3=100,leri-cr1=13 leri-cr2=100 leri-cr3=100,1171Mbit,1171Mbit,0
1791003883.415,leri-cr1=13 leri-cr2=100 leri-cr3=100,leri-cr1=13 leri-cr2=100 leri-cr3=100,leri-cr1=13 leri-cr2=100 leri-cr3=100,1171Mbit,1171Mbit,0
1791003893.496,leri-cr1=13 leri-cr2=100 leri-cr3=100,leri-cr1=13 leri-cr2=100 leri-cr3=100,leri-cr1=13 leri-cr2=100 leri-cr3=100,1171Mbit,1171Mbit,0
1791003903.572,leri-cr1=13 leri-cr2=100 leri-cr3=100,leri-cr1=13 leri-cr2=100 leri-cr3=100,leri-cr1=13 leri-cr2=100 leri-cr3=100,1171Mbit,1171Mbit,0
1791003913.650,leri-cr1=13 leri-cr2=100 leri-cr3=100,leri-cr1=13 leri-cr2=100 leri-cr3=100,leri-cr1=13 leri-cr2=100 leri-cr3=100,1171Mbit,1171Mbit,0
1791003923.726,leri-cr1=13 leri-cr2=100 leri-cr3=100,leri-cr1=13 leri-cr2=100 leri-cr3=100,leri-cr1=13 leri-cr2=100 leri-cr3=100,1171Mbit,1171Mbit,0
1791003933.777,leri-cr1=13 leri-cr2=100 leri-cr3=100,leri-cr1=13 leri-cr2=100 leri-cr3=100,leri-cr1=13 leri-cr2=100 leri-cr3=100,1171Mbit,1171Mbit,0
1791003944.039,leri-cr1=13 leri-cr2=100 leri-cr3=100,leri-cr1=13 leri-cr2=100 leri-cr3=100,leri-cr1=13 leri-cr2=100 leri-cr3=100,1171Mbit,1171Mbit,1
1791003954.088,leri-cr1=13 leri-cr2=100 leri-cr3=100,leri-cr1=13 leri-cr2=100 leri-cr3=100,leri-cr1=13 leri-cr2=100 leri-cr3=100,1171Mbit,1171Mbit,1
1791003964.155,leri-cr1=13 leri-cr2=100 leri-cr3=100,leri-cr1=13 leri-cr2=100 leri-cr3=100,leri-cr1=13 leri-cr2=100 leri-cr3=100,1171Mbit,1171Mbit,1
1791003974.204,leri-cr1=13 leri-cr2=100 leri-cr3=100,leri-cr1=13 leri-cr2=100 leri-cr3=100,leri-cr1=13 leri-cr2=100 leri-cr3=100,1171Mbit,1171Mbit,1
1791003984.252,leri-cr1=13 leri-cr2=100 leri-cr3=100,leri-cr1=13 leri-cr2=100 leri-cr3=100,leri-cr1=13 leri-cr2=100 leri-cr3=100,1171Mbit,1171Mbit,1
1791003994.494,leri-cr1=13 leri-cr2=100 leri-cr3=100,leri-cr1=13 leri-cr2=100 leri-cr3=100,leri-cr1=13 leri-cr2=100 leri-cr3=100,1171Mbit,1171Mbit,1
1791004004.543,leri-cr1=13 leri-cr2=100 leri-cr3=100,leri-cr1=13 leri-cr2=100 leri-cr3=100,leri-cr1=13 leri-cr2=100 leri-cr3=100,1171Mbit,1171Mbit,1
1791004014.595,leri-cr1=13 leri-cr2=100 leri-cr3=100,leri-cr1=13 leri-cr2=100 leri-cr3=100,leri-cr1=13 leri-cr2=100 leri-cr3=100,1171Mbit,1171Mbit,1
1791004024.648,leri-cr1=13 leri-cr2=100 leri-cr3=100,leri-cr1=13 leri-cr2=100 leri-cr3=100,leri-cr1=13 leri-cr2=100 leri-cr3=100,1171Mbit,1171Mbit,1
1791004034.694,leri-cr1=13 leri-cr2=100 leri-cr3=100,leri-cr1=13 leri-cr2=100 leri-cr3=100,leri-cr1=13 leri-cr2=100 leri-cr3=100,1171Mbit,1171Mbit,1
1791004044.754,leri-cr1=13 leri-cr2=100 leri-cr3=100,leri-cr1=13 leri-cr2=100 leri-cr3=100,leri-cr1=13 leri-cr2=100 leri-cr3=100,1171Mbit,1171Mbit,1
1791004055.039,leri-cr1=13 leri-cr2=100 leri-cr3=100,leri-cr1=13 leri-cr2=100 leri-cr3=100,leri-cr1=13 leri-cr2=100 leri-cr3=100,1171Mbit,1171Mbit,1
1791004065.087,leri-cr1=13 leri-cr2=100 leri-cr3=100,leri-cr1=13 leri-cr2=100 leri-cr3=100,leri-cr1=13 leri-cr2=100 leri-cr3=100,1171Mbit,1171Mbit,1
1791004075.136,leri-cr1=13 leri-cr2=100 leri-cr3=100,leri-cr1=13 leri-cr2=100 leri-cr3=100,leri-cr1=13 leri-cr2=100 leri-cr3=100,1171Mbit,1171Mbit,1
1791004085.190,leri-cr1=13 leri-cr2=100 leri-cr3=100,leri-cr1=13 leri-cr2=100 leri-cr3=100,leri-cr1=13 leri-cr2=100 leri-cr3=100,1171Mbit,1171Mbit,1
1791004095.242,leri-cr1=13 leri-cr2=100 leri-cr3=100,leri-cr1=13 leri-cr2=100 leri-cr3=100,leri-cr1=13 leri-cr2=100 leri-cr3=100,1171Mbit,1171Mbit,1
1791004105.298,leri-cr1=13 leri-cr2=100 leri-cr3=100,leri-cr1=13 leri-cr2=100 leri-cr3=100,leri-cr1=13 leri-cr2=100 leri-cr3=100,1171Mbit,1171Mbit,1
1791004115.544,leri-cr1=13 leri-cr2=100 leri-cr3=100,leri-cr1=13 leri-cr2=100 leri-cr3=100,leri-cr1=13 leri-cr2=100 leri-cr3=100,1171Mbit,1171Mbit,1
1791004125.602,leri-cr1=13 leri-cr2=100 leri-cr3=100,leri-cr1=13 leri-cr2=100 leri-cr3=100,leri-cr1=13 leri-cr2=100 leri-cr3=100,1171Mbit,1171Mbit,1
1791004135.652,leri-cr1=13 leri-cr2=100 leri-cr3=100,leri-cr1=13 leri-cr2=100 leri-cr3=100,leri-cr1=13 leri-cr2=100 leri-cr3=100,1171Mbit,1171Mbit,1
1791004145.706,leri-cr1=13 leri-cr2=100 leri-cr3=100,leri-cr1=13 leri-cr2=100 leri-cr3=100,leri-cr1=13 leri-cr2=100 leri-cr3=100,1171Mbit,1171Mbit,1
1791004155.759,leri-cr1=13 leri-cr2=100 leri-cr3=100,leri-cr1=13 leri-cr2=100 leri-cr3=100,leri-cr1=13 leri-cr2=100 leri-cr3=100,1171Mbit,1171Mbit,1
1791004165.811,leri-cr1=13 leri-cr2=100 leri-cr3=100,leri-cr1=13 leri-cr2=100 leri-cr3=100,leri-cr1=13 leri-cr2=100 leri-cr3=100,1171Mbit,1171Mbit,1
1791004176.066,leri-cr1=13 leri-cr2=100 leri-cr3=100,leri-cr1=13 leri-cr2=100 leri-cr3=100,leri-cr1=13 leri-cr2=100 leri-cr3=100,1171Mbit,1171Mbit,1
1791004186.124,leri-cr1=13 leri-cr2=100 leri-cr3=100,leri-cr1=13 leri-cr2=100 leri-cr3=100,leri-cr1=13 leri-cr2=100 leri-cr3=100,1171Mbit,1171Mbit,1
1791004196.184,leri-cr1=13 leri-cr2=100 leri-cr3=100,leri-cr1=13 leri-cr2=100 leri-cr3=100,leri-cr1=13 leri-cr2=100 leri-cr3=100,1171Mbit,1171Mbit,1
1791004206.237,leri-cr1=13 leri-cr2=100 leri-cr3=100,leri-cr1=13 leri-cr2=100 leri-cr3=100,leri-cr1=13 leri-cr2=100 leri-cr3=100,1171Mbit,1171Mbit,1
1791004216.287,leri-cr1=13 leri-cr2=100 leri-cr3=100,leri-cr1=13 leri-cr2=100 leri-cr3=100,leri-cr1=13 leri-cr2=100 leri-cr3=100,1171Mbit,1171Mbit,1
1791004226.337,leri-cr1=13 leri-cr2=100 leri-cr3=100,leri-cr1=13 leri-cr2=100 leri-cr3=100,leri-cr1=13 leri-cr2=100 leri-cr3=100,1171Mbit,1171Mbit,1
1791004236.639,leri-cr1=13 leri-cr2=100 leri-cr3=100,leri-cr1=13 leri-cr2=100 leri-cr3=100,leri-cr1=13 leri-cr2=100 leri-cr3=100,1171Mbit,1171Mbit,1
1791004246.691,leri-cr1=13 leri-cr2=100 leri-cr3=100,leri-cr1=13 leri-cr2=100 leri-cr3=100,leri-cr1=13 leri-cr2=100 leri-cr3=100,1171Mbit,1171Mbit,1
1791004256.739,leri-cr1=13 leri-cr2=100 leri-cr3=100,leri-cr1=13 leri-cr2=100 leri-cr3=100,leri-cr1=13 leri-cr2=100 leri-cr3=100,1171Mbit,1171Mbit,1
1791004266.792,leri-cr1=13 leri-cr2=100 leri-cr3=100,leri-cr1=13 leri-cr2=100 leri-cr3=100,leri-cr1=13 leri-cr2=100 leri-cr3=100,1171Mbit,1171Mbit,1
1791004276.838,leri-cr1=13 leri-cr2=100 leri-cr3=100,leri-cr1=13 leri-cr2=100 leri-cr3=100,leri-cr1=13 leri-cr2=100 leri-cr3=100,1171Mbit,1171Mbit,1
1791004286.891,leri-cr1=13 leri-cr2=100 leri-cr3=100,leri-cr1=13 leri-cr2=100 leri-cr3=100,leri-cr1=13 leri-cr2=100 leri-cr3=100,1171Mbit,1171Mbit,1
1791004297.203,leri-cr1=13 leri-cr2=100 leri-cr3=100,leri-cr1=13 leri-cr2=100 leri-cr3=100,leri-cr1=13 leri-cr2=100 leri-cr3=100,1171Mbit,1171Mbit,1
1791004307.252,leri-cr1=13 leri-cr2=100 leri-cr3=100,leri-cr1=13 leri-cr2=100 leri-cr3=100,leri-cr1=13 leri-cr2=100 leri-cr3=100,1171Mbit,1171Mbit,1
1791004317.315,leri-cr1=13 leri-cr2=100 leri-cr3=100,leri-cr1=13 leri-cr2=100 leri-cr3=100,leri-cr1=13 leri-cr2=100 leri-cr3=100,1171Mbit,1171Mbit,1
1791004327.362,leri-cr1=13 leri-cr2=100 leri-cr3=100,leri-cr1=13 leri-cr2=100 leri-cr3=100,leri-cr1=13 leri-cr2=100 leri-cr3=100,1171Mbit,1171Mbit,1
1791004337.415,leri-cr1=13 leri-cr2=100 leri-cr3=100,leri-cr1=13 leri-cr2=100 leri-cr3=100,leri-cr1=13 leri-cr2=100 leri-cr3=100,1171Mbit,1171Mbit,1
1791004347.468,leri-cr1=13 leri-cr2=100 leri-cr3=100,leri-cr1=13 leri-cr2=100 leri-cr3=100,leri-cr1=13 leri-cr2=100 leri-cr3=100,1171Mbit,1171Mbit,1
1791004357.738,leri-cr1=13 leri-cr2=100 leri-cr3=100,leri-cr1=13 leri-cr2=100 leri-cr3=100,leri-cr1=13 leri-cr2=100 leri-cr3=100,1171Mbit,1171Mbit,1
1791004367.791,leri-cr1=13 leri-cr2=100 leri-cr3=100,leri-cr1=13 leri-cr2=100 leri-cr3=100,leri-cr1=13 leri-cr2=100 leri-cr3=100,1171Mbit,1171Mbit,1
1791004377.841,leri-cr1=13 leri-cr2=100 leri-cr3=100,leri-cr1=13 leri-cr2=100 leri-cr3=100,leri-cr1=13 leri-cr2=100 leri-cr3=100,1171Mbit,1171Mbit,1
1791004387.896,leri-cr1=13 leri-cr2=100 leri-cr3=100,leri-cr1=13 leri-cr2=100 leri-cr3=100,leri-cr1=13 leri-cr2=100 leri-cr3=100,1171Mbit,1171Mbit,1
1791004397.945,leri-cr1=13 leri-cr2=100 leri-cr3=100,leri-cr1=13 leri-cr2=100 leri-cr3=100,leri-cr1=13 leri-cr2=100 leri-cr3=100,1171Mbit,1171Mbit,1
1791004408.013,leri-cr1=13 leri-cr2=100 leri-cr3=100,leri-cr1=13 leri-cr2=100 leri-cr3=100,leri-cr1=13 leri-cr2=100 leri-cr3=100,1171Mbit,1171Mbit,1
1791004418.306,leri-cr1=13 leri-cr2=100 leri-cr3=100,leri-cr1=13 leri-cr2=100 leri-cr3=100,leri-cr1=13 leri-cr2=100 leri-cr3=100,1171Mbit,1171Mbit,1
1791004428.353,leri-cr1=13 leri-cr2=100 leri-cr3=100,leri-cr1=13 leri-cr2=100 leri-cr3=100,leri-cr1=13 leri-cr2=100 leri-cr3=100,1171Mbit,1171Mbit,1
1791004438.409,leri-cr1=13 leri-cr2=100 leri-cr3=100,leri-cr1=13 leri-cr2=100 leri-cr3=100,leri-cr1=13 leri-cr2=100 leri-cr3=100,1171Mbit,1171Mbit,1
1791004448.466,leri-cr1=13 leri-cr2=100 leri-cr3=100,leri-cr1=13 leri-cr2=100 leri-cr3=100,leri-cr1=13 leri-cr2=100 leri-cr3=100,1171Mbit,1171Mbit,1
1791004458.520,leri-cr1=13 leri-cr2=100 leri-cr3=100,leri-cr1=13 leri-cr2=100 leri-cr3=100,leri-cr1=13 leri-cr2=100 leri-cr3=100,1171Mbit,1171Mbit,1
1791004468.573,leri-cr1=13 leri-cr2=100 leri-cr3=100,leri-cr1=13 leri-cr2=100 leri-cr3=100,leri-cr1=13 leri-cr2=100 leri-cr3=100,1171Mbit,1171Mbit,1
1791004478.835,leri-cr1=13 leri-cr2=100 leri-cr3=100,leri-cr1=13 leri-cr2=100 leri-cr3=100,leri-cr1=13 leri-cr2=100 leri-cr3=100,1171Mbit,1171Mbit,1
1791004488.896,leri-cr1=13 leri-cr2=100 leri-cr3=100,leri-cr1=13 leri-cr2=100 leri-cr3=100,leri-cr1=13 leri-cr2=100 leri-cr3=100,1171Mbit,1171Mbit,1
1791004498.950,leri-cr1=13 leri-cr2=100 leri-cr3=100,leri-cr1=13 leri-cr2=100 leri-cr3=100,leri-cr1=13 leri-cr2=100 leri-cr3=100,1171Mbit,1171Mbit,1
1791004508.998,leri-cr1=13 leri-cr2=100 leri-cr3=100,leri-cr1=13 leri-cr2=100 leri-cr3=100,leri-cr1=13 leri-cr2=100 leri-cr3=100,1171Mbit,1171Mbit,1
1791004519.050,leri-cr1=13 leri-cr2=100 leri-cr3=100,leri-cr1=13 leri-cr2=100 leri-cr3=100,leri-cr1=13 leri-cr2=100 leri-cr3=100,1171Mbit,1171Mbit,1
1791004529.103,leri-cr1=13 leri-cr2=100 leri-cr3=100,leri-cr1=13 leri-cr2=100 leri-cr3=100,leri-cr1=13 leri-cr2=100 leri-cr3=100,1171Mbit,1171Mbit,1
1791004539.416,leri-cr1=13 leri-cr2=100 leri-cr3=100,leri-cr1=13 leri-cr2=100 leri-cr3=100,leri-cr1=13 leri-cr2=100 leri-cr3=100,1171Mbit,1171Mbit,1
1791004549.470,leri-cr1=13 leri-cr2=100 leri-cr3=100,leri-cr1=13 leri-cr2=100 leri-cr3=100,leri-cr1=13 leri-cr2=100 leri-cr3=100,1171Mbit,1171Mbit,1
1791004559.517,leri-cr1=13 leri-cr2=100 leri-cr3=100,leri-cr1=13 leri-cr2=100 leri-cr3=100,leri-cr1=13 leri-cr2=100 leri-cr3=100,1171Mbit,1171Mbit,1
1791004569.571,leri-cr1=13 leri-cr2=100 leri-cr3=100,leri-cr1=13 leri-cr2=100 leri-cr3=100,leri-cr1=13 leri-cr2=100 leri-cr3=100,1171Mbit,1171Mbit,1
1791004579.643,leri-cr1=13 leri-cr2=100 leri-cr3=100,leri-cr1=13 leri-cr2=100 leri-cr3=100,leri-cr1=13 leri-cr2=100 leri-cr3=100,1171Mbit,1171Mbit,1
1791004589.692,leri-cr1=13 leri-cr2=100 leri-cr3=100,leri-cr1=13 leri-cr2=100 leri-cr3=100,leri-cr1=13 leri-cr2=100 leri-cr3=100,1171Mbit,1171Mbit,1
1791004599.959,leri-cr1=13 leri-cr2=100 leri-cr3=100,leri-cr1=13 leri-cr2=100 leri-cr3=100,leri-cr1=13 leri-cr2=100 leri-cr3=100,1171Mbit,1171Mbit,1
1791004610.008,leri-cr1=13 leri-cr2=100 leri-cr3=100,leri-cr1=13 leri-cr2=100 leri-cr3=100,leri-cr1=13 leri-cr2=100 leri-cr3=100,1171Mbit,1171Mbit,1
1791004620.063,leri-cr1=13 leri-cr2=100 leri-cr3=100,leri-cr1=13 leri-cr2=100 leri-cr3=100,leri-cr1=13 leri-cr2=100 leri-cr3=100,1171Mbit,1171Mbit,1
1791004630.117,leri-cr1=13 leri-cr2=100 leri-cr3=100,leri-cr1=13 leri-cr2=100 leri-cr3=100,leri-cr1=13 leri-cr2=100 leri-cr3=100,1171Mbit,1171Mbit,1
1791004640.176,leri-cr1=13 leri-cr2=100 leri-cr3=100,leri-cr1=13 leri-cr2=100 leri-cr3=100,leri-cr1=13 leri-cr2=100 leri-cr3=100,1171Mbit,1171Mbit,1
1791004650.225,leri-cr1=13 leri-cr2=100 leri-cr3=100,leri-cr1=13 leri-cr2=100 leri-cr3=100,leri-cr1=13 leri-cr2=100 leri-cr3=100,1171Mbit,1171Mbit,1
1791004660.443,leri-cr1=13 leri-cr2=100 leri-cr3=100,leri-cr1=13 leri-cr2=100 leri-cr3=100,leri-cr1=13 leri-cr2=100 leri-cr3=100,1171Mbit,1171Mbit,1
1791004670.496,leri-cr1=13 leri-cr2=100 leri-cr3=100,leri-cr1=13 leri-cr2=100 leri-cr3=100,leri-cr1=13 leri-cr2=100 leri-cr3=100,1171Mbit,1171Mbit,1
1791004680.552,leri-cr1=13 leri-cr2=100 leri-cr3=100,leri-cr1=13 leri-cr2=100 leri-cr3=100,leri-cr1=13 leri-cr2=100 leri-cr3=100,1171Mbit,1171Mbit,1
1791004690.595,leri-cr1=13 leri-cr2=100 leri-cr3=100,leri-cr1=13 leri-cr2=100 leri-cr3=100,leri-cr1=13 leri-cr2=100 leri-cr3=100,1171Mbit,1171Mbit,1
1791004700.657,leri-cr1=13 leri-cr2=100 leri-cr3=100,leri-cr1=13 leri-cr2=100 leri-cr3=100,leri-cr1=13 leri-cr2=100 leri-cr3=100,1171Mbit,1171Mbit,1
1791004710.707,leri-cr1=13 leri-cr2=100 leri-cr3=100,leri-cr1=13 leri-cr2=100 leri-cr3=100,leri-cr1=13 leri-cr2=100 leri-cr3=100,1171Mbit,1171Mbit,1
1791004720.948,leri-cr1=13 leri-cr2=100 leri-cr3=100,leri-cr1=13 leri-cr2=100 leri-cr3=100,leri-cr1=13 leri-cr2=100 leri-cr3=100,1171Mbit,1171Mbit,1
1791004730.996,leri-cr1=13 leri-cr2=100 leri-cr3=100,leri-cr1=13 leri-cr2=100 leri-cr3=100,leri-cr1=13 leri-cr2=100 leri-cr3=100,1171Mbit,1171Mbit,1
1791004741.051,leri-cr1=13 leri-cr2=100 leri-cr3=100,leri-cr1=13 leri-cr2=100 leri-cr3=100,leri-cr1=13 leri-cr2=100 leri-cr3=100,1171Mbit,1171Mbit,1
1791004751.110,leri-cr1=13 leri-cr2=100 leri-cr3=100,leri-cr1=13 leri-cr2=100 leri-cr3=100,leri-cr1=13 leri-cr2=100 leri-cr3=100,1171Mbit,1171Mbit,1
1791004761.160,leri-cr1=13 leri-cr2=100 leri-cr3=100,leri-cr1=13 leri-cr2=100 leri-cr3=100,leri-cr1=13 leri-cr2=100 leri-cr3=100,1171Mbit,1171Mbit,1
1791004771.215,leri-cr1=13 leri-cr2=100 leri-cr3=100,leri-cr1=13 leri-cr2=100 leri-cr3=100,leri-cr1=13 leri-cr2=100 leri-cr3=100,1171Mbit,1171Mbit,1
1791004781.470,leri-cr1=13 leri-cr2=100 leri-cr3=100,leri-cr1=13 leri-cr2=100 leri-cr3=100,leri-cr1=13 leri-cr2=100 leri-cr3=100,1171Mbit,1171Mbit,1
1791004791.530,leri-cr1=13 leri-cr2=100 leri-cr3=100,leri-cr1=13 leri-cr2=100 leri-cr3=100,leri-cr1=13 leri-cr2=100 leri-cr3=100,1171Mbit,1171Mbit,1
1791004801.585,leri-cr1=13 leri-cr2=100 leri-cr3=100,leri-cr1=13 leri-cr2=100 leri-cr3=100,leri-cr1=13 leri-cr2=100 leri-cr3=100,1171Mbit,1171Mbit,1
1791004811.639,leri-cr1=13 leri-cr2=100 leri-cr3=100,leri-cr1=13 leri-cr2=100 leri-cr3=100,leri-cr1=13 leri-cr2=100 leri-cr3=100,1171Mbit,1171Mbit,1
1791004821.687,leri-cr1=13 leri-cr2=100 leri-cr3=100,leri-cr1=13 leri-cr2=100 leri-cr3=100,leri-cr1=13 leri-cr2=100 leri-cr3=100,1171Mbit,1171Mbit,1
1791004831.743,leri-cr1=13 leri-cr2=100 leri-cr3=100,leri-cr1=13 leri-cr2=100 leri-cr3=100,leri-cr1=13 leri-cr2=100 leri-cr3=100,1171Mbit,1171Mbit,1
1791004842.020,leri-cr1=13 leri-cr2=100 leri-cr3=100,leri-cr1=13 leri-cr2=100 leri-cr3=100,leri-cr1=13 leri-cr2=100 leri-cr3=100,1171Mbit,1171Mbit,1
1791004852.074,leri-cr1=13 leri-cr2=100 leri-cr3=100,leri-cr1=13 leri-cr2=100 leri-cr3=100,leri-cr1=13 leri-cr2=100 leri-cr3=100,1171Mbit,1171Mbit,1
1791004862.125,leri-cr1=13 leri-cr2=100 leri-cr3=100,leri-cr1=13 leri-cr2=100 leri-cr3=100,leri-cr1=13 leri-cr2=100 leri-cr3=100,1171Mbit,1171Mbit,1
1791004872.174,leri-cr1=13 leri-cr2=100 leri-cr3=100,leri-cr1=13 leri-cr2=100 leri-cr3=100,leri-cr1=13 leri-cr2=100 leri-cr3=100,1171Mbit,1171Mbit,1
1791004882.227,leri-cr1=13 leri-cr2=100 leri-cr3=100,leri-cr1=13 leri-cr2=100 leri-cr3=100,leri-cr1=13 leri-cr2=100 leri-cr3=100,1171Mbit,1171Mbit,1
1791004892.279,leri-cr1=13 leri-cr2=100 leri-cr3=100,leri-cr1=13 leri-cr2=100 leri-cr3=100,leri-cr1=13 leri-cr2=100 leri-cr3=100,1171Mbit,1171Mbit,1
1791004902.540,leri-cr1=13 leri-cr2=100 leri-cr3=100,leri-cr1=13 leri-cr2=100 leri-cr3=100,leri-cr1=13 leri-cr2=100 leri-cr3=100,1171Mbit,1171Mbit,1
1791004912.587,leri-cr1=13 leri-cr2=100 leri-cr3=100,leri-cr1=13 leri-cr2=100 leri-cr3=100,leri-cr1=13 leri-cr2=100 leri-cr3=100,1171Mbit,1171Mbit,1
1791004922.639,leri-cr1=13 leri-cr2=100 leri-cr3=100,leri-cr1=13 leri-cr2=100 leri-cr3=100,leri-cr1=13 leri-cr2=100 leri-cr3=100,1171Mbit,1171Mbit,1
1791004932.687,leri-cr1=13 leri-cr2=100 leri-cr3=100,leri-cr1=13 leri-cr2=100 leri-cr3=100,leri-cr1=13 leri-cr2=100 leri-cr3=100,1171Mbit,1171Mbit,1
1791004942.738,leri-cr1=13 leri-cr2=100 leri-cr3=100,leri-cr1=13 leri-cr2=100 leri-cr3=100,leri-cr1=13 leri-cr2=100 leri-cr3=100,1171Mbit,1171Mbit,1
1791004952.785,leri-cr1=13 leri-cr2=100 leri-cr3=100,leri-cr1=13 leri-cr2=100 leri-cr3=100,leri-cr1=13 leri-cr2=100 leri-cr3=100,1171Mbit,1171Mbit,1
1791004963.038,leri-cr1=13 leri-cr2=100 leri-cr3=100,leri-cr1=13 leri-cr2=100 leri-cr3=100,leri-cr1=13 leri-cr2=100 leri-cr3=100,1171Mbit,1171Mbit,1
1791004973.082,leri-cr1=13 leri-cr2=100 leri-cr3=100,leri-cr1=13 leri-cr2=100 leri-cr3=100,leri-cr1=13 leri-cr2=100 leri-cr3=100,1171Mbit,1171Mbit,1
1791004983.132,leri-cr1=13 leri-cr2=100 leri-cr3=100,leri-cr1=13 leri-cr2=100 leri-cr3=100,leri-cr1=13 leri-cr2=100 leri-cr3=100,1171Mbit,1171Mbit,1
1791004993.180,leri-cr1=13 leri-cr2=100 leri-cr3=100,leri-cr1=13 leri-cr2=100 leri-cr3=100,leri-cr1=13 leri-cr2=100 leri-cr3=100,1171Mbit,1171Mbit,1
1791005003.229,leri-cr1=13 leri-cr2=100 leri-cr3=100,leri-cr1=13 leri-cr2=100 leri-cr3=100,leri-cr1=13 leri-cr2=100 leri-cr3=100,1171Mbit,1171Mbit,1
1791005013.285,leri-cr1=13 leri-cr2=100 leri-cr3=100,leri-cr1=13 leri-cr2=100 leri-cr3=100,leri-cr1=13 leri-cr2=100 leri-cr3=100,1171Mbit,1171Mbit,1
1791005023.518,leri-cr1=13 leri-cr2=100 leri-cr3=100,leri-cr1=13 leri-cr2=100 leri-cr3=100,leri-cr1=13 leri-cr2=100 leri-cr3=100,1171Mbit,1171Mbit,1
1791005033.571,leri-cr1=13 leri-cr2=100 leri-cr3=100,leri-cr1=13 leri-cr2=100 leri-cr3=100,leri-cr1=13 leri-cr2=100 leri-cr3=100,1171Mbit,1171Mbit,1
1791005043.618,leri-cr1=13 leri-cr2=100 leri-cr3=100,leri-cr1=13 leri-cr2=100 leri-cr3=100,leri-cr1=13 leri-cr2=100 leri-cr3=100,1171Mbit,1171Mbit,1
1791005053.669,leri-cr1=13 leri-cr2=100 leri-cr3=100,leri-cr1=13 leri-cr2=100 leri-cr3=100,leri-cr1=13 leri-cr2=100 leri-cr3=100,1171Mbit,1171Mbit,1
1791005063.726,leri-cr1=13 leri-cr2=100 leri-cr3=100,leri-cr1=13 leri-cr2=100 leri-cr3=100,leri-cr1=13 leri-cr2=100 leri-cr3=100,1171Mbit,1171Mbit,1
1791005073.782,leri-cr1=13 leri-cr2=100 leri-cr3=100,leri-cr1=13 leri-cr2=100 leri-cr3=100,leri-cr1=13 leri-cr2=100 leri-cr3=100,1171Mbit,1171Mbit,1
1791005084.039,leri-cr1=13 leri-cr2=100 leri-cr3=100,leri-cr1=13 leri-cr2=100 leri-cr3=100,leri-cr1=13 leri-cr2=100 leri-cr3=100,1171Mbit,1171Mbit,1
1791005094.094,leri-cr1=13 leri-cr2=100 leri-cr3=100,leri-cr1=13 leri-cr2=100 leri-cr3=100,leri-cr1=13 leri-cr2=100 leri-cr3=100,1171Mbit,1171Mbit,1
1791005104.143,leri-cr1=13 leri-cr2=100 leri-cr3=100,leri-cr1=13 leri-cr2=100 leri-cr3=100,leri-cr1=13 leri-cr2=100 leri-cr3=100,1171Mbit,1171Mbit,1
1791005114.197,leri-cr1=13 leri-cr2=100 leri-cr3=100,leri-cr1=13 leri-cr2=100 leri-cr3=100,leri-cr1=13 leri-cr2=100 leri-cr3=100,1171Mbit,1171Mbit,1
1791005124.250,leri-cr1=13 leri-cr2=100 leri-cr3=100,leri-cr1=13 leri-cr2=100 leri-cr3=100,leri-cr1=13 leri-cr2=100 leri-cr3=100,1171Mbit,1171Mbit,1
1791005134.304,leri-cr1=13 leri-cr2=100 leri-cr3=100,leri-cr1=13 leri-cr2=100 leri-cr3=100,leri-cr1=13 leri-cr2=100 leri-cr3=100,1171Mbit,1171Mbit,1
1791005144.493,leri-cr1=13 leri-cr2=100 leri-cr3=100,leri-cr1=13 leri-cr2=100 leri-cr3=100,leri-cr1=13 leri-cr2=100 leri-cr3=100,1171Mbit,1171Mbit,1
1791005154.547,leri-cr1=13 leri-cr2=100 leri-cr3=100,leri-cr1=13 leri-cr2=100 leri-cr3=100,leri-cr1=13 leri-cr2=100 leri-cr3=100,1171Mbit,1171Mbit,1
1791005164.598,leri-cr1=13 leri-cr2=100 leri-cr3=100,leri-cr1=13 leri-cr2=100 leri-cr3=100,leri-cr1=13 leri-cr2=100 leri-cr3=100,1171Mbit,1171Mbit,1
1791005174.653,leri-cr1=13 leri-cr2=100 leri-cr3=100,leri-cr1=13 leri-cr2=100 leri-cr3=100,leri-cr1=13 leri-cr2=100 leri-cr3=100,1171Mbit,1171Mbit,1
1791005184.708,leri-cr1=13 leri-cr2=100 leri-cr3=100,leri-cr1=13 leri-cr2=100 leri-cr3=100,leri-cr1=13 leri-cr2=100 leri-cr3=100,1171Mbit,1171Mbit,1
1791005194.751,leri-cr1=13 leri-cr2=100 leri-cr3=100,leri-cr1=13 leri-cr2=100 leri-cr3=100,leri-cr1=13 leri-cr2=100 leri-cr3=100,1171Mbit,1171Mbit,1
1791005205.036,leri-cr1=13 leri-cr2=100 leri-cr3=100,leri-cr1=13 leri-cr2=100 leri-cr3=100,leri-cr1=13 leri-cr2=100 leri-cr3=100,1171Mbit,1171Mbit,1
1791005215.081,leri-cr1=13 leri-cr2=100 leri-cr3=100,leri-cr1=13 leri-cr2=100 leri-cr3=100,leri-cr1=13 leri-cr2=100 leri-cr3=100,1171Mbit,1171Mbit,1
1791005225.134,leri-cr1=13 leri-cr2=100 leri-cr3=100,leri-cr1=13 leri-cr2=100 leri-cr3=100,leri-cr1=13 leri-cr2=100 leri-cr3=100,1171Mbit,1171Mbit,1
1791005235.186,leri-cr1=13 leri-cr2=100 leri-cr3=100,leri-cr1=13 leri-cr2=100 leri-cr3=100,leri-cr1=13 leri-cr2=100 leri-cr3=100,1171Mbit,1171Mbit,1
1791005245.240,leri-cr1=13 leri-cr2=100 leri-cr3=100,leri-cr1=13 leri-cr2=100 leri-cr3=100,leri-cr1=13 leri-cr2=100 leri-cr3=100,1171Mbit,1171Mbit,1
1791005255.290,leri-cr1=13 leri-cr2=100 leri-cr3=100,leri-cr1=13 leri-cr2=100 leri-cr3=100,leri-cr1=13 leri-cr2=100 leri-cr3=100,1171Mbit,1171Mbit,1
1791005265.591,leri-cr1=13 leri-cr2=100 leri-cr3=100,leri-cr1=13 leri-cr2=100 leri-cr3=100,leri-cr1=13 leri-cr2=100 leri-cr3=100,1171Mbit,1171Mbit,1
1791005275.645,leri-cr1=13 leri-cr2=100 leri-cr3=100,leri-cr1=13 leri-cr2=100 leri-cr3=100,leri-cr1=13 leri-cr2=100 leri-cr3=100,1171Mbit,1171Mbit,1
1791005285.695,leri-cr1=13 leri-cr2=100 leri-cr3=100,leri-cr1=13 leri-cr2=100 leri-cr3=100,leri-cr1=13 leri-cr2=100 leri-cr3=100,1171Mbit,1171Mbit,1
1791005295.744,leri-cr1=13 leri-cr2=100 leri-cr3=100,leri-cr1=13 leri-cr2=100 leri-cr3=100,leri-cr1=13 leri-cr2=100 leri-cr3=100,1171Mbit,1171Mbit,1
1791005305.795,leri-cr1=13 leri-cr2=100 leri-cr3=100,leri-cr1=13 leri-cr2=100 leri-cr3=100,leri-cr1=13 leri-cr2=100 leri-cr3=100,1171Mbit,1171Mbit,1
1791005315.846,leri-cr1=13 leri-cr2=100 leri-cr3=100,leri-cr1=13 leri-cr2=100 leri-cr3=100,leri-cr1=13 leri-cr2=100 leri-cr3=100,1171Mbit,1171Mbit,1
1791005326.075,leri-cr1=13 leri-cr2=100 leri-cr3=100,leri-cr1=13 leri-cr2=100 leri-cr3=100,leri-cr1=13 leri-cr2=100 leri-cr3=100,1171Mbit,1171Mbit,1
1791005336.127,leri-cr1=13 leri-cr2=100 leri-cr3=100,leri-cr1=13 leri-cr2=100 leri-cr3=100,leri-cr1=13 leri-cr2=100 leri-cr3=100,1171Mbit,1171Mbit,1
1791005346.171,leri-cr1=13 leri-cr2=100 leri-cr3=100,leri-cr1=13 leri-cr2=100 leri-cr3=100,leri-cr1=13 leri-cr2=100 leri-cr3=100,1171Mbit,1171Mbit,1
1791005356.223,leri-cr1=13 leri-cr2=100 leri-cr3=100,leri-cr1=13 leri-cr2=100 leri-cr3=100,leri-cr1=13 leri-cr2=100 leri-cr3=100,1171Mbit,1171Mbit,1
1791005366.268,leri-cr1=13 leri-cr2=100 leri-cr3=100,leri-cr1=13 leri-cr2=100 leri-cr3=100,leri-cr1=13 leri-cr2=100 leri-cr3=100,1171Mbit,1171Mbit,1
1791005376.318,leri-cr1=13 leri-cr2=100 leri-cr3=100,leri-cr1=13 leri-cr2=100 leri-cr3=100,leri-cr1=13 leri-cr2=100 leri-cr3=100,1171Mbit,1171Mbit,1
1791005386.575,leri-cr1=13 leri-cr2=100 leri-cr3=100,leri-cr1=13 leri-cr2=100 leri-cr3=100,leri-cr1=13 leri-cr2=100 leri-cr3=100,1171Mbit,1171Mbit,1
1791005396.626,leri-cr1=13 leri-cr2=100 leri-cr3=100,leri-cr1=13 leri-cr2=100 leri-cr3=100,leri-cr1=13 leri-cr2=100 leri-cr3=100,1171Mbit,1171Mbit,1
1791005406.677,leri-cr1=13 leri-cr2=100 leri-cr3=100,leri-cr1=13 leri-cr2=100 leri-cr3=100,leri-cr1=13 leri-cr2=100 leri-cr3=100,1171Mbit,1171Mbit,1
1791005416.727,leri-cr1=13 leri-cr2=100 leri-cr3=100,leri-cr1=13 leri-cr2=100 leri-cr3=100,leri-cr1=13 leri-cr2=100 leri-cr3=100,1171Mbit,1171Mbit,1
1791005426.779,leri-cr1=13 leri-cr2=100 leri-cr3=100,leri-cr1=13 leri-cr2=100 leri-cr3=100,leri-cr1=13 leri-cr2=100 leri-cr3=100,1171Mbit,1171Mbit,1
1791005436.833,leri-cr1=13 leri-cr2=100 leri-cr3=100,leri-cr1=13 leri-cr2=100 leri-cr3=100,leri-cr1=13 leri-cr2=100 leri-cr3=100,1171Mbit,1171Mbit,1
1791005447.097,leri-cr1=13 leri-cr2=100 leri-cr3=100,leri-cr1=13 leri-cr2=100 leri-cr3=100,leri-cr1=13 leri-cr2=100 leri-cr3=100,1171Mbit,1171Mbit,1
1791005457.146,leri-cr1=13 leri-cr2=100 leri-cr3=100,leri-cr1=13 leri-cr2=100 leri-cr3=100,leri-cr1=13 leri-cr2=100 leri-cr3=100,1171Mbit,1171Mbit,1
1791005467.201,leri-cr1=13 leri-cr2=100 leri-cr3=100,leri-cr1=13 leri-cr2=100 leri-cr3=100,leri-cr1=13 leri-cr2=100 leri-cr3=100,1171Mbit,1171Mbit,1
1791005477.266,leri-cr1=13 leri-cr2=100 leri-cr3=100,leri-cr1=13 leri-cr2=100 leri-cr3=100,leri-cr1=13 leri-cr2=100 leri-cr3=100,1171Mbit,1171Mbit,1
1791005487.320,leri-cr1=13 leri-cr2=100 leri-cr3=100,leri-cr1=13 leri-cr2=100 leri-cr3=100,leri-cr1=13 leri-cr2=100 leri-cr3=100,1171Mbit,1171Mbit,1
1791005497.373,leri-cr1=13 leri-cr2=100 leri-cr3=100,leri-cr1=13 leri-cr2=100 leri-cr3=100,leri-cr1=13 leri-cr2=100 leri-cr3=100,1171Mbit,1171Mbit,1
1791005507.641,leri-cr1=13 leri-cr2=100 leri-cr3=100,leri-cr1=13 leri-cr2=100 leri-cr3=100,leri-cr1=13 leri-cr2=100 leri-cr3=100,1171Mbit,1171Mbit,1
1791005517.690,leri-cr1=13 leri-cr2=100 leri-cr3=100,leri-cr1=13 leri-cr2=100 leri-cr3=100,leri-cr1=13 leri-cr2=100 leri-cr3=100,1171Mbit,1171Mbit,1
1791005527.741,leri-cr1=13 leri-cr2=100 leri-cr3=100,leri-cr1=13 leri-cr2=100 leri-cr3=100,leri-cr1=13 leri-cr2=100 leri-cr3=100,1171Mbit,1171Mbit,1
1791005537.796,leri-cr1=13 leri-cr2=100 leri-cr3=100,leri-cr1=13 leri-cr2=100 leri-cr3=100,leri-cr1=13 leri-cr2=100 leri-cr3=100,1171Mbit,1171Mbit,1
1791005547.849,leri-cr1=13 leri-cr2=100 leri-cr3=100,leri-cr1=13 leri-cr2=100 leri-cr3=100,leri-cr1=13 leri-cr2=100 leri-cr3=100,1171Mbit,1171Mbit,1
1791005557.903,leri-cr1=13 leri-cr2=100 leri-cr3=100,leri-cr1=13 leri-cr2=100 leri-cr3=100,leri-cr1=13 leri-cr2=100 leri-cr3=100,1171Mbit,1171Mbit,1
1791005568.160,leri-cr1=13 leri-cr2=100 leri-cr3=100,leri-cr1=13 leri-cr2=100 leri-cr3=100,leri-cr1=13 leri-cr2=100 leri-cr3=100,1171Mbit,1171Mbit,1
1791005578.212,leri-cr1=13 leri-cr2=100 leri-cr3=100,leri-cr1=13 leri-cr2=100 leri-cr3=100,leri-cr1=13 leri-cr2=100 leri-cr3=100,1171Mbit,1171Mbit,1
1791005588.287,leri-cr1=13 leri-cr2=100 leri-cr3=100,leri-cr1=13 leri-cr2=100 leri-cr3=100,leri-cr1=13 leri-cr2=100 leri-cr3=100,1171Mbit,1171Mbit,1
1791005598.336,leri-cr1=13 leri-cr2=100 leri-cr3=100,leri-cr1=13 leri-cr2=100 leri-cr3=100,leri-cr1=13 leri-cr2=100 leri-cr3=100,1171Mbit,1171Mbit,1
1791005608.383,leri-cr1=13 leri-cr2=100 leri-cr3=100,leri-cr1=13 leri-cr2=100 leri-cr3=100,leri-cr1=13 leri-cr2=100 leri-cr3=100,1171Mbit,1171Mbit,0
1791005618.462,leri-cr1=13 leri-cr2=100 leri-cr3=100,leri-cr1=13 leri-cr2=100 leri-cr3=100,leri-cr1=13 leri-cr2=100 leri-cr3=100,1171Mbit,1171Mbit,0
1791005628.872,leri-cr1=13 leri-cr2=100 leri-cr3=100,leri-cr1=13 leri-cr2=100 leri-cr3=100,leri-cr1=13 leri-cr2=100 leri-cr3=100,1171Mbit,1171Mbit,0
1791005638.954,leri-cr1=13 leri-cr2=100 leri-cr3=100,leri-cr1=13 leri-cr2=100 leri-cr3=100,leri-cr1=13 leri-cr2=100 leri-cr3=100,1171Mbit,1171Mbit,0
1791005649.032,leri-cr1=13 leri-cr2=100 leri-cr3=100,leri-cr1=13 leri-cr2=100 leri-cr3=100,leri-cr1=13 leri-cr2=100 leri-cr3=100,1171Mbit,1171Mbit,0
1791005659.108,leri-cr1=13 leri-cr2=100 leri-cr3=100,leri-cr1=13 leri-cr2=100 leri-cr3=100,leri-cr1=13 leri-cr2=100 leri-cr3=100,1171Mbit,1171Mbit,0
1791005669.186,leri-cr1=13 leri-cr2=100 leri-cr3=100,leri-cr1=13 leri-cr2=100 leri-cr3=100,leri-cr1=13 leri-cr2=100 leri-cr3=100,1171Mbit,1171Mbit,0
1791005679.264,leri-cr1=13 leri-cr2=100 leri-cr3=100,leri-cr1=13 leri-cr2=100 leri-cr3=100,leri-cr1=13 leri-cr2=100 leri-cr3=100,1171Mbit,1171Mbit,0
1791005689.685,leri-cr1=13 leri-cr2=100 leri-cr3=100,leri-cr1=13 leri-cr2=100 leri-cr3=100,leri-cr1=13 leri-cr2=100 leri-cr3=100,1171Mbit,1171Mbit,0
1791005699.764,leri-cr1=13 leri-cr2=100 leri-cr3=100,leri-cr1=13 leri-cr2=100 leri-cr3=100,leri-cr1=13 leri-cr2=100 leri-cr3=100,1171Mbit,1171Mbit,0
1791005709.842,leri-cr1=13 leri-cr2=100 leri-cr3=100,leri-cr1=13 leri-cr2=100 leri-cr3=100,leri-cr1=13 leri-cr2=100 leri-cr3=100,1171Mbit,1171Mbit,0
1791005719.919,leri-cr1=13 leri-cr2=100 leri-cr3=100,leri-cr1=13 leri-cr2=100 leri-cr3=100,leri-cr1=13 leri-cr2=100 leri-cr3=100,1171Mbit,1171Mbit,0
1791005729.994,leri-cr1=13 leri-cr2=100 leri-cr3=100,leri-cr1=13 leri-cr2=100 leri-cr3=100,leri-cr1=13 leri-cr2=100 leri-cr3=100,1171Mbit,1171Mbit,0
1791005740.287,leri-cr1=13 leri-cr2=100 leri-cr3=100,leri-cr1=13 leri-cr2=100 leri-cr3=100,leri-cr1=13 leri-cr2=100 leri-cr3=100,1171Mbit,1171Mbit,0
1791005750.346,leri-cr1=13 leri-cr2=100 leri-cr3=100,leri-cr1=13 leri-cr2=100 leri-cr3=100,leri-cr1=13 leri-cr2=100 leri-cr3=100,1171Mbit,1171Mbit,1
1791005760.400,leri-cr1=13 leri-cr2=100 leri-cr3=100,leri-cr1=13 leri-cr2=100 leri-cr3=100,leri-cr1=13 leri-cr2=100 leri-cr3=100,1171Mbit,1171Mbit,1
1791005770.456,leri-cr1=13 leri-cr2=100 leri-cr3=100,leri-cr1=13 leri-cr2=100 leri-cr3=100,leri-cr1=13 leri-cr2=100 leri-cr3=100,1171Mbit,1171Mbit,1
1791005780.512,leri-cr1=13 leri-cr2=100 leri-cr3=100,leri-cr1=13 leri-cr2=100 leri-cr3=100,leri-cr1=13 leri-cr2=100 leri-cr3=100,1171Mbit,1171Mbit,1
1791005790.560,leri-cr1=13 leri-cr2=100 leri-cr3=100,leri-cr1=13 leri-cr2=100 leri-cr3=100,leri-cr1=13 leri-cr2=100 leri-cr3=100,1171Mbit,1171Mbit,1
1791005800.837,leri-cr1=13 leri-cr2=100 leri-cr3=100,leri-cr1=13 leri-cr2=100 leri-cr3=100,leri-cr1=13 leri-cr2=100 leri-cr3=100,1171Mbit,1171Mbit,1
1791005810.901,leri-cr1=13 leri-cr2=100 leri-cr3=100,leri-cr1=13 leri-cr2=100 leri-cr3=100,leri-cr1=13 leri-cr2=100 leri-cr3=100,1171Mbit,1171Mbit,1
1791005820.954,leri-cr1=13 leri-cr2=100 leri-cr3=100,leri-cr1=13 leri-cr2=100 leri-cr3=100,leri-cr1=13 leri-cr2=100 leri-cr3=100,1171Mbit,1171Mbit,1
1791005831.008,leri-cr1=13 leri-cr2=100 leri-cr3=100,leri-cr1=13 leri-cr2=100 leri-cr3=100,leri-cr1=13 leri-cr2=100 leri-cr3=100,1171Mbit,1171Mbit,1
1791005841.057,leri-cr1=13 leri-cr2=100 leri-cr3=100,leri-cr1=13 leri-cr2=100 leri-cr3=100,leri-cr1=13 leri-cr2=100 leri-cr3=100,1171Mbit,1171Mbit,1
1791005851.112,leri-cr1=13 leri-cr2=100 leri-cr3=100,leri-cr1=13 leri-cr2=100 leri-cr3=100,leri-cr1=13 leri-cr2=100 leri-cr3=100,1171Mbit,1171Mbit,1
1791005861.404,leri-cr1=13 leri-cr2=100 leri-cr3=100,leri-cr1=13 leri-cr2=100 leri-cr3=100,leri-cr1=13 leri-cr2=100 leri-cr3=100,1171Mbit,1171Mbit,1
1791005871.466,leri-cr1=13 leri-cr2=100 leri-cr3=100,leri-cr1=13 leri-cr2=100 leri-cr3=100,leri-cr1=13 leri-cr2=100 leri-cr3=100,1171Mbit,1171Mbit,1
1791005881.553,leri-cr1=13 leri-cr2=100 leri-cr3=100,leri-cr1=13 leri-cr2=100 leri-cr3=100,leri-cr1=13 leri-cr2=100 leri-cr3=100,1171Mbit,1171Mbit,1
1791005891.606,leri-cr1=13 leri-cr2=100 leri-cr3=100,leri-cr1=13 leri-cr2=100 leri-cr3=100,leri-cr1=13 leri-cr2=100 leri-cr3=100,1171Mbit,1171Mbit,1
1791005901.654,leri-cr1=13 leri-cr2=100 leri-cr3=100,leri-cr1=13 leri-cr2=100 leri-cr3=100,leri-cr1=13 leri-cr2=100 leri-cr3=100,1171Mbit,1171Mbit,1
1791005911.706,leri-cr1=13 leri-cr2=100 leri-cr3=100,leri-cr1=13 leri-cr2=100 leri-cr3=100,leri-cr1=13 leri-cr2=100 leri-cr3=100,1171Mbit,1171Mbit,1
1791005922.020,leri-cr1=13 leri-cr2=100 leri-cr3=100,leri-cr1=13 leri-cr2=100 leri-cr3=100,leri-cr1=13 leri-cr2=100 leri-cr3=100,1171Mbit,1171Mbit,1
1791005932.076,leri-cr1=13 leri-cr2=100 leri-cr3=100,leri-cr1=13 leri-cr2=100 leri-cr3=100,leri-cr1=13 leri-cr2=100 leri-cr3=100,1171Mbit,1171Mbit,1
1791005942.134,leri-cr1=13 leri-cr2=100 leri-cr3=100,leri-cr1=13 leri-cr2=100 leri-cr3=100,leri-cr1=13 leri-cr2=100 leri-cr3=100,1171Mbit,1171Mbit,1
1791005952.190,leri-cr1=13 leri-cr2=100 leri-cr3=100,leri-cr1=13 leri-cr2=100 leri-cr3=100,leri-cr1=13 leri-cr2=100 leri-cr3=100,1171Mbit,1171Mbit,1
1791005962.239,leri-cr1=13 leri-cr2=100 leri-cr3=100,leri-cr1=13 leri-cr2=100 leri-cr3=100,leri-cr1=13 leri-cr2=100 leri-cr3=100,1171Mbit,1171Mbit,1
1791005972.285,leri-cr1=13 leri-cr2=100 leri-cr3=100,leri-cr1=13 leri-cr2=100 leri-cr3=100,leri-cr1=13 leri-cr2=100 leri-cr3=100,1171Mbit,1171Mbit,1
1791005982.580,leri-cr1=13 leri-cr2=100 leri-cr3=100,leri-cr1=13 leri-cr2=100 leri-cr3=100,leri-cr1=13 leri-cr2=100 leri-cr3=100,1171Mbit,1171Mbit,1
1791005992.656,leri-cr1=13 leri-cr2=100 leri-cr3=100,leri-cr1=13 leri-cr2=100 leri-cr3=100,leri-cr1=13 leri-cr2=100 leri-cr3=100,1171Mbit,1171Mbit,1
1791006002.707,leri-cr1=13 leri-cr2=100 leri-cr3=100,leri-cr1=13 leri-cr2=100 leri-cr3=100,leri-cr1=13 leri-cr2=100 leri-cr3=100,1171Mbit,1171Mbit,1
1791006012.757,leri-cr1=13 leri-cr2=100 leri-cr3=100,leri-cr1=13 leri-cr2=100 leri-cr3=100,leri-cr1=13 leri-cr2=100 leri-cr3=100,1171Mbit,1171Mbit,1
1791006022.811,leri-cr1=13 leri-cr2=100 leri-cr3=100,leri-cr1=13 leri-cr2=100 leri-cr3=100,leri-cr1=13 leri-cr2=100 leri-cr3=100,1171Mbit,1171Mbit,1
1791006032.859,leri-cr1=13 leri-cr2=100 leri-cr3=100,leri-cr1=13 leri-cr2=100 leri-cr3=100,leri-cr1=13 leri-cr2=100 leri-cr3=100,1171Mbit,1171Mbit,1
1791006043.071,leri-cr1=13 leri-cr2=100 leri-cr3=100,leri-cr1=13 leri-cr2=100 leri-cr3=100,leri-cr1=13 leri-cr2=100 leri-cr3=100,1171Mbit,1171Mbit,1
1791006053.128,leri-cr1=13 leri-cr2=100 leri-cr3=100,leri-cr1=13 leri-cr2=100 leri-cr3=100,leri-cr1=13 leri-cr2=100 leri-cr3=100,1171Mbit,1171Mbit,1
1791006063.182,leri-cr1=13 leri-cr2=100 leri-cr3=100,leri-cr1=13 leri-cr2=100 leri-cr3=100,leri-cr1=13 leri-cr2=100 leri-cr3=100,1171Mbit,1171Mbit,1
1791006073.237,leri-cr1=13 leri-cr2=100 leri-cr3=100,leri-cr1=13 leri-cr2=100 leri-cr3=100,leri-cr1=13 leri-cr2=100 leri-cr3=100,1171Mbit,1171Mbit,1
1791006083.282,leri-cr1=13 leri-cr2=100 leri-cr3=100,leri-cr1=13 leri-cr2=100 leri-cr3=100,leri-cr1=13 leri-cr2=100 leri-cr3=100,1171Mbit,1171Mbit,1
1791006093.338,leri-cr1=13 leri-cr2=100 leri-cr3=100,leri-cr1=13 leri-cr2=100 leri-cr3=100,leri-cr1=13 leri-cr2=100 leri-cr3=100,1171Mbit,1171Mbit,1
1791006103.636,leri-cr1=13 leri-cr2=100 leri-cr3=100,leri-cr1=13 leri-cr2=100 leri-cr3=100,leri-cr1=13 leri-cr2=100 leri-cr3=100,1171Mbit,1171Mbit,1
1791006113.694,leri-cr1=13 leri-cr2=100 leri-cr3=100,leri-cr1=13 leri-cr2=100 leri-cr3=100,leri-cr1=13 leri-cr2=100 leri-cr3=100,1171Mbit,1171Mbit,1
1791006123.752,leri-cr1=13 leri-cr2=100 leri-cr3=100,leri-cr1=13 leri-cr2=100 leri-cr3=100,leri-cr1=13 leri-cr2=100 leri-cr3=100,1171Mbit,1171Mbit,1
1791006133.805,leri-cr1=13 leri-cr2=100 leri-cr3=100,leri-cr1=13 leri-cr2=100 leri-cr3=100,leri-cr1=13 leri-cr2=100 leri-cr3=100,1171Mbit,1171Mbit,1
1791006143.860,leri-cr1=13 leri-cr2=100 leri-cr3=100,leri-cr1=13 leri-cr2=100 leri-cr3=100,leri-cr1=13 leri-cr2=100 leri-cr3=100,1171Mbit,1171Mbit,1
1791006153.912,leri-cr1=13 leri-cr2=100 leri-cr3=100,leri-cr1=13 leri-cr2=100 leri-cr3=100,leri-cr1=13 leri-cr2=100 leri-cr3=100,1171Mbit,1171Mbit,1
1791006164.150,leri-cr1=13 leri-cr2=100 leri-cr3=100,leri-cr1=13 leri-cr2=100 leri-cr3=100,leri-cr1=13 leri-cr2=100 leri-cr3=100,1171Mbit,1171Mbit,1
1791006174.196,leri-cr1=13 leri-cr2=100 leri-cr3=100,leri-cr1=13 leri-cr2=100 leri-cr3=100,leri-cr1=13 leri-cr2=100 leri-cr3=100,1171Mbit,1171Mbit,1
1791006184.242,leri-cr1=13 leri-cr2=100 leri-cr3=100,leri-cr1=13 leri-cr2=100 leri-cr3=100,leri-cr1=13 leri-cr2=100 leri-cr3=100,1171Mbit,1171Mbit,1
1791006194.291,leri-cr1=13 leri-cr2=100 leri-cr3=100,leri-cr1=13 leri-cr2=100 leri-cr3=100,leri-cr1=13 leri-cr2=100 leri-cr3=100,1171Mbit,1171Mbit,1
1791006204.345,leri-cr1=13 leri-cr2=100 leri-cr3=100,leri-cr1=13 leri-cr2=100 leri-cr3=100,leri-cr1=13 leri-cr2=100 leri-cr3=100,1171Mbit,1171Mbit,1
1791006214.392,leri-cr1=13 leri-cr2=100 leri-cr3=100,leri-cr1=13 leri-cr2=100 leri-cr3=100,leri-cr1=13 leri-cr2=100 leri-cr3=100,1171Mbit,1171Mbit,1
1791006224.671,leri-cr1=13 leri-cr2=100 leri-cr3=100,leri-cr1=13 leri-cr2=100 leri-cr3=100,leri-cr1=13 leri-cr2=100 leri-cr3=100,1171Mbit,1171Mbit,1
1791006234.715,leri-cr1=13 leri-cr2=100 leri-cr3=100,leri-cr1=13 leri-cr2=100 leri-cr3=100,leri-cr1=13 leri-cr2=100 leri-cr3=100,1171Mbit,1171Mbit,1
1791006244.761,leri-cr1=13 leri-cr2=100 leri-cr3=100,leri-cr1=13 leri-cr2=100 leri-cr3=100,leri-cr1=13 leri-cr2=100 leri-cr3=100,1171Mbit,1171Mbit,1
1791006254.814,leri-cr1=13 leri-cr2=100 leri-cr3=100,leri-cr1=13 leri-cr2=100 leri-cr3=100,leri-cr1=13 leri-cr2=100 leri-cr3=100,1171Mbit,1171Mbit,1
1791006264.866,leri-cr1=13 leri-cr2=100 leri-cr3=100,leri-cr1=13 leri-cr2=100 leri-cr3=100,leri-cr1=13 leri-cr2=100 leri-cr3=100,1171Mbit,1171Mbit,1
1791006274.913,leri-cr1=13 leri-cr2=100 leri-cr3=100,leri-cr1=13 leri-cr2=100 leri-cr3=100,leri-cr1=13 leri-cr2=100 leri-cr3=100,1171Mbit,1171Mbit,1
1791006285.206,leri-cr1=13 leri-cr2=100 leri-cr3=100,leri-cr1=13 leri-cr2=100 leri-cr3=100,leri-cr1=13 leri-cr2=100 leri-cr3=100,1171Mbit,1171Mbit,1
1791006295.258,leri-cr1=13 leri-cr2=100 leri-cr3=100,leri-cr1=13 leri-cr2=100 leri-cr3=100,leri-cr1=13 leri-cr2=100 leri-cr3=100,1171Mbit,1171Mbit,1
1791006305.311,leri-cr1=13 leri-cr2=100 leri-cr3=100,leri-cr1=13 leri-cr2=100 leri-cr3=100,leri-cr1=13 leri-cr2=100 leri-cr3=100,1171Mbit,1171Mbit,1
1791006315.365,leri-cr1=13 leri-cr2=100 leri-cr3=100,leri-cr1=13 leri-cr2=100 leri-cr3=100,leri-cr1=13 leri-cr2=100 leri-cr3=100,1171Mbit,1171Mbit,1
1791006325.420,leri-cr1=13 leri-cr2=100 leri-cr3=100,leri-cr1=13 leri-cr2=100 leri-cr3=100,leri-cr1=13 leri-cr2=100 leri-cr3=100,1171Mbit,1171Mbit,1
1791006335.470,leri-cr1=13 leri-cr2=100 leri-cr3=100,leri-cr1=13 leri-cr2=100 leri-cr3=100,leri-cr1=13 leri-cr2=100 leri-cr3=100,1171Mbit,1171Mbit,1
1791006345.750,leri-cr1=13 leri-cr2=100 leri-cr3=100,leri-cr1=13 leri-cr2=100 leri-cr3=100,leri-cr1=13 leri-cr2=100 leri-cr3=100,1171Mbit,1171Mbit,1
1791006355.806,leri-cr1=13 leri-cr2=100 leri-cr3=100,leri-cr1=13 leri-cr2=100 leri-cr3=100,leri-cr1=13 leri-cr2=100 leri-cr3=100,1171Mbit,1171Mbit,1
1791006365.890,leri-cr1=13 leri-cr2=100 leri-cr3=100,leri-cr1=13 leri-cr2=100 leri-cr3=100,leri-cr1=13 leri-cr2=100 leri-cr3=100,1171Mbit,1171Mbit,1
1791006375.939,leri-cr1=13 leri-cr2=100 leri-cr3=100,leri-cr1=13 leri-cr2=100 leri-cr3=100,leri-cr1=13 leri-cr2=100 leri-cr3=100,1171Mbit,1171Mbit,1
1791006386.025,leri-cr1=13 leri-cr2=100 leri-cr3=100,leri-cr1=13 leri-cr2=100 leri-cr3=100,leri-cr1=13 leri-cr2=100 leri-cr3=100,1171Mbit,1171Mbit,1
1791006396.078,leri-cr1=13 leri-cr2=100 leri-cr3=100,leri-cr1=13 leri-cr2=100 leri-cr3=100,leri-cr1=13 leri-cr2=100 leri-cr3=100,1171Mbit,1171Mbit,1
1791006406.386,leri-cr1=13 leri-cr2=100 leri-cr3=100,leri-cr1=13 leri-cr2=100 leri-cr3=100,leri-cr1=13 leri-cr2=100 leri-cr3=100,1171Mbit,1171Mbit,1
1791006416.438,leri-cr1=13 leri-cr2=100 leri-cr3=100,leri-cr1=13 leri-cr2=100 leri-cr3=100,leri-cr1=13 leri-cr2=100 leri-cr3=100,1171Mbit,1171Mbit,1
1791006426.492,leri-cr1=13 leri-cr2=100 leri-cr3=100,leri-cr1=13 leri-cr2=100 leri-cr3=100,leri-cr1=13 leri-cr2=100 leri-cr3=100,1171Mbit,1171Mbit,1
1791006436.546,leri-cr1=13 leri-cr2=100 leri-cr3=100,leri-cr1=13 leri-cr2=100 leri-cr3=100,leri-cr1=13 leri-cr2=100 leri-cr3=100,1171Mbit,1171Mbit,1
1791006446.599,leri-cr1=13 leri-cr2=100 leri-cr3=100,leri-cr1=13 leri-cr2=100 leri-cr3=100,leri-cr1=13 leri-cr2=100 leri-cr3=100,1171Mbit,1171Mbit,1
1791006456.650,leri-cr1=13 leri-cr2=100 leri-cr3=100,leri-cr1=13 leri-cr2=100 leri-cr3=100,leri-cr1=13 leri-cr2=100 leri-cr3=100,1171Mbit,1171Mbit,1
1791006466.952,leri-cr1=13 leri-cr2=100 leri-cr3=100,leri-cr1=13 leri-cr2=100 leri-cr3=100,leri-cr1=13 leri-cr2=100 leri-cr3=100,1171Mbit,1171Mbit,1
1791006477.011,leri-cr1=13 leri-cr2=100 leri-cr3=100,leri-cr1=13 leri-cr2=100 leri-cr3=100,leri-cr1=13 leri-cr2=100 leri-cr3=100,1171Mbit,1171Mbit,1
1791006487.063,leri-cr1=13 leri-cr2=100 leri-cr3=100,leri-cr1=13 leri-cr2=100 leri-cr3=100,leri-cr1=13 leri-cr2=100 leri-cr3=100,1171Mbit,1171Mbit,1
1791006497.111,leri-cr1=13 leri-cr2=100 leri-cr3=100,leri-cr1=13 leri-cr2=100 leri-cr3=100,leri-cr1=13 leri-cr2=100 leri-cr3=100,1171Mbit,1171Mbit,1
1791006507.168,leri-cr1=13 leri-cr2=100 leri-cr3=100,leri-cr1=13 leri-cr2=100 leri-cr3=100,leri-cr1=13 leri-cr2=100 leri-cr3=100,1171Mbit,1171Mbit,1
1791006517.229,leri-cr1=13 leri-cr2=100 leri-cr3=100,leri-cr1=13 leri-cr2=100 leri-cr3=100,leri-cr1=13 leri-cr2=100 leri-cr3=100,1171Mbit,1171Mbit,1
1791006527.517,leri-cr1=13 leri-cr2=100 leri-cr3=100,leri-cr1=13 leri-cr2=100 leri-cr3=100,leri-cr1=13 leri-cr2=100 leri-cr3=100,1171Mbit,1171Mbit,1
1791006537.571,leri-cr1=13 leri-cr2=100 leri-cr3=100,leri-cr1=13 leri-cr2=100 leri-cr3=100,leri-cr1=13 leri-cr2=100 leri-cr3=100,1171Mbit,1171Mbit,1
1791006547.622,leri-cr1=13 leri-cr2=100 leri-cr3=100,leri-cr1=13 leri-cr2=100 leri-cr3=100,leri-cr1=13 leri-cr2=100 leri-cr3=100,1171Mbit,1171Mbit,1
1791006557.672,leri-cr1=13 leri-cr2=100 leri-cr3=100,leri-cr1=13 leri-cr2=100 leri-cr3=100,leri-cr1=13 leri-cr2=100 leri-cr3=100,1171Mbit,1171Mbit,1
1791006567.728,leri-cr1=13 leri-cr2=100 leri-cr3=100,leri-cr1=13 leri-cr2=100 leri-cr3=100,leri-cr1=13 leri-cr2=100 leri-cr3=100,1171Mbit,1171Mbit,1
1791006577.780,leri-cr1=13 leri-cr2=100 leri-cr3=100,leri-cr1=13 leri-cr2=100 leri-cr3=100,leri-cr1=13 leri-cr2=100 leri-cr3=100,1171Mbit,1171Mbit,1
1791006588.065,leri-cr1=13 leri-cr2=100 leri-cr3=100,leri-cr1=13 leri-cr2=100 leri-cr3=100,leri-cr1=13 leri-cr2=100 leri-cr3=100,1171Mbit,1171Mbit,1
1791006598.118,leri-cr1=13 leri-cr2=100 leri-cr3=100,leri-cr1=13 leri-cr2=100 leri-cr3=100,leri-cr1=13 leri-cr2=100 leri-cr3=100,1171Mbit,1171Mbit,1
1791006608.172,leri-cr1=13 leri-cr2=100 leri-cr3=100,leri-cr1=13 leri-cr2=100 leri-cr3=100,leri-cr1=13 leri-cr2=100 leri-cr3=100,1171Mbit,1171Mbit,1
1791006618.229,leri-cr1=13 leri-cr2=100 leri-cr3=100,leri-cr1=13 leri-cr2=100 leri-cr3=100,leri-cr1=13 leri-cr2=100 leri-cr3=100,1171Mbit,1171Mbit,1
1791006628.276,leri-cr1=13 leri-cr2=100 leri-cr3=100,leri-cr1=13 leri-cr2=100 leri-cr3=100,leri-cr1=13 leri-cr2=100 leri-cr3=100,1171Mbit,1171Mbit,1
1791006638.331,leri-cr1=13 leri-cr2=100 leri-cr3=100,leri-cr1=13 leri-cr2=100 leri-cr3=100,leri-cr1=13 leri-cr2=100 leri-cr3=100,1171Mbit,1171Mbit,1
1791006648.614,leri-cr1=13 leri-cr2=100 leri-cr3=100,leri-cr1=13 leri-cr2=100 leri-cr3=100,leri-cr1=13 leri-cr2=100 leri-cr3=100,1171Mbit,1171Mbit,1
1791006658.670,leri-cr1=13 leri-cr2=100 leri-cr3=100,leri-cr1=13 leri-cr2=100 leri-cr3=100,leri-cr1=13 leri-cr2=100 leri-cr3=100,1171Mbit,1171Mbit,1
1791006668.726,leri-cr1=13 leri-cr2=100 leri-cr3=100,leri-cr1=13 leri-cr2=100 leri-cr3=100,leri-cr1=13 leri-cr2=100 leri-cr3=100,1171Mbit,1171Mbit,1
1791006678.775,leri-cr1=13 leri-cr2=100 leri-cr3=100,leri-cr1=13 leri-cr2=100 leri-cr3=100,leri-cr1=13 leri-cr2=100 leri-cr3=100,1171Mbit,1171Mbit,1
1791006688.831,leri-cr1=13 leri-cr2=100 leri-cr3=100,leri-cr1=13 leri-cr2=100 leri-cr3=100,leri-cr1=13 leri-cr2=100 leri-cr3=100,1171Mbit,1171Mbit,1
1791006698.883,leri-cr1=13 leri-cr2=100 leri-cr3=100,leri-cr1=13 leri-cr2=100 leri-cr3=100,leri-cr1=13 leri-cr2=100 leri-cr3=100,1171Mbit,1171Mbit,1
1791006709.167,leri-cr1=13 leri-cr2=100 leri-cr3=100,leri-cr1=13 leri-cr2=100 leri-cr3=100,leri-cr1=13 leri-cr2=100 leri-cr3=100,1171Mbit,1171Mbit,1
1791006719.222,leri-cr1=13 leri-cr2=100 leri-cr3=100,leri-cr1=13 leri-cr2=100 leri-cr3=100,leri-cr1=13 leri-cr2=100 leri-cr3=100,1171Mbit,1171Mbit,1
1791006729.272,leri-cr1=13 leri-cr2=100 leri-cr3=100,leri-cr1=13 leri-cr2=100 leri-cr3=100,leri-cr1=13 leri-cr2=100 leri-cr3=100,1171Mbit,1171Mbit,1
1791006739.319,leri-cr1=13 leri-cr2=100 leri-cr3=100,leri-cr1=13 leri-cr2=100 leri-cr3=100,leri-cr1=13 leri-cr2=100 leri-cr3=100,1171Mbit,1171Mbit,1
1791006749.370,leri-cr1=13 leri-cr2=100 leri-cr3=100,leri-cr1=13 leri-cr2=100 leri-cr3=100,leri-cr1=13 leri-cr2=100 leri-cr3=100,1171Mbit,1171Mbit,1
1791006759.414,leri-cr1=13 leri-cr2=100 leri-cr3=100,leri-cr1=13 leri-cr2=100 leri-cr3=100,leri-cr1=13 leri-cr2=100 leri-cr3=100,1171Mbit,1171Mbit,1
1791006769.710,leri-cr1=13 leri-cr2=100 leri-cr3=100,leri-cr1=13 leri-cr2=100 leri-cr3=100,leri-cr1=13 leri-cr2=100 leri-cr3=100,1171Mbit,1171Mbit,1
1791006779.763,leri-cr1=13 leri-cr2=100 leri-cr3=100,leri-cr1=13 leri-cr2=100 leri-cr3=100,leri-cr1=13 leri-cr2=100 leri-cr3=100,1171Mbit,1171Mbit,1
1791006789.812,leri-cr1=13 leri-cr2=100 leri-cr3=100,leri-cr1=13 leri-cr2=100 leri-cr3=100,leri-cr1=13 leri-cr2=100 leri-cr3=100,1171Mbit,1171Mbit,1
1791006799.856,leri-cr1=13 leri-cr2=100 leri-cr3=100,leri-cr1=13 leri-cr2=100 leri-cr3=100,leri-cr1=13 leri-cr2=100 leri-cr3=100,1171Mbit,1171Mbit,1
1791006809.909,leri-cr1=13 leri-cr2=100 leri-cr3=100,leri-cr1=13 leri-cr2=100 leri-cr3=100,leri-cr1=13 leri-cr2=100 leri-cr3=100,1171Mbit,1171Mbit,1
1791006819.960,leri-cr1=13 leri-cr2=100 leri-cr3=100,leri-cr1=13 leri-cr2=100 leri-cr3=100,leri-cr1=13 leri-cr2=100 leri-cr3=100,1171Mbit,1171Mbit,1
1791006830.233,leri-cr1=13 leri-cr2=100 leri-cr3=100,leri-cr1=13 leri-cr2=100 leri-cr3=100,leri-cr1=13 leri-cr2=100 leri-cr3=100,1171Mbit,1171Mbit,1
1791006840.288,leri-cr1=13 leri-cr2=100 leri-cr3=100,leri-cr1=13 leri-cr2=100 leri-cr3=100,leri-cr1=13 leri-cr2=100 leri-cr3=100,1171Mbit,1171Mbit,1
1791006850.335,leri-cr1=13 leri-cr2=100 leri-cr3=100,leri-cr1=13 leri-cr2=100 leri-cr3=100,leri-cr1=13 leri-cr2=100 leri-cr3=100,1171Mbit,1171Mbit,1
1791006860.387,leri-cr1=13 leri-cr2=100 leri-cr3=100,leri-cr1=13 leri-cr2=100 leri-cr3=100,leri-cr1=13 leri-cr2=100 leri-cr3=100,1171Mbit,1171Mbit,1
1791006870.457,leri-cr1=13 leri-cr2=100 leri-cr3=100,leri-cr1=13 leri-cr2=100 leri-cr3=100,leri-cr1=13 leri-cr2=100 leri-cr3=100,1171Mbit,1171Mbit,1
1791006880.507,leri-cr1=13 leri-cr2=100 leri-cr3=100,leri-cr1=13 leri-cr2=100 leri-cr3=100,leri-cr1=13 leri-cr2=100 leri-cr3=100,1171Mbit,1171Mbit,1
1791006890.803,leri-cr1=13 leri-cr2=100 leri-cr3=100,leri-cr1=13 leri-cr2=100 leri-cr3=100,leri-cr1=13 leri-cr2=100 leri-cr3=100,1171Mbit,1171Mbit,1
1791006900.859,leri-cr1=13 leri-cr2=100 leri-cr3=100,leri-cr1=13 leri-cr2=100 leri-cr3=100,leri-cr1=13 leri-cr2=100 leri-cr3=100,1171Mbit,1171Mbit,1
1791006910.904,leri-cr1=13 leri-cr2=100 leri-cr3=100,leri-cr1=13 leri-cr2=100 leri-cr3=100,leri-cr1=13 leri-cr2=100 leri-cr3=100,1171Mbit,1171Mbit,1
1791006920.963,leri-cr1=13 leri-cr2=100 leri-cr3=100,leri-cr1=13 leri-cr2=100 leri-cr3=100,leri-cr1=13 leri-cr2=100 leri-cr3=100,1171Mbit,1171Mbit,1
1791006931.012,leri-cr1=13 leri-cr2=100 leri-cr3=100,leri-cr1=13 leri-cr2=100 leri-cr3=100,leri-cr1=13 leri-cr2=100 leri-cr3=100,1171Mbit,1171Mbit,1
1791006941.064,leri-cr1=13 leri-cr2=100 leri-cr3=100,leri-cr1=13 leri-cr2=100 leri-cr3=100,leri-cr1=13 leri-cr2=100 leri-cr3=100,1171Mbit,1171Mbit,1
1791006951.382,leri-cr1=13 leri-cr2=100 leri-cr3=100,leri-cr1=13 leri-cr2=100 leri-cr3=100,leri-cr1=13 leri-cr2=100 leri-cr3=100,1171Mbit,1171Mbit,1
1791006961.434,leri-cr1=13 leri-cr2=100 leri-cr3=100,leri-cr1=13 leri-cr2=100 leri-cr3=100,leri-cr1=13 leri-cr2=100 leri-cr3=100,1171Mbit,1171Mbit,1
1791006971.495,leri-cr1=13 leri-cr2=100 leri-cr3=100,leri-cr1=13 leri-cr2=100 leri-cr3=100,leri-cr1=13 leri-cr2=100 leri-cr3=100,1171Mbit,1171Mbit,1
1791006981.547,leri-cr1=13 leri-cr2=100 leri-cr3=100,leri-cr1=13 leri-cr2=100 leri-cr3=100,leri-cr1=13 leri-cr2=100 leri-cr3=100,1171Mbit,1171Mbit,1
1791006991.599,leri-cr1=13 leri-cr2=100 leri-cr3=100,leri-cr1=13 leri-cr2=100 leri-cr3=100,leri-cr1=13 leri-cr2=100 leri-cr3=100,1171Mbit,1171Mbit,1
1791007001.650,leri-cr1=13 leri-cr2=100 leri-cr3=100,leri-cr1=13 leri-cr2=100 leri-cr3=100,leri-cr1=13 leri-cr2=100 leri-cr3=100,1171Mbit,1171Mbit,1
1791007011.936,leri-cr1=13 leri-cr2=100 leri-cr3=100,leri-cr1=13 leri-cr2=100 leri-cr3=100,leri-cr1=13 leri-cr2=100 leri-cr3=100,1171Mbit,1171Mbit,1
1791007021.988,leri-cr1=13 leri-cr2=100 leri-cr3=100,leri-cr1=13 leri-cr2=100 leri-cr3=100,leri-cr1=13 leri-cr2=100 leri-cr3=100,1171Mbit,1171Mbit,1
1791007032.045,leri-cr1=13 leri-cr2=100 leri-cr3=100,leri-cr1=13 leri-cr2=100 leri-cr3=100,leri-cr1=13 leri-cr2=100 leri-cr3=100,1171Mbit,1171Mbit,1
1791007042.098,leri-cr1=13 leri-cr2=100 leri-cr3=100,leri-cr1=13 leri-cr2=100 leri-cr3=100,leri-cr1=13 leri-cr2=100 leri-cr3=100,1171Mbit,1171Mbit,1
1791007052.149,leri-cr1=13 leri-cr2=100 leri-cr3=100,leri-cr1=13 leri-cr2=100 leri-cr3=100,leri-cr1=13 leri-cr2=100 leri-cr3=100,1171Mbit,1171Mbit,1
1791007062.431,leri-cr1=13 leri-cr2=100 leri-cr3=100,leri-cr1=13 leri-cr2=100 leri-cr3=100,leri-cr1=13 leri-cr2=100 leri-cr3=100,1171Mbit,1171Mbit,1
1791007072.479,leri-cr1=13 leri-cr2=100 leri-cr3=100,leri-cr1=13 leri-cr2=100 leri-cr3=100,leri-cr1=13 leri-cr2=100 leri-cr3=100,1171Mbit,1171Mbit,1
1791007082.536,leri-cr1=13 leri-cr2=100 leri-cr3=100,leri-cr1=13 leri-cr2=100 leri-cr3=100,leri-cr1=13 leri-cr2=100 leri-cr3=100,1171Mbit,1171Mbit,1
1791007092.592,leri-cr1=13 leri-cr2=100 leri-cr3=100,leri-cr1=13 leri-cr2=100 leri-cr3=100,leri-cr1=13 leri-cr2=100 leri-cr3=100,1171Mbit,1171Mbit,1
1791007102.640,leri-cr1=13 leri-cr2=100 leri-cr3=100,leri-cr1=13 leri-cr2=100 leri-cr3=100,leri-cr1=13 leri-cr2=100 leri-cr3=100,1171Mbit,1171Mbit,1
1791007112.690,leri-cr1=13 leri-cr2=100 leri-cr3=100,leri-cr1=13 leri-cr2=100 leri-cr3=100,leri-cr1=13 leri-cr2=100 leri-cr3=100,1171Mbit,1171Mbit,1
1791007122.928,leri-cr1=13 leri-cr2=100 leri-cr3=100,leri-cr1=13 leri-cr2=100 leri-cr3=100,leri-cr1=13 leri-cr2=100 leri-cr3=100,1171Mbit,1171Mbit,1
1791007132.976,leri-cr1=13 leri-cr2=100 leri-cr3=100,leri-cr1=13 leri-cr2=100 leri-cr3=100,leri-cr1=13 leri-cr2=100 leri-cr3=100,1171Mbit,1171Mbit,1
1791007143.026,leri-cr1=13 leri-cr2=100 leri-cr3=100,leri-cr1=13 leri-cr2=100 leri-cr3=100,leri-cr1=13 leri-cr2=100 leri-cr3=100,1171Mbit,1171Mbit,1
1791007153.068,leri-cr1=13 leri-cr2=100 leri-cr3=100,leri-cr1=13 leri-cr2=100 leri-cr3=100,leri-cr1=13 leri-cr2=100 leri-cr3=100,1171Mbit,1171Mbit,1
1791007163.119,leri-cr1=13 leri-cr2=100 leri-cr3=100,leri-cr1=13 leri-cr2=100 leri-cr3=100,leri-cr1=13 leri-cr2=100 leri-cr3=100,1171Mbit,1171Mbit,1
1791007173.171,leri-cr1=13 leri-cr2=100 leri-cr3=100,leri-cr1=13 leri-cr2=100 leri-cr3=100,leri-cr1=13 leri-cr2=100 leri-cr3=100,1171Mbit,1171Mbit,1
1791007183.468,leri-cr1=13 leri-cr2=100 leri-cr3=100,leri-cr1=13 leri-cr2=100 leri-cr3=100,leri-cr1=13 leri-cr2=100 leri-cr3=100,1171Mbit,1171Mbit,1
1791007193.519,leri-cr1=13 leri-cr2=100 leri-cr3=100,leri-cr1=13 leri-cr2=100 leri-cr3=100,leri-cr1=13 leri-cr2=100 leri-cr3=100,1171Mbit,1171Mbit,1
1791007203.568,leri-cr1=13 leri-cr2=100 leri-cr3=100,leri-cr1=13 leri-cr2=100 leri-cr3=100,leri-cr1=13 leri-cr2=100 leri-cr3=100,1171Mbit,1171Mbit,1
1791007213.623,leri-cr1=13 leri-cr2=100 leri-cr3=100,leri-cr1=13 leri-cr2=100 leri-cr3=100,leri-cr1=13 leri-cr2=100 leri-cr3=100,1171Mbit,1171Mbit,1
1791007223.670,leri-cr1=13 leri-cr2=100 leri-cr3=100,leri-cr1=13 leri-cr2=100 leri-cr3=100,leri-cr1=13 leri-cr2=100 leri-cr3=100,1171Mbit,1171Mbit,1
1791007233.718,leri-cr1=13 leri-cr2=100 leri-cr3=100,leri-cr1=13 leri-cr2=100 leri-cr3=100,leri-cr1=13 leri-cr2=100 leri-cr3=100,1171Mbit,1171Mbit,1
1791007244.003,leri-cr1=13 leri-cr2=100 leri-cr3=100,leri-cr1=13 leri-cr2=100 leri-cr3=100,leri-cr1=13 leri-cr2=100 leri-cr3=100,1171Mbit,1171Mbit,1
1791007254.054,leri-cr1=13 leri-cr2=100 leri-cr3=100,leri-cr1=13 leri-cr2=100 leri-cr3=100,leri-cr1=13 leri-cr2=100 leri-cr3=100,1171Mbit,1171Mbit,1
1791007264.100,leri-cr1=13 leri-cr2=100 leri-cr3=100,leri-cr1=13 leri-cr2=100 leri-cr3=100,leri-cr1=13 leri-cr2=100 leri-cr3=100,1171Mbit,1171Mbit,1
1791007274.157,leri-cr1=13 leri-cr2=100 leri-cr3=100,leri-cr1=13 leri-cr2=100 leri-cr3=100,leri-cr1=13 leri-cr2=100 leri-cr3=100,1171Mbit,1171Mbit,1
1791007284.238,leri-cr1=13 leri-cr2=100 leri-cr3=100,leri-cr1=13 leri-cr2=100 leri-cr3=100,leri-cr1=13 leri-cr2=100 leri-cr3=100,1171Mbit,1171Mbit,1
1791007294.295,leri-cr1=13 leri-cr2=100 leri-cr3=100,leri-cr1=13 leri-cr2=100 leri-cr3=100,leri-cr1=13 leri-cr2=100 leri-cr3=100,1171Mbit,1171Mbit,1
1791007304.534,leri-cr1=13 leri-cr2=100 leri-cr3=100,leri-cr1=13 leri-cr2=100 leri-cr3=100,leri-cr1=13 leri-cr2=100 leri-cr3=100,1171Mbit,1171Mbit,1
1791007314.592,leri-cr1=13 leri-cr2=100 leri-cr3=100,leri-cr1=13 leri-cr2=100 leri-cr3=100,leri-cr1=13 leri-cr2=100 leri-cr3=100,1171Mbit,1171Mbit,1
1791007324.649,leri-cr1=13 leri-cr2=100 leri-cr3=100,leri-cr1=13 leri-cr2=100 leri-cr3=100,leri-cr1=13 leri-cr2=100 leri-cr3=100,1171Mbit,1171Mbit,1
1791007334.698,leri-cr1=13 leri-cr2=100 leri-cr3=100,leri-cr1=13 leri-cr2=100 leri-cr3=100,leri-cr1=13 leri-cr2=100 leri-cr3=100,1171Mbit,1171Mbit,1
1791007344.750,leri-cr1=13 leri-cr2=100 leri-cr3=100,leri-cr1=13 leri-cr2=100 leri-cr3=100,leri-cr1=13 leri-cr2=100 leri-cr3=100,1171Mbit,1171Mbit,1
1791007354.802,leri-cr1=13 leri-cr2=100 leri-cr3=100,leri-cr1=13 leri-cr2=100 leri-cr3=100,leri-cr1=13 leri-cr2=100 leri-cr3=100,1171Mbit,1171Mbit,1
1791007365.072,leri-cr1=13 leri-cr2=100 leri-cr3=100,leri-cr1=13 leri-cr2=100 leri-cr3=100,leri-cr1=13 leri-cr2=100 leri-cr3=100,1171Mbit,1171Mbit,1
1791007375.125,leri-cr1=13 leri-cr2=100 leri-cr3=100,leri-cr1=13 leri-cr2=100 leri-cr3=100,leri-cr1=13 leri-cr2=100 leri-cr3=100,1171Mbit,1171Mbit,1
1791007385.179,leri-cr1=13 leri-cr2=100 leri-cr3=100,leri-cr1=13 leri-cr2=100 leri-cr3=100,leri-cr1=13 leri-cr2=100 leri-cr3=100,1171Mbit,1171Mbit,1
1791007395.228,leri-cr1=13 leri-cr2=100 leri-cr3=100,leri-cr1=13 leri-cr2=100 leri-cr3=100,leri-cr1=13 leri-cr2=100 leri-cr3=100,1171Mbit,1171Mbit,1
1791007405.277,leri-cr1=13 leri-cr2=100 leri-cr3=100,leri-cr1=13 leri-cr2=100 leri-cr3=100,leri-cr1=13 leri-cr2=100 leri-cr3=100,1171Mbit,1171Mbit,1
1791007415.329,leri-cr1=13 leri-cr2=100 leri-cr3=100,leri-cr1=13 leri-cr2=100 leri-cr3=100,leri-cr1=13 leri-cr2=100 leri-cr3=100,1171Mbit,1171Mbit,0
1791007425.767,leri-cr1=13 leri-cr2=100 leri-cr3=100,leri-cr1=13 leri-cr2=100 leri-cr3=100,leri-cr1=13 leri-cr2=100 leri-cr3=100,1171Mbit,1171Mbit,0
1791007435.851,leri-cr1=13 leri-cr2=100 leri-cr3=100,leri-cr1=13 leri-cr2=100 leri-cr3=100,leri-cr1=13 leri-cr2=100 leri-cr3=100,1171Mbit,1171Mbit,0
1791007445.931,leri-cr1=13 leri-cr2=100 leri-cr3=100,leri-cr1=13 leri-cr2=100 leri-cr3=100,leri-cr1=13 leri-cr2=100 leri-cr3=100,1171Mbit,1171Mbit,0
1791007456.010,leri-cr1=13 leri-cr2=100 leri-cr3=100,leri-cr1=13 leri-cr2=100 leri-cr3=100,leri-cr1=13 leri-cr2=100 leri-cr3=100,1171Mbit,1171Mbit,0
1791007466.104,leri-cr1=13 leri-cr2=100 leri-cr3=100,leri-cr1=13 leri-cr2=100 leri-cr3=100,leri-cr1=13 leri-cr2=100 leri-cr3=100,1171Mbit,1171Mbit,0
1791007476.184,leri-cr1=13 leri-cr2=100 leri-cr3=100,leri-cr1=13 leri-cr2=100 leri-cr3=100,leri-cr1=13 leri-cr2=100 leri-cr3=100,1171Mbit,1171Mbit,0
1791007486.601,leri-cr1=13 leri-cr2=100 leri-cr3=100,leri-cr1=13 leri-cr2=100 leri-cr3=100,leri-cr1=13 leri-cr2=100 leri-cr3=100,1171Mbit,1171Mbit,0
1791007496.682,leri-cr1=13 leri-cr2=100 leri-cr3=100,leri-cr1=13 leri-cr2=100 leri-cr3=100,leri-cr1=13 leri-cr2=100 leri-cr3=100,1171Mbit,1171Mbit,0
1791007506.759,leri-cr1=13 leri-cr2=100 leri-cr3=100,leri-cr1=13 leri-cr2=100 leri-cr3=100,leri-cr1=13 leri-cr2=100 leri-cr3=100,1171Mbit,1171Mbit,0
1791007516.837,leri-cr1=13 leri-cr2=100 leri-cr3=100,leri-cr1=13 leri-cr2=100 leri-cr3=100,leri-cr1=13 leri-cr2=100 leri-cr3=100,1171Mbit,1171Mbit,0
1791007526.918,leri-cr1=13 leri-cr2=100 leri-cr3=100,leri-cr1=13 leri-cr2=100 leri-cr3=100,leri-cr1=13 leri-cr2=100 leri-cr3=100,1171Mbit,1171Mbit,0
1791007536.961,leri-cr1=13 leri-cr2=100 leri-cr3=100,leri-cr1=13 leri-cr2=100 leri-cr3=100,leri-cr1=13 leri-cr2=100 leri-cr3=100,1171Mbit,1171Mbit,0
1791007547.238,leri-cr1=13 leri-cr2=100 leri-cr3=100,leri-cr1=13 leri-cr2=100 leri-cr3=100,leri-cr1=13 leri-cr2=100 leri-cr3=100,1171Mbit,1171Mbit,1
1791007557.287,leri-cr1=13 leri-cr2=100 leri-cr3=100,leri-cr1=13 leri-cr2=100 leri-cr3=100,leri-cr1=13 leri-cr2=100 leri-cr3=100,1171Mbit,1171Mbit,1
1791007567.341,leri-cr1=13 leri-cr2=100 leri-cr3=100,leri-cr1=13 leri-cr2=100 leri-cr3=100,leri-cr1=13 leri-cr2=100 leri-cr3=100,1171Mbit,1171Mbit,1
1791007577.398,leri-cr1=13 leri-cr2=100 leri-cr3=100,leri-cr1=13 leri-cr2=100 leri-cr3=100,leri-cr1=13 leri-cr2=100 leri-cr3=100,1171Mbit,1171Mbit,1
1791007587.457,leri-cr1=13 leri-cr2=100 leri-cr3=100,leri-cr1=13 leri-cr2=100 leri-cr3=100,leri-cr1=13 leri-cr2=100 leri-cr3=100,1171Mbit,1171Mbit,1
1791007597.510,leri-cr1=13 leri-cr2=100 leri-cr3=100,leri-cr1=13 leri-cr2=100 leri-cr3=100,leri-cr1=13 leri-cr2=100 leri-cr3=100,1171Mbit,1171Mbit,1
1791007607.806,leri-cr1=13 leri-cr2=100 leri-cr3=100,leri-cr1=13 leri-cr2=100 leri-cr3=100,leri-cr1=13 leri-cr2=100 leri-cr3=100,1171Mbit,1171Mbit,1
1791007617.854,leri-cr1=13 leri-cr2=100 leri-cr3=100,leri-cr1=13 leri-cr2=100 leri-cr3=100,leri-cr1=13 leri-cr2=100 leri-cr3=100,1171Mbit,1171Mbit,1
1791007627.910,leri-cr1=13 leri-cr2=100 leri-cr3=100,leri-cr1=13 leri-cr2=100 leri-cr3=100,leri-cr1=13 leri-cr2=100 leri-cr3=100,1171Mbit,1171Mbit,1
1791007637.957,leri-cr1=13 leri-cr2=100 leri-cr3=100,leri-cr1=13 leri-cr2=100 leri-cr3=100,leri-cr1=13 leri-cr2=100 leri-cr3=100,1171Mbit,1171Mbit,1
1791007648.010,leri-cr1=13 leri-cr2=100 leri-cr3=100,leri-cr1=13 leri-cr2=100 leri-cr3=100,leri-cr1=13 leri-cr2=100 leri-cr3=100,1171Mbit,1171Mbit,1
1791007658.084,leri-cr1=13 leri-cr2=100 leri-cr3=100,leri-cr1=13 leri-cr2=100 leri-cr3=100,leri-cr1=13 leri-cr2=100 leri-cr3=100,1171Mbit,1171Mbit,1
1791007668.386,leri-cr1=13 leri-cr2=100 leri-cr3=100,leri-cr1=13 leri-cr2=100 leri-cr3=100,leri-cr1=13 leri-cr2=100 leri-cr3=100,1171Mbit,1171Mbit,1
1791007678.456,leri-cr1=13 leri-cr2=100 leri-cr3=100,leri-cr1=13 leri-cr2=100 leri-cr3=100,leri-cr1=13 leri-cr2=100 leri-cr3=100,1171Mbit,1171Mbit,1
1791007688.510,leri-cr1=13 leri-cr2=100 leri-cr3=100,leri-cr1=13 leri-cr2=100 leri-cr3=100,leri-cr1=13 leri-cr2=100 leri-cr3=100,1171Mbit,1171Mbit,1
1791007698.562,leri-cr1=13 leri-cr2=100 leri-cr3=100,leri-cr1=13 leri-cr2=100 leri-cr3=100,leri-cr1=13 leri-cr2=100 leri-cr3=100,1171Mbit,1171Mbit,1
1791007708.617,leri-cr1=13 leri-cr2=100 leri-cr3=100,leri-cr1=13 leri-cr2=100 leri-cr3=100,leri-cr1=13 leri-cr2=100 leri-cr3=100,1171Mbit,1171Mbit,1
1791007718.672,leri-cr1=13 leri-cr2=100 leri-cr3=100,leri-cr1=13 leri-cr2=100 leri-cr3=100,leri-cr1=13 leri-cr2=100 leri-cr3=100,1171Mbit,1171Mbit,1
1791007728.978,leri-cr1=13 leri-cr2=100 leri-cr3=100,leri-cr1=13 leri-cr2=100 leri-cr3=100,leri-cr1=13 leri-cr2=100 leri-cr3=100,1171Mbit,1171Mbit,1
1791007739.033,leri-cr1=13 leri-cr2=100 leri-cr3=100,leri-cr1=13 leri-cr2=100 leri-cr3=100,leri-cr1=13 leri-cr2=100 leri-cr3=100,1171Mbit,1171Mbit,1
1791007749.090,leri-cr1=13 leri-cr2=100 leri-cr3=100,leri-cr1=13 leri-cr2=100 leri-cr3=100,leri-cr1=13 leri-cr2=100 leri-cr3=100,1171Mbit,1171Mbit,1
1791007759.139,leri-cr1=13 leri-cr2=100 leri-cr3=100,leri-cr1=13 leri-cr2=100 leri-cr3=100,leri-cr1=13 leri-cr2=100 leri-cr3=100,1171Mbit,1171Mbit,1
1791007769.185,leri-cr1=13 leri-cr2=100 leri-cr3=100,leri-cr1=13 leri-cr2=100 leri-cr3=100,leri-cr1=13 leri-cr2=100 leri-cr3=100,1171Mbit,1171Mbit,1
1791007779.235,leri-cr1=13 leri-cr2=100 leri-cr3=100,leri-cr1=13 leri-cr2=100 leri-cr3=100,leri-cr1=13 leri-cr2=100 leri-cr3=100,1171Mbit,1171Mbit,1
1791007789.532,leri-cr1=13 leri-cr2=100 leri-cr3=100,leri-cr1=13 leri-cr2=100 leri-cr3=100,leri-cr1=13 leri-cr2=100 leri-cr3=100,1171Mbit,1171Mbit,1
1791007799.587,leri-cr1=13 leri-cr2=100 leri-cr3=100,leri-cr1=13 leri-cr2=100 leri-cr3=100,leri-cr1=13 leri-cr2=100 leri-cr3=100,1171Mbit,1171Mbit,1
1791007809.640,leri-cr1=13 leri-cr2=100 leri-cr3=100,leri-cr1=13 leri-cr2=100 leri-cr3=100,leri-cr1=13 leri-cr2=100 leri-cr3=100,1171Mbit,1171Mbit,1
1791007819.694,leri-cr1=13 leri-cr2=100 leri-cr3=100,leri-cr1=13 leri-cr2=100 leri-cr3=100,leri-cr1=13 leri-cr2=100 leri-cr3=100,1171Mbit,1171Mbit,1
1791007829.751,leri-cr1=13 leri-cr2=100 leri-cr3=100,leri-cr1=13 leri-cr2=100 leri-cr3=100,leri-cr1=13 leri-cr2=100 leri-cr3=100,1171Mbit,1171Mbit,1
1791007839.803,leri-cr1=13 leri-cr2=100 leri-cr3=100,leri-cr1=13 leri-cr2=100 leri-cr3=100,leri-cr1=13 leri-cr2=100 leri-cr3=100,1171Mbit,1171Mbit,1
1791007850.107,leri-cr1=13 leri-cr2=100 leri-cr3=100,leri-cr1=13 leri-cr2=100 leri-cr3=100,leri-cr1=13 leri-cr2=100 leri-cr3=100,1171Mbit,1171Mbit,1
1791007860.157,leri-cr1=13 leri-cr2=100 leri-cr3=100,leri-cr1=13 leri-cr2=100 leri-cr3=100,leri-cr1=13 leri-cr2=100 leri-cr3=100,1171Mbit,1171Mbit,1
1791007870.205,leri-cr1=13 leri-cr2=100 leri-cr3=100,leri-cr1=13 leri-cr2=100 leri-cr3=100,leri-cr1=13 leri-cr2=100 leri-cr3=100,1171Mbit,1171Mbit,1
1791007880.258,leri-cr1=13 leri-cr2=100 leri-cr3=100,leri-cr1=13 leri-cr2=100 leri-cr3=100,leri-cr1=13 leri-cr2=100 leri-cr3=100,1171Mbit,1171Mbit,1
1791007890.310,leri-cr1=13 leri-cr2=100 leri-cr3=100,leri-cr1=13 leri-cr2=100 leri-cr3=100,leri-cr1=13 leri-cr2=100 leri-cr3=100,1171Mbit,1171Mbit,1
1791007900.366,leri-cr1=13 leri-cr2=100 leri-cr3=100,leri-cr1=13 leri-cr2=100 leri-cr3=100,leri-cr1=13 leri-cr2=100 leri-cr3=100,1171Mbit,1171Mbit,1
1791007910.637,leri-cr1=13 leri-cr2=100 leri-cr3=100,leri-cr1=13 leri-cr2=100 leri-cr3=100,leri-cr1=13 leri-cr2=100 leri-cr3=100,1171Mbit,1171Mbit,1
1791007920.685,leri-cr1=13 leri-cr2=100 leri-cr3=100,leri-cr1=13 leri-cr2=100 leri-cr3=100,leri-cr1=13 leri-cr2=100 leri-cr3=100,1171Mbit,1171Mbit,1
1791007930.738,leri-cr1=13 leri-cr2=100 leri-cr3=100,leri-cr1=13 leri-cr2=100 leri-cr3=100,leri-cr1=13 leri-cr2=100 leri-cr3=100,1171Mbit,1171Mbit,1
1791007940.792,leri-cr1=13 leri-cr2=100 leri-cr3=100,leri-cr1=13 leri-cr2=100 leri-cr3=100,leri-cr1=13 leri-cr2=100 leri-cr3=100,1171Mbit,1171Mbit,1
1791007950.846,leri-cr1=13 leri-cr2=100 leri-cr3=100,leri-cr1=13 leri-cr2=100 leri-cr3=100,leri-cr1=13 leri-cr2=100 leri-cr3=100,1171Mbit,1171Mbit,1
1791007960.900,leri-cr1=13 leri-cr2=100 leri-cr3=100,leri-cr1=13 leri-cr2=100 leri-cr3=100,leri-cr1=13 leri-cr2=100 leri-cr3=100,1171Mbit,1171Mbit,1
1791007971.163,leri-cr1=13 leri-cr2=100 leri-cr3=100,leri-cr1=13 leri-cr2=100 leri-cr3=100,leri-cr1=13 leri-cr2=100 leri-cr3=100,1171Mbit,1171Mbit,1
1791007981.209,leri-cr1=13 leri-cr2=100 leri-cr3=100,leri-cr1=13 leri-cr2=100 leri-cr3=100,leri-cr1=13 leri-cr2=100 leri-cr3=100,1171Mbit,1171Mbit,1
1791007991.263,leri-cr1=13 leri-cr2=100 leri-cr3=100,leri-cr1=13 leri-cr2=100 leri-cr3=100,leri-cr1=13 leri-cr2=100 leri-cr3=100,1171Mbit,1171Mbit,1
1791008001.314,leri-cr1=13 leri-cr2=100 leri-cr3=100,leri-cr1=13 leri-cr2=100 leri-cr3=100,leri-cr1=13 leri-cr2=100 leri-cr3=100,1171Mbit,1171Mbit,1
1791008011.362,leri-cr1=13 leri-cr2=100 leri-cr3=100,leri-cr1=13 leri-cr2=100 leri-cr3=100,leri-cr1=13 leri-cr2=100 leri-cr3=100,1171Mbit,1171Mbit,1
1791008021.414,leri-cr1=13 leri-cr2=100 leri-cr3=100,leri-cr1=13 leri-cr2=100 leri-cr3=100,leri-cr1=13 leri-cr2=100 leri-cr3=100,1171Mbit,1171Mbit,1
1791008031.680,leri-cr1=13 leri-cr2=100 leri-cr3=100,leri-cr1=13 leri-cr2=100 leri-cr3=100,leri-cr1=13 leri-cr2=100 leri-cr3=100,1171Mbit,1171Mbit,1
1791008041.734,leri-cr1=13 leri-cr2=100 leri-cr3=100,leri-cr1=13 leri-cr2=100 leri-cr3=100,leri-cr1=13 leri-cr2=100 leri-cr3=100,1171Mbit,1171Mbit,1
1791008051.787,leri-cr1=13 leri-cr2=100 leri-cr3=100,leri-cr1=13 leri-cr2=100 leri-cr3=100,leri-cr1=13 leri-cr2=100 leri-cr3=100,1171Mbit,1171Mbit,1
1791008061.844,leri-cr1=13 leri-cr2=100 leri-cr3=100,leri-cr1=13 leri-cr2=100 leri-cr3=100,leri-cr1=13 leri-cr2=100 leri-cr3=100,1171Mbit,1171Mbit,1
1791008071.901,leri-cr1=13 leri-cr2=100 leri-cr3=100,leri-cr1=13 leri-cr2=100 leri-cr3=100,leri-cr1=13 leri-cr2=100 leri-cr3=100,1171Mbit,1171Mbit,1
1791008081.958,leri-cr1=13 leri-cr2=100 leri-cr3=100,leri-cr1=13 leri-cr2=100 leri-cr3=100,leri-cr1=13 leri-cr2=100 leri-cr3=100,1171Mbit,1171Mbit,1
1791008092.216,leri-cr1=13 leri-cr2=100 leri-cr3=100,leri-cr1=13 leri-cr2=100 leri-cr3=100,leri-cr1=13 leri-cr2=100 leri-cr3=100,1171Mbit,1171Mbit,1
1791008102.268,leri-cr1=13 leri-cr2=100 leri-cr3=100,leri-cr1=13 leri-cr2=100 leri-cr3=100,leri-cr1=13 leri-cr2=100 leri-cr3=100,1171Mbit,1171Mbit,1
1791008112.323,leri-cr1=13 leri-cr2=100 leri-cr3=100,leri-cr1=13 leri-cr2=100 leri-cr3=100,leri-cr1=13 leri-cr2=100 leri-cr3=100,1171Mbit,1171Mbit,1
1791008122.373,leri-cr1=13 leri-cr2=100 leri-cr3=100,leri-cr1=13 leri-cr2=100 leri-cr3=100,leri-cr1=13 leri-cr2=100 leri-cr3=100,1171Mbit,1171Mbit,1
1791008132.422,leri-cr1=13 leri-cr2=100 leri-cr3=100,leri-cr1=13 leri-cr2=100 leri-cr3=100,leri-cr1=13 leri-cr2=100 leri-cr3=100,1171Mbit,1171Mbit,1
1791008142.469,leri-cr1=13 leri-cr2=100 leri-cr3=100,leri-cr1=13 leri-cr2=100 leri-cr3=100,leri-cr1=13 leri-cr2=100 leri-cr3=100,1171Mbit,1171Mbit,1
1791008152.795,leri-cr1=13 leri-cr2=100 leri-cr3=100,leri-cr1=13 leri-cr2=100 leri-cr3=100,leri-cr1=13 leri-cr2=100 leri-cr3=100,1171Mbit,1171Mbit,1
1791008162.845,leri-cr1=13 leri-cr2=100 leri-cr3=100,leri-cr1=13 leri-cr2=100 leri-cr3=100,leri-cr1=13 leri-cr2=100 leri-cr3=100,1171Mbit,1171Mbit,1
1791008172.898,leri-cr1=13 leri-cr2=100 leri-cr3=100,leri-cr1=13 leri-cr2=100 leri-cr3=100,leri-cr1=13 leri-cr2=100 leri-cr3=100,1171Mbit,1171Mbit,1
1791008182.943,leri-cr1=13 leri-cr2=100 leri-cr3=100,leri-cr1=13 leri-cr2=100 leri-cr3=100,leri-cr1=13 leri-cr2=100 leri-cr3=100,1171Mbit,1171Mbit,1
1791008192.996,leri-cr1=13 leri-cr2=100 leri-cr3=100,leri-cr1=13 leri-cr2=100 leri-cr3=100,leri-cr1=13 leri-cr2=100 leri-cr3=100,1171Mbit,1171Mbit,1
1791008203.046,leri-cr1=13 leri-cr2=100 leri-cr3=100,leri-cr1=13 leri-cr2=100 leri-cr3=100,leri-cr1=13 leri-cr2=100 leri-cr3=100,1171Mbit,1171Mbit,1
1791008213.308,leri-cr1=13 leri-cr2=100 leri-cr3=100,leri-cr1=13 leri-cr2=100 leri-cr3=100,leri-cr1=13 leri-cr2=100 leri-cr3=100,1171Mbit,1171Mbit,1
1791008223.359,leri-cr1=13 leri-cr2=100 leri-cr3=100,leri-cr1=13 leri-cr2=100 leri-cr3=100,leri-cr1=13 leri-cr2=100 leri-cr3=100,1171Mbit,1171Mbit,1
1791008233.412,leri-cr1=13 leri-cr2=100 leri-cr3=100,leri-cr1=13 leri-cr2=100 leri-cr3=100,leri-cr1=13 leri-cr2=100 leri-cr3=100,1171Mbit,1171Mbit,1
1791008243.472,leri-cr1=13 leri-cr2=100 leri-cr3=100,leri-cr1=13 leri-cr2=100 leri-cr3=100,leri-cr1=13 leri-cr2=100 leri-cr3=100,1171Mbit,1171Mbit,1
1791008253.527,leri-cr1=13 leri-cr2=100 leri-cr3=100,leri-cr1=13 leri-cr2=100 leri-cr3=100,leri-cr1=13 leri-cr2=100 leri-cr3=100,1171Mbit,1171Mbit,1
1791008263.580,leri-cr1=13 leri-cr2=100 leri-cr3=100,leri-cr1=13 leri-cr2=100 leri-cr3=100,leri-cr1=13 leri-cr2=100 leri-cr3=100,1171Mbit,1171Mbit,1
1791008273.856,leri-cr1=13 leri-cr2=100 leri-cr3=100,leri-cr1=13 leri-cr2=100 leri-cr3=100,leri-cr1=13 leri-cr2=100 leri-cr3=100,1171Mbit,1171Mbit,1
1791008283.908,leri-cr1=13 leri-cr2=100 leri-cr3=100,leri-cr1=13 leri-cr2=100 leri-cr3=100,leri-cr1=13 leri-cr2=100 leri-cr3=100,1171Mbit,1171Mbit,1
1791008293.953,leri-cr1=13 leri-cr2=100 leri-cr3=100,leri-cr1=13 leri-cr2=100 leri-cr3=100,leri-cr1=13 leri-cr2=100 leri-cr3=100,1171Mbit,1171Mbit,1
1791008304.012,leri-cr1=13 leri-cr2=100 leri-cr3=100,leri-cr1=13 leri-cr2=100 leri-cr3=100,leri-cr1=13 leri-cr2=100 leri-cr3=100,1171Mbit,1171Mbit,1
1791008314.058,leri-cr1=13 leri-cr2=100 leri-cr3=100,leri-cr1=13 leri-cr2=100 leri-cr3=100,leri-cr1=13 leri-cr2=100 leri-cr3=100,1171Mbit,1171Mbit,1
1791008324.110,leri-cr1=13 leri-cr2=100 leri-cr3=100,leri-cr1=13 leri-cr2=100 leri-cr3=100,leri-cr1=13 leri-cr2=100 leri-cr3=100,1171Mbit,1171Mbit,1
1791008334.432,leri-cr1=13 leri-cr2=100 leri-cr3=100,leri-cr1=13 leri-cr2=100 leri-cr3=100,leri-cr1=13 leri-cr2=100 leri-cr3=100,1171Mbit,1171Mbit,1
1791008344.485,leri-cr1=13 leri-cr2=100 leri-cr3=100,leri-cr1=13 leri-cr2=100 leri-cr3=100,leri-cr1=13 leri-cr2=100 leri-cr3=100,1171Mbit,1171Mbit,1
1791008354.535,leri-cr1=13 leri-cr2=100 leri-cr3=100,leri-cr1=13 leri-cr2=100 leri-cr3=100,leri-cr1=13 leri-cr2=100 leri-cr3=100,1171Mbit,1171Mbit,1
1791008364.588,leri-cr1=13 leri-cr2=100 leri-cr3=100,leri-cr1=13 leri-cr2=100 leri-cr3=100,leri-cr1=13 leri-cr2=100 leri-cr3=100,1171Mbit,1171Mbit,1
1791008374.639,leri-cr1=13 leri-cr2=100 leri-cr3=100,leri-cr1=13 leri-cr2=100 leri-cr3=100,leri-cr1=13 leri-cr2=100 leri-cr3=100,1171Mbit,1171Mbit,1
1791008384.688,leri-cr1=13 leri-cr2=100 leri-cr3=100,leri-cr1=13 leri-cr2=100 leri-cr3=100,leri-cr1=13 leri-cr2=100 leri-cr3=100,1171Mbit,1171Mbit,1
1791008394.960,leri-cr1=13 leri-cr2=100 leri-cr3=100,leri-cr1=13 leri-cr2=100 leri-cr3=100,leri-cr1=13 leri-cr2=100 leri-cr3=100,1171Mbit,1171Mbit,1
1791008405.015,leri-cr1=13 leri-cr2=100 leri-cr3=100,leri-cr1=13 leri-cr2=100 leri-cr3=100,leri-cr1=13 leri-cr2=100 leri-cr3=100,1171Mbit,1171Mbit,1
1791008415.064,leri-cr1=13 leri-cr2=100 leri-cr3=100,leri-cr1=13 leri-cr2=100 leri-cr3=100,leri-cr1=13 leri-cr2=100 leri-cr3=100,1171Mbit,1171Mbit,1
1791008425.117,leri-cr1=13 leri-cr2=100 leri-cr3=100,leri-cr1=13 leri-cr2=100 leri-cr3=100,leri-cr1=13 leri-cr2=100 leri-cr3=100,1171Mbit,1171Mbit,1
1791008435.168,leri-cr1=13 leri-cr2=100 leri-cr3=100,leri-cr1=13 leri-cr2=100 leri-cr3=100,leri-cr1=13 leri-cr2=100 leri-cr3=100,1171Mbit,1171Mbit,1
1791008445.461,leri-cr1=13 leri-cr2=100 leri-cr3=100,leri-cr1=13 leri-cr2=100 leri-cr3=100,leri-cr1=13 leri-cr2=100 leri-cr3=100,1171Mbit,1171Mbit,1
1791008455.515,leri-cr1=13 leri-cr2=100 leri-cr3=100,leri-cr1=13 leri-cr2=100 leri-cr3=100,leri-cr1=13 leri-cr2=100 leri-cr3=100,1171Mbit,1171Mbit,1
1791008465.590,leri-cr1=13 leri-cr2=100 leri-cr3=100,leri-cr1=13 leri-cr2=100 leri-cr3=100,leri-cr1=13 leri-cr2=100 leri-cr3=100,1171Mbit,1171Mbit,1
1791008475.643,leri-cr1=13 leri-cr2=100 leri-cr3=100,leri-cr1=13 leri-cr2=100 leri-cr3=100,leri-cr1=13 leri-cr2=100 leri-cr3=100,1171Mbit,1171Mbit,1
1791008485.697,leri-cr1=13 leri-cr2=100 leri-cr3=100,leri-cr1=13 leri-cr2=100 leri-cr3=100,leri-cr1=13 leri-cr2=100 leri-cr3=100,1171Mbit,1171Mbit,1
1791008495.748,leri-cr1=13 leri-cr2=100 leri-cr3=100,leri-cr1=13 leri-cr2=100 leri-cr3=100,leri-cr1=13 leri-cr2=100 leri-cr3=100,1171Mbit,1171Mbit,1
1791008506.015,leri-cr1=13 leri-cr2=100 leri-cr3=100,leri-cr1=13 leri-cr2=100 leri-cr3=100,leri-cr1=13 leri-cr2=100 leri-cr3=100,1171Mbit,1171Mbit,1
1791008516.064,leri-cr1=13 leri-cr2=100 leri-cr3=100,leri-cr1=13 leri-cr2=100 leri-cr3=100,leri-cr1=13 leri-cr2=100 leri-cr3=100,1171Mbit,1171Mbit,1
1791008526.115,leri-cr1=13 leri-cr2=100 leri-cr3=100,leri-cr1=13 leri-cr2=100 leri-cr3=100,leri-cr1=13 leri-cr2=100 leri-cr3=100,1171Mbit,1171Mbit,1
1791008536.162,leri-cr1=13 leri-cr2=100 leri-cr3=100,leri-cr1=13 leri-cr2=100 leri-cr3=100,leri-cr1=13 leri-cr2=100 leri-cr3=100,1171Mbit,1171Mbit,1
1791008546.211,leri-cr1=13 leri-cr2=100 leri-cr3=100,leri-cr1=13 leri-cr2=100 leri-cr3=100,leri-cr1=13 leri-cr2=100 leri-cr3=100,1171Mbit,1171Mbit,1
1791008556.259,leri-cr1=13 leri-cr2=100 leri-cr3=100,leri-cr1=13 leri-cr2=100 leri-cr3=100,leri-cr1=13 leri-cr2=100 leri-cr3=100,1171Mbit,1171Mbit,1
1791008566.534,leri-cr1=13 leri-cr2=100 leri-cr3=100,leri-cr1=13 leri-cr2=100 leri-cr3=100,leri-cr1=13 leri-cr2=100 leri-cr3=100,1171Mbit,1171Mbit,1
1791008576.589,leri-cr1=13 leri-cr2=100 leri-cr3=100,leri-cr1=13 leri-cr2=100 leri-cr3=100,leri-cr1=13 leri-cr2=100 leri-cr3=100,1171Mbit,1171Mbit,1
1791008586.638,leri-cr1=13 leri-cr2=100 leri-cr3=100,leri-cr1=13 leri-cr2=100 leri-cr3=100,leri-cr1=13 leri-cr2=100 leri-cr3=100,1171Mbit,1171Mbit,1
1791008596.681,leri-cr1=13 leri-cr2=100 leri-cr3=100,leri-cr1=13 leri-cr2=100 leri-cr3=100,leri-cr1=13 leri-cr2=100 leri-cr3=100,1171Mbit,1171Mbit,1
1791008606.728,leri-cr1=13 leri-cr2=100 leri-cr3=100,leri-cr1=13 leri-cr2=100 leri-cr3=100,leri-cr1=13 leri-cr2=100 leri-cr3=100,1171Mbit,1171Mbit,1
1791008616.778,leri-cr1=13 leri-cr2=100 leri-cr3=100,leri-cr1=13 leri-cr2=100 leri-cr3=100,leri-cr1=13 leri-cr2=100 leri-cr3=100,1171Mbit,1171Mbit,1
1791008627.020,leri-cr1=13 leri-cr2=100 leri-cr3=100,leri-cr1=13 leri-cr2=100 leri-cr3=100,leri-cr1=13 leri-cr2=100 leri-cr3=100,1171Mbit,1171Mbit,1
1791008637.078,leri-cr1=13 leri-cr2=100 leri-cr3=100,leri-cr1=13 leri-cr2=100 leri-cr3=100,leri-cr1=13 leri-cr2=100 leri-cr3=100,1171Mbit,1171Mbit,1
1791008647.132,leri-cr1=13 leri-cr2=100 leri-cr3=100,leri-cr1=13 leri-cr2=100 leri-cr3=100,leri-cr1=13 leri-cr2=100 leri-cr3=100,1171Mbit,1171Mbit,1
1791008657.186,leri-cr1=13 leri-cr2=100 leri-cr3=100,leri-cr1=13 leri-cr2=100 leri-cr3=100,leri-cr1=13 leri-cr2=100 leri-cr3=100,1171Mbit,1171Mbit,1
1791008667.236,leri-cr1=13 leri-cr2=100 leri-cr3=100,leri-cr1=13 leri-cr2=100 leri-cr3=100,leri-cr1=13 leri-cr2=100 leri-cr3=100,1171Mbit,1171Mbit,1
1791008677.292,leri-cr1=13 leri-cr2=100 leri-cr3=100,leri-cr1=13 leri-cr2=100 leri-cr3=100,leri-cr1=13 leri-cr2=100 leri-cr3=100,1171Mbit,1171Mbit,1
1791008687.584,leri-cr1=13 leri-cr2=100 leri-cr3=100,leri-cr1=13 leri-cr2=100 leri-cr3=100,leri-cr1=13 leri-cr2=100 leri-cr3=100,1171Mbit,1171Mbit,1
1791008697.640,leri-cr1=13 leri-cr2=100 leri-cr3=100,leri-cr1=13 leri-cr2=100 leri-cr3=100,leri-cr1=13 leri-cr2=100 leri-cr3=100,1171Mbit,1171Mbit,1
1791008707.692,leri-cr1=13 leri-cr2=100 leri-cr3=100,leri-cr1=13 leri-cr2=100 leri-cr3=100,leri-cr1=13 leri-cr2=100 leri-cr3=100,1171Mbit,1171Mbit,1
1791008717.749,leri-cr1=13 leri-cr2=100 leri-cr3=100,leri-cr1=13 leri-cr2=100 leri-cr3=100,leri-cr1=13 leri-cr2=100 leri-cr3=100,1171Mbit,1171Mbit,1
1791008727.798,leri-cr1=13 leri-cr2=100 leri-cr3=100,leri-cr1=13 leri-cr2=100 leri-cr3=100,leri-cr1=13 leri-cr2=100 leri-cr3=100,1171Mbit,1171Mbit,1
1791008737.853,leri-cr1=13 leri-cr2=100 leri-cr3=100,leri-cr1=13 leri-cr2=100 leri-cr3=100,leri-cr1=13 leri-cr2=100 leri-cr3=100,1171Mbit,1171Mbit,1
1791008748.121,leri-cr1=13 leri-cr2=100 leri-cr3=100,leri-cr1=13 leri-cr2=100 leri-cr3=100,leri-cr1=13 leri-cr2=100 leri-cr3=100,1171Mbit,1171Mbit,1
1791008758.172,leri-cr1=13 leri-cr2=100 leri-cr3=100,leri-cr1=13 leri-cr2=100 leri-cr3=100,leri-cr1=13 leri-cr2=100 leri-cr3=100,1171Mbit,1171Mbit,1
1791008768.218,leri-cr1=13 leri-cr2=100 leri-cr3=100,leri-cr1=13 leri-cr2=100 leri-cr3=100,leri-cr1=13 leri-cr2=100 leri-cr3=100,1171Mbit,1171Mbit,1
1791008778.273,leri-cr1=13 leri-cr2=100 leri-cr3=100,leri-cr1=13 leri-cr2=100 leri-cr3=100,leri-cr1=13 leri-cr2=100 leri-cr3=100,1171Mbit,1171Mbit,1
1791008788.326,leri-cr1=13 leri-cr2=100 leri-cr3=100,leri-cr1=13 leri-cr2=100 leri-cr3=100,leri-cr1=13 leri-cr2=100 leri-cr3=100,1171Mbit,1171Mbit,1
1791008798.378,leri-cr1=13 leri-cr2=100 leri-cr3=100,leri-cr1=13 leri-cr2=100 leri-cr3=100,leri-cr1=13 leri-cr2=100 leri-cr3=100,1171Mbit,1171Mbit,1
1791008808.681,leri-cr1=13 leri-cr2=100 leri-cr3=100,leri-cr1=13 leri-cr2=100 leri-cr3=100,leri-cr1=13 leri-cr2=100 leri-cr3=100,1171Mbit,1171Mbit,1
1791008818.734,leri-cr1=13 leri-cr2=100 leri-cr3=100,leri-cr1=13 leri-cr2=100 leri-cr3=100,leri-cr1=13 leri-cr2=100 leri-cr3=100,1171Mbit,1171Mbit,1
1791008828.788,leri-cr1=13 leri-cr2=100 leri-cr3=100,leri-cr1=13 leri-cr2=100 leri-cr3=100,leri-cr1=13 leri-cr2=100 leri-cr3=100,1171Mbit,1171Mbit,1
1791008838.841,leri-cr1=13 leri-cr2=100 leri-cr3=100,leri-cr1=13 leri-cr2=100 leri-cr3=100,leri-cr1=13 leri-cr2=100 leri-cr3=100,1171Mbit,1171Mbit,1
1791008848.887,leri-cr1=13 leri-cr2=100 leri-cr3=100,leri-cr1=13 leri-cr2=100 leri-cr3=100,leri-cr1=13 leri-cr2=100 leri-cr3=100,1171Mbit,1171Mbit,1
1791008858.934,leri-cr1=13 leri-cr2=100 leri-cr3=100,leri-cr1=13 leri-cr2=100 leri-cr3=100,leri-cr1=13 leri-cr2=100 leri-cr3=100,1171Mbit,1171Mbit,1
1791008869.229,leri-cr1=13 leri-cr2=100 leri-cr3=100,leri-cr1=13 leri-cr2=100 leri-cr3=100,leri-cr1=13 leri-cr2=100 leri-cr3=100,1171Mbit,1171Mbit,1
1791008879.275,leri-cr1=13 leri-cr2=100 leri-cr3=100,leri-cr1=13 leri-cr2=100 leri-cr3=100,leri-cr1=13 leri-cr2=100 leri-cr3=100,1171Mbit,1171Mbit,1
1791008889.327,leri-cr1=13 leri-cr2=100 leri-cr3=100,leri-cr1=13 leri-cr2=100 leri-cr3=100,leri-cr1=13 leri-cr2=100 leri-cr3=100,1171Mbit,1171Mbit,1
1791008899.370,leri-cr1=13 leri-cr2=100 leri-cr3=100,leri-cr1=13 leri-cr2=100 leri-cr3=100,leri-cr1=13 leri-cr2=100 leri-cr3=100,1171Mbit,1171Mbit,1
1791008909.418,leri-cr1=13 leri-cr2=100 leri-cr3=100,leri-cr1=13 leri-cr2=100 leri-cr3=100,leri-cr1=13 leri-cr2=100 leri-cr3=100,1171Mbit,1171Mbit,1
1791008919.473,leri-cr1=13 leri-cr2=100 leri-cr3=100,leri-cr1=13 leri-cr2=100 leri-cr3=100,leri-cr1=13 leri-cr2=100 leri-cr3=100,1171Mbit,1171Mbit,1
1791008929.743,leri-cr1=13 leri-cr2=100 leri-cr3=100,leri-cr1=13 leri-cr2=100 leri-cr3=100,leri-cr1=13 leri-cr2=100 leri-cr3=100,1171Mbit,1171Mbit,1
1791008939.794,leri-cr1=13 leri-cr2=100 leri-cr3=100,leri-cr1=13 leri-cr2=100 leri-cr3=100,leri-cr1=13 leri-cr2=100 leri-cr3=100,1171Mbit,1171Mbit,1
1791008949.844,leri-cr1=13 leri-cr2=100 leri-cr3=100,leri-cr1=13 leri-cr2=100 leri-cr3=100,leri-cr1=13 leri-cr2=100 leri-cr3=100,1171Mbit,1171Mbit,1
1791008959.901,leri-cr1=13 leri-cr2=100 leri-cr3=100,leri-cr1=13 leri-cr2=100 leri-cr3=100,leri-cr1=13 leri-cr2=100 leri-cr3=100,1171Mbit,1171Mbit,1
1791008969.943,leri-cr1=13 leri-cr2=100 leri-cr3=100,leri-cr1=13 leri-cr2=100 leri-cr3=100,leri-cr1=13 leri-cr2=100 leri-cr3=100,1171Mbit,1171Mbit,1
1791008979.996,leri-cr1=13 leri-cr2=100 leri-cr3=100,leri-cr1=13 leri-cr2=100 leri-cr3=100,leri-cr1=13 leri-cr2=100 leri-cr3=100,1171Mbit,1171Mbit,1
1791008990.299,leri-cr1=13 leri-cr2=100 leri-cr3=100,leri-cr1=13 leri-cr2=100 leri-cr3=100,leri-cr1=13 leri-cr2=100 leri-cr3=100,1171Mbit,1171Mbit,1
1791009000.347,leri-cr1=13 leri-cr2=100 leri-cr3=100,leri-cr1=13 leri-cr2=100 leri-cr3=100,leri-cr1=13 leri-cr2=100 leri-cr3=100,1171Mbit,1171Mbit,1
1791009010.390,leri-cr1=13 leri-cr2=100 leri-cr3=100,leri-cr1=13 leri-cr2=100 leri-cr3=100,leri-cr1=13 leri-cr2=100 leri-cr3=100,1171Mbit,1171Mbit,1
1791009020.446,leri-cr1=13 leri-cr2=100 leri-cr3=100,leri-cr1=13 leri-cr2=100 leri-cr3=100,leri-cr1=13 leri-cr2=100 leri-cr3=100,1171Mbit,1171Mbit,1
1791009030.526,leri-cr1=13 leri-cr2=100 leri-cr3=100,leri-cr1=13 leri-cr2=100 leri-cr3=100,leri-cr1=13 leri-cr2=100 leri-cr3=100,1171Mbit,1171Mbit,1
1791009040.579,leri-cr1=13 leri-cr2=100 leri-cr3=100,leri-cr1=13 leri-cr2=100 leri-cr3=100,leri-cr1=13 leri-cr2=100 leri-cr3=100,1171Mbit,1171Mbit,1
1791009050.865,leri-cr1=13 leri-cr2=100 leri-cr3=100,leri-cr1=13 leri-cr2=100 leri-cr3=100,leri-cr1=13 leri-cr2=100 leri-cr3=100,1171Mbit,1171Mbit,1
1791009060.920,leri-cr1=13 leri-cr2=100 leri-cr3=100,leri-cr1=13 leri-cr2=100 leri-cr3=100,leri-cr1=13 leri-cr2=100 leri-cr3=100,1171Mbit,1171Mbit,1
1791009070.974,leri-cr1=13 leri-cr2=100 leri-cr3=100,leri-cr1=13 leri-cr2=100 leri-cr3=100,leri-cr1=13 leri-cr2=100 leri-cr3=100,1171Mbit,1171Mbit,1
1791009081.026,leri-cr1=13 leri-cr2=100 leri-cr3=100,leri-cr1=13 leri-cr2=100 leri-cr3=100,leri-cr1=13 leri-cr2=100 leri-cr3=100,1171Mbit,1171Mbit,1
1791009091.081,leri-cr1=13 leri-cr2=100 leri-cr3=100,leri-cr1=13 leri-cr2=100 leri-cr3=100,leri-cr1=13 leri-cr2=100 leri-cr3=100,1171Mbit,1171Mbit,1
1791009101.133,leri-cr1=13 leri-cr2=100 leri-cr3=100,leri-cr1=13 leri-cr2=100 leri-cr3=100,leri-cr1=13 leri-cr2=100 leri-cr3=100,1171Mbit,1171Mbit,1
1791009111.403,leri-cr1=13 leri-cr2=100 leri-cr3=100,leri-cr1=13 leri-cr2=100 leri-cr3=100,leri-cr1=13 leri-cr2=100 leri-cr3=100,1171Mbit,1171Mbit,1
1791009121.452,leri-cr1=13 leri-cr2=100 leri-cr3=100,leri-cr1=13 leri-cr2=100 leri-cr3=100,leri-cr1=13 leri-cr2=100 leri-cr3=100,1171Mbit,1171Mbit,1
1791009131.506,leri-cr1=13 leri-cr2=100 leri-cr3=100,leri-cr1=13 leri-cr2=100 leri-cr3=100,leri-cr1=13 leri-cr2=100 leri-cr3=100,1171Mbit,1171Mbit,1
1791009141.552,leri-cr1=13 leri-cr2=100 leri-cr3=100,leri-cr1=13 leri-cr2=100 leri-cr3=100,leri-cr1=13 leri-cr2=100 leri-cr3=100,1171Mbit,1171Mbit,1
1791009151.603,leri-cr1=13 leri-cr2=100 leri-cr3=100,leri-cr1=13 leri-cr2=100 leri-cr3=100,leri-cr1=13 leri-cr2=100 leri-cr3=100,1171Mbit,1171Mbit,1
1791009161.653,leri-cr1=13 leri-cr2=100 leri-cr3=100,leri-cr1=13 leri-cr2=100 leri-cr3=100,leri-cr1=13 leri-cr2=100 leri-cr3=100,1171Mbit,1171Mbit,1
1791009171.928,leri-cr1=13 leri-cr2=100 leri-cr3=100,leri-cr1=13 leri-cr2=100 leri-cr3=100,leri-cr1=13 leri-cr2=100 leri-cr3=100,1171Mbit,1171Mbit,1
1791009181.974,leri-cr1=13 leri-cr2=100 leri-cr3=100,leri-cr1=13 leri-cr2=100 leri-cr3=100,leri-cr1=13 leri-cr2=100 leri-cr3=100,1171Mbit,1171Mbit,1
1791009192.022,leri-cr1=13 leri-cr2=100 leri-cr3=100,leri-cr1=13 leri-cr2=100 leri-cr3=100,leri-cr1=13 leri-cr2=100 leri-cr3=100,1171Mbit,1171Mbit,1
1791009202.073,leri-cr1=13 leri-cr2=100 leri-cr3=100,leri-cr1=13 leri-cr2=100 leri-cr3=100,leri-cr1=13 leri-cr2=100 leri-cr3=100,1171Mbit,1171Mbit,1
1791009212.124,leri-cr1=13 leri-cr2=100 leri-cr3=100,leri-cr1=13 leri-cr2=100 leri-cr3=100,leri-cr1=13 leri-cr2=100 leri-cr3=100,1171Mbit,1171Mbit,0
1791009222.199,leri-cr1=13 leri-cr2=100 leri-cr3=100,leri-cr1=13 leri-cr2=100 leri-cr3=100,leri-cr1=13 leri-cr2=100 leri-cr3=100,1171Mbit,1171Mbit,0
1791009232.645,leri-cr1=13 leri-cr2=100 leri-cr3=100,leri-cr1=13 leri-cr2=100 leri-cr3=100,leri-cr1=13 leri-cr2=100 leri-cr3=100,1171Mbit,1171Mbit,0
1791009242.727,leri-cr1=13 leri-cr2=100 leri-cr3=100,leri-cr1=13 leri-cr2=100 leri-cr3=100,leri-cr1=13 leri-cr2=100 leri-cr3=100,1171Mbit,1171Mbit,0
1791009252.807,leri-cr1=13 leri-cr2=100 leri-cr3=100,leri-cr1=13 leri-cr2=100 leri-cr3=100,leri-cr1=13 leri-cr2=100 leri-cr3=100,1171Mbit,1171Mbit,0
1791009262.888,leri-cr1=13 leri-cr2=100 leri-cr3=100,leri-cr1=13 leri-cr2=100 leri-cr3=100,leri-cr1=13 leri-cr2=100 leri-cr3=100,1171Mbit,1171Mbit,0
1791009272.968,leri-cr1=13 leri-cr2=100 leri-cr3=100,leri-cr1=13 leri-cr2=100 leri-cr3=100,leri-cr1=13 leri-cr2=100 leri-cr3=100,1171Mbit,1171Mbit,0
1791009283.051,leri-cr1=13 leri-cr2=100 leri-cr3=100,leri-cr1=13 leri-cr2=100 leri-cr3=100,leri-cr1=13 leri-cr2=100 leri-cr3=100,1171Mbit,1171Mbit,0
1791009293.482,leri-cr1=13 leri-cr2=100 leri-cr3=100,leri-cr1=13 leri-cr2=100 leri-cr3=100,leri-cr1=13 leri-cr2=100 leri-cr3=100,1171Mbit,1171Mbit,0
1791009303.561,leri-cr1=13 leri-cr2=100 leri-cr3=100,leri-cr1=13 leri-cr2=100 leri-cr3=100,leri-cr1=13 leri-cr2=100 leri-cr3=100,1171Mbit,1171Mbit,0
1791009313.644,leri-cr1=13 leri-cr2=100 leri-cr3=100,leri-cr1=13 leri-cr2=100 leri-cr3=100,leri-cr1=13 leri-cr2=100 leri-cr3=100,1171Mbit,1171Mbit,0
1791009323.723,leri-cr1=13 leri-cr2=100 leri-cr3=100,leri-cr1=13 leri-cr2=100 leri-cr3=100,leri-cr1=13 leri-cr2=100 leri-cr3=100,1171Mbit,1171Mbit,0
1791009333.799,leri-cr1=13 leri-cr2=100 leri-cr3=100,leri-cr1=13 leri-cr2=100 leri-cr3=100,leri-cr1=13 leri-cr2=100 leri-cr3=100,1171Mbit,1171Mbit,0
1791009343.853,leri-cr1=13 leri-cr2=100 leri-cr3=100,leri-cr1=13 leri-cr2=100 leri-cr3=100,leri-cr1=13 leri-cr2=100 leri-cr3=100,1171Mbit,1171Mbit,0
1791009354.170,leri-cr1=13 leri-cr2=100 leri-cr3=100,leri-cr1=13 leri-cr2=100 leri-cr3=100,leri-cr1=13 leri-cr2=100 leri-cr3=100,1171Mbit,1171Mbit,1
1791009364.228,leri-cr1=13 leri-cr2=100 leri-cr3=100,leri-cr1=13 leri-cr2=100 leri-cr3=100,leri-cr1=13 leri-cr2=100 leri-cr3=100,1171Mbit,1171Mbit,1
1791009374.286,leri-cr1=13 leri-cr2=100 leri-cr3=100,leri-cr1=13 leri-cr2=100 leri-cr3=100,leri-cr1=13 leri-cr2=100 leri-cr3=100,1171Mbit,1171Mbit,1
1791009384.343,leri-cr1=13 leri-cr2=100 leri-cr3=100,leri-cr1=13 leri-cr2=100 leri-cr3=100,leri-cr1=13 leri-cr2=100 leri-cr3=100,1171Mbit,1171Mbit,1
1791009394.394,leri-cr1=13 leri-cr2=100 leri-cr3=100,leri-cr1=13 leri-cr2=100 leri-cr3=100,leri-cr1=13 leri-cr2=100 leri-cr3=100,1171Mbit,1171Mbit,1
1791009404.449,leri-cr1=13 leri-cr2=100 leri-cr3=100,leri-cr1=13 leri-cr2=100 leri-cr3=100,leri-cr1=13 leri-cr2=100 leri-cr3=100,1171Mbit,1171Mbit,1
1791009414.702,leri-cr1=13 leri-cr2=100 leri-cr3=100,leri-cr1=13 leri-cr2=100 leri-cr3=100,leri-cr1=13 leri-cr2=100 leri-cr3=100,1171Mbit,1171Mbit,1
1791009424.754,leri-cr1=13 leri-cr2=100 leri-cr3=100,leri-cr1=13 leri-cr2=100 leri-cr3=100,leri-cr1=13 leri-cr2=100 leri-cr3=100,1171Mbit,1171Mbit,1
1791009434.803,leri-cr1=13 leri-cr2=100 leri-cr3=100,leri-cr1=13 leri-cr2=100 leri-cr3=100,leri-cr1=13 leri-cr2=100 leri-cr3=100,1171Mbit,1171Mbit,1
1791009444.851,leri-cr1=13 leri-cr2=100 leri-cr3=100,leri-cr1=13 leri-cr2=100 leri-cr3=100,leri-cr1=13 leri-cr2=100 leri-cr3=100,1171Mbit,1171Mbit,1
1791009454.903,leri-cr1=13 leri-cr2=100 leri-cr3=100,leri-cr1=13 leri-cr2=100 leri-cr3=100,leri-cr1=13 leri-cr2=100 leri-cr3=100,1171Mbit,1171Mbit,1
1791009464.960,leri-cr1=13 leri-cr2=100 leri-cr3=100,leri-cr1=13 leri-cr2=100 leri-cr3=100,leri-cr1=13 leri-cr2=100 leri-cr3=100,1171Mbit,1171Mbit,1
1791009475.275,leri-cr1=13 leri-cr2=100 leri-cr3=100,leri-cr1=13 leri-cr2=100 leri-cr3=100,leri-cr1=13 leri-cr2=100 leri-cr3=100,1171Mbit,1171Mbit,1
1791009485.326,leri-cr1=13 leri-cr2=100 leri-cr3=100,leri-cr1=13 leri-cr2=100 leri-cr3=100,leri-cr1=13 leri-cr2=100 leri-cr3=100,1171Mbit,1171Mbit,1
1791009495.374,leri-cr1=13 leri-cr2=100 leri-cr3=100,leri-cr1=13 leri-cr2=100 leri-cr3=100,leri-cr1=13 leri-cr2=100 leri-cr3=100,1171Mbit,1171Mbit,1
1791009505.418,leri-cr1=13 leri-cr2=100 leri-cr3=100,leri-cr1=13 leri-cr2=100 leri-cr3=100,leri-cr1=13 leri-cr2=100 leri-cr3=100,1171Mbit,1171Mbit,1
1791009515.470,leri-cr1=13 leri-cr2=100 leri-cr3=100,leri-cr1=13 leri-cr2=100 leri-cr3=100,leri-cr1=13 leri-cr2=100 leri-cr3=100,1171Mbit,1171Mbit,1
1791009525.513,leri-cr1=13 leri-cr2=100 leri-cr3=100,leri-cr1=13 leri-cr2=100 leri-cr3=100,leri-cr1=13 leri-cr2=100 leri-cr3=100,1171Mbit,1171Mbit,1
1791009535.807,leri-cr1=13 leri-cr2=100 leri-cr3=100,leri-cr1=13 leri-cr2=100 leri-cr3=100,leri-cr1=13 leri-cr2=100 leri-cr3=100,1171Mbit,1171Mbit,1
1791009545.864,leri-cr1=13 leri-cr2=100 leri-cr3=100,leri-cr1=13 leri-cr2=100 leri-cr3=100,leri-cr1=13 leri-cr2=100 leri-cr3=100,1171Mbit,1171Mbit,1
1791009555.920,leri-cr1=13 leri-cr2=100 leri-cr3=100,leri-cr1=13 leri-cr2=100 leri-cr3=100,leri-cr1=13 leri-cr2=100 leri-cr3=100,1171Mbit,1171Mbit,1
1791009565.973,leri-cr1=13 leri-cr2=100 leri-cr3=100,leri-cr1=13 leri-cr2=100 leri-cr3=100,leri-cr1=13 leri-cr2=100 leri-cr3=100,1171Mbit,1171Mbit,1
1791009576.024,leri-cr1=13 leri-cr2=100 leri-cr3=100,leri-cr1=13 leri-cr2=100 leri-cr3=100,leri-cr1=13 leri-cr2=100 leri-cr3=100,1171Mbit,1171Mbit,1
1791009586.075,leri-cr1=13 leri-cr2=100 leri-cr3=100,leri-cr1=13 leri-cr2=100 leri-cr3=100,leri-cr1=13 leri-cr2=100 leri-cr3=100,1171Mbit,1171Mbit,1
1791009596.370,leri-cr1=13 leri-cr2=100 leri-cr3=100,leri-cr1=13 leri-cr2=100 leri-cr3=100,leri-cr1=13 leri-cr2=100 leri-cr3=100,1171Mbit,1171Mbit,1
1791009606.422,leri-cr1=13 leri-cr2=100 leri-cr3=100,leri-cr1=13 leri-cr2=100 leri-cr3=100,leri-cr1=13 leri-cr2=100 leri-cr3=100,1171Mbit,1171Mbit,1
1791009616.473,leri-cr1=13 leri-cr2=100 leri-cr3=100,leri-cr1=13 leri-cr2=100 leri-cr3=100,leri-cr1=13 leri-cr2=100 leri-cr3=100,1171Mbit,1171Mbit,1
1791009626.527,leri-cr1=13 leri-cr2=100 leri-cr3=100,leri-cr1=13 leri-cr2=100 leri-cr3=100,leri-cr1=13 leri-cr2=100 leri-cr3=100,1171Mbit,1171Mbit,1
1791009636.571,leri-cr1=13 leri-cr2=100 leri-cr3=100,leri-cr1=13 leri-cr2=100 leri-cr3=100,leri-cr1=13 leri-cr2=100 leri-cr3=100,1171Mbit,1171Mbit,1
1791009646.850,leri-cr1=13 leri-cr2=100 leri-cr3=100,leri-cr1=13 leri-cr2=100 leri-cr3=100,leri-cr1=13 leri-cr2=100 leri-cr3=100,1171Mbit,1171Mbit,1
1791009656.899,leri-cr1=13 leri-cr2=100 leri-cr3=100,leri-cr1=13 leri-cr2=100 leri-cr3=100,leri-cr1=13 leri-cr2=100 leri-cr3=100,1171Mbit,1171Mbit,1
1791009666.952,leri-cr1=13 leri-cr2=100 leri-cr3=100,leri-cr1=13 leri-cr2=100 leri-cr3=100,leri-cr1=13 leri-cr2=100 leri-cr3=100,1171Mbit,1171Mbit,1
1791009677.001,leri-cr1=13 leri-cr2=100 leri-cr3=100,leri-cr1=13 leri-cr2=100 leri-cr3=100,leri-cr1=13 leri-cr2=100 leri-cr3=100,1171Mbit,1171Mbit,1
1791009687.054,leri-cr1=13 leri-cr2=100 leri-cr3=100,leri-cr1=13 leri-cr2=100 leri-cr3=100,leri-cr1=13 leri-cr2=100 leri-cr3=100,1171Mbit,1171Mbit,1
1791009697.099,leri-cr1=13 leri-cr2=100 leri-cr3=100,leri-cr1=13 leri-cr2=100 leri-cr3=100,leri-cr1=13 leri-cr2=100 leri-cr3=100,1171Mbit,1171Mbit,1
1791009707.336,leri-cr1=13 leri-cr2=100 leri-cr3=100,leri-cr1=13 leri-cr2=100 leri-cr3=100,leri-cr1=13 leri-cr2=100 leri-cr3=100,1171Mbit,1171Mbit,1
1791009717.382,leri-cr1=13 leri-cr2=100 leri-cr3=100,leri-cr1=13 leri-cr2=100 leri-cr3=100,leri-cr1=13 leri-cr2=100 leri-cr3=100,1171Mbit,1171Mbit,1
1791009727.434,leri-cr1=13 leri-cr2=100 leri-cr3=100,leri-cr1=13 leri-cr2=100 leri-cr3=100,leri-cr1=13 leri-cr2=100 leri-cr3=100,1171Mbit,1171Mbit,1
1791009737.478,leri-cr1=13 leri-cr2=100 leri-cr3=100,leri-cr1=13 leri-cr2=100 leri-cr3=100,leri-cr1=13 leri-cr2=100 leri-cr3=100,1171Mbit,1171Mbit,1
1791009747.530,leri-cr1=13 leri-cr2=100 leri-cr3=100,leri-cr1=13 leri-cr2=100 leri-cr3=100,leri-cr1=13 leri-cr2=100 leri-cr3=100,1171Mbit,1171Mbit,1
1791009757.579,leri-cr1=13 leri-cr2=100 leri-cr3=100,leri-cr1=13 leri-cr2=100 leri-cr3=100,leri-cr1=13 leri-cr2=100 leri-cr3=100,1171Mbit,1171Mbit,1
1791009767.818,leri-cr1=13 leri-cr2=100 leri-cr3=100,leri-cr1=13 leri-cr2=100 leri-cr3=100,leri-cr1=13 leri-cr2=100 leri-cr3=100,1171Mbit,1171Mbit,1
1791009777.867,leri-cr1=13 leri-cr2=100 leri-cr3=100,leri-cr1=13 leri-cr2=100 leri-cr3=100,leri-cr1=13 leri-cr2=100 leri-cr3=100,1171Mbit,1171Mbit,1
1791009787.919,leri-cr1=13 leri-cr2=100 leri-cr3=100,leri-cr1=13 leri-cr2=100 leri-cr3=100,leri-cr1=13 leri-cr2=100 leri-cr3=100,1171Mbit,1171Mbit,1
1791009797.971,leri-cr1=13 leri-cr2=100 leri-cr3=100,leri-cr1=13 leri-cr2=100 leri-cr3=100,leri-cr1=13 leri-cr2=100 leri-cr3=100,1171Mbit,1171Mbit,1
1791009808.026,leri-cr1=13 leri-cr2=100 leri-cr3=100,leri-cr1=13 leri-cr2=100 leri-cr3=100,leri-cr1=13 leri-cr2=100 leri-cr3=100,1171Mbit,1171Mbit,1
1791009818.073,leri-cr1=13 leri-cr2=100 leri-cr3=100,leri-cr1=13 leri-cr2=100 leri-cr3=100,leri-cr1=13 leri-cr2=100 leri-cr3=100,1171Mbit,1171Mbit,1
1791009828.388,leri-cr1=13 leri-cr2=100 leri-cr3=100,leri-cr1=13 leri-cr2=100 leri-cr3=100,leri-cr1=13 leri-cr2=100 leri-cr3=100,1171Mbit,1171Mbit,1
1791009838.442,leri-cr1=13 leri-cr2=100 leri-cr3=100,leri-cr1=13 leri-cr2=100 leri-cr3=100,leri-cr1=13 leri-cr2=100 leri-cr3=100,1171Mbit,1171Mbit,1
1791009848.494,leri-cr1=13 leri-cr2=100 leri-cr3=100,leri-cr1=13 leri-cr2=100 leri-cr3=100,leri-cr1=13 leri-cr2=100 leri-cr3=100,1171Mbit,1171Mbit,1
1791009858.543,leri-cr1=13 leri-cr2=100 leri-cr3=100,leri-cr1=13 leri-cr2=100 leri-cr3=100,leri-cr1=13 leri-cr2=100 leri-cr3=100,1171Mbit,1171Mbit,1
1791009868.589,leri-cr1=13 leri-cr2=100 leri-cr3=100,leri-cr1=13 leri-cr2=100 leri-cr3=100,leri-cr1=13 leri-cr2=100 leri-cr3=100,1171Mbit,1171Mbit,1
1791009878.645,leri-cr1=13 leri-cr2=100 leri-cr3=100,leri-cr1=13 leri-cr2=100 leri-cr3=100,leri-cr1=13 leri-cr2=100 leri-cr3=100,1171Mbit,1171Mbit,1
1791009888.945,leri-cr1=13 leri-cr2=100 leri-cr3=100,leri-cr1=13 leri-cr2=100 leri-cr3=100,leri-cr1=13 leri-cr2=100 leri-cr3=100,1171Mbit,1171Mbit,1
1791009898.996,leri-cr1=13 leri-cr2=100 leri-cr3=100,leri-cr1=13 leri-cr2=100 leri-cr3=100,leri-cr1=13 leri-cr2=100 leri-cr3=100,1171Mbit,1171Mbit,1
1791009909.061,leri-cr1=13 leri-cr2=100 leri-cr3=100,leri-cr1=13 leri-cr2=100 leri-cr3=100,leri-cr1=13 leri-cr2=100 leri-cr3=100,1171Mbit,1171Mbit,1
1791009919.114,leri-cr1=13 leri-cr2=100 leri-cr3=100,leri-cr1=13 leri-cr2=100 leri-cr3=100,leri-cr1=13 leri-cr2=100 leri-cr3=100,1171Mbit,1171Mbit,1
1791009929.159,leri-cr1=13 leri-cr2=100 leri-cr3=100,leri-cr1=13 leri-cr2=100 leri-cr3=100,leri-cr1=13 leri-cr2=100 leri-cr3=100,1171Mbit,1171Mbit,1
1791009939.213,leri-cr1=13 leri-cr2=100 leri-cr3=100,leri-cr1=13 leri-cr2=100 leri-cr3=100,leri-cr1=13 leri-cr2=100 leri-cr3=100,1171Mbit,1171Mbit,1
1791009949.478,leri-cr1=13 leri-cr2=100 leri-cr3=100,leri-cr1=13 leri-cr2=100 leri-cr3=100,leri-cr1=13 leri-cr2=100 leri-cr3=100,1171Mbit,1171Mbit,1
1791009959.527,leri-cr1=13 leri-cr2=100 leri-cr3=100,leri-cr1=13 leri-cr2=100 leri-cr3=100,leri-cr1=13 leri-cr2=100 leri-cr3=100,1171Mbit,1171Mbit,1
1791009969.579,leri-cr1=13 leri-cr2=100 leri-cr3=100,leri-cr1=13 leri-cr2=100 leri-cr3=100,leri-cr1=13 leri-cr2=100 leri-cr3=100,1171Mbit,1171Mbit,1
1791009979.630,leri-cr1=13 leri-cr2=100 leri-cr3=100,leri-cr1=13 leri-cr2=100 leri-cr3=100,leri-cr1=13 leri-cr2=100 leri-cr3=100,1171Mbit,1171Mbit,1
1791009989.684,leri-cr1=13 leri-cr2=100 leri-cr3=100,leri-cr1=13 leri-cr2=100 leri-cr3=100,leri-cr1=13 leri-cr2=100 leri-cr3=100,1171Mbit,1171Mbit,1
1791009999.738,leri-cr1=13 leri-cr2=100 leri-cr3=100,leri-cr1=13 leri-cr2=100 leri-cr3=100,leri-cr1=13 leri-cr2=100 leri-cr3=100,1171Mbit,1171Mbit,1
1791010010.002,leri-cr1=13 leri-cr2=100 leri-cr3=100,leri-cr1=13 leri-cr2=100 leri-cr3=100,leri-cr1=13 leri-cr2=100 leri-cr3=100,1171Mbit,1171Mbit,1
1791010020.051,leri-cr1=13 leri-cr2=100 leri-cr3=100,leri-cr1=13 leri-cr2=100 leri-cr3=100,leri-cr1=13 leri-cr2=100 leri-cr3=100,1171Mbit,1171Mbit,1
1791010030.103,leri-cr1=13 leri-cr2=100 leri-cr3=100,leri-cr1=13 leri-cr2=100 leri-cr3=100,leri-cr1=13 leri-cr2=100 leri-cr3=100,1171Mbit,1171Mbit,1
1791010040.151,leri-cr1=13 leri-cr2=100 leri-cr3=100,leri-cr1=13 leri-cr2=100 leri-cr3=100,leri-cr1=13 leri-cr2=100 leri-cr3=100,1171Mbit,1171Mbit,1
1791010050.202,leri-cr1=13 leri-cr2=100 leri-cr3=100,leri-cr1=13 leri-cr2=100 leri-cr3=100,leri-cr1=13 leri-cr2=100 leri-cr3=100,1171Mbit,1171Mbit,1
1791010060.254,leri-cr1=13 leri-cr2=100 leri-cr3=100,leri-cr1=13 leri-cr2=100 leri-cr3=100,leri-cr1=13 leri-cr2=100 leri-cr3=100,1171Mbit,1171Mbit,1
1791010070.471,leri-cr1=13 leri-cr2=100 leri-cr3=100,leri-cr1=13 leri-cr2=100 leri-cr3=100,leri-cr1=13 leri-cr2=100 leri-cr3=100,1171Mbit,1171Mbit,1
1791010080.526,leri-cr1=13 leri-cr2=100 leri-cr3=100,leri-cr1=13 leri-cr2=100 leri-cr3=100,leri-cr1=13 leri-cr2=100 leri-cr3=100,1171Mbit,1171Mbit,1
1791010090.579,leri-cr1=13 leri-cr2=100 leri-cr3=100,leri-cr1=13 leri-cr2=100 leri-cr3=100,leri-cr1=13 leri-cr2=100 leri-cr3=100,1171Mbit,1171Mbit,1
1791010100.630,leri-cr1=13 leri-cr2=100 leri-cr3=100,leri-cr1=13 leri-cr2=100 leri-cr3=100,leri-cr1=13 leri-cr2=100 leri-cr3=100,1171Mbit,1171Mbit,1
1791010110.686,leri-cr1=13 leri-cr2=100 leri-cr3=100,leri-cr1=13 leri-cr2=100 leri-cr3=100,leri-cr1=13 leri-cr2=100 leri-cr3=100,1171Mbit,1171Mbit,1
1791010120.739,leri-cr1=13 leri-cr2=100 leri-cr3=100,leri-cr1=13 leri-cr2=100 leri-cr3=100,leri-cr1=13 leri-cr2=100 leri-cr3=100,1171Mbit,1171Mbit,1
1791010131.047,leri-cr1=13 leri-cr2=100 leri-cr3=100,leri-cr1=13 leri-cr2=100 leri-cr3=100,leri-cr1=13 leri-cr2=100 leri-cr3=100,1171Mbit,1171Mbit,1
1791010141.102,leri-cr1=13 leri-cr2=100 leri-cr3=100,leri-cr1=13 leri-cr2=100 leri-cr3=100,leri-cr1=13 leri-cr2=100 leri-cr3=100,1171Mbit,1171Mbit,1
1791010151.142,leri-cr1=13 leri-cr2=100 leri-cr3=100,leri-cr1=13 leri-cr2=100 leri-cr3=100,leri-cr1=13 leri-cr2=100 leri-cr3=100,1171Mbit,1171Mbit,1
1791010161.194,leri-cr1=13 leri-cr2=100 leri-cr3=100,leri-cr1=13 leri-cr2=100 leri-cr3=100,leri-cr1=13 leri-cr2=100 leri-cr3=100,1171Mbit,1171Mbit,1
1791010171.253,leri-cr1=13 leri-cr2=100 leri-cr3=100,leri-cr1=13 leri-cr2=100 leri-cr3=100,leri-cr1=13 leri-cr2=100 leri-cr3=100,1171Mbit,1171Mbit,1
1791010181.311,leri-cr1=13 leri-cr2=100 leri-cr3=100,leri-cr1=13 leri-cr2=100 leri-cr3=100,leri-cr1=13 leri-cr2=100 leri-cr3=100,1171Mbit,1171Mbit,1
1791010191.613,leri-cr1=13 leri-cr2=100 leri-cr3=100,leri-cr1=13 leri-cr2=100 leri-cr3=100,leri-cr1=13 leri-cr2=100 leri-cr3=100,1171Mbit,1171Mbit,1
1791010201.666,leri-cr1=13 leri-cr2=100 leri-cr3=100,leri-cr1=13 leri-cr2=100 leri-cr3=100,leri-cr1=13 leri-cr2=100 leri-cr3=100,1171Mbit,1171Mbit,1
1791010211.723,leri-cr1=13 leri-cr2=100 leri-cr3=100,leri-cr1=13 leri-cr2=100 leri-cr3=100,leri-cr1=13 leri-cr2=100 leri-cr3=100,1171Mbit,1171Mbit,1
1791010221.776,leri-cr1=13 leri-cr2=100 leri-cr3=100,leri-cr1=13 leri-cr2=100 leri-cr3=100,leri-cr1=13 leri-cr2=100 leri-cr3=100,1171Mbit,1171Mbit,1
1791010231.826,leri-cr1=13 leri-cr2=100 leri-cr3=100,leri-cr1=13 leri-cr2=100 leri-cr3=100,leri-cr1=13 leri-cr2=100 leri-cr3=100,1171Mbit,1171Mbit,1
1791010241.883,leri-cr1=13 leri-cr2=100 leri-cr3=100,leri-cr1=13 leri-cr2=100 leri-cr3=100,leri-cr1=13 leri-cr2=100 leri-cr3=100,1171Mbit,1171Mbit,1
1791010252.103,leri-cr1=13 leri-cr2=100 leri-cr3=100,leri-cr1=13 leri-cr2=100 leri-cr3=100,leri-cr1=13 leri-cr2=100 leri-cr3=100,1171Mbit,1171Mbit,1
1791010262.156,leri-cr1=13 leri-cr2=100 leri-cr3=100,leri-cr1=13 leri-cr2=100 leri-cr3=100,leri-cr1=13 leri-cr2=100 leri-cr3=100,1171Mbit,1171Mbit,1
1791010272.204,leri-cr1=13 leri-cr2=100 leri-cr3=100,leri-cr1=13 leri-cr2=100 leri-cr3=100,leri-cr1=13 leri-cr2=100 leri-cr3=100,1171Mbit,1171Mbit,1
1791010282.258,leri-cr1=13 leri-cr2=100 leri-cr3=100,leri-cr1=13 leri-cr2=100 leri-cr3=100,leri-cr1=13 leri-cr2=100 leri-cr3=100,1171Mbit,1171Mbit,1
1791010292.308,leri-cr1=13 leri-cr2=100 leri-cr3=100,leri-cr1=13 leri-cr2=100 leri-cr3=100,leri-cr1=13 leri-cr2=100 leri-cr3=100,1171Mbit,1171Mbit,1
1791010302.354,leri-cr1=13 leri-cr2=100 leri-cr3=100,leri-cr1=13 leri-cr2=100 leri-cr3=100,leri-cr1=13 leri-cr2=100 leri-cr3=100,1171Mbit,1171Mbit,1
1791010312.672,leri-cr1=13 leri-cr2=100 leri-cr3=100,leri-cr1=13 leri-cr2=100 leri-cr3=100,leri-cr1=13 leri-cr2=100 leri-cr3=100,1171Mbit,1171Mbit,1
1791010322.727,leri-cr1=13 leri-cr2=100 leri-cr3=100,leri-cr1=13 leri-cr2=100 leri-cr3=100,leri-cr1=13 leri-cr2=100 leri-cr3=100,1171Mbit,1171Mbit,1
1791010332.778,leri-cr1=13 leri-cr2=100 leri-cr3=100,leri-cr1=13 leri-cr2=100 leri-cr3=100,leri-cr1=13 leri-cr2=100 leri-cr3=100,1171Mbit,1171Mbit,1
1791010342.830,leri-cr1=13 leri-cr2=100 leri-cr3=100,leri-cr1=13 leri-cr2=100 leri-cr3=100,leri-cr1=13 leri-cr2=100 leri-cr3=100,1171Mbit,1171Mbit,1
1791010352.882,leri-cr1=13 leri-cr2=100 leri-cr3=100,leri-cr1=13 leri-cr2=100 leri-cr3=100,leri-cr1=13 leri-cr2=100 leri-cr3=100,1171Mbit,1171Mbit,1
1791010362.934,leri-cr1=13 leri-cr2=100 leri-cr3=100,leri-cr1=13 leri-cr2=100 leri-cr3=100,leri-cr1=13 leri-cr2=100 leri-cr3=100,1171Mbit,1171Mbit,1
1791010373.222,leri-cr1=13 leri-cr2=100 leri-cr3=100,leri-cr1=13 leri-cr2=100 leri-cr3=100,leri-cr1=13 leri-cr2=100 leri-cr3=100,1171Mbit,1171Mbit,1
1791010383.274,leri-cr1=13 leri-cr2=100 leri-cr3=100,leri-cr1=13 leri-cr2=100 leri-cr3=100,leri-cr1=13 leri-cr2=100 leri-cr3=100,1171Mbit,1171Mbit,1
1791010393.323,leri-cr1=13 leri-cr2=100 leri-cr3=100,leri-cr1=13 leri-cr2=100 leri-cr3=100,leri-cr1=13 leri-cr2=100 leri-cr3=100,1171Mbit,1171Mbit,1
1791010403.374,leri-cr1=13 leri-cr2=100 leri-cr3=100,leri-cr1=13 leri-cr2=100 leri-cr3=100,leri-cr1=13 leri-cr2=100 leri-cr3=100,1171Mbit,1171Mbit,1
1791010413.426,leri-cr1=13 leri-cr2=100 leri-cr3=100,leri-cr1=13 leri-cr2=100 leri-cr3=100,leri-cr1=13 leri-cr2=100 leri-cr3=100,1171Mbit,1171Mbit,1
1791010423.477,leri-cr1=13 leri-cr2=100 leri-cr3=100,leri-cr1=13 leri-cr2=100 leri-cr3=100,leri-cr1=13 leri-cr2=100 leri-cr3=100,1171Mbit,1171Mbit,1
1791010433.748,leri-cr1=13 leri-cr2=100 leri-cr3=100,leri-cr1=13 leri-cr2=100 leri-cr3=100,leri-cr1=13 leri-cr2=100 leri-cr3=100,1171Mbit,1171Mbit,1
1791010443.796,leri-cr1=13 leri-cr2=100 leri-cr3=100,leri-cr1=13 leri-cr2=100 leri-cr3=100,leri-cr1=13 leri-cr2=100 leri-cr3=100,1171Mbit,1171Mbit,1
1791010453.846,leri-cr1=13 leri-cr2=100 leri-cr3=100,leri-cr1=13 leri-cr2=100 leri-cr3=100,leri-cr1=13 leri-cr2=100 leri-cr3=100,1171Mbit,1171Mbit,1
1791010463.898,leri-cr1=13 leri-cr2=100 leri-cr3=100,leri-cr1=13 leri-cr2=100 leri-cr3=100,leri-cr1=13 leri-cr2=100 leri-cr3=100,1171Mbit,1171Mbit,1
1791010473.946,leri-cr1=13 leri-cr2=100 leri-cr3=100,leri-cr1=13 leri-cr2=100 leri-cr3=100,leri-cr1=13 leri-cr2=100 leri-cr3=100,1171Mbit,1171Mbit,1
1791010483.996,leri-cr1=13 leri-cr2=100 leri-cr3=100,leri-cr1=13 leri-cr2=100 leri-cr3=100,leri-cr1=13 leri-cr2=100 leri-cr3=100,1171Mbit,1171Mbit,1
1791010494.242,leri-cr1=13 leri-cr2=100 leri-cr3=100,leri-cr1=13 leri-cr2=100 leri-cr3=100,leri-cr1=13 leri-cr2=100 leri-cr3=100,1171Mbit,1171Mbit,1
1791010504.299,leri-cr1=13 leri-cr2=100 leri-cr3=100,leri-cr1=13 leri-cr2=100 leri-cr3=100,leri-cr1=13 leri-cr2=100 leri-cr3=100,1171Mbit,1171Mbit,1
1791010514.354,leri-cr1=13 leri-cr2=100 leri-cr3=100,leri-cr1=13 leri-cr2=100 leri-cr3=100,leri-cr1=13 leri-cr2=100 leri-cr3=100,1171Mbit,1171Mbit,1
1791010524.414,leri-cr1=13 leri-cr2=100 leri-cr3=100,leri-cr1=13 leri-cr2=100 leri-cr3=100,leri-cr1=13 leri-cr2=100 leri-cr3=100,1171Mbit,1171Mbit,1
1791010534.467,leri-cr1=13 leri-cr2=100 leri-cr3=100,leri-cr1=13 leri-cr2=100 leri-cr3=100,leri-cr1=13 leri-cr2=100 leri-cr3=100,1171Mbit,1171Mbit,1
1791010544.518,leri-cr1=13 leri-cr2=100 leri-cr3=100,leri-cr1=13 leri-cr2=100 leri-cr3=100,leri-cr1=13 leri-cr2=100 leri-cr3=100,1171Mbit,1171Mbit,1
1791010554.817,leri-cr1=13 leri-cr2=100 leri-cr3=100,leri-cr1=13 leri-cr2=100 leri-cr3=100,leri-cr1=13 leri-cr2=100 leri-cr3=100,1171Mbit,1171Mbit,1
1791010564.874,leri-cr1=13 leri-cr2=100 leri-cr3=100,leri-cr1=13 leri-cr2=100 leri-cr3=100,leri-cr1=13 leri-cr2=100 leri-cr3=100,1171Mbit,1171Mbit,1
1791010574.925,leri-cr1=13 leri-cr2=100 leri-cr3=100,leri-cr1=13 leri-cr2=100 leri-cr3=100,leri-cr1=13 leri-cr2=100 leri-cr3=100,1171Mbit,1171Mbit,1
1791010584.978,leri-cr1=13 leri-cr2=100 leri-cr3=100,leri-cr1=13 leri-cr2=100 leri-cr3=100,leri-cr1=13 leri-cr2=100 leri-cr3=100,1171Mbit,1171Mbit,1
1791010595.034,leri-cr1=13 leri-cr2=100 leri-cr3=100,leri-cr1=13 leri-cr2=100 leri-cr3=100,leri-cr1=13 leri-cr2=100 leri-cr3=100,1171Mbit,1171Mbit,1
1791010605.084,leri-cr1=13 leri-cr2=100 leri-cr3=100,leri-cr1=13 leri-cr2=100 leri-cr3=100,leri-cr1=13 leri-cr2=100 leri-cr3=100,1171Mbit,1171Mbit,1
1791010615.346,leri-cr1=13 leri-cr2=100 leri-cr3=100,leri-cr1=13 leri-cr2=100 leri-cr3=100,leri-cr1=13 leri-cr2=100 leri-cr3=100,1171Mbit,1171Mbit,1
1791010625.390,leri-cr1=13 leri-cr2=100 leri-cr3=100,leri-cr1=13 leri-cr2=100 leri-cr3=100,leri-cr1=13 leri-cr2=100 leri-cr3=100,1171Mbit,1171Mbit,1
1791010635.444,leri-cr1=13 leri-cr2=100 leri-cr3=100,leri-cr1=13 leri-cr2=100 leri-cr3=100,leri-cr1=13 leri-cr2=100 leri-cr3=100,1171Mbit,1171Mbit,1
1791010645.499,leri-cr1=13 leri-cr2=100 leri-cr3=100,leri-cr1=13 leri-cr2=100 leri-cr3=100,leri-cr1=13 leri-cr2=100 leri-cr3=100,1171Mbit,1171Mbit,1
1791010655.553,leri-cr1=13 leri-cr2=100 leri-cr3=100,leri-cr1=13 leri-cr2=100 leri-cr3=100,leri-cr1=13 leri-cr2=100 leri-cr3=100,1171Mbit,1171Mbit,1
1791010665.605,leri-cr1=13 leri-cr2=100 leri-cr3=100,leri-cr1=13 leri-cr2=100 leri-cr3=100,leri-cr1=13 leri-cr2=100 leri-cr3=100,1171Mbit,1171Mbit,1
1791010675.862,leri-cr1=13 leri-cr2=100 leri-cr3=100,leri-cr1=13 leri-cr2=100 leri-cr3=100,leri-cr1=13 leri-cr2=100 leri-cr3=100,1171Mbit,1171Mbit,1
1791010685.913,leri-cr1=13 leri-cr2=100 leri-cr3=100,leri-cr1=13 leri-cr2=100 leri-cr3=100,leri-cr1=13 leri-cr2=100 leri-cr3=100,1171Mbit,1171Mbit,1
1791010695.957,leri-cr1=13 leri-cr2=100 leri-cr3=100,leri-cr1=13 leri-cr2=100 leri-cr3=100,leri-cr1=13 leri-cr2=100 leri-cr3=100,1171Mbit,1171Mbit,1
1791010706.006,leri-cr1=13 leri-cr2=100 leri-cr3=100,leri-cr1=13 leri-cr2=100 leri-cr3=100,leri-cr1=13 leri-cr2=100 leri-cr3=100,1171Mbit,1171Mbit,1
1791010716.053,leri-cr1=13 leri-cr2=100 leri-cr3=100,leri-cr1=13 leri-cr2=100 leri-cr3=100,leri-cr1=13 leri-cr2=100 leri-cr3=100,1171Mbit,1171Mbit,1
1791010726.110,leri-cr1=13 leri-cr2=100 leri-cr3=100,leri-cr1=13 leri-cr2=100 leri-cr3=100,leri-cr1=13 leri-cr2=100 leri-cr3=100,1171Mbit,1171Mbit,1
1791010736.368,leri-cr1=13 leri-cr2=100 leri-cr3=100,leri-cr1=13 leri-cr2=100 leri-cr3=100,leri-cr1=13 leri-cr2=100 leri-cr3=100,1171Mbit,1171Mbit,1
1791010746.431,leri-cr1=13 leri-cr2=100 leri-cr3=100,leri-cr1=13 leri-cr2=100 leri-cr3=100,leri-cr1=13 leri-cr2=100 leri-cr3=100,1171Mbit,1171Mbit,1
1791010756.479,leri-cr1=13 leri-cr2=100 leri-cr3=100,leri-cr1=13 leri-cr2=100 leri-cr3=100,leri-cr1=13 leri-cr2=100 leri-cr3=100,1171Mbit,1171Mbit,1
1791010766.531,leri-cr1=13 leri-cr2=100 leri-cr3=100,leri-cr1=13 leri-cr2=100 leri-cr3=100,leri-cr1=13 leri-cr2=100 leri-cr3=100,1171Mbit,1171Mbit,1
1791010776.583,leri-cr1=13 leri-cr2=100 leri-cr3=100,leri-cr1=13 leri-cr2=100 leri-cr3=100,leri-cr1=13 leri-cr2=100 leri-cr3=100,1171Mbit,1171Mbit,1
1791010786.634,leri-cr1=13 leri-cr2=100 leri-cr3=100,leri-cr1=13 leri-cr2=100 leri-cr3=100,leri-cr1=13 leri-cr2=100 leri-cr3=100,1171Mbit,1171Mbit,1
1791010796.906,leri-cr1=13 leri-cr2=100 leri-cr3=100,leri-cr1=13 leri-cr2=100 leri-cr3=100,leri-cr1=13 leri-cr2=100 leri-cr3=100,1171Mbit,1171Mbit,1
1791010806.958,leri-cr1=13 leri-cr2=100 leri-cr3=100,leri-cr1=13 leri-cr2=100 leri-cr3=100,leri-cr1=13 leri-cr2=100 leri-cr3=100,1171Mbit,1171Mbit,1
1791010817.013,leri-cr1=13 leri-cr2=100 leri-cr3=100,leri-cr1=13 leri-cr2=100 leri-cr3=100,leri-cr1=13 leri-cr2=100 leri-cr3=100,1171Mbit,1171Mbit,1
1791010827.065,leri-cr1=13 leri-cr2=100 leri-cr3=100,leri-cr1=13 leri-cr2=100 leri-cr3=100,leri-cr1=13 leri-cr2=100 leri-cr3=100,1171Mbit,1171Mbit,1
1791010837.118,leri-cr1=13 leri-cr2=100 leri-cr3=100,leri-cr1=13 leri-cr2=100 leri-cr3=100,leri-cr1=13 leri-cr2=100 leri-cr3=100,1171Mbit,1171Mbit,1
1791010847.167,leri-cr1=13 leri-cr2=100 leri-cr3=100,leri-cr1=13 leri-cr2=100 leri-cr3=100,leri-cr1=13 leri-cr2=100 leri-cr3=100,1171Mbit,1171Mbit,1
1791010857.458,leri-cr1=13 leri-cr2=100 leri-cr3=100,leri-cr1=13 leri-cr2=100 leri-cr3=100,leri-cr1=13 leri-cr2=100 leri-cr3=100,1171Mbit,1171Mbit,1
1791010867.520,leri-cr1=13 leri-cr2=100 leri-cr3=100,leri-cr1=13 leri-cr2=100 leri-cr3=100,leri-cr1=13 leri-cr2=100 leri-cr3=100,1171Mbit,1171Mbit,1
1791010877.572,leri-cr1=13 leri-cr2=100 leri-cr3=100,leri-cr1=13 leri-cr2=100 leri-cr3=100,leri-cr1=13 leri-cr2=100 leri-cr3=100,1171Mbit,1171Mbit,1
1791010887.626,leri-cr1=13 leri-cr2=100 leri-cr3=100,leri-cr1=13 leri-cr2=100 leri-cr3=100,leri-cr1=13 leri-cr2=100 leri-cr3=100,1171Mbit,1171Mbit,1
1791010897.680,leri-cr1=13 leri-cr2=100 leri-cr3=100,leri-cr1=13 leri-cr2=100 leri-cr3=100,leri-cr1=13 leri-cr2=100 leri-cr3=100,1171Mbit,1171Mbit,1
1791010907.735,leri-cr1=13 leri-cr2=100 leri-cr3=100,leri-cr1=13 leri-cr2=100 leri-cr3=100,leri-cr1=13 leri-cr2=100 leri-cr3=100,1171Mbit,1171Mbit,1
1791010918.026,leri-cr1=13 leri-cr2=100 leri-cr3=100,leri-cr1=13 leri-cr2=100 leri-cr3=100,leri-cr1=13 leri-cr2=100 leri-cr3=100,1171Mbit,1171Mbit,1
1791010928.080,leri-cr1=13 leri-cr2=100 leri-cr3=100,leri-cr1=13 leri-cr2=100 leri-cr3=100,leri-cr1=13 leri-cr2=100 leri-cr3=100,1171Mbit,1171Mbit,1
1791010938.128,leri-cr1=13 leri-cr2=100 leri-cr3=100,leri-cr1=13 leri-cr2=100 leri-cr3=100,leri-cr1=13 leri-cr2=100 leri-cr3=100,1171Mbit,1171Mbit,1
1791010948.177,leri-cr1=13 leri-cr2=100 leri-cr3=100,leri-cr1=13 leri-cr2=100 leri-cr3=100,leri-cr1=13 leri-cr2=100 leri-cr3=100,1171Mbit,1171Mbit,1
1791010958.222,leri-cr1=13 leri-cr2=100 leri-cr3=100,leri-cr1=13 leri-cr2=100 leri-cr3=100,leri-cr1=13 leri-cr2=100 leri-cr3=100,1171Mbit,1171Mbit,1
1791010968.273,leri-cr1=13 leri-cr2=100 leri-cr3=100,leri-cr1=13 leri-cr2=100 leri-cr3=100,leri-cr1=13 leri-cr2=100 leri-cr3=100,1171Mbit,1171Mbit,1
1791010978.556,leri-cr1=13 leri-cr2=100 leri-cr3=100,leri-cr1=13 leri-cr2=100 leri-cr3=100,leri-cr1=13 leri-cr2=100 leri-cr3=100,1171Mbit,1171Mbit,1
1791010988.606,leri-cr1=13 leri-cr2=100 leri-cr3=100,leri-cr1=13 leri-cr2=100 leri-cr3=100,leri-cr1=13 leri-cr2=100 leri-cr3=100,1171Mbit,1171Mbit,1
1791010998.650,leri-cr1=13 leri-cr2=100 leri-cr3=100,leri-cr1=13 leri-cr2=100 leri-cr3=100,leri-cr1=13 leri-cr2=100 leri-cr3=100,1171Mbit,1171Mbit,1
1791011008.702,leri-cr1=13 leri-cr2=100 leri-cr3=100,leri-cr1=13 leri-cr2=100 leri-cr3=100,leri-cr1=13 leri-cr2=100 leri-cr3=100,1171Mbit,1171Mbit,1
1791011018.772,leri-cr1=13 leri-cr2=100 leri-cr3=100,leri-cr1=13 leri-cr2=100 leri-cr3=100,leri-cr1=13 leri-cr2=100 leri-cr3=100,1171Mbit,1171Mbit,0
1791011028.850,leri-cr1=13 leri-cr2=100 leri-cr3=100,leri-cr1=13 leri-cr2=100 leri-cr3=100,leri-cr1=13 leri-cr2=100 leri-cr3=100,1171Mbit,1171Mbit,0
1791011039.280,leri-cr1=13 leri-cr2=100 leri-cr3=100,leri-cr1=13 leri-cr2=100 leri-cr3=100,leri-cr1=13 leri-cr2=100 leri-cr3=100,1171Mbit,1171Mbit,0
1791011049.359,leri-cr1=13 leri-cr2=100 leri-cr3=100,leri-cr1=13 leri-cr2=100 leri-cr3=100,leri-cr1=13 leri-cr2=100 leri-cr3=100,1171Mbit,1171Mbit,0
1791011059.439,leri-cr1=13 leri-cr2=100 leri-cr3=100,leri-cr1=13 leri-cr2=100 leri-cr3=100,leri-cr1=13 leri-cr2=100 leri-cr3=100,1171Mbit,1171Mbit,0
1791011069.519,leri-cr1=13 leri-cr2=100 leri-cr3=100,leri-cr1=13 leri-cr2=100 leri-cr3=100,leri-cr1=13 leri-cr2=100 leri-cr3=100,1171Mbit,1171Mbit,0
1791011079.597,leri-cr1=13 leri-cr2=100 leri-cr3=100,leri-cr1=13 leri-cr2=100 leri-cr3=100,leri-cr1=13 leri-cr2=100 leri-cr3=100,1171Mbit,1171Mbit,0
1791011090.039,leri-cr1=13 leri-cr2=100 leri-cr3=100,leri-cr1=13 leri-cr2=100 leri-cr3=100,leri-cr1=13 leri-cr2=100 leri-cr3=100,1171Mbit,1171Mbit,0
1791011100.127,leri-cr1=13 leri-cr2=100 leri-cr3=100,leri-cr1=13 leri-cr2=100 leri-cr3=100,leri-cr1=13 leri-cr2=100 leri-cr3=100,1171Mbit,1171Mbit,0
1791011110.206,leri-cr1=13 leri-cr2=100 leri-cr3=100,leri-cr1=13 leri-cr2=100 leri-cr3=100,leri-cr1=13 leri-cr2=100 leri-cr3=100,1171Mbit,1171Mbit,0
1791011120.287,leri-cr1=13 leri-cr2=100 leri-cr3=100,leri-cr1=13 leri-cr2=100 leri-cr3=100,leri-cr1=13 leri-cr2=100 leri-cr3=100,1171Mbit,1171Mbit,0
1791011130.364,leri-cr1=13 leri-cr2=100 leri-cr3=100,leri-cr1=13 leri-cr2=100 leri-cr3=100,leri-cr1=13 leri-cr2=100 leri-cr3=100,1171Mbit,1171Mbit,0
1791011140.416,leri-cr1=13 leri-cr2=100 leri-cr3=100,leri-cr1=13 leri-cr2=100 leri-cr3=100,leri-cr1=13 leri-cr2=100 leri-cr3=100,1171Mbit,1171Mbit,0
1791011150.696,leri-cr1=13 leri-cr2=100 leri-cr3=100,leri-cr1=13 leri-cr2=100 leri-cr3=100,leri-cr1=13 leri-cr2=100 leri-cr3=100,1171Mbit,1171Mbit,1
1791011160.752,leri-cr1=13 leri-cr2=100 leri-cr3=100,leri-cr1=13 leri-cr2=100 leri-cr3=100,leri-cr1=13 leri-cr2=100 leri-cr3=100,1171Mbit,1171Mbit,1
1791011170.804,leri-cr1=13 leri-cr2=100 leri-cr3=100,leri-cr1=13 leri-cr2=100 leri-cr3=100,leri-cr1=13 leri-cr2=100 leri-cr3=100,1171Mbit,1171Mbit,1
1791011180.859,leri-cr1=13 leri-cr2=100 leri-cr3=100,leri-cr1=13 leri-cr2=100 leri-cr3=100,leri-cr1=13 leri-cr2=100 leri-cr3=100,1171Mbit,1171Mbit,1
1791011190.910,leri-cr1=13 leri-cr2=100 leri-cr3=100,leri-cr1=13 leri-cr2=100 leri-cr3=100,leri-cr1=13 leri-cr2=100 leri-cr3=100,1171Mbit,1171Mbit,1
1791011200.963,leri-cr1=13 leri-cr2=100 leri-cr3=100,leri-cr1=13 leri-cr2=100 leri-cr3=100,leri-cr1=13 leri-cr2=100 leri-cr3=100,1171Mbit,1171Mbit,1
1791011211.254,leri-cr1=13 leri-cr2=100 leri-cr3=100,leri-cr1=13 leri-cr2=100 leri-cr3=100,leri-cr1=13 leri-cr2=100 leri-cr3=100,1171Mbit,1171Mbit,1
1791011221.307,leri-cr1=13 leri-cr2=100 leri-cr3=100,leri-cr1=13 leri-cr2=100 leri-cr3=100,leri-cr1=13 leri-cr2=100 leri-cr3=100,1171Mbit,1171Mbit,1
1791011231.359,leri-cr1=13 leri-cr2=100 leri-cr3=100,leri-cr1=13 leri-cr2=100 leri-cr3=100,leri-cr1=13 leri-cr2=100 leri-cr3=100,1171Mbit,1171Mbit,1
1791011241.407,leri-cr1=13 leri-cr2=100 leri-cr3=100,leri-cr1=13 leri-cr2=100 leri-cr3=100,leri-cr1=13 leri-cr2=100 leri-cr3=100,1171Mbit,1171Mbit,1
1791011251.453,leri-cr1=13 leri-cr2=100 leri-cr3=100,leri-cr1=13 leri-cr2=100 leri-cr3=100,leri-cr1=13 leri-cr2=100 leri-cr3=100,1171Mbit,1171Mbit,1
1791011261.502,leri-cr1=13 leri-cr2=100 leri-cr3=100,leri-cr1=13 leri-cr2=100 leri-cr3=100,leri-cr1=13 leri-cr2=100 leri-cr3=100,1171Mbit,1171Mbit,1
1791011271.739,leri-cr1=13 leri-cr2=100 leri-cr3=100,leri-cr1=13 leri-cr2=100 leri-cr3=100,leri-cr1=13 leri-cr2=100 leri-cr3=100,1171Mbit,1171Mbit,1
1791011281.792,leri-cr1=13 leri-cr2=100 leri-cr3=100,leri-cr1=13 leri-cr2=100 leri-cr3=100,leri-cr1=13 leri-cr2=100 leri-cr3=100,1171Mbit,1171Mbit,1
1791011291.850,leri-cr1=13 leri-cr2=100 leri-cr3=100,leri-cr1=13 leri-cr2=100 leri-cr3=100,leri-cr1=13 leri-cr2=100 leri-cr3=100,1171Mbit,1171Mbit,1
1791011301.905,leri-cr1=13 leri-cr2=100 leri-cr3=100,leri-cr1=13 leri-cr2=100 leri-cr3=100,leri-cr1=13 leri-cr2=100 leri-cr3=100,1171Mbit,1171Mbit,1
1791011311.966,leri-cr1=13 leri-cr2=100 leri-cr3=100,leri-cr1=13 leri-cr2=100 leri-cr3=100,leri-cr1=13 leri-cr2=100 leri-cr3=100,1171Mbit,1171Mbit,1
1791011322.015,leri-cr1=13 leri-cr2=100 leri-cr3=100,leri-cr1=13 leri-cr2=100 leri-cr3=100,leri-cr1=13 leri-cr2=100 leri-cr3=100,1171Mbit,1171Mbit,1
1791011332.262,leri-cr1=13 leri-cr2=100 leri-cr3=100,leri-cr1=13 leri-cr2=100 leri-cr3=100,leri-cr1=13 leri-cr2=100 leri-cr3=100,1171Mbit,1171Mbit,1
1791011342.308,leri-cr1=13 leri-cr2=100 leri-cr3=100,leri-cr1=13 leri-cr2=100 leri-cr3=100,leri-cr1=13 leri-cr2=100 leri-cr3=100,1171Mbit,1171Mbit,1
1791011352.359,leri-cr1=13 leri-cr2=100 leri-cr3=100,leri-cr1=13 leri-cr2=100 leri-cr3=100,leri-cr1=13 leri-cr2=100 leri-cr3=100,1171Mbit,1171Mbit,1
1791011362.404,leri-cr1=13 leri-cr2=100 leri-cr3=100,leri-cr1=13 leri-cr2=100 leri-cr3=100,leri-cr1=13 leri-cr2=100 leri-cr3=100,1171Mbit,1171Mbit,1
1791011372.453,leri-cr1=13 leri-cr2=100 leri-cr3=100,leri-cr1=13 leri-cr2=100 leri-cr3=100,leri-cr1=13 leri-cr2=100 leri-cr3=100,1171Mbit,1171Mbit,1
1791011382.504,leri-cr1=13 leri-cr2=100 leri-cr3=100,leri-cr1=13 leri-cr2=100 leri-cr3=100,leri-cr1=13 leri-cr2=100 leri-cr3=100,1171Mbit,1171Mbit,1
1791011392.760,leri-cr1=13 leri-cr2=100 leri-cr3=100,leri-cr1=13 leri-cr2=100 leri-cr3=100,leri-cr1=13 leri-cr2=100 leri-cr3=100,1171Mbit,1171Mbit,1
1791011402.814,leri-cr1=13 leri-cr2=100 leri-cr3=100,leri-cr1=13 leri-cr2=100 leri-cr3=100,leri-cr1=13 leri-cr2=100 leri-cr3=100,1171Mbit,1171Mbit,1
1791011412.868,leri-cr1=13 leri-cr2=100 leri-cr3=100,leri-cr1=13 leri-cr2=100 leri-cr3=100,leri-cr1=13 leri-cr2=100 leri-cr3=100,1171Mbit,1171Mbit,1
1791011422.925,leri-cr1=13 leri-cr2=100 leri-cr3=100,leri-cr1=13 leri-cr2=100 leri-cr3=100,leri-cr1=13 leri-cr2=100 leri-cr3=100,1171Mbit,1171Mbit,1
1791011432.975,leri-cr1=13 leri-cr2=100 leri-cr3=100,leri-cr1=13 leri-cr2=100 leri-cr3=100,leri-cr1=13 leri-cr2=100 leri-cr3=100,1171Mbit,1171Mbit,1
1791011443.027,leri-cr1=13 leri-cr2=100 leri-cr3=100,leri-cr1=13 leri-cr2=100 leri-cr3=100,leri-cr1=13 leri-cr2=100 leri-cr3=100,1171Mbit,1171Mbit,1
1791011453.304,leri-cr1=13 leri-cr2=100 leri-cr3=100,leri-cr1=13 leri-cr2=100 leri-cr3=100,leri-cr1=13 leri-cr2=100 leri-cr3=100,1171Mbit,1171Mbit,1
1791011463.366,leri-cr1=13 leri-cr2=100 leri-cr3=100,leri-cr1=13 leri-cr2=100 leri-cr3=100,leri-cr1=13 leri-cr2=100 leri-cr3=100,1171Mbit,1171Mbit,1
1791011473.413,leri-cr1=13 leri-cr2=100 leri-cr3=100,leri-cr1=13 leri-cr2=100 leri-cr3=100,leri-cr1=13 leri-cr2=100 leri-cr3=100,1171Mbit,1171Mbit,1
1791011483.463,leri-cr1=13 leri-cr2=100 leri-cr3=100,leri-cr1=13 leri-cr2=100 leri-cr3=100,leri-cr1=13 leri-cr2=100 leri-cr3=100,1171Mbit,1171Mbit,1
1791011493.515,leri-cr1=13 leri-cr2=100 leri-cr3=100,leri-cr1=13 leri-cr2=100 leri-cr3=100,leri-cr1=13 leri-cr2=100 leri-cr3=100,1171Mbit,1171Mbit,1
1791011503.566,leri-cr1=13 leri-cr2=100 leri-cr3=100,leri-cr1=13 leri-cr2=100 leri-cr3=100,leri-cr1=13 leri-cr2=100 leri-cr3=100,1171Mbit,1171Mbit,1
1791011513.876,leri-cr1=13 leri-cr2=100 leri-cr3=100,leri-cr1=13 leri-cr2=100 leri-cr3=100,leri-cr1=13 leri-cr2=100 leri-cr3=100,1171Mbit,1171Mbit,1
1791011523.926,leri-cr1=13 leri-cr2=100 leri-cr3=100,leri-cr1=13 leri-cr2=100 leri-cr3=100,leri-cr1=13 leri-cr2=100 leri-cr3=100,1171Mbit,1171Mbit,1
1791011533.983,leri-cr1=13 leri-cr2=100 leri-cr3=100,leri-cr1=13 leri-cr2=100 leri-cr3=100,leri-cr1=13 leri-cr2=100 leri-cr3=100,1171Mbit,1171Mbit,1
1791011544.038,leri-cr1=13 leri-cr2=100 leri-cr3=100,leri-cr1=13 leri-cr2=100 leri-cr3=100,leri-cr1=13 leri-cr2=100 leri-cr3=100,1171Mbit,1171Mbit,1
1791011554.084,leri-cr1=13 leri-cr2=100 leri-cr3=100,leri-cr1=13 leri-cr2=100 leri-cr3=100,leri-cr1=13 leri-cr2=100 leri-cr3=100,1171Mbit,1171Mbit,1
1791011564.139,leri-cr1=13 leri-cr2=100 leri-cr3=100,leri-cr1=13 leri-cr2=100 leri-cr3=100,leri-cr1=13 leri-cr2=100 leri-cr3=100,1171Mbit,1171Mbit,1
1791011574.433,leri-cr1=13 leri-cr2=100 leri-cr3=100,leri-cr1=13 leri-cr2=100 leri-cr3=100,leri-cr1=13 leri-cr2=100 leri-cr3=100,1171Mbit,1171Mbit,1
1791011584.479,leri-cr1=13 leri-cr2=100 leri-cr3=100,leri-cr1=13 leri-cr2=100 leri-cr3=100,leri-cr1=13 leri-cr2=100 leri-cr3=100,1171Mbit,1171Mbit,1
1791011594.535,leri-cr1=13 leri-cr2=100 leri-cr3=100,leri-cr1=13 leri-cr2=100 leri-cr3=100,leri-cr1=13 leri-cr2=100 leri-cr3=100,1171Mbit,1171Mbit,1
1791011604.580,leri-cr1=13 leri-cr2=100 leri-cr3=100,leri-cr1=13 leri-cr2=100 leri-cr3=100,leri-cr1=13 leri-cr2=100 leri-cr3=100,1171Mbit,1171Mbit,1
1791011614.630,leri-cr1=13 leri-cr2=100 leri-cr3=100,leri-cr1=13 leri-cr2=100 leri-cr3=100,leri-cr1=13 leri-cr2=100 leri-cr3=100,1171Mbit,1171Mbit,1
1791011624.682,leri-cr1=13 leri-cr2=100 leri-cr3=100,leri-cr1=13 leri-cr2=100 leri-cr3=100,leri-cr1=13 leri-cr2=100 leri-cr3=100,1171Mbit,1171Mbit,1
1791011634.938,leri-cr1=13 leri-cr2=100 leri-cr3=100,leri-cr1=13 leri-cr2=100 leri-cr3=100,leri-cr1=13 leri-cr2=100 leri-cr3=100,1171Mbit,1171Mbit,1
1791011644.992,leri-cr1=13 leri-cr2=100 leri-cr3=100,leri-cr1=13 leri-cr2=100 leri-cr3=100,leri-cr1=13 leri-cr2=100 leri-cr3=100,1171Mbit,1171Mbit,1
1791011655.051,leri-cr1=13 leri-cr2=100 leri-cr3=100,leri-cr1=13 leri-cr2=100 leri-cr3=100,leri-cr1=13 leri-cr2=100 leri-cr3=100,1171Mbit,1171Mbit,1
1791011665.098,leri-cr1=13 leri-cr2=100 leri-cr3=100,leri-cr1=13 leri-cr2=100 leri-cr3=100,leri-cr1=13 leri-cr2=100 leri-cr3=100,1171Mbit,1171Mbit,1
1791011675.150,leri-cr1=13 leri-cr2=100 leri-cr3=100,leri-cr1=13 leri-cr2=100 leri-cr3=100,leri-cr1=13 leri-cr2=100 leri-cr3=100,1171Mbit,1171Mbit,1
1791011685.203,leri-cr1=13 leri-cr2=100 leri-cr3=100,leri-cr1=13 leri-cr2=100 leri-cr3=100,leri-cr1=13 leri-cr2=100 leri-cr3=100,1171Mbit,1171Mbit,1
1791011695.473,leri-cr1=13 leri-cr2=100 leri-cr3=100,leri-cr1=13 leri-cr2=100 leri-cr3=100,leri-cr1=13 leri-cr2=100 leri-cr3=100,1171Mbit,1171Mbit,1
1791011705.526,leri-cr1=13 leri-cr2=100 leri-cr3=100,leri-cr1=13 leri-cr2=100 leri-cr3=100,leri-cr1=13 leri-cr2=100 leri-cr3=100,1171Mbit,1171Mbit,1
1791011715.577,leri-cr1=13 leri-cr2=100 leri-cr3=100,leri-cr1=13 leri-cr2=100 leri-cr3=100,leri-cr1=13 leri-cr2=100 leri-cr3=100,1171Mbit,1171Mbit,1
1791011725.631,leri-cr1=13 leri-cr2=100 leri-cr3=100,leri-cr1=13 leri-cr2=100 leri-cr3=100,leri-cr1=13 leri-cr2=100 leri-cr3=100,1171Mbit,1171Mbit,1
1791011735.676,leri-cr1=13 leri-cr2=100 leri-cr3=100,leri-cr1=13 leri-cr2=100 leri-cr3=100,leri-cr1=13 leri-cr2=100 leri-cr3=100,1171Mbit,1171Mbit,1
1791011745.727,leri-cr1=13 leri-cr2=100 leri-cr3=100,leri-cr1=13 leri-cr2=100 leri-cr3=100,leri-cr1=13 leri-cr2=100 leri-cr3=100,1171Mbit,1171Mbit,1
1791011756.018,leri-cr1=13 leri-cr2=100 leri-cr3=100,leri-cr1=13 leri-cr2=100 leri-cr3=100,leri-cr1=13 leri-cr2=100 leri-cr3=100,1171Mbit,1171Mbit,1
1791011766.073,leri-cr1=13 leri-cr2=100 leri-cr3=100,leri-cr1=13 leri-cr2=100 leri-cr3=100,leri-cr1=13 leri-cr2=100 leri-cr3=100,1171Mbit,1171Mbit,1
1791011776.129,leri-cr1=13 leri-cr2=100 leri-cr3=100,leri-cr1=13 leri-cr2=100 leri-cr3=100,leri-cr1=13 leri-cr2=100 leri-cr3=100,1171Mbit,1171Mbit,1
1791011786.182,leri-cr1=13 leri-cr2=100 leri-cr3=100,leri-cr1=13 leri-cr2=100 leri-cr3=100,leri-cr1=13 leri-cr2=100 leri-cr3=100,1171Mbit,1171Mbit,1
1791011796.244,leri-cr1=13 leri-cr2=100 leri-cr3=100,leri-cr1=13 leri-cr2=100 leri-cr3=100,leri-cr1=13 leri-cr2=100 leri-cr3=100,1171Mbit,1171Mbit,1
1791011806.294,leri-cr1=13 leri-cr2=100 leri-cr3=100,leri-cr1=13 leri-cr2=100 leri-cr3=100,leri-cr1=13 leri-cr2=100 leri-cr3=100,1171Mbit,1171Mbit,1
1791011816.556,leri-cr1=13 leri-cr2=100 leri-cr3=100,leri-cr1=13 leri-cr2=100 leri-cr3=100,leri-cr1=13 leri-cr2=100 leri-cr3=100,1171Mbit,1171Mbit,1
1791011826.605,leri-cr1=13 leri-cr2=100 leri-cr3=100,leri-cr1=13 leri-cr2=100 leri-cr3=100,leri-cr1=13 leri-cr2=100 leri-cr3=100,1171Mbit,1171Mbit,1
1791011836.658,leri-cr1=13 leri-cr2=100 leri-cr3=100,leri-cr1=13 leri-cr2=100 leri-cr3=100,leri-cr1=13 leri-cr2=100 leri-cr3=100,1171Mbit,1171Mbit,1
1791011846.710,leri-cr1=13 leri-cr2=100 leri-cr3=100,leri-cr1=13 leri-cr2=100 leri-cr3=100,leri-cr1=13 leri-cr2=100 leri-cr3=100,1171Mbit,1171Mbit,1
1791011856.760,leri-cr1=13 leri-cr2=100 leri-cr3=100,leri-cr1=13 leri-cr2=100 leri-cr3=100,leri-cr1=13 leri-cr2=100 leri-cr3=100,1171Mbit,1171Mbit,1
1791011866.810,leri-cr1=13 leri-cr2=100 leri-cr3=100,leri-cr1=13 leri-cr2=100 leri-cr3=100,leri-cr1=13 leri-cr2=100 leri-cr3=100,1171Mbit,1171Mbit,1
1791011877.080,leri-cr1=13 leri-cr2=100 leri-cr3=100,leri-cr1=13 leri-cr2=100 leri-cr3=100,leri-cr1=13 leri-cr2=100 leri-cr3=100,1171Mbit,1171Mbit,1
1791011887.130,leri-cr1=13 leri-cr2=100 leri-cr3=100,leri-cr1=13 leri-cr2=100 leri-cr3=100,leri-cr1=13 leri-cr2=100 leri-cr3=100,1171Mbit,1171Mbit,1
1791011897.182,leri-cr1=13 leri-cr2=100 leri-cr3=100,leri-cr1=13 leri-cr2=100 leri-cr3=100,leri-cr1=13 leri-cr2=100 leri-cr3=100,1171Mbit,1171Mbit,1
1791011907.237,leri-cr1=13 leri-cr2=100 leri-cr3=100,leri-cr1=13 leri-cr2=100 leri-cr3=100,leri-cr1=13 leri-cr2=100 leri-cr3=100,1171Mbit,1171Mbit,1
1791011917.289,leri-cr1=13 leri-cr2=100 leri-cr3=100,leri-cr1=13 leri-cr2=100 leri-cr3=100,leri-cr1=13 leri-cr2=100 leri-cr3=100,1171Mbit,1171Mbit,1
1791011927.340,leri-cr1=13 leri-cr2=100 leri-cr3=100,leri-cr1=13 leri-cr2=100 leri-cr3=100,leri-cr1=13 leri-cr2=100 leri-cr3=100,1171Mbit,1171Mbit,1
1791011937.604,leri-cr1=13 leri-cr2=100 leri-cr3=100,leri-cr1=13 leri-cr2=100 leri-cr3=100,leri-cr1=13 leri-cr2=100 leri-cr3=100,1171Mbit,1171Mbit,1
1791011947.658,leri-cr1=13 leri-cr2=100 leri-cr3=100,leri-cr1=13 leri-cr2=100 leri-cr3=100,leri-cr1=13 leri-cr2=100 leri-cr3=100,1171Mbit,1171Mbit,1
1791011957.706,leri-cr1=13 leri-cr2=100 leri-cr3=100,leri-cr1=13 leri-cr2=100 leri-cr3=100,leri-cr1=13 leri-cr2=100 leri-cr3=100,1171Mbit,1171Mbit,1
1791011967.762,leri-cr1=13 leri-cr2=100 leri-cr3=100,leri-cr1=13 leri-cr2=100 leri-cr3=100,leri-cr1=13 leri-cr2=100 leri-cr3=100,1171Mbit,1171Mbit,1
1791011977.823,leri-cr1=13 leri-cr2=100 leri-cr3=100,leri-cr1=13 leri-cr2=100 leri-cr3=100,leri-cr1=13 leri-cr2=100 leri-cr3=100,1171Mbit,1171Mbit,1
1791011987.872,leri-cr1=13 leri-cr2=100 leri-cr3=100,leri-cr1=13 leri-cr2=100 leri-cr3=100,leri-cr1=13 leri-cr2=100 leri-cr3=100,1171Mbit,1171Mbit,1
1791011998.155,leri-cr1=13 leri-cr2=100 leri-cr3=100,leri-cr1=13 leri-cr2=100 leri-cr3=100,leri-cr1=13 leri-cr2=100 leri-cr3=100,1171Mbit,1171Mbit,1
1791012008.205,leri-cr1=13 leri-cr2=100 leri-cr3=100,leri-cr1=13 leri-cr2=100 leri-cr3=100,leri-cr1=13 leri-cr2=100 leri-cr3=100,1171Mbit,1171Mbit,1
1791012018.262,leri-cr1=13 leri-cr2=100 leri-cr3=100,leri-cr1=13 leri-cr2=100 leri-cr3=100,leri-cr1=13 leri-cr2=100 leri-cr3=100,1171Mbit,1171Mbit,1
1791012028.314,leri-cr1=13 leri-cr2=100 leri-cr3=100,leri-cr1=13 leri-cr2=100 leri-cr3=100,leri-cr1=13 leri-cr2=100 leri-cr3=100,1171Mbit,1171Mbit,1
1791012038.368,leri-cr1=13 leri-cr2=100 leri-cr3=100,leri-cr1=13 leri-cr2=100 leri-cr3=100,leri-cr1=13 leri-cr2=100 leri-cr3=100,1171Mbit,1171Mbit,1
1791012048.413,leri-cr1=13 leri-cr2=100 leri-cr3=100,leri-cr1=13 leri-cr2=100 leri-cr3=100,leri-cr1=13 leri-cr2=100 leri-cr3=100,1171Mbit,1171Mbit,1
1791012058.686,leri-cr1=13 leri-cr2=100 leri-cr3=100,leri-cr1=13 leri-cr2=100 leri-cr3=100,leri-cr1=13 leri-cr2=100 leri-cr3=100,1171Mbit,1171Mbit,1
1791012068.760,leri-cr1=13 leri-cr2=100 leri-cr3=100,leri-cr1=13 leri-cr2=100 leri-cr3=100,leri-cr1=13 leri-cr2=100 leri-cr3=100,1171Mbit,1171Mbit,1
1791012078.810,leri-cr1=13 leri-cr2=100 leri-cr3=100,leri-cr1=13 leri-cr2=100 leri-cr3=100,leri-cr1=13 leri-cr2=100 leri-cr3=100,1171Mbit,1171Mbit,1
1791012088.868,leri-cr1=13 leri-cr2=100 leri-cr3=100,leri-cr1=13 leri-cr2=100 leri-cr3=100,leri-cr1=13 leri-cr2=100 leri-cr3=100,1171Mbit,1171Mbit,1
1791012098.915,leri-cr1=13 leri-cr2=100 leri-cr3=100,leri-cr1=13 leri-cr2=100 leri-cr3=100,leri-cr1=13 leri-cr2=100 leri-cr3=100,1171Mbit,1171Mbit,1
1791012108.967,leri-cr1=13 leri-cr2=100 leri-cr3=100,leri-cr1=13 leri-cr2=100 leri-cr3=100,leri-cr1=13 leri-cr2=100 leri-cr3=100,1171Mbit,1171Mbit,1
1791012119.241,leri-cr1=13 leri-cr2=100 leri-cr3=100,leri-cr1=13 leri-cr2=100 leri-cr3=100,leri-cr1=13 leri-cr2=100 leri-cr3=100,1171Mbit,1171Mbit,1
1791012129.291,leri-cr1=13 leri-cr2=100 leri-cr3=100,leri-cr1=13 leri-cr2=100 leri-cr3=100,leri-cr1=13 leri-cr2=100 leri-cr3=100,1171Mbit,1171Mbit,1
1791012139.344,leri-cr1=13 leri-cr2=100 leri-cr3=100,leri-cr1=13 leri-cr2=100 leri-cr3=100,leri-cr1=13 leri-cr2=100 leri-cr3=100,1171Mbit,1171Mbit,1
1791012149.394,leri-cr1=13 leri-cr2=100 leri-cr3=100,leri-cr1=13 leri-cr2=100 leri-cr3=100,leri-cr1=13 leri-cr2=100 leri-cr3=100,1171Mbit,1171Mbit,1
1791012159.447,leri-cr1=13 leri-cr2=100 leri-cr3=100,leri-cr1=13 leri-cr2=100 leri-cr3=100,leri-cr1=13 leri-cr2=100 leri-cr3=100,1171Mbit,1171Mbit,1
1791012169.502,leri-cr1=13 leri-cr2=100 leri-cr3=100,leri-cr1=13 leri-cr2=100 leri-cr3=100,leri-cr1=13 leri-cr2=100 leri-cr3=100,1171Mbit,1171Mbit,1
1791012179.777,leri-cr1=13 leri-cr2=100 leri-cr3=100,leri-cr1=13 leri-cr2=100 leri-cr3=100,leri-cr1=13 leri-cr2=100 leri-cr3=100,1171Mbit,1171Mbit,1
1791012189.833,leri-cr1=13 leri-cr2=100 leri-cr3=100,leri-cr1=13 leri-cr2=100 leri-cr3=100,leri-cr1=13 leri-cr2=100 leri-cr3=100,1171Mbit,1171Mbit,1
1791012199.875,leri-cr1=13 leri-cr2=100 leri-cr3=100,leri-cr1=13 leri-cr2=100 leri-cr3=100,leri-cr1=13 leri-cr2=100 leri-cr3=100,1171Mbit,1171Mbit,1
1791012209.924,leri-cr1=13 leri-cr2=100 leri-cr3=100,leri-cr1=13 leri-cr2=100 leri-cr3=100,leri-cr1=13 leri-cr2=100 leri-cr3=100,1171Mbit,1171Mbit,1
1791012219.976,leri-cr1=13 leri-cr2=100 leri-cr3=100,leri-cr1=13 leri-cr2=100 leri-cr3=100,leri-cr1=13 leri-cr2=100 leri-cr3=100,1171Mbit,1171Mbit,1
1791012230.027,leri-cr1=13 leri-cr2=100 leri-cr3=100,leri-cr1=13 leri-cr2=100 leri-cr3=100,leri-cr1=13 leri-cr2=100 leri-cr3=100,1171Mbit,1171Mbit,1
1791012240.292,leri-cr1=13 leri-cr2=100 leri-cr3=100,leri-cr1=13 leri-cr2=100 leri-cr3=100,leri-cr1=13 leri-cr2=100 leri-cr3=100,1171Mbit,1171Mbit,1
1791012250.345,leri-cr1=13 leri-cr2=100 leri-cr3=100,leri-cr1=13 leri-cr2=100 leri-cr3=100,leri-cr1=13 leri-cr2=100 leri-cr3=100,1171Mbit,1171Mbit,1
1791012260.395,leri-cr1=13 leri-cr2=100 leri-cr3=100,leri-cr1=13 leri-cr2=100 leri-cr3=100,leri-cr1=13 leri-cr2=100 leri-cr3=100,1171Mbit,1171Mbit,1
1791012270.446,leri-cr1=13 leri-cr2=100 leri-cr3=100,leri-cr1=13 leri-cr2=100 leri-cr3=100,leri-cr1=13 leri-cr2=100 leri-cr3=100,1171Mbit,1171Mbit,1
1791012280.496,leri-cr1=13 leri-cr2=100 leri-cr3=100,leri-cr1=13 leri-cr2=100 leri-cr3=100,leri-cr1=13 leri-cr2=100 leri-cr3=100,1171Mbit,1171Mbit,1
1791012290.585,leri-cr1=13 leri-cr2=100 leri-cr3=100,leri-cr1=13 leri-cr2=100 leri-cr3=100,leri-cr1=13 leri-cr2=100 leri-cr3=100,1171Mbit,1171Mbit,1
1791012300.878,leri-cr1=13 leri-cr2=100 leri-cr3=100,leri-cr1=13 leri-cr2=100 leri-cr3=100,leri-cr1=13 leri-cr2=100 leri-cr3=100,1171Mbit,1171Mbit,1
1791012310.923,leri-cr1=13 leri-cr2=100 leri-cr3=100,leri-cr1=13 leri-cr2=100 leri-cr3=100,leri-cr1=13 leri-cr2=100 leri-cr3=100,1171Mbit,1171Mbit,1
1791012320.975,leri-cr1=13 leri-cr2=100 leri-cr3=100,leri-cr1=13 leri-cr2=100 leri-cr3=100,leri-cr1=13 leri-cr2=100 leri-cr3=100,1171Mbit,1171Mbit,1
1791012331.021,leri-cr1=13 leri-cr2=100 leri-cr3=100,leri-cr1=13 leri-cr2=100 leri-cr3=100,leri-cr1=13 leri-cr2=100 leri-cr3=100,1171Mbit,1171Mbit,1
1791012341.071,leri-cr1=13 leri-cr2=100 leri-cr3=100,leri-cr1=13 leri-cr2=100 leri-cr3=100,leri-cr1=13 leri-cr2=100 leri-cr3=100,1171Mbit,1171Mbit,1
1791012351.127,leri-cr1=13 leri-cr2=100 leri-cr3=100,leri-cr1=13 leri-cr2=100 leri-cr3=100,leri-cr1=13 leri-cr2=100 leri-cr3=100,1171Mbit,1171Mbit,1
1791012361.397,leri-cr1=13 leri-cr2=100 leri-cr3=100,leri-cr1=13 leri-cr2=100 leri-cr3=100,leri-cr1=13 leri-cr2=100 leri-cr3=100,1171Mbit,1171Mbit,1
1791012371.448,leri-cr1=13 leri-cr2=100 leri-cr3=100,leri-cr1=13 leri-cr2=100 leri-cr3=100,leri-cr1=13 leri-cr2=100 leri-cr3=100,1171Mbit,1171Mbit,1
1791012381.501,leri-cr1=13 leri-cr2=100 leri-cr3=100,leri-cr1=13 leri-cr2=100 leri-cr3=100,leri-cr1=13 leri-cr2=100 leri-cr3=100,1171Mbit,1171Mbit,1
1791012391.554,leri-cr1=13 leri-cr2=100 leri-cr3=100,leri-cr1=13 leri-cr2=100 leri-cr3=100,leri-cr1=13 leri-cr2=100 leri-cr3=100,1171Mbit,1171Mbit,1
1791012401.598,leri-cr1=13 leri-cr2=100 leri-cr3=100,leri-cr1=13 leri-cr2=100 leri-cr3=100,leri-cr1=13 leri-cr2=100 leri-cr3=100,1171Mbit,1171Mbit,1
1791012411.653,leri-cr1=13 leri-cr2=100 leri-cr3=100,leri-cr1=13 leri-cr2=100 leri-cr3=100,leri-cr1=13 leri-cr2=100 leri-cr3=100,1171Mbit,1171Mbit,1
1791012421.926,leri-cr1=13 leri-cr2=100 leri-cr3=100,leri-cr1=13 leri-cr2=100 leri-cr3=100,leri-cr1=13 leri-cr2=100 leri-cr3=100,1171Mbit,1171Mbit,1
1791012431.972,leri-cr1=13 leri-cr2=100 leri-cr3=100,leri-cr1=13 leri-cr2=100 leri-cr3=100,leri-cr1=13 leri-cr2=100 leri-cr3=100,1171Mbit,1171Mbit,1
1791012442.030,leri-cr1=13 leri-cr2=100 leri-cr3=100,leri-cr1=13 leri-cr2=100 leri-cr3=100,leri-cr1=13 leri-cr2=100 leri-cr3=100,1171Mbit,1171Mbit,1
1791012452.079,leri-cr1=13 leri-cr2=100 leri-cr3=100,leri-cr1=13 leri-cr2=100 leri-cr3=100,leri-cr1=13 leri-cr2=100 leri-cr3=100,1171Mbit,1171Mbit,1
1791012462.126,leri-cr1=13 leri-cr2=100 leri-cr3=100,leri-cr1=13 leri-cr2=100 leri-cr3=100,leri-cr1=13 leri-cr2=100 leri-cr3=100,1171Mbit,1171Mbit,1
1791012472.185,leri-cr1=13 leri-cr2=100 leri-cr3=100,leri-cr1=13 leri-cr2=100 leri-cr3=100,leri-cr1=13 leri-cr2=100 leri-cr3=100,1171Mbit,1171Mbit,1
1791012482.462,leri-cr1=13 leri-cr2=100 leri-cr3=100,leri-cr1=13 leri-cr2=100 leri-cr3=100,leri-cr1=13 leri-cr2=100 leri-cr3=100,1171Mbit,1171Mbit,1
1791012492.513,leri-cr1=13 leri-cr2=100 leri-cr3=100,leri-cr1=13 leri-cr2=100 leri-cr3=100,leri-cr1=13 leri-cr2=100 leri-cr3=100,1171Mbit,1171Mbit,1
1791012502.568,leri-cr1=13 leri-cr2=100 leri-cr3=100,leri-cr1=13 leri-cr2=100 leri-cr3=100,leri-cr1=13 leri-cr2=100 leri-cr3=100,1171Mbit,1171Mbit,1
1791012512.620,leri-cr1=13 leri-cr2=100 leri-cr3=100,leri-cr1=13 leri-cr2=100 leri-cr3=100,leri-cr1=13 leri-cr2=100 leri-cr3=100,1171Mbit,1171Mbit,1
1791012522.675,leri-cr1=13 leri-cr2=100 leri-cr3=100,leri-cr1=13 leri-cr2=100 leri-cr3=100,leri-cr1=13 leri-cr2=100 leri-cr3=100,1171Mbit,1171Mbit,1
1791012532.726,leri-cr1=13 leri-cr2=100 leri-cr3=100,leri-cr1=13 leri-cr2=100 leri-cr3=100,leri-cr1=13 leri-cr2=100 leri-cr3=100,1171Mbit,1171Mbit,1
1791012543.011,leri-cr1=13 leri-cr2=100 leri-cr3=100,leri-cr1=13 leri-cr2=100 leri-cr3=100,leri-cr1=13 leri-cr2=100 leri-cr3=100,1171Mbit,1171Mbit,1
1791012553.057,leri-cr1=13 leri-cr2=100 leri-cr3=100,leri-cr1=13 leri-cr2=100 leri-cr3=100,leri-cr1=13 leri-cr2=100 leri-cr3=100,1171Mbit,1171Mbit,1
1791012563.104,leri-cr1=13 leri-cr2=100 leri-cr3=100,leri-cr1=13 leri-cr2=100 leri-cr3=100,leri-cr1=13 leri-cr2=100 leri-cr3=100,1171Mbit,1171Mbit,1
1791012573.145,leri-cr1=13 leri-cr2=100 leri-cr3=100,leri-cr1=13 leri-cr2=100 leri-cr3=100,leri-cr1=13 leri-cr2=100 leri-cr3=100,1171Mbit,1171Mbit,1
1791012583.196,leri-cr1=13 leri-cr2=100 leri-cr3=100,leri-cr1=13 leri-cr2=100 leri-cr3=100,leri-cr1=13 leri-cr2=100 leri-cr3=100,1171Mbit,1171Mbit,1
1791012593.243,leri-cr1=13 leri-cr2=100 leri-cr3=100,leri-cr1=13 leri-cr2=100 leri-cr3=100,leri-cr1=13 leri-cr2=100 leri-cr3=100,1171Mbit,1171Mbit,1
1791012603.516,leri-cr1=13 leri-cr2=100 leri-cr3=100,leri-cr1=13 leri-cr2=100 leri-cr3=100,leri-cr1=13 leri-cr2=100 leri-cr3=100,1171Mbit,1171Mbit,1
1791012613.574,leri-cr1=13 leri-cr2=100 leri-cr3=100,leri-cr1=13 leri-cr2=100 leri-cr3=100,leri-cr1=13 leri-cr2=100 leri-cr3=100,1171Mbit,1171Mbit,1
1791012623.627,leri-cr1=13 leri-cr2=100 leri-cr3=100,leri-cr1=13 leri-cr2=100 leri-cr3=100,leri-cr1=13 leri-cr2=100 leri-cr3=100,1171Mbit,1171Mbit,1
1791012633.681,leri-cr1=13 leri-cr2=100 leri-cr3=100,leri-cr1=13 leri-cr2=100 leri-cr3=100,leri-cr1=13 leri-cr2=100 leri-cr3=100,1171Mbit,1171Mbit,0
1791012643.757,leri-cr1=13 leri-cr2=100 leri-cr3=100,leri-cr1=13 leri-cr2=100 leri-cr3=100,leri-cr1=13 leri-cr2=100 leri-cr3=100,1171Mbit,1171Mbit,0
1791012653.833,leri-cr1=13 leri-cr2=100 leri-cr3=100,leri-cr1=13 leri-cr2=100 leri-cr3=100,leri-cr1=13 leri-cr2=100 leri-cr3=100,1171Mbit,1171Mbit,0
1791012664.242,leri-cr1=13 leri-cr2=100 leri-cr3=100,leri-cr1=13 leri-cr2=100 leri-cr3=100,leri-cr1=13 leri-cr2=100 leri-cr3=100,1171Mbit,1171Mbit,0
1791012674.318,leri-cr1=13 leri-cr2=100 leri-cr3=100,leri-cr1=13 leri-cr2=100 leri-cr3=100,leri-cr1=13 leri-cr2=100 leri-cr3=100,1171Mbit,1171Mbit,0
1791012684.395,leri-cr1=13 leri-cr2=100 leri-cr3=100,leri-cr1=13 leri-cr2=100 leri-cr3=100,leri-cr1=13 leri-cr2=100 leri-cr3=100,1171Mbit,1171Mbit,0
1791012694.467,leri-cr1=13 leri-cr2=100 leri-cr3=100,leri-cr1=13 leri-cr2=100 leri-cr3=100,leri-cr1=13 leri-cr2=100 leri-cr3=100,1171Mbit,1171Mbit,0
1791012704.545,leri-cr1=13 leri-cr2=100 leri-cr3=100,leri-cr1=13 leri-cr2=100 leri-cr3=100,leri-cr1=13 leri-cr2=100 leri-cr3=100,1171Mbit,1171Mbit,0
1791012714.994,leri-cr1=13 leri-cr2=100 leri-cr3=100,leri-cr1=13 leri-cr2=100 leri-cr3=100,leri-cr1=13 leri-cr2=100 leri-cr3=100,1171Mbit,1171Mbit,0
1791012725.073,leri-cr1=13 leri-cr2=100 leri-cr3=100,leri-cr1=13 leri-cr2=100 leri-cr3=100,leri-cr1=13 leri-cr2=100 leri-cr3=100,1171Mbit,1171Mbit,0
1791012735.147,leri-cr1=13 leri-cr2=100 leri-cr3=100,leri-cr1=13 leri-cr2=100 leri-cr3=100,leri-cr1=13 leri-cr2=100 leri-cr3=100,1171Mbit,1171Mbit,0
1791012745.222,leri-cr1=13 leri-cr2=100 leri-cr3=100,leri-cr1=13 leri-cr2=100 leri-cr3=100,leri-cr1=13 leri-cr2=100 leri-cr3=100,1171Mbit,1171Mbit,0
1791012755.268,leri-cr1=13 leri-cr2=100 leri-cr3=100,leri-cr1=13 leri-cr2=100 leri-cr3=100,leri-cr1=13 leri-cr2=100 leri-cr3=100,1171Mbit,1171Mbit,0
1791012765.326,leri-cr1=13 leri-cr2=100 leri-cr3=100,leri-cr1=13 leri-cr2=100 leri-cr3=100,leri-cr1=13 leri-cr2=100 leri-cr3=100,1171Mbit,1171Mbit,1
1791012775.605,leri-cr1=13 leri-cr2=100 leri-cr3=100,leri-cr1=13 leri-cr2=100 leri-cr3=100,leri-cr1=13 leri-cr2=100 leri-cr3=100,1171Mbit,1171Mbit,1
1791012785.650,leri-cr1=13 leri-cr2=100 leri-cr3=100,leri-cr1=13 leri-cr2=100 leri-cr3=100,leri-cr1=13 leri-cr2=100 leri-cr3=100,1171Mbit,1171Mbit,1
1791012795.701,leri-cr1=13 leri-cr2=100 leri-cr3=100,leri-cr1=13 leri-cr2=100 leri-cr3=100,leri-cr1=13 leri-cr2=100 leri-cr3=100,1171Mbit,1171Mbit,1
1791012805.748,leri-cr1=13 leri-cr2=100 leri-cr3=100,leri-cr1=13 leri-cr2=100 leri-cr3=100,leri-cr1=13 leri-cr2=100 leri-cr3=100,1171Mbit,1171Mbit,1
1791012815.799,leri-cr1=13 leri-cr2=100 leri-cr3=100,leri-cr1=13 leri-cr2=100 leri-cr3=100,leri-cr1=13 leri-cr2=100 leri-cr3=100,1171Mbit,1171Mbit,1
1791012825.847,leri-cr1=13 leri-cr2=100 leri-cr3=100,leri-cr1=13 leri-cr2=100 leri-cr3=100,leri-cr1=13 leri-cr2=100 leri-cr3=100,1171Mbit,1171Mbit,1
1791012836.135,leri-cr1=13 leri-cr2=100 leri-cr3=100,leri-cr1=13 leri-cr2=100 leri-cr3=100,leri-cr1=13 leri-cr2=100 leri-cr3=100,1171Mbit,1171Mbit,1
1791012846.181,leri-cr1=13 leri-cr2=100 leri-cr3=100,leri-cr1=13 leri-cr2=100 leri-cr3=100,leri-cr1=13 leri-cr2=100 leri-cr3=100,1171Mbit,1171Mbit,1
1791012856.234,leri-cr1=13 leri-cr2=100 leri-cr3=100,leri-cr1=13 leri-cr2=100 leri-cr3=100,leri-cr1=13 leri-cr2=100 leri-cr3=100,1171Mbit,1171Mbit,1
1791012866.287,leri-cr1=13 leri-cr2=100 leri-cr3=100,leri-cr1=13 leri-cr2=100 leri-cr3=100,leri-cr1=13 leri-cr2=100 leri-cr3=100,1171Mbit,1171Mbit,1
1791012876.342,leri-cr1=13 leri-cr2=100 leri-cr3=100,leri-cr1=13 leri-cr2=100 leri-cr3=100,leri-cr1=13 leri-cr2=100 leri-cr3=100,1171Mbit,1171Mbit,1
1791012886.397,leri-cr1=13 leri-cr2=100 leri-cr3=100,leri-cr1=13 leri-cr2=100 leri-cr3=100,leri-cr1=13 leri-cr2=100 leri-cr3=100,1171Mbit,1171Mbit,1
1791012896.703,leri-cr1=13 leri-cr2=100 leri-cr3=100,leri-cr1=13 leri-cr2=100 leri-cr3=100,leri-cr1=13 leri-cr2=100 leri-cr3=100,1171Mbit,1171Mbit,1
1791012906.758,leri-cr1=13 leri-cr2=100 leri-cr3=100,leri-cr1=13 leri-cr2=100 leri-cr3=100,leri-cr1=13 leri-cr2=100 leri-cr3=100,1171Mbit,1171Mbit,1
1791012916.810,leri-cr1=13 leri-cr2=100 leri-cr3=100,leri-cr1=13 leri-cr2=100 leri-cr3=100,leri-cr1=13 leri-cr2=100 leri-cr3=100,1171Mbit,1171Mbit,1
1791012926.862,leri-cr1=13 leri-cr2=100 leri-cr3=100,leri-cr1=13 leri-cr2=100 leri-cr3=100,leri-cr1=13 leri-cr2=100 leri-cr3=100,1171Mbit,1171Mbit,1
1791012936.914,leri-cr1=13 leri-cr2=100 leri-cr3=100,leri-cr1=13 leri-cr2=100 leri-cr3=100,leri-cr1=13 leri-cr2=100 leri-cr3=100,1171Mbit,1171Mbit,1
1791012946.970,leri-cr1=13 leri-cr2=100 leri-cr3=100,leri-cr1=13 leri-cr2=100 leri-cr3=100,leri-cr1=13 leri-cr2=100 leri-cr3=100,1171Mbit,1171Mbit,1
1791012957.273,leri-cr1=13 leri-cr2=100 leri-cr3=100,leri-cr1=13 leri-cr2=100 leri-cr3=100,leri-cr1=13 leri-cr2=100 leri-cr3=100,1171Mbit,1171Mbit,1
1791012967.331,leri-cr1=13 leri-cr2=100 leri-cr3=100,leri-cr1=13 leri-cr2=100 leri-cr3=100,leri-cr1=13 leri-cr2=100 leri-cr3=100,1171Mbit,1171Mbit,1
1791012977.378,leri-cr1=13 leri-cr2=100 leri-cr3=100,leri-cr1=13 leri-cr2=100 leri-cr3=100,leri-cr1=13 leri-cr2=100 leri-cr3=100,1171Mbit,1171Mbit,1
1791012987.428,leri-cr1=13 leri-cr2=100 leri-cr3=100,leri-cr1=13 leri-cr2=100 leri-cr3=100,leri-cr1=13 leri-cr2=100 leri-cr3=100,1171Mbit,1171Mbit,1
1791012997.480,leri-cr1=13 leri-cr2=100 leri-cr3=100,leri-cr1=13 leri-cr2=100 leri-cr3=100,leri-cr1=13 leri-cr2=100 leri-cr3=100,1171Mbit,1171Mbit,1
1791013007.530,leri-cr1=13 leri-cr2=100 leri-cr3=100,leri-cr1=13 leri-cr2=100 leri-cr3=100,leri-cr1=13 leri-cr2=100 leri-cr3=100,1171Mbit,1171Mbit,1
1791013017.803,leri-cr1=13 leri-cr2=100 leri-cr3=100,leri-cr1=13 leri-cr2=100 leri-cr3=100,leri-cr1=13 leri-cr2=100 leri-cr3=100,1171Mbit,1171Mbit,1
1791013027.860,leri-cr1=13 leri-cr2=100 leri-cr3=100,leri-cr1=13 leri-cr2=100 leri-cr3=100,leri-cr1=13 leri-cr2=100 leri-cr3=100,1171Mbit,1171Mbit,1
1791013037.910,leri-cr1=13 leri-cr2=100 leri-cr3=100,leri-cr1=13 leri-cr2=100 leri-cr3=100,leri-cr1=13 leri-cr2=100 leri-cr3=100,1171Mbit,1171Mbit,1
1791013047.962,leri-cr1=13 leri-cr2=100 leri-cr3=100,leri-cr1=13 leri-cr2=100 leri-cr3=100,leri-cr1=13 leri-cr2=100 leri-cr3=100,1171Mbit,1171Mbit,1
1791013058.014,leri-cr1=13 leri-cr2=100 leri-cr3=100,leri-cr1=13 leri-cr2=100 leri-cr3=100,leri-cr1=13 leri-cr2=100 leri-cr3=100,1171Mbit,1171Mbit,1
1791013068.055,leri-cr1=13 leri-cr2=100 leri-cr3=100,leri-cr1=13 leri-cr2=100 leri-cr3=100,leri-cr1=13 leri-cr2=100 leri-cr3=100,1171Mbit,1171Mbit,1
1791013078.323,leri-cr1=13 leri-cr2=100 leri-cr3=100,leri-cr1=13 leri-cr2=100 leri-cr3=100,leri-cr1=13 leri-cr2=100 leri-cr3=100,1171Mbit,1171Mbit,1
1791013088.366,leri-cr1=13 leri-cr2=100 leri-cr3=100,leri-cr1=13 leri-cr2=100 leri-cr3=100,leri-cr1=13 leri-cr2=100 leri-cr3=100,1171Mbit,1171Mbit,1
1791013098.415,leri-cr1=13 leri-cr2=100 leri-cr3=100,leri-cr1=13 leri-cr2=100 leri-cr3=100,leri-cr1=13 leri-cr2=100 leri-cr3=100,1171Mbit,1171Mbit,1
1791013108.472,leri-cr1=13 leri-cr2=100 leri-cr3=100,leri-cr1=13 leri-cr2=100 leri-cr3=100,leri-cr1=13 leri-cr2=100 leri-cr3=100,1171Mbit,1171Mbit,1
1791013118.526,leri-cr1=13 leri-cr2=100 leri-cr3=100,leri-cr1=13 leri-cr2=100 leri-cr3=100,leri-cr1=13 leri-cr2=100 leri-cr3=100,1171Mbit,1171Mbit,1
1791013128.588,leri-cr1=13 leri-cr2=100 leri-cr3=100,leri-cr1=13 leri-cr2=100 leri-cr3=100,leri-cr1=13 leri-cr2=100 leri-cr3=100,1171Mbit,1171Mbit,1
1791013138.862,leri-cr1=13 leri-cr2=100 leri-cr3=100,leri-cr1=13 leri-cr2=100 leri-cr3=100,leri-cr1=13 leri-cr2=100 leri-cr3=100,1171Mbit,1171Mbit,1
1791013148.924,leri-cr1=13 leri-cr2=100 leri-cr3=100,leri-cr1=13 leri-cr2=100 leri-cr3=100,leri-cr1=13 leri-cr2=100 leri-cr3=100,1171Mbit,1171Mbit,1
1791013158.979,leri-cr1=13 leri-cr2=100 leri-cr3=100,leri-cr1=13 leri-cr2=100 leri-cr3=100,leri-cr1=13 leri-cr2=100 leri-cr3=100,1171Mbit,1171Mbit,1
1791013169.030,leri-cr1=13 leri-cr2=100 leri-cr3=100,leri-cr1=13 leri-cr2=100 leri-cr3=100,leri-cr1=13 leri-cr2=100 leri-cr3=100,1171Mbit,1171Mbit,1
1791013179.082,leri-cr1=13 leri-cr2=100 leri-cr3=100,leri-cr1=13 leri-cr2=100 leri-cr3=100,leri-cr1=13 leri-cr2=100 leri-cr3=100,1171Mbit,1171Mbit,1
1791013189.135,leri-cr1=13 leri-cr2=100 leri-cr3=100,leri-cr1=13 leri-cr2=100 leri-cr3=100,leri-cr1=13 leri-cr2=100 leri-cr3=100,1171Mbit,1171Mbit,1
1791013199.419,leri-cr1=13 leri-cr2=100 leri-cr3=100,leri-cr1=13 leri-cr2=100 leri-cr3=100,leri-cr1=13 leri-cr2=100 leri-cr3=100,1171Mbit,1171Mbit,1
1791013209.471,leri-cr1=13 leri-cr2=100 leri-cr3=100,leri-cr1=13 leri-cr2=100 leri-cr3=100,leri-cr1=13 leri-cr2=100 leri-cr3=100,1171Mbit,1171Mbit,1
1791013219.522,leri-cr1=13 leri-cr2=100 leri-cr3=100,leri-cr1=13 leri-cr2=100 leri-cr3=100,leri-cr1=13 leri-cr2=100 leri-cr3=100,1171Mbit,1171Mbit,1
1791013229.578,leri-cr1=13 leri-cr2=100 leri-cr3=100,leri-cr1=13 leri-cr2=100 leri-cr3=100,leri-cr1=13 leri-cr2=100 leri-cr3=100,1171Mbit,1171Mbit,1
1791013239.630,leri-cr1=13 leri-cr2=100 leri-cr3=100,leri-cr1=13 leri-cr2=100 leri-cr3=100,leri-cr1=13 leri-cr2=100 leri-cr3=100,1171Mbit,1171Mbit,1
1791013249.685,leri-cr1=13 leri-cr2=100 leri-cr3=100,leri-cr1=13 leri-cr2=100 leri-cr3=100,leri-cr1=13 leri-cr2=100 leri-cr3=100,1171Mbit,1171Mbit,1
1791013259.940,leri-cr1=13 leri-cr2=100 leri-cr3=100,leri-cr1=13 leri-cr2=100 leri-cr3=100,leri-cr1=13 leri-cr2=100 leri-cr3=100,1171Mbit,1171Mbit,1
1791013269.992,leri-cr1=13 leri-cr2=100 leri-cr3=100,leri-cr1=13 leri-cr2=100 leri-cr3=100,leri-cr1=13 leri-cr2=100 leri-cr3=100,1171Mbit,1171Mbit,1
1791013280.050,leri-cr1=13 leri-cr2=100 leri-cr3=100,leri-cr1=13 leri-cr2=100 leri-cr3=100,leri-cr1=13 leri-cr2=100 leri-cr3=100,1171Mbit,1171Mbit,1
1791013290.106,leri-cr1=13 leri-cr2=100 leri-cr3=100,leri-cr1=13 leri-cr2=100 leri-cr3=100,leri-cr1=13 leri-cr2=100 leri-cr3=100,1171Mbit,1171Mbit,1
1791013300.159,leri-cr1=13 leri-cr2=100 leri-cr3=100,leri-cr1=13 leri-cr2=100 leri-cr3=100,leri-cr1=13 leri-cr2=100 leri-cr3=100,1171Mbit,1171Mbit,1
1791013310.211,leri-cr1=13 leri-cr2=100 leri-cr3=100,leri-cr1=13 leri-cr2=100 leri-cr3=100,leri-cr1=13 leri-cr2=100 leri-cr3=100,1171Mbit,1171Mbit,1
1791013320.484,leri-cr1=13 leri-cr2=100 leri-cr3=100,leri-cr1=13 leri-cr2=100 leri-cr3=100,leri-cr1=13 leri-cr2=100 leri-cr3=100,1171Mbit,1171Mbit,1
1791013330.534,leri-cr1=13 leri-cr2=100 leri-cr3=100,leri-cr1=13 leri-cr2=100 leri-cr3=100,leri-cr1=13 leri-cr2=100 leri-cr3=100,1171Mbit,1171Mbit,1
1791013340.587,leri-cr1=13 leri-cr2=100 leri-cr3=100,leri-cr1=13 leri-cr2=100 leri-cr3=100,leri-cr1=13 leri-cr2=100 leri-cr3=100,1171Mbit,1171Mbit,1
1791013350.638,leri-cr1=13 leri-cr2=100 leri-cr3=100,leri-cr1=13 leri-cr2=100 leri-cr3=100,leri-cr1=13 leri-cr2=100 leri-cr3=100,1171Mbit,1171Mbit,1
1791013360.688,leri-cr1=13 leri-cr2=100 leri-cr3=100,leri-cr1=13 leri-cr2=100 leri-cr3=100,leri-cr1=13 leri-cr2=100 leri-cr3=100,1171Mbit,1171Mbit,1
1791013370.740,leri-cr1=13 leri-cr2=100 leri-cr3=100,leri-cr1=13 leri-cr2=100 leri-cr3=100,leri-cr1=13 leri-cr2=100 leri-cr3=100,1171Mbit,1171Mbit,1
1791013381.039,leri-cr1=13 leri-cr2=100 leri-cr3=100,leri-cr1=13 leri-cr2=100 leri-cr3=100,leri-cr1=13 leri-cr2=100 leri-cr3=100,1171Mbit,1171Mbit,1
1791013391.083,leri-cr1=13 leri-cr2=100 leri-cr3=100,leri-cr1=13 leri-cr2=100 leri-cr3=100,leri-cr1=13 leri-cr2=100 leri-cr3=100,1171Mbit,1171Mbit,1
1791013401.131,leri-cr1=13 leri-cr2=100 leri-cr3=100,leri-cr1=13 leri-cr2=100 leri-cr3=100,leri-cr1=13 leri-cr2=100 leri-cr3=100,1171Mbit,1171Mbit,1
1791013411.182,leri-cr1=13 leri-cr2=100 leri-cr3=100,leri-cr1=13 leri-cr2=100 leri-cr3=100,leri-cr1=13 leri-cr2=100 leri-cr3=100,1171Mbit,1171Mbit,1
1791013421.235,leri-cr1=13 leri-cr2=100 leri-cr3=100,leri-cr1=13 leri-cr2=100 leri-cr3=100,leri-cr1=13 leri-cr2=100 leri-cr3=100,1171Mbit,1171Mbit,1
1791013431.285,leri-cr1=13 leri-cr2=100 leri-cr3=100,leri-cr1=13 leri-cr2=100 leri-cr3=100,leri-cr1=13 leri-cr2=100 leri-cr3=100,1171Mbit,1171Mbit,1
1791013441.590,leri-cr1=13 leri-cr2=100 leri-cr3=100,leri-cr1=13 leri-cr2=100 leri-cr3=100,leri-cr1=13 leri-cr2=100 leri-cr3=100,1171Mbit,1171Mbit,1
1791013451.640,leri-cr1=13 leri-cr2=100 leri-cr3=100,leri-cr1=13 leri-cr2=100 leri-cr3=100,leri-cr1=13 leri-cr2=100 leri-cr3=100,1171Mbit,1171Mbit,1
1791013461.694,leri-cr1=13 leri-cr2=100 leri-cr3=100,leri-cr1=13 leri-cr2=100 leri-cr3=100,leri-cr1=13 leri-cr2=100 leri-cr3=100,1171Mbit,1171Mbit,1
1791013471.739,leri-cr1=13 leri-cr2=100 leri-cr3=100,leri-cr1=13 leri-cr2=100 leri-cr3=100,leri-cr1=13 leri-cr2=100 leri-cr3=100,1171Mbit,1171Mbit,1
1791013481.791,leri-cr1=13 leri-cr2=100 leri-cr3=100,leri-cr1=13 leri-cr2=100 leri-cr3=100,leri-cr1=13 leri-cr2=100 leri-cr3=100,1171Mbit,1171Mbit,1
1791013491.839,leri-cr1=13 leri-cr2=100 leri-cr3=100,leri-cr1=13 leri-cr2=100 leri-cr3=100,leri-cr1=13 leri-cr2=100 leri-cr3=100,1171Mbit,1171Mbit,1
1791013502.068,leri-cr1=13 leri-cr2=100 leri-cr3=100,leri-cr1=13 leri-cr2=100 leri-cr3=100,leri-cr1=13 leri-cr2=100 leri-cr3=100,1171Mbit,1171Mbit,0
1791013512.145,leri-cr1=13 leri-cr2=100 leri-cr3=100,leri-cr1=13 leri-cr2=100 leri-cr3=100,leri-cr1=13 leri-cr2=100 leri-cr3=100,1171Mbit,1171Mbit,0
1791013522.221,leri-cr1=13 leri-cr2=100 leri-cr3=100,leri-cr1=13 leri-cr2=100 leri-cr3=100,leri-cr1=13 leri-cr2=100 leri-cr3=100,1171Mbit,1171Mbit,0
1791013532.292,leri-cr1=13 leri-cr2=100 leri-cr3=100,leri-cr1=13 leri-cr2=100 leri-cr3=100,leri-cr1=13 leri-cr2=100 leri-cr3=100,1171Mbit,1171Mbit,0
1791013542.365,leri-cr1=13 leri-cr2=100 leri-cr3=100,leri-cr1=13 leri-cr2=100 leri-cr3=100,leri-cr1=13 leri-cr2=100 leri-cr3=100,1171Mbit,1171Mbit,0
1791013552.442,leri-cr1=13 leri-cr2=100 leri-cr3=100,leri-cr1=13 leri-cr2=100 leri-cr3=100,leri-cr1=13 leri-cr2=100 leri-cr3=100,1171Mbit,1171Mbit,0
1791013562.858,leri-cr1=13 leri-cr2=100 leri-cr3=100,leri-cr1=13 leri-cr2=100 leri-cr3=100,leri-cr1=13 leri-cr2=100 leri-cr3=100,1171Mbit,1171Mbit,0
1791013572.936,leri-cr1=13 leri-cr2=100 leri-cr3=100,leri-cr1=13 leri-cr2=100 leri-cr3=100,leri-cr1=13 leri-cr2=100 leri-cr3=100,1171Mbit,1171Mbit,0
1791013583.014,leri-cr1=13 leri-cr2=100 leri-cr3=100,leri-cr1=13 leri-cr2=100 leri-cr3=100,leri-cr1=13 leri-cr2=100 leri-cr3=100,1171Mbit,1171Mbit,0
1791013593.091,leri-cr1=13 leri-cr2=100 leri-cr3=100,leri-cr1=13 leri-cr2=100 leri-cr3=100,leri-cr1=13 leri-cr2=100 leri-cr3=100,1171Mbit,1171Mbit,0
1791013603.171,leri-cr1=13 leri-cr2=100 leri-cr3=100,leri-cr1=13 leri-cr2=100 leri-cr3=100,leri-cr1=13 leri-cr2=100 leri-cr3=100,1171Mbit,1171Mbit,0
1791013613.245,leri-cr1=13 leri-cr2=100 leri-cr3=100,leri-cr1=13 leri-cr2=100 leri-cr3=100,leri-cr1=13 leri-cr2=100 leri-cr3=100,1171Mbit,1171Mbit,0
1791013623.648,leri-cr1=13 leri-cr2=100 leri-cr3=100,leri-cr1=13 leri-cr2=100 leri-cr3=100,leri-cr1=13 leri-cr2=100 leri-cr3=100,1171Mbit,1171Mbit,0
1791013633.703,leri-cr1=13 leri-cr2=100 leri-cr3=100,leri-cr1=13 leri-cr2=100 leri-cr3=100,leri-cr1=13 leri-cr2=100 leri-cr3=100,1171Mbit,1171Mbit,0
1791013643.759,leri-cr1=13 leri-cr2=100 leri-cr3=100,leri-cr1=13 leri-cr2=100 leri-cr3=100,leri-cr1=13 leri-cr2=100 leri-cr3=100,1171Mbit,1171Mbit,1
1791013653.807,leri-cr1=13 leri-cr2=100 leri-cr3=100,leri-cr1=13 leri-cr2=100 leri-cr3=100,leri-cr1=13 leri-cr2=100 leri-cr3=100,1171Mbit,1171Mbit,1
1791013663.850,leri-cr1=13 leri-cr2=100 leri-cr3=100,leri-cr1=13 leri-cr2=100 leri-cr3=100,leri-cr1=13 leri-cr2=100 leri-cr3=100,1171Mbit,1171Mbit,1
1791013673.902,leri-cr1=13 leri-cr2=100 leri-cr3=100,leri-cr1=13 leri-cr2=100 leri-cr3=100,leri-cr1=13 leri-cr2=100 leri-cr3=100,1171Mbit,1171Mbit,1
1791013684.215,leri-cr1=13 leri-cr2=100 leri-cr3=100,leri-cr1=13 leri-cr2=100 leri-cr3=100,leri-cr1=13 leri-cr2=100 leri-cr3=100,1171Mbit,1171Mbit,1
1791013694.267,leri-cr1=13 leri-cr2=100 leri-cr3=100,leri-cr1=13 leri-cr2=100 leri-cr3=100,leri-cr1=13 leri-cr2=100 leri-cr3=100,1171Mbit,1171Mbit,1
1791013704.316,leri-cr1=13 leri-cr2=100 leri-cr3=100,leri-cr1=13 leri-cr2=100 leri-cr3=100,leri-cr1=13 leri-cr2=100 leri-cr3=100,1171Mbit,1171Mbit,1
1791013714.371,leri-cr1=13 leri-cr2=100 leri-cr3=100,leri-cr1=13 leri-cr2=100 leri-cr3=100,leri-cr1=13 leri-cr2=100 leri-cr3=100,1171Mbit,1171Mbit,1
1791013724.425,leri-cr1=13 leri-cr2=100 leri-cr3=100,leri-cr1=13 leri-cr2=100 leri-cr3=100,leri-cr1=13 leri-cr2=100 leri-cr3=100,1171Mbit,1171Mbit,1
1791013734.476,leri-cr1=13 leri-cr2=100 leri-cr3=100,leri-cr1=13 leri-cr2=100 leri-cr3=100,leri-cr1=13 leri-cr2=100 leri-cr3=100,1171Mbit,1171Mbit,1
1791013744.755,leri-cr1=13 leri-cr2=100 leri-cr3=100,leri-cr1=13 leri-cr2=100 leri-cr3=100,leri-cr1=13 leri-cr2=100 leri-cr3=100,1171Mbit,1171Mbit,1
1791013754.805,leri-cr1=13 leri-cr2=100 leri-cr3=100,leri-cr1=13 leri-cr2=100 leri-cr3=100,leri-cr1=13 leri-cr2=100 leri-cr3=100,1171Mbit,1171Mbit,1
1791013764.858,leri-cr1=13 leri-cr2=100 leri-cr3=100,leri-cr1=13 leri-cr2=100 leri-cr3=100,leri-cr1=13 leri-cr2=100 leri-cr3=100,1171Mbit,1171Mbit,1
1791013774.910,leri-cr1=13 leri-cr2=100 leri-cr3=100,leri-cr1=13 leri-cr2=100 leri-cr3=100,leri-cr1=13 leri-cr2=100 leri-cr3=100,1171Mbit,1171Mbit,1
1791013784.962,leri-cr1=13 leri-cr2=100 leri-cr3=100,leri-cr1=13 leri-cr2=100 leri-cr3=100,leri-cr1=13 leri-cr2=100 leri-cr3=100,1171Mbit,1171Mbit,1
1791013795.012,leri-cr1=13 leri-cr2=100 leri-cr3=100,leri-cr1=13 leri-cr2=100 leri-cr3=100,leri-cr1=13 leri-cr2=100 leri-cr3=100,1171Mbit,1171Mbit,1
1791013805.280,leri-cr1=13 leri-cr2=100 leri-cr3=100,leri-cr1=13 leri-cr2=100 leri-cr3=100,leri-cr1=13 leri-cr2=100 leri-cr3=100,1171Mbit,1171Mbit,1
1791013815.333,leri-cr1=13 leri-cr2=100 leri-cr3=100,leri-cr1=13 leri-cr2=100 leri-cr3=100,leri-cr1=13 leri-cr2=100 leri-cr3=100,1171Mbit,1171Mbit,1
1791013825.388,leri-cr1=13 leri-cr2=100 leri-cr3=100,leri-cr1=13 leri-cr2=100 leri-cr3=100,leri-cr1=13 leri-cr2=100 leri-cr3=100,1171Mbit,1171Mbit,1
1791013835.447,leri-cr1=13 leri-cr2=100 leri-cr3=100,leri-cr1=13 leri-cr2=100 leri-cr3=100,leri-cr1=13 leri-cr2=100 leri-cr3=100,1171Mbit,1171Mbit,1
1791013845.506,leri-cr1=13 leri-cr2=100 leri-cr3=100,leri-cr1=13 leri-cr2=100 leri-cr3=100,leri-cr1=13 leri-cr2=100 leri-cr3=100,1171Mbit,1171Mbit,1
1791013855.566,leri-cr1=13 leri-cr2=100 leri-cr3=100,leri-cr1=13 leri-cr2=100 leri-cr3=100,leri-cr1=13 leri-cr2=100 leri-cr3=100,1171Mbit,1171Mbit,1
1791013865.786,leri-cr1=13 leri-cr2=100 leri-cr3=100,leri-cr1=13 leri-cr2=100 leri-cr3=100,leri-cr1=13 leri-cr2=100 leri-cr3=100,1171Mbit,1171Mbit,1
1791013875.866,leri-cr1=13 leri-cr2=100 leri-cr3=100,leri-cr1=13 leri-cr2=100 leri-cr3=100,leri-cr1=13 leri-cr2=100 leri-cr3=100,1171Mbit,1171Mbit,1
1791013885.921,leri-cr1=13 leri-cr2=100 leri-cr3=100,leri-cr1=13 leri-cr2=100 leri-cr3=100,leri-cr1=13 leri-cr2=100 leri-cr3=100,1171Mbit,1171Mbit,1
1791013895.971,leri-cr1=13 leri-cr2=100 leri-cr3=100,leri-cr1=13 leri-cr2=100 leri-cr3=100,leri-cr1=13 leri-cr2=100 leri-cr3=100,1171Mbit,1171Mbit,1
1791013906.026,leri-cr1=13 leri-cr2=100 leri-cr3=100,leri-cr1=13 leri-cr2=100 leri-cr3=100,leri-cr1=13 leri-cr2=100 leri-cr3=100,1171Mbit,1171Mbit,1
1791013916.314,leri-cr1=13 leri-cr2=100 leri-cr3=100,leri-cr1=13 leri-cr2=100 leri-cr3=100,leri-cr1=13 leri-cr2=100 leri-cr3=100,1171Mbit,1171Mbit,1
1791013926.364,leri-cr1=13 leri-cr2=100 leri-cr3=100,leri-cr1=13 leri-cr2=100 leri-cr3=100,leri-cr1=13 leri-cr2=100 leri-cr3=100,1171Mbit,1171Mbit,1
1791013936.415,leri-cr1=13 leri-cr2=100 leri-cr3=100,leri-cr1=13 leri-cr2=100 leri-cr3=100,leri-cr1=13 leri-cr2=100 leri-cr3=100,1171Mbit,1171Mbit,1
1791013946.461,leri-cr1=13 leri-cr2=100 leri-cr3=100,leri-cr1=13 leri-cr2=100 leri-cr3=100,leri-cr1=13 leri-cr2=100 leri-cr3=100,1171Mbit,1171Mbit,1
1791013956.514,leri-cr1=13 leri-cr2=100 leri-cr3=100,leri-cr1=13 leri-cr2=100 leri-cr3=100,leri-cr1=13 leri-cr2=100 leri-cr3=100,1171Mbit,1171Mbit,1
1791013966.560,leri-cr1=13 leri-cr2=100 leri-cr3=100,leri-cr1=13 leri-cr2=100 leri-cr3=100,leri-cr1=13 leri-cr2=100 leri-cr3=100,1171Mbit,1171Mbit,1
1791013976.836,leri-cr1=13 leri-cr2=100 leri-cr3=100,leri-cr1=13 leri-cr2=100 leri-cr3=100,leri-cr1=13 leri-cr2=100 leri-cr3=100,1171Mbit,1171Mbit,1
1791013986.878,leri-cr1=13 leri-cr2=100 leri-cr3=100,leri-cr1=13 leri-cr2=100 leri-cr3=100,leri-cr1=13 leri-cr2=100 leri-cr3=100,1171Mbit,1171Mbit,1
1791013996.930,leri-cr1=13 leri-cr2=100 leri-cr3=100,leri-cr1=13 leri-cr2=100 leri-cr3=100,leri-cr1=13 leri-cr2=100 leri-cr3=100,1171Mbit,1171Mbit,1
1791014006.977,leri-cr1=13 leri-cr2=100 leri-cr3=100,leri-cr1=13 leri-cr2=100 leri-cr3=100,leri-cr1=13 leri-cr2=100 leri-cr3=100,1171Mbit,1171Mbit,1
1791014017.028,leri-cr1=13 leri-cr2=100 leri-cr3=100,leri-cr1=13 leri-cr2=100 leri-cr3=100,leri-cr1=13 leri-cr2=100 leri-cr3=100,1171Mbit,1171Mbit,1
1791014027.078,leri-cr1=13 leri-cr2=100 leri-cr3=100,leri-cr1=13 leri-cr2=100 leri-cr3=100,leri-cr1=13 leri-cr2=100 leri-cr3=100,1171Mbit,1171Mbit,1
1791014037.378,leri-cr1=13 leri-cr2=100 leri-cr3=100,leri-cr1=13 leri-cr2=100 leri-cr3=100,leri-cr1=13 leri-cr2=100 leri-cr3=100,1171Mbit,1171Mbit,1
1791014047.431,leri-cr1=13 leri-cr2=100 leri-cr3=100,leri-cr1=13 leri-cr2=100 leri-cr3=100,leri-cr1=13 leri-cr2=100 leri-cr3=100,1171Mbit,1171Mbit,1
1791014057.482,leri-cr1=13 leri-cr2=100 leri-cr3=100,leri-cr1=13 leri-cr2=100 leri-cr3=100,leri-cr1=13 leri-cr2=100 leri-cr3=100,1171Mbit,1171Mbit,1
1791014067.534,leri-cr1=13 leri-cr2=100 leri-cr3=100,leri-cr1=13 leri-cr2=100 leri-cr3=100,leri-cr1=13 leri-cr2=100 leri-cr3=100,1171Mbit,1171Mbit,1
1791014077.589,leri-cr1=13 leri-cr2=100 leri-cr3=100,leri-cr1=13 leri-cr2=100 leri-cr3=100,leri-cr1=13 leri-cr2=100 leri-cr3=100,1171Mbit,1171Mbit,1
1791014087.640,leri-cr1=13 leri-cr2=100 leri-cr3=100,leri-cr1=13 leri-cr2=100 leri-cr3=100,leri-cr1=13 leri-cr2=100 leri-cr3=100,1171Mbit,1171Mbit,1
1791014097.890,leri-cr1=13 leri-cr2=100 leri-cr3=100,leri-cr1=13 leri-cr2=100 leri-cr3=100,leri-cr1=13 leri-cr2=100 leri-cr3=100,1171Mbit,1171Mbit,1
1791014107.943,leri-cr1=13 leri-cr2=100 leri-cr3=100,leri-cr1=13 leri-cr2=100 leri-cr3=100,leri-cr1=13 leri-cr2=100 leri-cr3=100,1171Mbit,1171Mbit,1
1791014117.993,leri-cr1=13 leri-cr2=100 leri-cr3=100,leri-cr1=13 leri-cr2=100 leri-cr3=100,leri-cr1=13 leri-cr2=100 leri-cr3=100,1171Mbit,1171Mbit,1
1791014128.047,leri-cr1=13 leri-cr2=100 leri-cr3=100,leri-cr1=13 leri-cr2=100 leri-cr3=100,leri-cr1=13 leri-cr2=100 leri-cr3=100,1171Mbit,1171Mbit,1
1791014138.102,leri-cr1=13 leri-cr2=100 leri-cr3=100,leri-cr1=13 leri-cr2=100 leri-cr3=100,leri-cr1=13 leri-cr2=100 leri-cr3=100,1171Mbit,1171Mbit,1
1791014148.156,leri-cr1=13 leri-cr2=100 leri-cr3=100,leri-cr1=13 leri-cr2=100 leri-cr3=100,leri-cr1=13 leri-cr2=100 leri-cr3=100,1171Mbit,1171Mbit,1
1791014158.418,leri-cr1=13 leri-cr2=100 leri-cr3=100,leri-cr1=13 leri-cr2=100 leri-cr3=100,leri-cr1=13 leri-cr2=100 leri-cr3=100,1171Mbit,1171Mbit,1
1791014168.472,leri-cr1=13 leri-cr2=100 leri-cr3=100,leri-cr1=13 leri-cr2=100 leri-cr3=100,leri-cr1=13 leri-cr2=100 leri-cr3=100,1171Mbit,1171Mbit,1
1791014178.525,leri-cr1=13 leri-cr2=100 leri-cr3=100,leri-cr1=13 leri-cr2=100 leri-cr3=100,leri-cr1=13 leri-cr2=100 leri-cr3=100,1171Mbit,1171Mbit,1
1791014188.575,leri-cr1=13 leri-cr2=100 leri-cr3=100,leri-cr1=13 leri-cr2=100 leri-cr3=100,leri-cr1=13 leri-cr2=100 leri-cr3=100,1171Mbit,1171Mbit,1
1791014198.624,leri-cr1=13 leri-cr2=100 leri-cr3=100,leri-cr1=13 leri-cr2=100 leri-cr3=100,leri-cr1=13 leri-cr2=100 leri-cr3=100,1171Mbit,1171Mbit,1
1791014208.684,leri-cr1=13 leri-cr2=100 leri-cr3=100,leri-cr1=13 leri-cr2=100 leri-cr3=100,leri-cr1=13 leri-cr2=100 leri-cr3=100,1171Mbit,1171Mbit,1
1791014218.971,leri-cr1=13 leri-cr2=100 leri-cr3=100,leri-cr1=13 leri-cr2=100 leri-cr3=100,leri-cr1=13 leri-cr2=100 leri-cr3=100,1171Mbit,1171Mbit,1
1791014229.015,leri-cr1=13 leri-cr2=100 leri-cr3=100,leri-cr1=13 leri-cr2=100 leri-cr3=100,leri-cr1=13 leri-cr2=100 leri-cr3=100,1171Mbit,1171Mbit,1
1791014239.066,leri-cr1=13 leri-cr2=100 leri-cr3=100,leri-cr1=13 leri-cr2=100 leri-cr3=100,leri-cr1=13 leri-cr2=100 leri-cr3=100,1171Mbit,1171Mbit,1
1791014249.115,leri-cr1=13 leri-cr2=100 leri-cr3=100,leri-cr1=13 leri-cr2=100 leri-cr3=100,leri-cr1=13 leri-cr2=100 leri-cr3=100,1171Mbit,1171Mbit,1
1791014259.168,leri-cr1=13 leri-cr2=100 leri-cr3=100,leri-cr1=13 leri-cr2=100 leri-cr3=100,leri-cr1=13 leri-cr2=100 leri-cr3=100,1171Mbit,1171Mbit,1
1791014269.224,leri-cr1=13 leri-cr2=100 leri-cr3=100,leri-cr1=13 leri-cr2=100 leri-cr3=100,leri-cr1=13 leri-cr2=100 leri-cr3=100,1171Mbit,1171Mbit,1
1791014279.534,leri-cr1=13 leri-cr2=100 leri-cr3=100,leri-cr1=13 leri-cr2=100 leri-cr3=100,leri-cr1=13 leri-cr2=100 leri-cr3=100,1171Mbit,1171Mbit,1
1791014289.590,leri-cr1=13 leri-cr2=100 leri-cr3=100,leri-cr1=13 leri-cr2=100 leri-cr3=100,leri-cr1=13 leri-cr2=100 leri-cr3=100,1171Mbit,1171Mbit,1
1791014299.643,leri-cr1=13 leri-cr2=100 leri-cr3=100,leri-cr1=13 leri-cr2=100 leri-cr3=100,leri-cr1=13 leri-cr2=100 leri-cr3=100,1171Mbit,1171Mbit,1
1791014309.696,leri-cr1=13 leri-cr2=100 leri-cr3=100,leri-cr1=13 leri-cr2=100 leri-cr3=100,leri-cr1=13 leri-cr2=100 leri-cr3=100,1171Mbit,1171Mbit,1
1791014319.748,leri-cr1=13 leri-cr2=100 leri-cr3=100,leri-cr1=13 leri-cr2=100 leri-cr3=100,leri-cr1=13 leri-cr2=100 leri-cr3=100,1171Mbit,1171Mbit,1
1791014329.798,leri-cr1=13 leri-cr2=100 leri-cr3=100,leri-cr1=13 leri-cr2=100 leri-cr3=100,leri-cr1=13 leri-cr2=100 leri-cr3=100,1171Mbit,1171Mbit,1
1791014340.114,leri-cr1=13 leri-cr2=100 leri-cr3=100,leri-cr1=13 leri-cr2=100 leri-cr3=100,leri-cr1=13 leri-cr2=100 leri-cr3=100,1171Mbit,1171Mbit,1
1791014350.167,leri-cr1=13 leri-cr2=100 leri-cr3=100,leri-cr1=13 leri-cr2=100 leri-cr3=100,leri-cr1=13 leri-cr2=100 leri-cr3=100,1171Mbit,1171Mbit,1
1791014360.244,leri-cr1=13 leri-cr2=100 leri-cr3=100,leri-cr1=13 leri-cr2=100 leri-cr3=100,leri-cr1=13 leri-cr2=100 leri-cr3=100,1171Mbit,1171Mbit,1
1791014370.303,leri-cr1=13 leri-cr2=100 leri-cr3=100,leri-cr1=13 leri-cr2=100 leri-cr3=100,leri-cr1=13 leri-cr2=100 leri-cr3=100,1171Mbit,1171Mbit,1
1791014380.356,leri-cr1=13 leri-cr2=100 leri-cr3=100,leri-cr1=13 leri-cr2=100 leri-cr3=100,leri-cr1=13 leri-cr2=100 leri-cr3=100,1171Mbit,1171Mbit,1
1791014390.415,leri-cr1=13 leri-cr2=100 leri-cr3=100,leri-cr1=13 leri-cr2=100 leri-cr3=100,leri-cr1=13 leri-cr2=100 leri-cr3=100,1171Mbit,1171Mbit,1
1791014400.684,leri-cr1=13 leri-cr2=100 leri-cr3=100,leri-cr1=13 leri-cr2=100 leri-cr3=100,leri-cr1=13 leri-cr2=100 leri-cr3=100,1171Mbit,1171Mbit,1
1791014410.754,leri-cr1=13 leri-cr2=100 leri-cr3=100,leri-cr1=13 leri-cr2=100 leri-cr3=100,leri-cr1=13 leri-cr2=100 leri-cr3=100,1171Mbit,1171Mbit,0
1791014420.828,leri-cr1=13 leri-cr2=100 leri-cr3=100,leri-cr1=13 leri-cr2=100 leri-cr3=100,leri-cr1=13 leri-cr2=100 leri-cr3=100,1171Mbit,1171Mbit,0
1791014430.904,leri-cr1=13 leri-cr2=100 leri-cr3=100,leri-cr1=13 leri-cr2=100 leri-cr3=100,leri-cr1=13 leri-cr2=100 leri-cr3=100,1171Mbit,1171Mbit,0
1791014440.977,leri-cr1=13 leri-cr2=100 leri-cr3=100,leri-cr1=13 leri-cr2=100 leri-cr3=100,leri-cr1=13 leri-cr2=100 leri-cr3=100,1171Mbit,1171Mbit,0
1791014451.059,leri-cr1=13 leri-cr2=100 leri-cr3=100,leri-cr1=13 leri-cr2=100 leri-cr3=100,leri-cr1=13 leri-cr2=100 leri-cr3=100,1171Mbit,1171Mbit,0
1791014461.464,leri-cr1=13 leri-cr2=100 leri-cr3=100,leri-cr1=13 leri-cr2=100 leri-cr3=100,leri-cr1=13 leri-cr2=100 leri-cr3=100,1171Mbit,1171Mbit,0
1791014471.540,leri-cr1=13 leri-cr2=100 leri-cr3=100,leri-cr1=13 leri-cr2=100 leri-cr3=100,leri-cr1=13 leri-cr2=100 leri-cr3=100,1171Mbit,1171Mbit,0
1791014481.644,leri-cr1=13 leri-cr2=100 leri-cr3=100,leri-cr1=13 leri-cr2=100 leri-cr3=100,leri-cr1=13 leri-cr2=100 leri-cr3=100,1171Mbit,1171Mbit,0
1791014491.722,leri-cr1=13 leri-cr2=100 leri-cr3=100,leri-cr1=13 leri-cr2=100 leri-cr3=100,leri-cr1=13 leri-cr2=100 leri-cr3=100,1171Mbit,1171Mbit,0
1791014501.797,leri-cr1=13 leri-cr2=100 leri-cr3=100,leri-cr1=13 leri-cr2=100 leri-cr3=100,leri-cr1=13 leri-cr2=100 leri-cr3=100,1171Mbit,1171Mbit,0
1791014511.874,leri-cr1=13 leri-cr2=100 leri-cr3=100,leri-cr1=13 leri-cr2=100 leri-cr3=100,leri-cr1=13 leri-cr2=100 leri-cr3=100,1171Mbit,1171Mbit,0
1791014522.299,leri-cr1=13 leri-cr2=100 leri-cr3=100,leri-cr1=13 leri-cr2=100 leri-cr3=100,leri-cr1=13 leri-cr2=100 leri-cr3=100,1171Mbit,1171Mbit,0
1791014532.351,leri-cr1=13 leri-cr2=100 leri-cr3=100,leri-cr1=13 leri-cr2=100 leri-cr3=100,leri-cr1=13 leri-cr2=100 leri-cr3=100,1171Mbit,1171Mbit,0
1791014542.406,leri-cr1=13 leri-cr2=100 leri-cr3=100,leri-cr1=13 leri-cr2=100 leri-cr3=100,leri-cr1=13 leri-cr2=100 leri-cr3=100,1171Mbit,1171Mbit,1
1791014552.455,leri-cr1=13 leri-cr2=100 leri-cr3=100,leri-cr1=13 leri-cr2=100 leri-cr3=100,leri-cr1=13 leri-cr2=100 leri-cr3=100,1171Mbit,1171Mbit,1
1791014562.507,leri-cr1=13 leri-cr2=100 leri-cr3=100,leri-cr1=13 leri-cr2=100 leri-cr3=100,leri-cr1=13 leri-cr2=100 leri-cr3=100,1171Mbit,1171Mbit,1
1791014572.559,leri-cr1=13 leri-cr2=100 leri-cr3=100,leri-cr1=13 leri-cr2=100 leri-cr3=100,leri-cr1=13 leri-cr2=100 leri-cr3=100,1171Mbit,1171Mbit,1
1791014582.841,leri-cr1=13 leri-cr2=100 leri-cr3=100,leri-cr1=13 leri-cr2=100 leri-cr3=100,leri-cr1=13 leri-cr2=100 leri-cr3=100,1171Mbit,1171Mbit,1
1791014592.890,leri-cr1=13 leri-cr2=100 leri-cr3=100,leri-cr1=13 leri-cr2=100 leri-cr3=100,leri-cr1=13 leri-cr2=100 leri-cr3=100,1171Mbit,1171Mbit,1
1791014602.936,leri-cr1=13 leri-cr2=100 leri-cr3=100,leri-cr1=13 leri-cr2=100 leri-cr3=100,leri-cr1=13 leri-cr2=100 leri-cr3=100,1171Mbit,1171Mbit,1
1791014612.987,leri-cr1=13 leri-cr2=100 leri-cr3=100,leri-cr1=13 leri-cr2=100 leri-cr3=100,leri-cr1=13 leri-cr2=100 leri-cr3=100,1171Mbit,1171Mbit,1
1791014623.042,leri-cr1=13 leri-cr2=100 leri-cr3=100,leri-cr1=13 leri-cr2=100 leri-cr3=100,leri-cr1=13 leri-cr2=100 leri-cr3=100,1171Mbit,1171Mbit,1
1791014633.088,leri-cr1=13 leri-cr2=100 leri-cr3=100,leri-cr1=13 leri-cr2=100 leri-cr3=100,leri-cr1=13 leri-cr2=100 leri-cr3=100,1171Mbit,1171Mbit,1
1791014643.380,leri-cr1=13 leri-cr2=100 leri-cr3=100,leri-cr1=13 leri-cr2=100 leri-cr3=100,leri-cr1=13 leri-cr2=100 leri-cr3=100,1171Mbit,1171Mbit,1
1791014653.438,leri-cr1=13 leri-cr2=100 leri-cr3=100,leri-cr1=13 leri-cr2=100 leri-cr3=100,leri-cr1=13 leri-cr2=100 leri-cr3=100,1171Mbit,1171Mbit,1
1791014663.493,leri-cr1=13 leri-cr2=100 leri-cr3=100,leri-cr1=13 leri-cr2=100 leri-cr3=100,leri-cr1=13 leri-cr2=100 leri-cr3=100,1171Mbit,1171Mbit,1
1791014673.550,leri-cr1=13 leri-cr2=100 leri-cr3=100,leri-cr1=13 leri-cr2=100 leri-cr3=100,leri-cr1=13 leri-cr2=100 leri-cr3=100,1171Mbit,1171Mbit,1
1791014683.601,leri-cr1=13 leri-cr2=100 leri-cr3=100,leri-cr1=13 leri-cr2=100 leri-cr3=100,leri-cr1=13 leri-cr2=100 leri-cr3=100,1171Mbit,1171Mbit,1
1791014693.663,leri-cr1=13 leri-cr2=100 leri-cr3=100,leri-cr1=13 leri-cr2=100 leri-cr3=100,leri-cr1=13 leri-cr2=100 leri-cr3=100,1171Mbit,1171Mbit,1
1791014703.930,leri-cr1=13 leri-cr2=100 leri-cr3=100,leri-cr1=13 leri-cr2=100 leri-cr3=100,leri-cr1=13 leri-cr2=100 leri-cr3=100,1171Mbit,1171Mbit,1
1791014713.983,leri-cr1=13 leri-cr2=100 leri-cr3=100,leri-cr1=13 leri-cr2=100 leri-cr3=100,leri-cr1=13 leri-cr2=100 leri-cr3=100,1171Mbit,1171Mbit,1
1791014724.035,leri-cr1=13 leri-cr2=100 leri-cr3=100,leri-cr1=13 leri-cr2=100 leri-cr3=100,leri-cr1=13 leri-cr2=100 leri-cr3=100,1171Mbit,1171Mbit,1
1791014734.088,leri-cr1=13 leri-cr2=100 leri-cr3=100,leri-cr1=13 leri-cr2=100 leri-cr3=100,leri-cr1=13 leri-cr2=100 leri-cr3=100,1171Mbit,1171Mbit,1
1791014744.136,leri-cr1=13 leri-cr2=100 leri-cr3=100,leri-cr1=13 leri-cr2=100 leri-cr3=100,leri-cr1=13 leri-cr2=100 leri-cr3=100,1171Mbit,1171Mbit,1
1791014754.189,leri-cr1=13 leri-cr2=100 leri-cr3=100,leri-cr1=13 leri-cr2=100 leri-cr3=100,leri-cr1=13 leri-cr2=100 leri-cr3=100,1171Mbit,1171Mbit,1
1791014764.490,leri-cr1=13 leri-cr2=100 leri-cr3=100,leri-cr1=13 leri-cr2=100 leri-cr3=100,leri-cr1=13 leri-cr2=100 leri-cr3=100,1171Mbit,1171Mbit,1
1791014774.544,leri-cr1=13 leri-cr2=100 leri-cr3=100,leri-cr1=13 leri-cr2=100 leri-cr3=100,leri-cr1=13 leri-cr2=100 leri-cr3=100,1171Mbit,1171Mbit,1
1791014784.598,leri-cr1=13 leri-cr2=100 leri-cr3=100,leri-cr1=13 leri-cr2=100 leri-cr3=100,leri-cr1=13 leri-cr2=100 leri-cr3=100,1171Mbit,1171Mbit,1
1791014794.650,leri-cr1=13 leri-cr2=100 leri-cr3=100,leri-cr1=13 leri-cr2=100 leri-cr3=100,leri-cr1=13 leri-cr2=100 leri-cr3=100,1171Mbit,1171Mbit,1
1791014804.702,leri-cr1=13 leri-cr2=100 leri-cr3=100,leri-cr1=13 leri-cr2=100 leri-cr3=100,leri-cr1=13 leri-cr2=100 leri-cr3=100,1171Mbit,1171Mbit,1
1791014814.754,leri-cr1=13 leri-cr2=100 leri-cr3=100,leri-cr1=13 leri-cr2=100 leri-cr3=100,leri-cr1=13 leri-cr2=100 leri-cr3=100,1171Mbit,1171Mbit,1
1791014825.047,leri-cr1=13 leri-cr2=100 leri-cr3=100,leri-cr1=13 leri-cr2=100 leri-cr3=100,leri-cr1=13 leri-cr2=100 leri-cr3=100,1171Mbit,1171Mbit,1
1791014835.096,leri-cr1=13 leri-cr2=100 leri-cr3=100,leri-cr1=13 leri-cr2=100 leri-cr3=100,leri-cr1=13 leri-cr2=100 leri-cr3=100,1171Mbit,1171Mbit,1
1791014845.151,leri-cr1=13 leri-cr2=100 leri-cr3=100,leri-cr1=13 leri-cr2=100 leri-cr3=100,leri-cr1=13 leri-cr2=100 leri-cr3=100,1171Mbit,1171Mbit,1
1791014855.195,leri-cr1=13 leri-cr2=100 leri-cr3=100,leri-cr1=13 leri-cr2=100 leri-cr3=100,leri-cr1=13 leri-cr2=100 leri-cr3=100,1171Mbit,1171Mbit,1
1791014865.250,leri-cr1=13 leri-cr2=100 leri-cr3=100,leri-cr1=13 leri-cr2=100 leri-cr3=100,leri-cr1=13 leri-cr2=100 leri-cr3=100,1171Mbit,1171Mbit,1
1791014875.299,leri-cr1=13 leri-cr2=100 leri-cr3=100,leri-cr1=13 leri-cr2=100 leri-cr3=100,leri-cr1=13 leri-cr2=100 leri-cr3=100,1171Mbit,1171Mbit,1
1791014885.594,leri-cr1=13 leri-cr2=100 leri-cr3=100,leri-cr1=13 leri-cr2=100 leri-cr3=100,leri-cr1=13 leri-cr2=100 leri-cr3=100,1171Mbit,1171Mbit,1
1791014895.661,leri-cr1=13 leri-cr2=100 leri-cr3=100,leri-cr1=13 leri-cr2=100 leri-cr3=100,leri-cr1=13 leri-cr2=100 leri-cr3=100,1171Mbit,1171Mbit,1
1791014905.716,leri-cr1=13 leri-cr2=100 leri-cr3=100,leri-cr1=13 leri-cr2=100 leri-cr3=100,leri-cr1=13 leri-cr2=100 leri-cr3=100,1171Mbit,1171Mbit,1
1791014915.762,leri-cr1=13 leri-cr2=100 leri-cr3=100,leri-cr1=13 leri-cr2=100 leri-cr3=100,leri-cr1=13 leri-cr2=100 leri-cr3=100,1171Mbit,1171Mbit,1
1791014925.808,leri-cr1=13 leri-cr2=100 leri-cr3=100,leri-cr1=13 leri-cr2=100 leri-cr3=100,leri-cr1=13 leri-cr2=100 leri-cr3=100,1171Mbit,1171Mbit,1
1791014935.859,leri-cr1=13 leri-cr2=100 leri-cr3=100,leri-cr1=13 leri-cr2=100 leri-cr3=100,leri-cr1=13 leri-cr2=100 leri-cr3=100,1171Mbit,1171Mbit,1
1791014946.144,leri-cr1=13 leri-cr2=100 leri-cr3=100,leri-cr1=13 leri-cr2=100 leri-cr3=100,leri-cr1=13 leri-cr2=100 leri-cr3=100,1171Mbit,1171Mbit,1
1791014956.199,leri-cr1=13 leri-cr2=100 leri-cr3=100,leri-cr1=13 leri-cr2=100 leri-cr3=100,leri-cr1=13 leri-cr2=100 leri-cr3=100,1171Mbit,1171Mbit,1
1791014966.254,leri-cr1=13 leri-cr2=100 leri-cr3=100,leri-cr1=13 leri-cr2=100 leri-cr3=100,leri-cr1=13 leri-cr2=100 leri-cr3=100,1171Mbit,1171Mbit,1
1791014976.308,leri-cr1=13 leri-cr2=100 leri-cr3=100,leri-cr1=13 leri-cr2=100 leri-cr3=100,leri-cr1=13 leri-cr2=100 leri-cr3=100,1171Mbit,1171Mbit,1
1791014986.363,leri-cr1=13 leri-cr2=100 leri-cr3=100,leri-cr1=13 leri-cr2=100 leri-cr3=100,leri-cr1=13 leri-cr2=100 leri-cr3=100,1171Mbit,1171Mbit,1
1791014996.418,leri-cr1=13 leri-cr2=100 leri-cr3=100,leri-cr1=13 leri-cr2=100 leri-cr3=100,leri-cr1=13 leri-cr2=100 leri-cr3=100,1171Mbit,1171Mbit,1
1791015006.695,leri-cr1=13 leri-cr2=100 leri-cr3=100,leri-cr1=13 leri-cr2=100 leri-cr3=100,leri-cr1=13 leri-cr2=100 leri-cr3=100,1171Mbit,1171Mbit,1
1791015016.750,leri-cr1=13 leri-cr2=100 leri-cr3=100,leri-cr1=13 leri-cr2=100 leri-cr3=100,leri-cr1=13 leri-cr2=100 leri-cr3=100,1171Mbit,1171Mbit,1
1791015026.797,leri-cr1=13 leri-cr2=100 leri-cr3=100,leri-cr1=13 leri-cr2=100 leri-cr3=100,leri-cr1=13 leri-cr2=100 leri-cr3=100,1171Mbit,1171Mbit,1
1791015036.850,leri-cr1=13 leri-cr2=100 leri-cr3=100,leri-cr1=13 leri-cr2=100 leri-cr3=100,leri-cr1=13 leri-cr2=100 leri-cr3=100,1171Mbit,1171Mbit,1
1791015046.907,leri-cr1=13 leri-cr2=100 leri-cr3=100,leri-cr1=13 leri-cr2=100 leri-cr3=100,leri-cr1=13 leri-cr2=100 leri-cr3=100,1171Mbit,1171Mbit,1
1791015056.962,leri-cr1=13 leri-cr2=100 leri-cr3=100,leri-cr1=13 leri-cr2=100 leri-cr3=100,leri-cr1=13 leri-cr2=100 leri-cr3=100,1171Mbit,1171Mbit,1
1791015067.219,leri-cr1=13 leri-cr2=100 leri-cr3=100,leri-cr1=13 leri-cr2=100 leri-cr3=100,leri-cr1=13 leri-cr2=100 leri-cr3=100,1171Mbit,1171Mbit,1
1791015077.266,leri-cr1=13 leri-cr2=100 leri-cr3=100,leri-cr1=13 leri-cr2=100 leri-cr3=100,leri-cr1=13 leri-cr2=100 leri-cr3=100,1171Mbit,1171Mbit,1
1791015087.320,leri-cr1=13 leri-cr2=100 leri-cr3=100,leri-cr1=13 leri-cr2=100 leri-cr3=100,leri-cr1=13 leri-cr2=100 leri-cr3=100,1171Mbit,1171Mbit,1
1791015097.370,leri-cr1=13 leri-cr2=100 leri-cr3=100,leri-cr1=13 leri-cr2=100 leri-cr3=100,leri-cr1=13 leri-cr2=100 leri-cr3=100,1171Mbit,1171Mbit,1
1791015107.418,leri-cr1=13 leri-cr2=100 leri-cr3=100,leri-cr1=13 leri-cr2=100 leri-cr3=100,leri-cr1=13 leri-cr2=100 leri-cr3=100,1171Mbit,1171Mbit,1
1791015117.664,leri-cr1=13 leri-cr2=100 leri-cr3=100,leri-cr1=13 leri-cr2=100 leri-cr3=100,leri-cr1=13 leri-cr2=100 leri-cr3=100,1171Mbit,1171Mbit,1
1791015127.723,leri-cr1=13 leri-cr2=100 leri-cr3=100,leri-cr1=13 leri-cr2=100 leri-cr3=100,leri-cr1=13 leri-cr2=100 leri-cr3=100,1171Mbit,1171Mbit,1
1791015137.775,leri-cr1=13 leri-cr2=100 leri-cr3=100,leri-cr1=13 leri-cr2=100 leri-cr3=100,leri-cr1=13 leri-cr2=100 leri-cr3=100,1171Mbit,1171Mbit,1
1791015147.828,leri-cr1=13 leri-cr2=100 leri-cr3=100,leri-cr1=13 leri-cr2=100 leri-cr3=100,leri-cr1=13 leri-cr2=100 leri-cr3=100,1171Mbit,1171Mbit,1
1791015157.874,leri-cr1=13 leri-cr2=100 leri-cr3=100,leri-cr1=13 leri-cr2=100 leri-cr3=100,leri-cr1=13 leri-cr2=100 leri-cr3=100,1171Mbit,1171Mbit,1
1791015167.933,leri-cr1=13 leri-cr2=100 leri-cr3=100,leri-cr1=13 leri-cr2=100 leri-cr3=100,leri-cr1=13 leri-cr2=100 leri-cr3=100,1171Mbit,1171Mbit,1
1791015178.225,leri-cr1=13 leri-cr2=100 leri-cr3=100,leri-cr1=13 leri-cr2=100 leri-cr3=100,leri-cr1=13 leri-cr2=100 leri-cr3=100,1171Mbit,1171Mbit,1
1791015188.275,leri-cr1=13 leri-cr2=100 leri-cr3=100,leri-cr1=13 leri-cr2=100 leri-cr3=100,leri-cr1=13 leri-cr2=100 leri-cr3=100,1171Mbit,1171Mbit,1
1791015198.322,leri-cr1=13 leri-cr2=100 leri-cr3=100,leri-cr1=13 leri-cr2=100 leri-cr3=100,leri-cr1=13 leri-cr2=100 leri-cr3=100,1171Mbit,1171Mbit,1
1791015208.379,leri-cr1=13 leri-cr2=100 leri-cr3=100,leri-cr1=13 leri-cr2=100 leri-cr3=100,leri-cr1=13 leri-cr2=100 leri-cr3=100,1171Mbit,1171Mbit,1
1791015218.430,leri-cr1=13 leri-cr2=100 leri-cr3=100,leri-cr1=13 leri-cr2=100 leri-cr3=100,leri-cr1=13 leri-cr2=100 leri-cr3=100,1171Mbit,1171Mbit,1
1791015228.480,leri-cr1=13 leri-cr2=100 leri-cr3=100,leri-cr1=13 leri-cr2=100 leri-cr3=100,leri-cr1=13 leri-cr2=100 leri-cr3=100,1171Mbit,1171Mbit,1
1791015238.694,leri-cr1=13 leri-cr2=100 leri-cr3=100,leri-cr1=13 leri-cr2=100 leri-cr3=100,leri-cr1=13 leri-cr2=100 leri-cr3=100,1171Mbit,1171Mbit,1
1791015248.750,leri-cr1=13 leri-cr2=100 leri-cr3=100,leri-cr1=13 leri-cr2=100 leri-cr3=100,leri-cr1=13 leri-cr2=100 leri-cr3=100,1171Mbit,1171Mbit,1
1791015258.802,leri-cr1=13 leri-cr2=100 leri-cr3=100,leri-cr1=13 leri-cr2=100 leri-cr3=100,leri-cr1=13 leri-cr2=100 leri-cr3=100,1171Mbit,1171Mbit,1
1791015268.851,leri-cr1=13 leri-cr2=100 leri-cr3=100,leri-cr1=13 leri-cr2=100 leri-cr3=100,leri-cr1=13 leri-cr2=100 leri-cr3=100,1171Mbit,1171Mbit,1
1791015278.902,leri-cr1=13 leri-cr2=100 leri-cr3=100,leri-cr1=13 leri-cr2=100 leri-cr3=100,leri-cr1=13 leri-cr2=100 leri-cr3=100,1171Mbit,1171Mbit,1
1791015288.950,leri-cr1=13 leri-cr2=100 leri-cr3=100,leri-cr1=13 leri-cr2=100 leri-cr3=100,leri-cr1=13 leri-cr2=100 leri-cr3=100,1171Mbit,1171Mbit,1
1791015299.236,leri-cr1=13 leri-cr2=100 leri-cr3=100,leri-cr1=13 leri-cr2=100 leri-cr3=100,leri-cr1=13 leri-cr2=100 leri-cr3=100,1171Mbit,1171Mbit,1
1791015309.315,leri-cr1=13 leri-cr2=100 leri-cr3=100,leri-cr1=13 leri-cr2=100 leri-cr3=100,leri-cr1=13 leri-cr2=100 leri-cr3=100,1171Mbit,1171Mbit,0
1791015319.388,leri-cr1=13 leri-cr2=100 leri-cr3=100,leri-cr1=13 leri-cr2=100 leri-cr3=100,leri-cr1=13 leri-cr2=100 leri-cr3=100,1171Mbit,1171Mbit,0
1791015329.460,leri-cr1=13 leri-cr2=100 leri-cr3=100,leri-cr1=13 leri-cr2=100 leri-cr3=100,leri-cr1=13 leri-cr2=100 leri-cr3=100,1171Mbit,1171Mbit,0
1791015339.538,leri-cr1=13 leri-cr2=100 leri-cr3=100,leri-cr1=13 leri-cr2=100 leri-cr3=100,leri-cr1=13 leri-cr2=100 leri-cr3=100,1171Mbit,1171Mbit,0
1791015349.614,leri-cr1=13 leri-cr2=100 leri-cr3=100,leri-cr1=13 leri-cr2=100 leri-cr3=100,leri-cr1=13 leri-cr2=100 leri-cr3=100,1171Mbit,1171Mbit,0
1791015360.041,leri-cr1=13 leri-cr2=100 leri-cr3=100,leri-cr1=13 leri-cr2=100 leri-cr3=100,leri-cr1=13 leri-cr2=100 leri-cr3=100,1171Mbit,1171Mbit,0
1791015370.116,leri-cr1=13 leri-cr2=100 leri-cr3=100,leri-cr1=13 leri-cr2=100 leri-cr3=100,leri-cr1=13 leri-cr2=100 leri-cr3=100,1171Mbit,1171Mbit,0
1791015380.192,leri-cr1=13 leri-cr2=100 leri-cr3=100,leri-cr1=13 leri-cr2=100 leri-cr3=100,leri-cr1=13 leri-cr2=100 leri-cr3=100,1171Mbit,1171Mbit,0
1791015390.267,leri-cr1=13 leri-cr2=100 leri-cr3=100,leri-cr1=13 leri-cr2=100 leri-cr3=100,leri-cr1=13 leri-cr2=100 leri-cr3=100,1171Mbit,1171Mbit,0
1791015400.341,leri-cr1=13 leri-cr2=100 leri-cr3=100,leri-cr1=13 leri-cr2=100 leri-cr3=100,leri-cr1=13 leri-cr2=100 leri-cr3=100,1171Mbit,1171Mbit,0
1791015410.416,leri-cr1=13 leri-cr2=100 leri-cr3=100,leri-cr1=13 leri-cr2=100 leri-cr3=100,leri-cr1=13 leri-cr2=100 leri-cr3=100,1171Mbit,1171Mbit,0
1791015420.836,leri-cr1=13 leri-cr2=100 leri-cr3=100,leri-cr1=13 leri-cr2=100 leri-cr3=100,leri-cr1=13 leri-cr2=100 leri-cr3=100,1171Mbit,1171Mbit,0
1791015430.892,leri-cr1=13 leri-cr2=100 leri-cr3=100,leri-cr1=13 leri-cr2=100 leri-cr3=100,leri-cr1=13 leri-cr2=100 leri-cr3=100,1171Mbit,1171Mbit,0
1791015440.945,leri-cr1=13 leri-cr2=100 leri-cr3=100,leri-cr1=13 leri-cr2=100 leri-cr3=100,leri-cr1=13 leri-cr2=100 leri-cr3=100,1171Mbit,1171Mbit,1
1791015450.997,leri-cr1=13 leri-cr2=100 leri-cr3=100,leri-cr1=13 leri-cr2=100 leri-cr3=100,leri-cr1=13 leri-cr2=100 leri-cr3=100,1171Mbit,1171Mbit,1
1791015461.046,leri-cr1=13 leri-cr2=100 leri-cr3=100,leri-cr1=13 leri-cr2=100 leri-cr3=100,leri-cr1=13 leri-cr2=100 leri-cr3=100,1171Mbit,1171Mbit,1
1791015471.108,leri-cr1=13 leri-cr2=100 leri-cr3=100,leri-cr1=13 leri-cr2=100 leri-cr3=100,leri-cr1=13 leri-cr2=100 leri-cr3=100,1171Mbit,1171Mbit,1
1791015481.390,leri-cr1=13 leri-cr2=100 leri-cr3=100,leri-cr1=13 leri-cr2=100 leri-cr3=100,leri-cr1=13 leri-cr2=100 leri-cr3=100,1171Mbit,1171Mbit,1
1791015491.444,leri-cr1=13 leri-cr2=100 leri-cr3=100,leri-cr1=13 leri-cr2=100 leri-cr3=100,leri-cr1=13 leri-cr2=100 leri-cr3=100,1171Mbit,1171Mbit,1
1791015501.495,leri-cr1=13 leri-cr2=100 leri-cr3=100,leri-cr1=13 leri-cr2=100 leri-cr3=100,leri-cr1=13 leri-cr2=100 leri-cr3=100,1171Mbit,1171Mbit,1
1791015511.550,leri-cr1=13 leri-cr2=100 leri-cr3=100,leri-cr1=13 leri-cr2=100 leri-cr3=100,leri-cr1=13 leri-cr2=100 leri-cr3=100,1171Mbit,1171Mbit,1
1791015521.597,leri-cr1=13 leri-cr2=100 leri-cr3=100,leri-cr1=13 leri-cr2=100 leri-cr3=100,leri-cr1=13 leri-cr2=100 leri-cr3=100,1171Mbit,1171Mbit,1
1791015531.646,leri-cr1=13 leri-cr2=100 leri-cr3=100,leri-cr1=13 leri-cr2=100 leri-cr3=100,leri-cr1=13 leri-cr2=100 leri-cr3=100,1171Mbit,1171Mbit,1
1791015541.930,leri-cr1=13 leri-cr2=100 leri-cr3=100,leri-cr1=13 leri-cr2=100 leri-cr3=100,leri-cr1=13 leri-cr2=100 leri-cr3=100,1171Mbit,1171Mbit,1
1791015551.982,leri-cr1=13 leri-cr2=100 leri-cr3=100,leri-cr1=13 leri-cr2=100 leri-cr3=100,leri-cr1=13 leri-cr2=100 leri-cr3=100,1171Mbit,1171Mbit,1
1791015562.034,leri-cr1=13 leri-cr2=100 leri-cr3=100,leri-cr1=13 leri-cr2=100 leri-cr3=100,leri-cr1=13 leri-cr2=100 leri-cr3=100,1171Mbit,1171Mbit,1
1791015572.089,leri-cr1=13 leri-cr2=100 leri-cr3=100,leri-cr1=13 leri-cr2=100 leri-cr3=100,leri-cr1=13 leri-cr2=100 leri-cr3=100,1171Mbit,1171Mbit,1
1791015582.142,leri-cr1=13 leri-cr2=100 leri-cr3=100,leri-cr1=13 leri-cr2=100 leri-cr3=100,leri-cr1=13 leri-cr2=100 leri-cr3=100,1171Mbit,1171Mbit,1
1791015592.186,leri-cr1=13 leri-cr2=100 leri-cr3=100,leri-cr1=13 leri-cr2=100 leri-cr3=100,leri-cr1=13 leri-cr2=100 leri-cr3=100,1171Mbit,1171Mbit,1
1791015602.465,leri-cr1=13 leri-cr2=100 leri-cr3=100,leri-cr1=13 leri-cr2=100 leri-cr3=100,leri-cr1=13 leri-cr2=100 leri-cr3=100,1171Mbit,1171Mbit,1
1791015612.513,leri-cr1=13 leri-cr2=100 leri-cr3=100,leri-cr1=13 leri-cr2=100 leri-cr3=100,leri-cr1=13 leri-cr2=100 leri-cr3=100,1171Mbit,1171Mbit,1
1791015622.566,leri-cr1=13 leri-cr2=100 leri-cr3=100,leri-cr1=13 leri-cr2=100 leri-cr3=100,leri-cr1=13 leri-cr2=100 leri-cr3=100,1171Mbit,1171Mbit,1
1791015632.620,leri-cr1=13 leri-cr2=100 leri-cr3=100,leri-cr1=13 leri-cr2=100 leri-cr3=100,leri-cr1=13 leri-cr2=100 leri-cr3=100,1171Mbit,1171Mbit,1
1791015642.668,leri-cr1=13 leri-cr2=100 leri-cr3=100,leri-cr1=13 leri-cr2=100 leri-cr3=100,leri-cr1=13 leri-cr2=100 leri-cr3=100,1171Mbit,1171Mbit,1
1791015652.723,leri-cr1=13 leri-cr2=100 leri-cr3=100,leri-cr1=13 leri-cr2=100 leri-cr3=100,leri-cr1=13 leri-cr2=100 leri-cr3=100,1171Mbit,1171Mbit,1
1791015662.992,leri-cr1=13 leri-cr2=100 leri-cr3=100,leri-cr1=13 leri-cr2=100 leri-cr3=100,leri-cr1=13 leri-cr2=100 leri-cr3=100,1171Mbit,1171Mbit,1
1791015673.045,leri-cr1=13 leri-cr2=100 leri-cr3=100,leri-cr1=13 leri-cr2=100 leri-cr3=100,leri-cr1=13 leri-cr2=100 leri-cr3=100,1171Mbit,1171Mbit,1
1791015683.094,leri-cr1=13 leri-cr2=100 leri-cr3=100,leri-cr1=13 leri-cr2=100 leri-cr3=100,leri-cr1=13 leri-cr2=100 leri-cr3=100,1171Mbit,1171Mbit,1
1791015693.143,leri-cr1=13 leri-cr2=100 leri-cr3=100,leri-cr1=13 leri-cr2=100 leri-cr3=100,leri-cr1=13 leri-cr2=100 leri-cr3=100,1171Mbit,1171Mbit,1
1791015703.195,leri-cr1=13 leri-cr2=100 leri-cr3=100,leri-cr1=13 leri-cr2=100 leri-cr3=100,leri-cr1=13 leri-cr2=100 leri-cr3=100,1171Mbit,1171Mbit,1
1791015713.246,leri-cr1=13 leri-cr2=100 leri-cr3=100,leri-cr1=13 leri-cr2=100 leri-cr3=100,leri-cr1=13 leri-cr2=100 leri-cr3=100,1171Mbit,1171Mbit,1
1791015723.515,leri-cr1=13 leri-cr2=100 leri-cr3=100,leri-cr1=13 leri-cr2=100 leri-cr3=100,leri-cr1=13 leri-cr2=100 leri-cr3=100,1171Mbit,1171Mbit,1
1791015733.568,leri-cr1=13 leri-cr2=100 leri-cr3=100,leri-cr1=13 leri-cr2=100 leri-cr3=100,leri-cr1=13 leri-cr2=100 leri-cr3=100,1171Mbit,1171Mbit,1
1791015743.617,leri-cr1=13 leri-cr2=100 leri-cr3=100,leri-cr1=13 leri-cr2=100 leri-cr3=100,leri-cr1=13 leri-cr2=100 leri-cr3=100,1171Mbit,1171Mbit,1
1791015753.671,leri-cr1=13 leri-cr2=100 leri-cr3=100,leri-cr1=13 leri-cr2=100 leri-cr3=100,leri-cr1=13 leri-cr2=100 leri-cr3=100,1171Mbit,1171Mbit,1
1791015763.722,leri-cr1=13 leri-cr2=100 leri-cr3=100,leri-cr1=13 leri-cr2=100 leri-cr3=100,leri-cr1=13 leri-cr2=100 leri-cr3=100,1171Mbit,1171Mbit,1
1791015773.768,leri-cr1=13 leri-cr2=100 leri-cr3=100,leri-cr1=13 leri-cr2=100 leri-cr3=100,leri-cr1=13 leri-cr2=100 leri-cr3=100,1171Mbit,1171Mbit,1
1791015784.035,leri-cr1=13 leri-cr2=100 leri-cr3=100,leri-cr1=13 leri-cr2=100 leri-cr3=100,leri-cr1=13 leri-cr2=100 leri-cr3=100,1171Mbit,1171Mbit,1
1791015794.084,leri-cr1=13 leri-cr2=100 leri-cr3=100,leri-cr1=13 leri-cr2=100 leri-cr3=100,leri-cr1=13 leri-cr2=100 leri-cr3=100,1171Mbit,1171Mbit,1
1791015804.142,leri-cr1=13 leri-cr2=100 leri-cr3=100,leri-cr1=13 leri-cr2=100 leri-cr3=100,leri-cr1=13 leri-cr2=100 leri-cr3=100,1171Mbit,1171Mbit,1
1791015814.194,leri-cr1=13 leri-cr2=100 leri-cr3=100,leri-cr1=13 leri-cr2=100 leri-cr3=100,leri-cr1=13 leri-cr2=100 leri-cr3=100,1171Mbit,1171Mbit,1
1791015824.253,leri-cr1=13 leri-cr2=100 leri-cr3=100,leri-cr1=13 leri-cr2=100 leri-cr3=100,leri-cr1=13 leri-cr2=100 leri-cr3=100,1171Mbit,1171Mbit,1
1791015834.301,leri-cr1=13 leri-cr2=100 leri-cr3=100,leri-cr1=13 leri-cr2=100 leri-cr3=100,leri-cr1=13 leri-cr2=100 leri-cr3=100,1171Mbit,1171Mbit,1
1791015844.575,leri-cr1=13 leri-cr2=100 leri-cr3=100,leri-cr1=13 leri-cr2=100 leri-cr3=100,leri-cr1=13 leri-cr2=100 leri-cr3=100,1171Mbit,1171Mbit,1
1791015854.624,leri-cr1=13 leri-cr2=100 leri-cr3=100,leri-cr1=13 leri-cr2=100 leri-cr3=100,leri-cr1=13 leri-cr2=100 leri-cr3=100,1171Mbit,1171Mbit,1
1791015864.678,leri-cr1=13 leri-cr2=100 leri-cr3=100,leri-cr1=13 leri-cr2=100 leri-cr3=100,leri-cr1=13 leri-cr2=100 leri-cr3=100,1171Mbit,1171Mbit,1
1791015874.725,leri-cr1=13 leri-cr2=100 leri-cr3=100,leri-cr1=13 leri-cr2=100 leri-cr3=100,leri-cr1=13 leri-cr2=100 leri-cr3=100,1171Mbit,1171Mbit,1
1791015884.779,leri-cr1=13 leri-cr2=100 leri-cr3=100,leri-cr1=13 leri-cr2=100 leri-cr3=100,leri-cr1=13 leri-cr2=100 leri-cr3=100,1171Mbit,1171Mbit,1
1791015894.831,leri-cr1=13 leri-cr2=100 leri-cr3=100,leri-cr1=13 leri-cr2=100 leri-cr3=100,leri-cr1=13 leri-cr2=100 leri-cr3=100,1171Mbit,1171Mbit,1
1791015905.091,leri-cr1=13 leri-cr2=100 leri-cr3=100,leri-cr1=13 leri-cr2=100 leri-cr3=100,leri-cr1=13 leri-cr2=100 leri-cr3=100,1171Mbit,1171Mbit,1
1791015915.146,leri-cr1=13 leri-cr2=100 leri-cr3=100,leri-cr1=13 leri-cr2=100 leri-cr3=100,leri-cr1=13 leri-cr2=100 leri-cr3=100,1171Mbit,1171Mbit,1
1791015925.196,leri-cr1=13 leri-cr2=100 leri-cr3=100,leri-cr1=13 leri-cr2=100 leri-cr3=100,leri-cr1=13 leri-cr2=100 leri-cr3=100,1171Mbit,1171Mbit,1
1791015935.246,leri-cr1=13 leri-cr2=100 leri-cr3=100,leri-cr1=13 leri-cr2=100 leri-cr3=100,leri-cr1=13 leri-cr2=100 leri-cr3=100,1171Mbit,1171Mbit,1
1791015945.299,leri-cr1=13 leri-cr2=100 leri-cr3=100,leri-cr1=13 leri-cr2=100 leri-cr3=100,leri-cr1=13 leri-cr2=100 leri-cr3=100,1171Mbit,1171Mbit,1
1791015955.355,leri-cr1=13 leri-cr2=100 leri-cr3=100,leri-cr1=13 leri-cr2=100 leri-cr3=100,leri-cr1=13 leri-cr2=100 leri-cr3=100,1171Mbit,1171Mbit,1
1791015965.623,leri-cr1=13 leri-cr2=100 leri-cr3=100,leri-cr1=13 leri-cr2=100 leri-cr3=100,leri-cr1=13 leri-cr2=100 leri-cr3=100,1171Mbit,1171Mbit,1
1791015975.682,leri-cr1=13 leri-cr2=100 leri-cr3=100,leri-cr1=13 leri-cr2=100 leri-cr3=100,leri-cr1=13 leri-cr2=100 leri-cr3=100,1171Mbit,1171Mbit,1
1791015985.729,leri-cr1=13 leri-cr2=100 leri-cr3=100,leri-cr1=13 leri-cr2=100 leri-cr3=100,leri-cr1=13 leri-cr2=100 leri-cr3=100,1171Mbit,1171Mbit,1
1791015995.783,leri-cr1=13 leri-cr2=100 leri-cr3=100,leri-cr1=13 leri-cr2=100 leri-cr3=100,leri-cr1=13 leri-cr2=100 leri-cr3=100,1171Mbit,1171Mbit,1
1791016005.835,leri-cr1=13 leri-cr2=100 leri-cr3=100,leri-cr1=13 leri-cr2=100 leri-cr3=100,leri-cr1=13 leri-cr2=100 leri-cr3=100,1171Mbit,1171Mbit,1
1791016015.886,leri-cr1=13 leri-cr2=100 leri-cr3=100,leri-cr1=13 leri-cr2=100 leri-cr3=100,leri-cr1=13 leri-cr2=100 leri-cr3=100,1171Mbit,1171Mbit,1
1791016026.166,leri-cr1=13 leri-cr2=100 leri-cr3=100,leri-cr1=13 leri-cr2=100 leri-cr3=100,leri-cr1=13 leri-cr2=100 leri-cr3=100,1171Mbit,1171Mbit,1
1791016036.218,leri-cr1=13 leri-cr2=100 leri-cr3=100,leri-cr1=13 leri-cr2=100 leri-cr3=100,leri-cr1=13 leri-cr2=100 leri-cr3=100,1171Mbit,1171Mbit,1
1791016046.271,leri-cr1=13 leri-cr2=100 leri-cr3=100,leri-cr1=13 leri-cr2=100 leri-cr3=100,leri-cr1=13 leri-cr2=100 leri-cr3=100,1171Mbit,1171Mbit,1
1791016056.325,leri-cr1=13 leri-cr2=100 leri-cr3=100,leri-cr1=13 leri-cr2=100 leri-cr3=100,leri-cr1=13 leri-cr2=100 leri-cr3=100,1171Mbit,1171Mbit,1
1791016066.377,leri-cr1=13 leri-cr2=100 leri-cr3=100,leri-cr1=13 leri-cr2=100 leri-cr3=100,leri-cr1=13 leri-cr2=100 leri-cr3=100,1171Mbit,1171Mbit,1
1791016076.424,leri-cr1=13 leri-cr2=100 leri-cr3=100,leri-cr1=13 leri-cr2=100 leri-cr3=100,leri-cr1=13 leri-cr2=100 leri-cr3=100,1171Mbit,1171Mbit,1
1791016086.669,leri-cr1=13 leri-cr2=100 leri-cr3=100,leri-cr1=13 leri-cr2=100 leri-cr3=100,leri-cr1=13 leri-cr2=100 leri-cr3=100,1171Mbit,1171Mbit,1
1791016096.718,leri-cr1=13 leri-cr2=100 leri-cr3=100,leri-cr1=13 leri-cr2=100 leri-cr3=100,leri-cr1=13 leri-cr2=100 leri-cr3=100,1171Mbit,1171Mbit,1
1791016106.772,leri-cr1=13 leri-cr2=100 leri-cr3=100,leri-cr1=13 leri-cr2=100 leri-cr3=100,leri-cr1=13 leri-cr2=100 leri-cr3=100,1171Mbit,1171Mbit,1
1791016116.830,leri-cr1=13 leri-cr2=100 leri-cr3=100,leri-cr1=13 leri-cr2=100 leri-cr3=100,leri-cr1=13 leri-cr2=100 leri-cr3=100,1171Mbit,1171Mbit,1
1791016126.884,leri-cr1=13 leri-cr2=100 leri-cr3=100,leri-cr1=13 leri-cr2=100 leri-cr3=100,leri-cr1=13 leri-cr2=100 leri-cr3=100,1171Mbit,1171Mbit,1
1791016136.938,leri-cr1=13 leri-cr2=100 leri-cr3=100,leri-cr1=13 leri-cr2=100 leri-cr3=100,leri-cr1=13 leri-cr2=100 leri-cr3=100,1171Mbit,1171Mbit,1
1791016147.222,leri-cr1=13 leri-cr2=100 leri-cr3=100,leri-cr1=13 leri-cr2=100 leri-cr3=100,leri-cr1=13 leri-cr2=100 leri-cr3=100,1171Mbit,1171Mbit,1
1791016157.277,leri-cr1=13 leri-cr2=100 leri-cr3=100,leri-cr1=13 leri-cr2=100 leri-cr3=100,leri-cr1=13 leri-cr2=100 leri-cr3=100,1171Mbit,1171Mbit,1
1791016167.331,leri-cr1=13 leri-cr2=100 leri-cr3=100,leri-cr1=13 leri-cr2=100 leri-cr3=100,leri-cr1=13 leri-cr2=100 leri-cr3=100,1171Mbit,1171Mbit,1
1791016177.384,leri-cr1=13 leri-cr2=100 leri-cr3=100,leri-cr1=13 leri-cr2=100 leri-cr3=100,leri-cr1=13 leri-cr2=100 leri-cr3=100,1171Mbit,1171Mbit,1
1791016187.436,leri-cr1=13 leri-cr2=100 leri-cr3=100,leri-cr1=13 leri-cr2=100 leri-cr3=100,leri-cr1=13 leri-cr2=100 leri-cr3=100,1171Mbit,1171Mbit,1
1791016197.487,leri-cr1=13 leri-cr2=100 leri-cr3=100,leri-cr1=13 leri-cr2=100 leri-cr3=100,leri-cr1=13 leri-cr2=100 leri-cr3=100,1171Mbit,1171Mbit,1
1791016207.791,leri-cr1=13 leri-cr2=100 leri-cr3=100,leri-cr1=13 leri-cr2=100 leri-cr3=100,leri-cr1=13 leri-cr2=100 leri-cr3=100,1171Mbit,1171Mbit,0
1791016217.868,leri-cr1=13 leri-cr2=100 leri-cr3=100,leri-cr1=13 leri-cr2=100 leri-cr3=100,leri-cr1=13 leri-cr2=100 leri-cr3=100,1171Mbit,1171Mbit,0
1791016227.944,leri-cr1=13 leri-cr2=100 leri-cr3=100,leri-cr1=13 leri-cr2=100 leri-cr3=100,leri-cr1=13 leri-cr2=100 leri-cr3=100,1171Mbit,1171Mbit,0
1791016238.018,leri-cr1=13 leri-cr2=100 leri-cr3=100,leri-cr1=13 leri-cr2=100 leri-cr3=100,leri-cr1=13 leri-cr2=100 leri-cr3=100,1171Mbit,1171Mbit,0
1791016248.096,leri-cr1=13 leri-cr2=100 leri-cr3=100,leri-cr1=13 leri-cr2=100 leri-cr3=100,leri-cr1=13 leri-cr2=100 leri-cr3=100,1171Mbit,1171Mbit,0
1791016258.175,leri-cr1=13 leri-cr2=100 leri-cr3=100,leri-cr1=13 leri-cr2=100 leri-cr3=100,leri-cr1=13 leri-cr2=100 leri-cr3=100,1171Mbit,1171Mbit,0
1791016268.604,leri-cr1=13 leri-cr2=100 leri-cr3=100,leri-cr1=13 leri-cr2=100 leri-cr3=100,leri-cr1=13 leri-cr2=100 leri-cr3=100,1171Mbit,1171Mbit,0
1791016278.681,leri-cr1=13 leri-cr2=100 leri-cr3=100,leri-cr1=13 leri-cr2=100 leri-cr3=100,leri-cr1=13 leri-cr2=100 leri-cr3=100,1171Mbit,1171Mbit,0
1791016288.756,leri-cr1=13 leri-cr2=100 leri-cr3=100,leri-cr1=13 leri-cr2=100 leri-cr3=100,leri-cr1=13 leri-cr2=100 leri-cr3=100,1171Mbit,1171Mbit,0
1791016298.835,leri-cr1=13 leri-cr2=100 leri-cr3=100,leri-cr1=13 leri-cr2=100 leri-cr3=100,leri-cr1=13 leri-cr2=100 leri-cr3=100,1171Mbit,1171Mbit,0
1791016308.912,leri-cr1=13 leri-cr2=100 leri-cr3=100,leri-cr1=13 leri-cr2=100 leri-cr3=100,leri-cr1=13 leri-cr2=100 leri-cr3=100,1171Mbit,1171Mbit,0
1791016318.992,leri-cr1=13 leri-cr2=100 leri-cr3=100,leri-cr1=13 leri-cr2=100 leri-cr3=100,leri-cr1=13 leri-cr2=100 leri-cr3=100,1171Mbit,1171Mbit,0
1791016329.365,leri-cr1=13 leri-cr2=100 leri-cr3=100,leri-cr1=13 leri-cr2=100 leri-cr3=100,leri-cr1=13 leri-cr2=100 leri-cr3=100,1171Mbit,1171Mbit,0
1791016339.416,leri-cr1=13 leri-cr2=100 leri-cr3=100,leri-cr1=13 leri-cr2=100 leri-cr3=100,leri-cr1=13 leri-cr2=100 leri-cr3=100,1171Mbit,1171Mbit,1
1791016349.466,leri-cr1=13 leri-cr2=100 leri-cr3=100,leri-cr1=13 leri-cr2=100 leri-cr3=100,leri-cr1=13 leri-cr2=100 leri-cr3=100,1171Mbit,1171Mbit,1
1791016359.514,leri-cr1=13 leri-cr2=100 leri-cr3=100,leri-cr1=13 leri-cr2=100 leri-cr3=100,leri-cr1=13 leri-cr2=100 leri-cr3=100,1171Mbit,1171Mbit,1
1791016369.568,leri-cr1=13 leri-cr2=100 leri-cr3=100,leri-cr1=13 leri-cr2=100 leri-cr3=100,leri-cr1=13 leri-cr2=100 leri-cr3=100,1171Mbit,1171Mbit,1
1791016379.749,leri-cr1=13 leri-cr2=100 leri-cr3=100,leri-cr1=13 leri-cr2=100 leri-cr3=100,leri-cr1=13 leri-cr2=100 leri-cr3=100,1171Mbit,1171Mbit,1
1791016389.798,leri-cr1=13 leri-cr2=100 leri-cr3=100,leri-cr1=13 leri-cr2=100 leri-cr3=100,leri-cr1=13 leri-cr2=100 leri-cr3=100,1171Mbit,1171Mbit,1
1791016399.849,leri-cr1=13 leri-cr2=100 leri-cr3=100,leri-cr1=13 leri-cr2=100 leri-cr3=100,leri-cr1=13 leri-cr2=100 leri-cr3=100,1171Mbit,1171Mbit,1
1791016409.902,leri-cr1=13 leri-cr2=100 leri-cr3=100,leri-cr1=13 leri-cr2=100 leri-cr3=100,leri-cr1=13 leri-cr2=100 leri-cr3=100,1171Mbit,1171Mbit,1
1791016419.974,leri-cr1=13 leri-cr2=100 leri-cr3=100,leri-cr1=13 leri-cr2=100 leri-cr3=100,leri-cr1=13 leri-cr2=100 leri-cr3=100,1171Mbit,1171Mbit,1
1791016430.027,leri-cr1=13 leri-cr2=100 leri-cr3=100,leri-cr1=13 leri-cr2=100 leri-cr3=100,leri-cr1=13 leri-cr2=100 leri-cr3=100,1171Mbit,1171Mbit,1
1791016440.322,leri-cr1=13 leri-cr2=100 leri-cr3=100,leri-cr1=13 leri-cr2=100 leri-cr3=100,leri-cr1=13 leri-cr2=100 leri-cr3=100,1171Mbit,1171Mbit,1
1791016450.376,leri-cr1=13 leri-cr2=100 leri-cr3=100,leri-cr1=13 leri-cr2=100 leri-cr3=100,leri-cr1=13 leri-cr2=100 leri-cr3=100,1171Mbit,1171Mbit,1
1791016460.430,leri-cr1=13 leri-cr2=100 leri-cr3=100,leri-cr1=13 leri-cr2=100 leri-cr3=100,leri-cr1=13 leri-cr2=100 leri-cr3=100,1171Mbit,1171Mbit,1
1791016470.478,leri-cr1=13 leri-cr2=100 leri-cr3=100,leri-cr1=13 leri-cr2=100 leri-cr3=100,leri-cr1=13 leri-cr2=100 leri-cr3=100,1171Mbit,1171Mbit,1
1791016480.530,leri-cr1=13 leri-cr2=100 leri-cr3=100,leri-cr1=13 leri-cr2=100 leri-cr3=100,leri-cr1=13 leri-cr2=100 leri-cr3=100,1171Mbit,1171Mbit,1
1791016490.584,leri-cr1=13 leri-cr2=100 leri-cr3=100,leri-cr1=13 leri-cr2=100 leri-cr3=100,leri-cr1=13 leri-cr2=100 leri-cr3=100,1171Mbit,1171Mbit,1
1791016500.843,leri-cr1=13 leri-cr2=100 leri-cr3=100,leri-cr1=13 leri-cr2=100 leri-cr3=100,leri-cr1=13 leri-cr2=100 leri-cr3=100,1171Mbit,1171Mbit,1
1791016510.890,leri-cr1=13 leri-cr2=100 leri-cr3=100,leri-cr1=13 leri-cr2=100 leri-cr3=100,leri-cr1=13 leri-cr2=100 leri-cr3=100,1171Mbit,1171Mbit,1
1791016520.944,leri-cr1=13 leri-cr2=100 leri-cr3=100,leri-cr1=13 leri-cr2=100 leri-cr3=100,leri-cr1=13 leri-cr2=100 leri-cr3=100,1171Mbit,1171Mbit,1
1791016530.995,leri-cr1=13 leri-cr2=100 leri-cr3=100,leri-cr1=13 leri-cr2=100 leri-cr3=100,leri-cr1=13 leri-cr2=100 leri-cr3=100,1171Mbit,1171Mbit,1
1791016541.044,leri-cr1=13 leri-cr2=100 leri-cr3=100,leri-cr1=13 leri-cr2=100 leri-cr3=100,leri-cr1=13 leri-cr2=100 leri-cr3=100,1171Mbit,1171Mbit,1
1791016551.120,leri-cr1=13 leri-cr2=100 leri-cr3=100,leri-cr1=13 leri-cr2=100 leri-cr3=100,leri-cr1=13 leri-cr2=100 leri-cr3=100,1171Mbit,1171Mbit,1
1791016561.398,leri-cr1=13 leri-cr2=100 leri-cr3=100,leri-cr1=13 leri-cr2=100 leri-cr3=100,leri-cr1=13 leri-cr2=100 leri-cr3=100,1171Mbit,1171Mbit,1
1791016571.445,leri-cr1=13 leri-cr2=100 leri-cr3=100,leri-cr1=13 leri-cr2=100 leri-cr3=100,leri-cr1=13 leri-cr2=100 leri-cr3=100,1171Mbit,1171Mbit,1
1791016581.501,leri-cr1=13 leri-cr2=100 leri-cr3=100,leri-cr1=13 leri-cr2=100 leri-cr3=100,leri-cr1=13 leri-cr2=100 leri-cr3=100,1171Mbit,1171Mbit,1
1791016591.560,leri-cr1=13 leri-cr2=100 leri-cr3=100,leri-cr1=13 leri-cr2=100 leri-cr3=100,leri-cr1=13 leri-cr2=100 leri-cr3=100,1171Mbit,1171Mbit,1
1791016601.614,leri-cr1=13 leri-cr2=100 leri-cr3=100,leri-cr1=13 leri-cr2=100 leri-cr3=100,leri-cr1=13 leri-cr2=100 leri-cr3=100,1171Mbit,1171Mbit,1
1791016611.667,leri-cr1=13 leri-cr2=100 leri-cr3=100,leri-cr1=13 leri-cr2=100 leri-cr3=100,leri-cr1=13 leri-cr2=100 leri-cr3=100,1171Mbit,1171Mbit,1
1791016621.930,leri-cr1=13 leri-cr2=100 leri-cr3=100,leri-cr1=13 leri-cr2=100 leri-cr3=100,leri-cr1=13 leri-cr2=100 leri-cr3=100,1171Mbit,1171Mbit,1
1791016631.983,leri-cr1=13 leri-cr2=100 leri-cr3=100,leri-cr1=13 leri-cr2=100 leri-cr3=100,leri-cr1=13 leri-cr2=100 leri-cr3=100,1171Mbit,1171Mbit,1
1791016642.038,leri-cr1=13 leri-cr2=100 leri-cr3=100,leri-cr1=13 leri-cr2=100 leri-cr3=100,leri-cr1=13 leri-cr2=100 leri-cr3=100,1171Mbit,1171Mbit,1
1791016652.091,leri-cr1=13 leri-cr2=100 leri-cr3=100,leri-cr1=13 leri-cr2=100 leri-cr3=100,leri-cr1=13 leri-cr2=100 leri-cr3=100,1171Mbit,1171Mbit,1
1791016662.144,leri-cr1=13 leri-cr2=100 leri-cr3=100,leri-cr1=13 leri-cr2=100 leri-cr3=100,leri-cr1=13 leri-cr2=100 leri-cr3=100,1171Mbit,1171Mbit,1
1791016672.198,leri-cr1=13 leri-cr2=100 leri-cr3=100,leri-cr1=13 leri-cr2=100 leri-cr3=100,leri-cr1=13 leri-cr2=100 leri-cr3=100,1171Mbit,1171Mbit,1
1791016682.450,leri-cr1=13 leri-cr2=100 leri-cr3=100,leri-cr1=13 leri-cr2=100 leri-cr3=100,leri-cr1=13 leri-cr2=100 leri-cr3=100,1171Mbit,1171Mbit,1
1791016692.505,leri-cr1=13 leri-cr2=100 leri-cr3=100,leri-cr1=13 leri-cr2=100 leri-cr3=100,leri-cr1=13 leri-cr2=100 leri-cr3=100,1171Mbit,1171Mbit,1
1791016702.555,leri-cr1=13 leri-cr2=100 leri-cr3=100,leri-cr1=13 leri-cr2=100 leri-cr3=100,leri-cr1=13 leri-cr2=100 leri-cr3=100,1171Mbit,1171Mbit,1
1791016712.607,leri-cr1=13 leri-cr2=100 leri-cr3=100,leri-cr1=13 leri-cr2=100 leri-cr3=100,leri-cr1=13 leri-cr2=100 leri-cr3=100,1171Mbit,1171Mbit,1
1791016722.651,leri-cr1=13 leri-cr2=100 leri-cr3=100,leri-cr1=13 leri-cr2=100 leri-cr3=100,leri-cr1=13 leri-cr2=100 leri-cr3=100,1171Mbit,1171Mbit,1
1791016732.702,leri-cr1=13 leri-cr2=100 leri-cr3=100,leri-cr1=13 leri-cr2=100 leri-cr3=100,leri-cr1=13 leri-cr2=100 leri-cr3=100,1171Mbit,1171Mbit,1
1791016742.981,leri-cr1=13 leri-cr2=100 leri-cr3=100,leri-cr1=13 leri-cr2=100 leri-cr3=100,leri-cr1=13 leri-cr2=100 leri-cr3=100,1171Mbit,1171Mbit,1
1791016753.034,leri-cr1=13 leri-cr2=100 leri-cr3=100,leri-cr1=13 leri-cr2=100 leri-cr3=100,leri-cr1=13 leri-cr2=100 leri-cr3=100,1171Mbit,1171Mbit,1
1791016763.086,leri-cr1=13 leri-cr2=100 leri-cr3=100,leri-cr1=13 leri-cr2=100 leri-cr3=100,leri-cr1=13 leri-cr2=100 leri-cr3=100,1171Mbit,1171Mbit,1
1791016773.140,leri-cr1=13 leri-cr2=100 leri-cr3=100,leri-cr1=13 leri-cr2=100 leri-cr3=100,leri-cr1=13 leri-cr2=100 leri-cr3=100,1171Mbit,1171Mbit,1
1791016783.196,leri-cr1=13 leri-cr2=100 leri-cr3=100,leri-cr1=13 leri-cr2=100 leri-cr3=100,leri-cr1=13 leri-cr2=100 leri-cr3=100,1171Mbit,1171Mbit,1
1791016793.246,leri-cr1=13 leri-cr2=100 leri-cr3=100,leri-cr1=13 leri-cr2=100 leri-cr3=100,leri-cr1=13 leri-cr2=100 leri-cr3=100,1171Mbit,1171Mbit,1
1791016803.526,leri-cr1=13 leri-cr2=100 leri-cr3=100,leri-cr1=13 leri-cr2=100 leri-cr3=100,leri-cr1=13 leri-cr2=100 leri-cr3=100,1171Mbit,1171Mbit,1
1791016813.576,leri-cr1=13 leri-cr2=100 leri-cr3=100,leri-cr1=13 leri-cr2=100 leri-cr3=100,leri-cr1=13 leri-cr2=100 leri-cr3=100,1171Mbit,1171Mbit,1
1791016823.634,leri-cr1=13 leri-cr2=100 leri-cr3=100,leri-cr1=13 leri-cr2=100 leri-cr3=100,leri-cr1=13 leri-cr2=100 leri-cr3=100,1171Mbit,1171Mbit,1
1791016833.683,leri-cr1=13 leri-cr2=100 leri-cr3=100,leri-cr1=13 leri-cr2=100 leri-cr3=100,leri-cr1=13 leri-cr2=100 leri-cr3=100,1171Mbit,1171Mbit,1
1791016843.736,leri-cr1=13 leri-cr2=100 leri-cr3=100,leri-cr1=13 leri-cr2=100 leri-cr3=100,leri-cr1=13 leri-cr2=100 leri-cr3=100,1171Mbit,1171Mbit,1
1791016853.796,leri-cr1=13 leri-cr2=100 leri-cr3=100,leri-cr1=13 leri-cr2=100 leri-cr3=100,leri-cr1=13 leri-cr2=100 leri-cr3=100,1171Mbit,1171Mbit,1
1791016864.038,leri-cr1=13 leri-cr2=100 leri-cr3=100,leri-cr1=13 leri-cr2=100 leri-cr3=100,leri-cr1=13 leri-cr2=100 leri-cr3=100,1171Mbit,1171Mbit,1
1791016874.093,leri-cr1=13 leri-cr2=100 leri-cr3=100,leri-cr1=13 leri-cr2=100 leri-cr3=100,leri-cr1=13 leri-cr2=100 leri-cr3=100,1171Mbit,1171Mbit,1
1791016884.146,leri-cr1=13 leri-cr2=100 leri-cr3=100,leri-cr1=13 leri-cr2=100 leri-cr3=100,leri-cr1=13 leri-cr2=100 leri-cr3=100,1171Mbit,1171Mbit,1
1791016894.201,leri-cr1=13 leri-cr2=100 leri-cr3=100,leri-cr1=13 leri-cr2=100 leri-cr3=100,leri-cr1=13 leri-cr2=100 leri-cr3=100,1171Mbit,1171Mbit,1
1791016904.256,leri-cr1=13 leri-cr2=100 leri-cr3=100,leri-cr1=13 leri-cr2=100 leri-cr3=100,leri-cr1=13 leri-cr2=100 leri-cr3=100,1171Mbit,1171Mbit,1
1791016914.311,leri-cr1=13 leri-cr2=100 leri-cr3=100,leri-cr1=13 leri-cr2=100 leri-cr3=100,leri-cr1=13 leri-cr2=100 leri-cr3=100,1171Mbit,1171Mbit,1
1791016924.555,leri-cr1=13 leri-cr2=100 leri-cr3=100,leri-cr1=13 leri-cr2=100 leri-cr3=100,leri-cr1=13 leri-cr2=100 leri-cr3=100,1171Mbit,1171Mbit,1
1791016934.606,leri-cr1=13 leri-cr2=100 leri-cr3=100,leri-cr1=13 leri-cr2=100 leri-cr3=100,leri-cr1=13 leri-cr2=100 leri-cr3=100,1171Mbit,1171Mbit,1
1791016944.660,leri-cr1=13 leri-cr2=100 leri-cr3=100,leri-cr1=13 leri-cr2=100 leri-cr3=100,leri-cr1=13 leri-cr2=100 leri-cr3=100,1171Mbit,1171Mbit,1
1791016954.710,leri-cr1=13 leri-cr2=100 leri-cr3=100,leri-cr1=13 leri-cr2=100 leri-cr3=100,leri-cr1=13 leri-cr2=100 leri-cr3=100,1171Mbit,1171Mbit,1
1791016964.760,leri-cr1=13 leri-cr2=100 leri-cr3=100,leri-cr1=13 leri-cr2=100 leri-cr3=100,leri-cr1=13 leri-cr2=100 leri-cr3=100,1171Mbit,1171Mbit,1
1791016974.815,leri-cr1=13 leri-cr2=100 leri-cr3=100,leri-cr1=13 leri-cr2=100 leri-cr3=100,leri-cr1=13 leri-cr2=100 leri-cr3=100,1171Mbit,1171Mbit,1
1791016985.083,leri-cr1=13 leri-cr2=100 leri-cr3=100,leri-cr1=13 leri-cr2=100 leri-cr3=100,leri-cr1=13 leri-cr2=100 leri-cr3=100,1171Mbit,1171Mbit,1
1791016995.135,leri-cr1=13 leri-cr2=100 leri-cr3=100,leri-cr1=13 leri-cr2=100 leri-cr3=100,leri-cr1=13 leri-cr2=100 leri-cr3=100,1171Mbit,1171Mbit,1
1791017005.181,leri-cr1=13 leri-cr2=100 leri-cr3=100,leri-cr1=13 leri-cr2=100 leri-cr3=100,leri-cr1=13 leri-cr2=100 leri-cr3=100,1171Mbit,1171Mbit,1
1791017015.231,leri-cr1=13 leri-cr2=100 leri-cr3=100,leri-cr1=13 leri-cr2=100 leri-cr3=100,leri-cr1=13 leri-cr2=100 leri-cr3=100,1171Mbit,1171Mbit,1
1791017025.300,leri-cr1=13 leri-cr2=100 leri-cr3=100,leri-cr1=13 leri-cr2=100 leri-cr3=100,leri-cr1=13 leri-cr2=100 leri-cr3=100,1171Mbit,1171Mbit,1
1791017035.351,leri-cr1=13 leri-cr2=100 leri-cr3=100,leri-cr1=13 leri-cr2=100 leri-cr3=100,leri-cr1=13 leri-cr2=100 leri-cr3=100,1171Mbit,1171Mbit,1
1791017045.672,leri-cr1=13 leri-cr2=100 leri-cr3=100,leri-cr1=13 leri-cr2=100 leri-cr3=100,leri-cr1=13 leri-cr2=100 leri-cr3=100,1171Mbit,1171Mbit,1
1791017055.726,leri-cr1=13 leri-cr2=100 leri-cr3=100,leri-cr1=13 leri-cr2=100 leri-cr3=100,leri-cr1=13 leri-cr2=100 leri-cr3=100,1171Mbit,1171Mbit,1
1791017065.780,leri-cr1=13 leri-cr2=100 leri-cr3=100,leri-cr1=13 leri-cr2=100 leri-cr3=100,leri-cr1=13 leri-cr2=100 leri-cr3=100,1171Mbit,1171Mbit,1
1791017075.832,leri-cr1=13 leri-cr2=100 leri-cr3=100,leri-cr1=13 leri-cr2=100 leri-cr3=100,leri-cr1=13 leri-cr2=100 leri-cr3=100,1171Mbit,1171Mbit,1
1791017085.886,leri-cr1=13 leri-cr2=100 leri-cr3=100,leri-cr1=13 leri-cr2=100 leri-cr3=100,leri-cr1=13 leri-cr2=100 leri-cr3=100,1171Mbit,1171Mbit,1
1791017095.937,leri-cr1=13 leri-cr2=100 leri-cr3=100,leri-cr1=13 leri-cr2=100 leri-cr3=100,leri-cr1=13 leri-cr2=100 leri-cr3=100,1171Mbit,1171Mbit,1
1791017106.210,leri-cr1=13 leri-cr2=100 leri-cr3=100,leri-cr1=13 leri-cr2=100 leri-cr3=100,leri-cr1=13 leri-cr2=100 leri-cr3=100,1171Mbit,1171Mbit,0
1791017116.287,leri-cr1=13 leri-cr2=100 leri-cr3=100,leri-cr1=13 leri-cr2=100 leri-cr3=100,leri-cr1=13 leri-cr2=100 leri-cr3=100,1171Mbit,1171Mbit,0
1791017126.367,leri-cr1=13 leri-cr2=100 leri-cr3=100,leri-cr1=13 leri-cr2=100 leri-cr3=100,leri-cr1=13 leri-cr2=100 leri-cr3=100,1171Mbit,1171Mbit,0
1791017136.443,leri-cr1=13 leri-cr2=100 leri-cr3=100,leri-cr1=13 leri-cr2=100 leri-cr3=100,leri-cr1=13 leri-cr2=100 leri-cr3=100,1171Mbit,1171Mbit,0
1791017146.524,leri-cr1=13 leri-cr2=100 leri-cr3=100,leri-cr1=13 leri-cr2=100 leri-cr3=100,leri-cr1=13 leri-cr2=100 leri-cr3=100,1171Mbit,1171Mbit,0
1791017156.605,leri-cr1=13 leri-cr2=100 leri-cr3=100,leri-cr1=13 leri-cr2=100 leri-cr3=100,leri-cr1=13 leri-cr2=100 leri-cr3=100,1171Mbit,1171Mbit,0
1791017167.039,leri-cr1=13 leri-cr2=100 leri-cr3=100,leri-cr1=13 leri-cr2=100 leri-cr3=100,leri-cr1=13 leri-cr2=100 leri-cr3=100,1171Mbit,1171Mbit,0
1791017177.121,leri-cr1=13 leri-cr2=100 leri-cr3=100,leri-cr1=13 leri-cr2=100 leri-cr3=100,leri-cr1=13 leri-cr2=100 leri-cr3=100,1171Mbit,1171Mbit,0
1791017187.201,leri-cr1=13 leri-cr2=100 leri-cr3=100,leri-cr1=13 leri-cr2=100 leri-cr3=100,leri-cr1=13 leri-cr2=100 leri-cr3=100,1171Mbit,1171Mbit,0
1791017197.281,leri-cr1=13 leri-cr2=100 leri-cr3=100,leri-cr1=13 leri-cr2=100 leri-cr3=100,leri-cr1=13 leri-cr2=100 leri-cr3=100,1171Mbit,1171Mbit,0
1791017207.361,leri-cr1=13 leri-cr2=100 leri-cr3=100,leri-cr1=13 leri-cr2=100 leri-cr3=100,leri-cr1=13 leri-cr2=100 leri-cr3=100,1171Mbit,1171Mbit,0
1791017217.445,leri-cr1=13 leri-cr2=100 leri-cr3=100,leri-cr1=13 leri-cr2=100 leri-cr3=100,leri-cr1=13 leri-cr2=100 leri-cr3=100,1171Mbit,1171Mbit,0
1791017227.849,leri-cr1=13 leri-cr2=100 leri-cr3=100,leri-cr1=13 leri-cr2=100 leri-cr3=100,leri-cr1=13 leri-cr2=100 leri-cr3=100,1171Mbit,1171Mbit,0
1791017237.905,leri-cr1=13 leri-cr2=100 leri-cr3=100,leri-cr1=13 leri-cr2=100 leri-cr3=100,leri-cr1=13 leri-cr2=100 leri-cr3=100,1171Mbit,1171Mbit,0
1791017247.964,leri-cr1=13 leri-cr2=100 leri-cr3=100,leri-cr1=13 leri-cr2=100 leri-cr3=100,leri-cr1=13 leri-cr2=100 leri-cr3=100,1171Mbit,1171Mbit,1
1791017258.038,leri-cr1=13 leri-cr2=100 leri-cr3=100,leri-cr1=13 leri-cr2=100 leri-cr3=100,leri-cr1=13 leri-cr2=100 leri-cr3=100,1171Mbit,1171Mbit,1
1791017268.092,leri-cr1=13 leri-cr2=100 leri-cr3=100,leri-cr1=13 leri-cr2=100 leri-cr3=100,leri-cr1=13 leri-cr2=100 leri-cr3=100,1171Mbit,1171Mbit,1
1791017278.146,leri-cr1=13 leri-cr2=100 leri-cr3=100,leri-cr1=13 leri-cr2=100 leri-cr3=100,leri-cr1=13 leri-cr2=100 leri-cr3=100,1171Mbit,1171Mbit,1
1791017288.442,leri-cr1=13 leri-cr2=100 leri-cr3=100,leri-cr1=13 leri-cr2=100 leri-cr3=100,leri-cr1=13 leri-cr2=100 leri-cr3=100,1171Mbit,1171Mbit,1
1791017298.507,leri-cr1=13 leri-cr2=100 leri-cr3=100,leri-cr1=13 leri-cr2=100 leri-cr3=100,leri-cr1=13 leri-cr2=100 leri-cr3=100,1171Mbit,1171Mbit,1
1791017308.557,leri-cr1=13 leri-cr2=100 leri-cr3=100,leri-cr1=13 leri-cr2=100 leri-cr3=100,leri-cr1=13 leri-cr2=100 leri-cr3=100,1171Mbit,1171Mbit,1
1791017318.610,leri-cr1=13 leri-cr2=100 leri-cr3=100,leri-cr1=13 leri-cr2=100 leri-cr3=100,leri-cr1=13 leri-cr2=100 leri-cr3=100,1171Mbit,1171Mbit,1
1791017328.660,leri-cr1=13 leri-cr2=100 leri-cr3=100,leri-cr1=13 leri-cr2=100 leri-cr3=100,leri-cr1=13 leri-cr2=100 leri-cr3=100,1171Mbit,1171Mbit,1
1791017338.714,leri-cr1=13 leri-cr2=100 leri-cr3=100,leri-cr1=13 leri-cr2=100 leri-cr3=100,leri-cr1=13 leri-cr2=100 leri-cr3=100,1171Mbit,1171Mbit,1
1791017348.987,leri-cr1=13 leri-cr2=100 leri-cr3=100,leri-cr1=13 leri-cr2=100 leri-cr3=100,leri-cr1=13 leri-cr2=100 leri-cr3=100,1171Mbit,1171Mbit,1
1791017359.045,leri-cr1=13 leri-cr2=100 leri-cr3=100,leri-cr1=13 leri-cr2=100 leri-cr3=100,leri-cr1=13 leri-cr2=100 leri-cr3=100,1171Mbit,1171Mbit,1
1791017369.088,leri-cr1=13 leri-cr2=100 leri-cr3=100,leri-cr1=13 leri-cr2=100 leri-cr3=100,leri-cr1=13 leri-cr2=100 leri-cr3=100,1171Mbit,1171Mbit,1
1791017379.138,leri-cr1=13 leri-cr2=100 leri-cr3=100,leri-cr1=13 leri-cr2=100 leri-cr3=100,leri-cr1=13 leri-cr2=100 leri-cr3=100,1171Mbit,1171Mbit,1
1791017389.186,leri-cr1=13 leri-cr2=100 leri-cr3=100,leri-cr1=13 leri-cr2=100 leri-cr3=100,leri-cr1=13 leri-cr2=100 leri-cr3=100,1171Mbit,1171Mbit,1
1791017399.242,leri-cr1=13 leri-cr2=100 leri-cr3=100,leri-cr1=13 leri-cr2=100 leri-cr3=100,leri-cr1=13 leri-cr2=100 leri-cr3=100,1171Mbit,1171Mbit,1
1791017409.544,leri-cr1=13 leri-cr2=100 leri-cr3=100,leri-cr1=13 leri-cr2=100 leri-cr3=100,leri-cr1=13 leri-cr2=100 leri-cr3=100,1171Mbit,1171Mbit,1
1791017419.598,leri-cr1=13 leri-cr2=100 leri-cr3=100,leri-cr1=13 leri-cr2=100 leri-cr3=100,leri-cr1=13 leri-cr2=100 leri-cr3=100,1171Mbit,1171Mbit,1
1791017429.652,leri-cr1=13 leri-cr2=100 leri-cr3=100,leri-cr1=13 leri-cr2=100 leri-cr3=100,leri-cr1=13 leri-cr2=100 leri-cr3=100,1171Mbit,1171Mbit,1
1791017439.704,leri-cr1=13 leri-cr2=100 leri-cr3=100,leri-cr1=13 leri-cr2=100 leri-cr3=100,leri-cr1=13 leri-cr2=100 leri-cr3=100,1171Mbit,1171Mbit,1
1791017449.750,leri-cr1=13 leri-cr2=100 leri-cr3=100,leri-cr1=13 leri-cr2=100 leri-cr3=100,leri-cr1=13 leri-cr2=100 leri-cr3=100,1171Mbit,1171Mbit,1
1791017459.802,leri-cr1=13 leri-cr2=100 leri-cr3=100,leri-cr1=13 leri-cr2=100 leri-cr3=100,leri-cr1=13 leri-cr2=100 leri-cr3=100,1171Mbit,1171Mbit,1
1791017470.077,leri-cr1=13 leri-cr2=100 leri-cr3=100,leri-cr1=13 leri-cr2=100 leri-cr3=100,leri-cr1=13 leri-cr2=100 leri-cr3=100,1171Mbit,1171Mbit,1
1791017480.129,leri-cr1=13 leri-cr2=100 leri-cr3=100,leri-cr1=13 leri-cr2=100 leri-cr3=100,leri-cr1=13 leri-cr2=100 leri-cr3=100,1171Mbit,1171Mbit,1
1791017490.181,leri-cr1=13 leri-cr2=100 leri-cr3=100,leri-cr1=13 leri-cr2=100 leri-cr3=100,leri-cr1=13 leri-cr2=100 leri-cr3=100,1171Mbit,1171Mbit,1
1791017500.229,leri-cr1=13 leri-cr2=100 leri-cr3=100,leri-cr1=13 leri-cr2=100 leri-cr3=100,leri-cr1=13 leri-cr2=100 leri-cr3=100,1171Mbit,1171Mbit,1
1791017510.282,leri-cr1=13 leri-cr2=100 leri-cr3=100,leri-cr1=13 leri-cr2=100 leri-cr3=100,leri-cr1=13 leri-cr2=100 leri-cr3=100,1171Mbit,1171Mbit,1
1791017520.332,leri-cr1=13 leri-cr2=100 leri-cr3=100,leri-cr1=13 leri-cr2=100 leri-cr3=100,leri-cr1=13 leri-cr2=100 leri-cr3=100,1171Mbit,1171Mbit,1
1791017530.597,leri-cr1=13 leri-cr2=100 leri-cr3=100,leri-cr1=13 leri-cr2=100 leri-cr3=100,leri-cr1=13 leri-cr2=100 leri-cr3=100,1171Mbit,1171Mbit,1
1791017540.661,leri-cr1=13 leri-cr2=100 leri-cr3=100,leri-cr1=13 leri-cr2=100 leri-cr3=100,leri-cr1=13 leri-cr2=100 leri-cr3=100,1171Mbit,1171Mbit,1
1791017550.712,leri-cr1=13 leri-cr2=100 leri-cr3=100,leri-cr1=13 leri-cr2=100 leri-cr3=100,leri-cr1=13 leri-cr2=100 leri-cr3=100,1171Mbit,1171Mbit,1
1791017560.762,leri-cr1=13 leri-cr2=100 leri-cr3=100,leri-cr1=13 leri-cr2=100 leri-cr3=100,leri-cr1=13 leri-cr2=100 leri-cr3=100,1171Mbit,1171Mbit,1
1791017570.814,leri-cr1=13 leri-cr2=100 leri-cr3=100,leri-cr1=13 leri-cr2=100 leri-cr3=100,leri-cr1=13 leri-cr2=100 leri-cr3=100,1171Mbit,1171Mbit,1
1791017580.862,leri-cr1=13 leri-cr2=100 leri-cr3=100,leri-cr1=13 leri-cr2=100 leri-cr3=100,leri-cr1=13 leri-cr2=100 leri-cr3=100,1171Mbit,1171Mbit,1
1791017591.145,leri-cr1=13 leri-cr2=100 leri-cr3=100,leri-cr1=13 leri-cr2=100 leri-cr3=100,leri-cr1=13 leri-cr2=100 leri-cr3=100,1171Mbit,1171Mbit,1
1791017601.195,leri-cr1=13 leri-cr2=100 leri-cr3=100,leri-cr1=13 leri-cr2=100 leri-cr3=100,leri-cr1=13 leri-cr2=100 leri-cr3=100,1171Mbit,1171Mbit,1
1791017611.247,leri-cr1=13 leri-cr2=100 leri-cr3=100,leri-cr1=13 leri-cr2=100 leri-cr3=100,leri-cr1=13 leri-cr2=100 leri-cr3=100,1171Mbit,1171Mbit,1
1791017621.297,leri-cr1=13 leri-cr2=100 leri-cr3=100,leri-cr1=13 leri-cr2=100 leri-cr3=100,leri-cr1=13 leri-cr2=100 leri-cr3=100,1171Mbit,1171Mbit,1
1791017631.345,leri-cr1=13 leri-cr2=100 leri-cr3=100,leri-cr1=13 leri-cr2=100 leri-cr3=100,leri-cr1=13 leri-cr2=100 leri-cr3=100,1171Mbit,1171Mbit,1
1791017641.409,leri-cr1=13 leri-cr2=100 leri-cr3=100,leri-cr1=13 leri-cr2=100 leri-cr3=100,leri-cr1=13 leri-cr2=100 leri-cr3=100,1171Mbit,1171Mbit,0
1791017651.812,leri-cr1=13 leri-cr2=100 leri-cr3=100,leri-cr1=13 leri-cr2=100 leri-cr3=100,leri-cr1=13 leri-cr2=100 leri-cr3=100,1171Mbit,1171Mbit,0
1791017661.925,leri-cr1=13 leri-cr2=100 leri-cr3=100,leri-cr1=13 leri-cr2=100 leri-cr3=100,leri-cr1=13 leri-cr2=100 leri-cr3=100,1171Mbit,1171Mbit,0
1791017672.005,leri-cr1=13 leri-cr2=100 leri-cr3=100,leri-cr1=13 leri-cr2=100 leri-cr3=100,leri-cr1=13 leri-cr2=100 leri-cr3=100,1171Mbit,1171Mbit,0
1791017682.083,leri-cr1=13 leri-cr2=100 leri-cr3=100,leri-cr1=13 leri-cr2=100 leri-cr3=100,leri-cr1=13 leri-cr2=100 leri-cr3=100,1171Mbit,1171Mbit,0
1791017692.162,leri-cr1=13 leri-cr2=100 leri-cr3=100,leri-cr1=13 leri-cr2=100 leri-cr3=100,leri-cr1=13 leri-cr2=100 leri-cr3=100,1171Mbit,1171Mbit,0
1791017702.242,leri-cr1=13 leri-cr2=100 leri-cr3=100,leri-cr1=13 leri-cr2=100 leri-cr3=100,leri-cr1=13 leri-cr2=100 leri-cr3=100,1171Mbit,1171Mbit,0
1791017712.650,leri-cr1=13 leri-cr2=100 leri-cr3=100,leri-cr1=13 leri-cr2=100 leri-cr3=100,leri-cr1=13 leri-cr2=100 leri-cr3=100,1171Mbit,1171Mbit,0
1791017722.729,leri-cr1=13 leri-cr2=100 leri-cr3=100,leri-cr1=13 leri-cr2=100 leri-cr3=100,leri-cr1=13 leri-cr2=100 leri-cr3=100,1171Mbit,1171Mbit,0
1791017732.805,leri-cr1=13 leri-cr2=100 leri-cr3=100,leri-cr1=13 leri-cr2=100 leri-cr3=100,leri-cr1=13 leri-cr2=100 leri-cr3=100,1171Mbit,1171Mbit,0
1791017742.886,leri-cr1=13 leri-cr2=100 leri-cr3=100,leri-cr1=13 leri-cr2=100 leri-cr3=100,leri-cr1=13 leri-cr2=100 leri-cr3=100,1171Mbit,1171Mbit,0
1791017752.964,leri-cr1=13 leri-cr2=100 leri-cr3=100,leri-cr1=13 leri-cr2=100 leri-cr3=100,leri-cr1=13 leri-cr2=100 leri-cr3=100,1171Mbit,1171Mbit,0
1791017763.223,leri-cr1=13 leri-cr2=100 leri-cr3=100,leri-cr1=13 leri-cr2=100 leri-cr3=100,leri-cr1=13 leri-cr2=100 leri-cr3=100,1171Mbit,1171Mbit,0
1791017773.277,leri-cr1=13 leri-cr2=100 leri-cr3=100,leri-cr1=13 leri-cr2=100 leri-cr3=100,leri-cr1=13 leri-cr2=100 leri-cr3=100,1171Mbit,1171Mbit,1
1791017783.326,leri-cr1=13 leri-cr2=100 leri-cr3=100,leri-cr1=13 leri-cr2=100 leri-cr3=100,leri-cr1=13 leri-cr2=100 leri-cr3=100,1171Mbit,1171Mbit,1
1791017793.375,leri-cr1=13 leri-cr2=100 leri-cr3=100,leri-cr1=13 leri-cr2=100 leri-cr3=100,leri-cr1=13 leri-cr2=100 leri-cr3=100,1171Mbit,1171Mbit,1
1791017803.427,leri-cr1=13 leri-cr2=100 leri-cr3=100,leri-cr1=13 leri-cr2=100 leri-cr3=100,leri-cr1=13 leri-cr2=100 leri-cr3=100,1171Mbit,1171Mbit,1
1791017813.478,leri-cr1=13 leri-cr2=100 leri-cr3=100,leri-cr1=13 leri-cr2=100 leri-cr3=100,leri-cr1=13 leri-cr2=100 leri-cr3=100,1171Mbit,1171Mbit,1
1791017823.775,leri-cr1=13 leri-cr2=100 leri-cr3=100,leri-cr1=13 leri-cr2=100 leri-cr3=100,leri-cr1=13 leri-cr2=100 leri-cr3=100,1171Mbit,1171Mbit,1
1791017833.830,leri-cr1=13 leri-cr2=100 leri-cr3=100,leri-cr1=13 leri-cr2=100 leri-cr3=100,leri-cr1=13 leri-cr2=100 leri-cr3=100,1171Mbit,1171Mbit,1
1791017843.888,leri-cr1=13 leri-cr2=100 leri-cr3=100,leri-cr1=13 leri-cr2=100 leri-cr3=100,leri-cr1=13 leri-cr2=100 leri-cr3=100,1171Mbit,1171Mbit,1
1791017853.942,leri-cr1=13 leri-cr2=100 leri-cr3=100,leri-cr1=13 leri-cr2=100 leri-cr3=100,leri-cr1=13 leri-cr2=100 leri-cr3=100,1171Mbit,1171Mbit,1
1791017863.995,leri-cr1=13 leri-cr2=100 leri-cr3=100,leri-cr1=13 leri-cr2=100 leri-cr3=100,leri-cr1=13 leri-cr2=100 leri-cr3=100,1171Mbit,1171Mbit,1
1791017874.049,leri-cr1=13 leri-cr2=100 leri-cr3=100,leri-cr1=13 leri-cr2=100 leri-cr3=100,leri-cr1=13 leri-cr2=100 leri-cr3=100,1171Mbit,1171Mbit,1
1791017884.358,leri-cr1=13 leri-cr2=100 leri-cr3=100,leri-cr1=13 leri-cr2=100 leri-cr3=100,leri-cr1=13 leri-cr2=100 leri-cr3=100,1171Mbit,1171Mbit,1
1791017894.414,leri-cr1=13 leri-cr2=100 leri-cr3=100,leri-cr1=13 leri-cr2=100 leri-cr3=100,leri-cr1=13 leri-cr2=100 leri-cr3=100,1171Mbit,1171Mbit,1
1791017904.467,leri-cr1=13 leri-cr2=100 leri-cr3=100,leri-cr1=13 leri-cr2=100 leri-cr3=100,leri-cr1=13 leri-cr2=100 leri-cr3=100,1171Mbit,1171Mbit,1
1791017914.515,leri-cr1=13 leri-cr2=100 leri-cr3=100,leri-cr1=13 leri-cr2=100 leri-cr3=100,leri-cr1=13 leri-cr2=100 leri-cr3=100,1171Mbit,1171Mbit,1
1791017924.565,leri-cr1=13 leri-cr2=100 leri-cr3=100,leri-cr1=13 leri-cr2=100 leri-cr3=100,leri-cr1=13 leri-cr2=100 leri-cr3=100,1171Mbit,1171Mbit,1
1791017934.622,leri-cr1=13 leri-cr2=100 leri-cr3=100,leri-cr1=13 leri-cr2=100 leri-cr3=100,leri-cr1=13 leri-cr2=100 leri-cr3=100,1171Mbit,1171Mbit,1
1791017944.869,leri-cr1=13 leri-cr2=100 leri-cr3=100,leri-cr1=13 leri-cr2=100 leri-cr3=100,leri-cr1=13 leri-cr2=100 leri-cr3=100,1171Mbit,1171Mbit,1
1791017954.922,leri-cr1=13 leri-cr2=100 leri-cr3=100,leri-cr1=13 leri-cr2=100 leri-cr3=100,leri-cr1=13 leri-cr2=100 leri-cr3=100,1171Mbit,1171Mbit,1
1791017964.974,leri-cr1=13 leri-cr2=100 leri-cr3=100,leri-cr1=13 leri-cr2=100 leri-cr3=100,leri-cr1=13 leri-cr2=100 leri-cr3=100,1171Mbit,1171Mbit,1
1791017975.027,leri-cr1=13 leri-cr2=100 leri-cr3=100,leri-cr1=13 leri-cr2=100 leri-cr3=100,leri-cr1=13 leri-cr2=100 leri-cr3=100,1171Mbit,1171Mbit,1
1791017985.082,leri-cr1=13 leri-cr2=100 leri-cr3=100,leri-cr1=13 leri-cr2=100 leri-cr3=100,leri-cr1=13 leri-cr2=100 leri-cr3=100,1171Mbit,1171Mbit,1
1791017995.132,leri-cr1=13 leri-cr2=100 leri-cr3=100,leri-cr1=13 leri-cr2=100 leri-cr3=100,leri-cr1=13 leri-cr2=100 leri-cr3=100,1171Mbit,1171Mbit,1
1791018005.414,leri-cr1=13 leri-cr2=100 leri-cr3=100,leri-cr1=13 leri-cr2=100 leri-cr3=100,leri-cr1=13 leri-cr2=100 leri-cr3=100,1171Mbit,1171Mbit,1
1791018015.461,leri-cr1=13 leri-cr2=100 leri-cr3=100,leri-cr1=13 leri-cr2=100 leri-cr3=100,leri-cr1=13 leri-cr2=100 leri-cr3=100,1171Mbit,1171Mbit,1
1791018025.511,leri-cr1=13 leri-cr2=100 leri-cr3=100,leri-cr1=13 leri-cr2=100 leri-cr3=100,leri-cr1=13 leri-cr2=100 leri-cr3=100,1171Mbit,1171Mbit,1
1791018035.563,leri-cr1=13 leri-cr2=100 leri-cr3=100,leri-cr1=13 leri-cr2=100 leri-cr3=100,leri-cr1=13 leri-cr2=100 leri-cr3=100,1171Mbit,1171Mbit,1
1791018045.611,leri-cr1=13 leri-cr2=100 leri-cr3=100,leri-cr1=13 leri-cr2=100 leri-cr3=100,leri-cr1=13 leri-cr2=100 leri-cr3=100,1171Mbit,1171Mbit,1
1791018055.666,leri-cr1=13 leri-cr2=100 leri-cr3=100,leri-cr1=13 leri-cr2=100 leri-cr3=100,leri-cr1=13 leri-cr2=100 leri-cr3=100,1171Mbit,1171Mbit,1
1791018065.918,leri-cr1=13 leri-cr2=100 leri-cr3=100,leri-cr1=13 leri-cr2=100 leri-cr3=100,leri-cr1=13 leri-cr2=100 leri-cr3=100,1171Mbit,1171Mbit,1
1791018075.968,leri-cr1=13 leri-cr2=100 leri-cr3=100,leri-cr1=13 leri-cr2=100 leri-cr3=100,leri-cr1=13 leri-cr2=100 leri-cr3=100,1171Mbit,1171Mbit,1
1791018086.013,leri-cr1=13 leri-cr2=100 leri-cr3=100,leri-cr1=13 leri-cr2=100 leri-cr3=100,leri-cr1=13 leri-cr2=100 leri-cr3=100,1171Mbit,1171Mbit,1
1791018096.064,leri-cr1=13 leri-cr2=100 leri-cr3=100,leri-cr1=13 leri-cr2=100 leri-cr3=100,leri-cr1=13 leri-cr2=100 leri-cr3=100,1171Mbit,1171Mbit,1
1791018106.119,leri-cr1=13 leri-cr2=100 leri-cr3=100,leri-cr1=13 leri-cr2=100 leri-cr3=100,leri-cr1=13 leri-cr2=100 leri-cr3=100,1171Mbit,1171Mbit,1
1791018116.174,leri-cr1=13 leri-cr2=100 leri-cr3=100,leri-cr1=13 leri-cr2=100 leri-cr3=100,leri-cr1=13 leri-cr2=100 leri-cr3=100,1171Mbit,1171Mbit,1
1791018126.477,leri-cr1=13 leri-cr2=100 leri-cr3=100,leri-cr1=13 leri-cr2=100 leri-cr3=100,leri-cr1=13 leri-cr2=100 leri-cr3=100,1171Mbit,1171Mbit,1
1791018136.526,leri-cr1=13 leri-cr2=100 leri-cr3=100,leri-cr1=13 leri-cr2=100 leri-cr3=100,leri-cr1=13 leri-cr2=100 leri-cr3=100,1171Mbit,1171Mbit,1
1791018146.577,leri-cr1=13 leri-cr2=100 leri-cr3=100,leri-cr1=13 leri-cr2=100 leri-cr3=100,leri-cr1=13 leri-cr2=100 leri-cr3=100,1171Mbit,1171Mbit,1
1791018156.627,leri-cr1=13 leri-cr2=100 leri-cr3=100,leri-cr1=13 leri-cr2=100 leri-cr3=100,leri-cr1=13 leri-cr2=100 leri-cr3=100,1171Mbit,1171Mbit,1
1791018166.680,leri-cr1=13 leri-cr2=100 leri-cr3=100,leri-cr1=13 leri-cr2=100 leri-cr3=100,leri-cr1=13 leri-cr2=100 leri-cr3=100,1171Mbit,1171Mbit,1
1791018176.732,leri-cr1=13 leri-cr2=100 leri-cr3=100,leri-cr1=13 leri-cr2=100 leri-cr3=100,leri-cr1=13 leri-cr2=100 leri-cr3=100,1171Mbit,1171Mbit,1
1791018187.019,leri-cr1=13 leri-cr2=100 leri-cr3=100,leri-cr1=13 leri-cr2=100 leri-cr3=100,leri-cr1=13 leri-cr2=100 leri-cr3=100,1171Mbit,1171Mbit,1
1791018197.074,leri-cr1=13 leri-cr2=100 leri-cr3=100,leri-cr1=13 leri-cr2=100 leri-cr3=100,leri-cr1=13 leri-cr2=100 leri-cr3=100,1171Mbit,1171Mbit,1
1791018207.120,leri-cr1=13 leri-cr2=100 leri-cr3=100,leri-cr1=13 leri-cr2=100 leri-cr3=100,leri-cr1=13 leri-cr2=100 leri-cr3=100,1171Mbit,1171Mbit,1
1791018217.174,leri-cr1=13 leri-cr2=100 leri-cr3=100,leri-cr1=13 leri-cr2=100 leri-cr3=100,leri-cr1=13 leri-cr2=100 leri-cr3=100,1171Mbit,1171Mbit,1
1791018227.234,leri-cr1=13 leri-cr2=100 leri-cr3=100,leri-cr1=13 leri-cr2=100 leri-cr3=100,leri-cr1=13 leri-cr2=100 leri-cr3=100,1171Mbit,1171Mbit,1
1791018237.290,leri-cr1=13 leri-cr2=100 leri-cr3=100,leri-cr1=13 leri-cr2=100 leri-cr3=100,leri-cr1=13 leri-cr2=100 leri-cr3=100,1171Mbit,1171Mbit,0
1791018247.613,leri-cr1=13 leri-cr2=100 leri-cr3=100,leri-cr1=13 leri-cr2=100 leri-cr3=100,leri-cr1=13 leri-cr2=100 leri-cr3=100,1171Mbit,1171Mbit,0
1791018257.687,leri-cr1=13 leri-cr2=100 leri-cr3=100,leri-cr1=13 leri-cr2=100 leri-cr3=100,leri-cr1=13 leri-cr2=100 leri-cr3=100,1171Mbit,1171Mbit,0
1791018267.758,leri-cr1=13 leri-cr2=100 leri-cr3=100,leri-cr1=13 leri-cr2=100 leri-cr3=100,leri-cr1=13 leri-cr2=100 leri-cr3=100,1171Mbit,1171Mbit,0
1791018277.834,leri-cr1=13 leri-cr2=100 leri-cr3=100,leri-cr1=13 leri-cr2=100 leri-cr3=100,leri-cr1=13 leri-cr2=100 leri-cr3=100,1171Mbit,1171Mbit,0
1791018287.915,leri-cr1=13 leri-cr2=100 leri-cr3=100,leri-cr1=13 leri-cr2=100 leri-cr3=100,leri-cr1=13 leri-cr2=100 leri-cr3=100,1171Mbit,1171Mbit,0
1791018297.992,leri-cr1=13 leri-cr2=100 leri-cr3=100,leri-cr1=13 leri-cr2=100 leri-cr3=100,leri-cr1=13 leri-cr2=100 leri-cr3=100,1171Mbit,1171Mbit,0
1791018308.404,leri-cr1=13 leri-cr2=100 leri-cr3=100,leri-cr1=13 leri-cr2=100 leri-cr3=100,leri-cr1=13 leri-cr2=100 leri-cr3=100,1171Mbit,1171Mbit,0
1791018318.483,leri-cr1=13 leri-cr2=100 leri-cr3=100,leri-cr1=13 leri-cr2=100 leri-cr3=100,leri-cr1=13 leri-cr2=100 leri-cr3=100,1171Mbit,1171Mbit,0
1791018328.562,leri-cr1=13 leri-cr2=100 leri-cr3=100,leri-cr1=13 leri-cr2=100 leri-cr3=100,leri-cr1=13 leri-cr2=100 leri-cr3=100,1171Mbit,1171Mbit,0
1791018338.637,leri-cr1=13 leri-cr2=100 leri-cr3=100,leri-cr1=13 leri-cr2=100 leri-cr3=100,leri-cr1=13 leri-cr2=100 leri-cr3=100,1171Mbit,1171Mbit,0
1791018348.755,leri-cr1=13 leri-cr2=100 leri-cr3=100,leri-cr1=13 leri-cr2=100 leri-cr3=100,leri-cr1=13 leri-cr2=100 leri-cr3=100,1171Mbit,1171Mbit,0
1791018358.831,leri-cr1=13 leri-cr2=100 leri-cr3=100,leri-cr1=13 leri-cr2=100 leri-cr3=100,leri-cr1=13 leri-cr2=100 leri-cr3=100,1171Mbit,1171Mbit,0
1791018369.135,leri-cr1=13 leri-cr2=100 leri-cr3=100,leri-cr1=13 leri-cr2=100 leri-cr3=100,leri-cr1=13 leri-cr2=100 leri-cr3=100,1171Mbit,1171Mbit,0
1791018379.187,leri-cr1=13 leri-cr2=100 leri-cr3=100,leri-cr1=13 leri-cr2=100 leri-cr3=100,leri-cr1=13 leri-cr2=100 leri-cr3=100,1171Mbit,1171Mbit,1
1791018389.239,leri-cr1=13 leri-cr2=100 leri-cr3=100,leri-cr1=13 leri-cr2=100 leri-cr3=100,leri-cr1=13 leri-cr2=100 leri-cr3=100,1171Mbit,1171Mbit,1
1791018399.284,leri-cr1=13 leri-cr2=100 leri-cr3=100,leri-cr1=13 leri-cr2=100 leri-cr3=100,leri-cr1=13 leri-cr2=100 leri-cr3=100,1171Mbit,1171Mbit,1
1791018409.345,leri-cr1=13 leri-cr2=100 leri-cr3=100,leri-cr1=13 leri-cr2=100 leri-cr3=100,leri-cr1=13 leri-cr2=100 leri-cr3=100,1171Mbit,1171Mbit,1
1791018419.394,leri-cr1=13 leri-cr2=100 leri-cr3=100,leri-cr1=13 leri-cr2=100 leri-cr3=100,leri-cr1=13 leri-cr2=100 leri-cr3=100,1171Mbit,1171Mbit,1
1791018429.694,leri-cr1=13 leri-cr2=100 leri-cr3=100,leri-cr1=13 leri-cr2=100 leri-cr3=100,leri-cr1=13 leri-cr2=100 leri-cr3=100,1171Mbit,1171Mbit,1
1791018439.746,leri-cr1=13 leri-cr2=100 leri-cr3=100,leri-cr1=13 leri-cr2=100 leri-cr3=100,leri-cr1=13 leri-cr2=100 leri-cr3=100,1171Mbit,1171Mbit,1
1791018449.796,leri-cr1=13 leri-cr2=100 leri-cr3=100,leri-cr1=13 leri-cr2=100 leri-cr3=100,leri-cr1=13 leri-cr2=100 leri-cr3=100,1171Mbit,1171Mbit,1
1791018459.849,leri-cr1=13 leri-cr2=100 leri-cr3=100,leri-cr1=13 leri-cr2=100 leri-cr3=100,leri-cr1=13 leri-cr2=100 leri-cr3=100,1171Mbit,1171Mbit,1
1791018469.902,leri-cr1=13 leri-cr2=100 leri-cr3=100,leri-cr1=13 leri-cr2=100 leri-cr3=100,leri-cr1=13 leri-cr2=100 leri-cr3=100,1171Mbit,1171Mbit,1
1791018479.960,leri-cr1=13 leri-cr2=100 leri-cr3=100,leri-cr1=13 leri-cr2=100 leri-cr3=100,leri-cr1=13 leri-cr2=100 leri-cr3=100,1171Mbit,1171Mbit,1
1791018490.240,leri-cr1=13 leri-cr2=100 leri-cr3=100,leri-cr1=13 leri-cr2=100 leri-cr3=100,leri-cr1=13 leri-cr2=100 leri-cr3=100,1171Mbit,1171Mbit,1
1791018500.294,leri-cr1=13 leri-cr2=100 leri-cr3=100,leri-cr1=13 leri-cr2=100 leri-cr3=100,leri-cr1=13 leri-cr2=100 leri-cr3=100,1171Mbit,1171Mbit,1
1791018510.344,leri-cr1=13 leri-cr2=100 leri-cr3=100,leri-cr1=13 leri-cr2=100 leri-cr3=100,leri-cr1=13 leri-cr2=100 leri-cr3=100,1171Mbit,1171Mbit,1
1791018520.395,leri-cr1=13 leri-cr2=100 leri-cr3=100,leri-cr1=13 leri-cr2=100 leri-cr3=100,leri-cr1=13 leri-cr2=100 leri-cr3=100,1171Mbit,1171Mbit,1
1791018530.441,leri-cr1=13 leri-cr2=100 leri-cr3=100,leri-cr1=13 leri-cr2=100 leri-cr3=100,leri-cr1=13 leri-cr2=100 leri-cr3=100,1171Mbit,1171Mbit,1
1791018540.498,leri-cr1=13 leri-cr2=100 leri-cr3=100,leri-cr1=13 leri-cr2=100 leri-cr3=100,leri-cr1=13 leri-cr2=100 leri-cr3=100,1171Mbit,1171Mbit,1
1791018550.803,leri-cr1=13 leri-cr2=100 leri-cr3=100,leri-cr1=13 leri-cr2=100 leri-cr3=100,leri-cr1=13 leri-cr2=100 leri-cr3=100,1171Mbit,1171Mbit,1
1791018560.861,leri-cr1=13 leri-cr2=100 leri-cr3=100,leri-cr1=13 leri-cr2=100 leri-cr3=100,leri-cr1=13 leri-cr2=100 leri-cr3=100,1171Mbit,1171Mbit,1
1791018570.922,leri-cr1=13 leri-cr2=100 leri-cr3=100,leri-cr1=13 leri-cr2=100 leri-cr3=100,leri-cr1=13 leri-cr2=100 leri-cr3=100,1171Mbit,1171Mbit,1
1791018580.972,leri-cr1=13 leri-cr2=100 leri-cr3=100,leri-cr1=13 leri-cr2=100 leri-cr3=100,leri-cr1=13 leri-cr2=100 leri-cr3=100,1171Mbit,1171Mbit,1
1791018591.023,leri-cr1=13 leri-cr2=100 leri-cr3=100,leri-cr1=13 leri-cr2=100 leri-cr3=100,leri-cr1=13 leri-cr2=100 leri-cr3=100,1171Mbit,1171Mbit,1
1791018601.074,leri-cr1=13 leri-cr2=100 leri-cr3=100,leri-cr1=13 leri-cr2=100 leri-cr3=100,leri-cr1=13 leri-cr2=100 leri-cr3=100,1171Mbit,1171Mbit,1
1791018611.347,leri-cr1=13 leri-cr2=100 leri-cr3=100,leri-cr1=13 leri-cr2=100 leri-cr3=100,leri-cr1=13 leri-cr2=100 leri-cr3=100,1171Mbit,1171Mbit,1
1791018621.403,leri-cr1=13 leri-cr2=100 leri-cr3=100,leri-cr1=13 leri-cr2=100 leri-cr3=100,leri-cr1=13 leri-cr2=100 leri-cr3=100,1171Mbit,1171Mbit,1
1791018631.455,leri-cr1=13 leri-cr2=100 leri-cr3=100,leri-cr1=13 leri-cr2=100 leri-cr3=100,leri-cr1=13 leri-cr2=100 leri-cr3=100,1171Mbit,1171Mbit,1
1791018641.508,leri-cr1=13 leri-cr2=100 leri-cr3=100,leri-cr1=13 leri-cr2=100 leri-cr3=100,leri-cr1=13 leri-cr2=100 leri-cr3=100,1171Mbit,1171Mbit,1
1791018651.560,leri-cr1=13 leri-cr2=100 leri-cr3=100,leri-cr1=13 leri-cr2=100 leri-cr3=100,leri-cr1=13 leri-cr2=100 leri-cr3=100,1171Mbit,1171Mbit,1
1791018661.604,leri-cr1=13 leri-cr2=100 leri-cr3=100,leri-cr1=13 leri-cr2=100 leri-cr3=100,leri-cr1=13 leri-cr2=100 leri-cr3=100,1171Mbit,1171Mbit,1
1791018671.852,leri-cr1=13 leri-cr2=100 leri-cr3=100,leri-cr1=13 leri-cr2=100 leri-cr3=100,leri-cr1=13 leri-cr2=100 leri-cr3=100,1171Mbit,1171Mbit,1
1791018681.895,leri-cr1=13 leri-cr2=100 leri-cr3=100,leri-cr1=13 leri-cr2=100 leri-cr3=100,leri-cr1=13 leri-cr2=100 leri-cr3=100,1171Mbit,1171Mbit,1
1791018691.943,leri-cr1=13 leri-cr2=100 leri-cr3=100,leri-cr1=13 leri-cr2=100 leri-cr3=100,leri-cr1=13 leri-cr2=100 leri-cr3=100,1171Mbit,1171Mbit,1
1791018702.001,leri-cr1=13 leri-cr2=100 leri-cr3=100,leri-cr1=13 leri-cr2=100 leri-cr3=100,leri-cr1=13 leri-cr2=100 leri-cr3=100,1171Mbit,1171Mbit,1
1791018712.053,leri-cr1=13 leri-cr2=100 leri-cr3=100,leri-cr1=13 leri-cr2=100 leri-cr3=100,leri-cr1=13 leri-cr2=100 leri-cr3=100,1171Mbit,1171Mbit,1
1791018722.098,leri-cr1=13 leri-cr2=100 leri-cr3=100,leri-cr1=13 leri-cr2=100 leri-cr3=100,leri-cr1=13 leri-cr2=100 leri-cr3=100,1171Mbit,1171Mbit,1
1791018732.368,leri-cr1=13 leri-cr2=100 leri-cr3=100,leri-cr1=13 leri-cr2=100 leri-cr3=100,leri-cr1=13 leri-cr2=100 leri-cr3=100,1171Mbit,1171Mbit,1
1791018742.422,leri-cr1=13 leri-cr2=100 leri-cr3=100,leri-cr1=13 leri-cr2=100 leri-cr3=100,leri-cr1=13 leri-cr2=100 leri-cr3=100,1171Mbit,1171Mbit,1
1791018752.477,leri-cr1=13 leri-cr2=100 leri-cr3=100,leri-cr1=13 leri-cr2=100 leri-cr3=100,leri-cr1=13 leri-cr2=100 leri-cr3=100,1171Mbit,1171Mbit,1
1791018762.531,leri-cr1=13 leri-cr2=100 leri-cr3=100,leri-cr1=13 leri-cr2=100 leri-cr3=100,leri-cr1=13 leri-cr2=100 leri-cr3=100,1171Mbit,1171Mbit,1
1791018772.578,leri-cr1=13 leri-cr2=100 leri-cr3=100,leri-cr1=13 leri-cr2=100 leri-cr3=100,leri-cr1=13 leri-cr2=100 leri-cr3=100,1171Mbit,1171Mbit,1
1791018782.627,leri-cr1=13 leri-cr2=100 leri-cr3=100,leri-cr1=13 leri-cr2=100 leri-cr3=100,leri-cr1=13 leri-cr2=100 leri-cr3=100,1171Mbit,1171Mbit,1
1791018792.894,leri-cr1=13 leri-cr2=100 leri-cr3=100,leri-cr1=13 leri-cr2=100 leri-cr3=100,leri-cr1=13 leri-cr2=100 leri-cr3=100,1171Mbit,1171Mbit,1
1791018802.947,leri-cr1=13 leri-cr2=100 leri-cr3=100,leri-cr1=13 leri-cr2=100 leri-cr3=100,leri-cr1=13 leri-cr2=100 leri-cr3=100,1171Mbit,1171Mbit,1
1791018813.022,leri-cr1=13 leri-cr2=100 leri-cr3=100,leri-cr1=13 leri-cr2=100 leri-cr3=100,leri-cr1=13 leri-cr2=100 leri-cr3=100,1171Mbit,1171Mbit,1
1791018823.075,leri-cr1=13 leri-cr2=100 leri-cr3=100,leri-cr1=13 leri-cr2=100 leri-cr3=100,leri-cr1=13 leri-cr2=100 leri-cr3=100,1171Mbit,1171Mbit,1
1791018833.144,leri-cr1=13 leri-cr2=100 leri-cr3=100,leri-cr1=13 leri-cr2=100 leri-cr3=100,leri-cr1=13 leri-cr2=100 leri-cr3=100,1171Mbit,1171Mbit,1
1791018843.200,leri-cr1=13 leri-cr2=100 leri-cr3=100,leri-cr1=13 leri-cr2=100 leri-cr3=100,leri-cr1=13 leri-cr2=100 leri-cr3=100,1171Mbit,1171Mbit,0
1791018853.528,leri-cr1=13 leri-cr2=100 leri-cr3=100,leri-cr1=13 leri-cr2=100 leri-cr3=100,leri-cr1=13 leri-cr2=100 leri-cr3=100,1171Mbit,1171Mbit,0
1791018863.598,leri-cr1=13 leri-cr2=100 leri-cr3=100,leri-cr1=13 leri-cr2=100 leri-cr3=100,leri-cr1=13 leri-cr2=100 leri-cr3=100,1171Mbit,1171Mbit,0
1791018873.679,leri-cr1=13 leri-cr2=100 leri-cr3=100,leri-cr1=13 leri-cr2=100 leri-cr3=100,leri-cr1=13 leri-cr2=100 leri-cr3=100,1171Mbit,1171Mbit,0
1791018883.762,leri-cr1=13 leri-cr2=100 leri-cr3=100,leri-cr1=13 leri-cr2=100 leri-cr3=100,leri-cr1=13 leri-cr2=100 leri-cr3=100,1171Mbit,1171Mbit,0
1791018893.840,leri-cr1=13 leri-cr2=100 leri-cr3=100,leri-cr1=13 leri-cr2=100 leri-cr3=100,leri-cr1=13 leri-cr2=100 leri-cr3=100,1171Mbit,1171Mbit,0
1791018903.919,leri-cr1=13 leri-cr2=100 leri-cr3=100,leri-cr1=13 leri-cr2=100 leri-cr3=100,leri-cr1=13 leri-cr2=100 leri-cr3=100,1171Mbit,1171Mbit,0
1791018914.330,leri-cr1=13 leri-cr2=100 leri-cr3=100,leri-cr1=13 leri-cr2=100 leri-cr3=100,leri-cr1=13 leri-cr2=100 leri-cr3=100,1171Mbit,1171Mbit,0
1791018924.404,leri-cr1=13 leri-cr2=100 leri-cr3=100,leri-cr1=13 leri-cr2=100 leri-cr3=100,leri-cr1=13 leri-cr2=100 leri-cr3=100,1171Mbit,1171Mbit,0
1791018934.478,leri-cr1=13 leri-cr2=100 leri-cr3=100,leri-cr1=13 leri-cr2=100 leri-cr3=100,leri-cr1=13 leri-cr2=100 leri-cr3=100,1171Mbit,1171Mbit,0
1791018944.557,leri-cr1=13 leri-cr2=100 leri-cr3=100,leri-cr1=13 leri-cr2=100 leri-cr3=100,leri-cr1=13 leri-cr2=100 leri-cr3=100,1171Mbit,1171Mbit,0
1791018954.637,leri-cr1=13 leri-cr2=100 leri-cr3=100,leri-cr1=13 leri-cr2=100 leri-cr3=100,leri-cr1=13 leri-cr2=100 leri-cr3=100,1171Mbit,1171Mbit,0
1791018964.688,leri-cr1=13 leri-cr2=100 leri-cr3=100,leri-cr1=13 leri-cr2=100 leri-cr3=100,leri-cr1=13 leri-cr2=100 leri-cr3=100,1171Mbit,1171Mbit,0
1791018974.982,leri-cr1=13 leri-cr2=100 leri-cr3=100,leri-cr1=13 leri-cr2=100 leri-cr3=100,leri-cr1=13 leri-cr2=100 leri-cr3=100,1171Mbit,1171Mbit,1
1791018985.034,leri-cr1=13 leri-cr2=100 leri-cr3=100,leri-cr1=13 leri-cr2=100 leri-cr3=100,leri-cr1=13 leri-cr2=100 leri-cr3=100,1171Mbit,1171Mbit,1
1791018995.081,leri-cr1=13 leri-cr2=100 leri-cr3=100,leri-cr1=13 leri-cr2=100 leri-cr3=100,leri-cr1=13 leri-cr2=100 leri-cr3=100,1171Mbit,1171Mbit,1
1791019005.130,leri-cr1=13 leri-cr2=100 leri-cr3=100,leri-cr1=13 leri-cr2=100 leri-cr3=100,leri-cr1=13 leri-cr2=100 leri-cr3=100,1171Mbit,1171Mbit,1
1791019015.183,leri-cr1=13 leri-cr2=100 leri-cr3=100,leri-cr1=13 leri-cr2=100 leri-cr3=100,leri-cr1=13 leri-cr2=100 leri-cr3=100,1171Mbit,1171Mbit,1
1791019025.455,leri-cr1=13 leri-cr2=100 leri-cr3=100,leri-cr1=13 leri-cr2=100 leri-cr3=100,leri-cr1=13 leri-cr2=100 leri-cr3=100,1171Mbit,1171Mbit,1
1791019035.516,leri-cr1=13 leri-cr2=100 leri-cr3=100,leri-cr1=13 leri-cr2=100 leri-cr3=100,leri-cr1=13 leri-cr2=100 leri-cr3=100,1171Mbit,1171Mbit,1
1791019045.567,leri-cr1=13 leri-cr2=100 leri-cr3=100,leri-cr1=13 leri-cr2=100 leri-cr3=100,leri-cr1=13 leri-cr2=100 leri-cr3=100,1171Mbit,1171Mbit,1
1791019055.616,leri-cr1=13 leri-cr2=100 leri-cr3=100,leri-cr1=13 leri-cr2=100 leri-cr3=100,leri-cr1=13 leri-cr2=100 leri-cr3=100,1171Mbit,1171Mbit,1
1791019065.679,leri-cr1=13 leri-cr2=100 leri-cr3=100,leri-cr1=13 leri-cr2=100 leri-cr3=100,leri-cr1=13 leri-cr2=100 leri-cr3=100,1171Mbit,1171Mbit,1
1791019075.731,leri-cr1=13 leri-cr2=100 leri-cr3=100,leri-cr1=13 leri-cr2=100 leri-cr3=100,leri-cr1=13 leri-cr2=100 leri-cr3=100,1171Mbit,1171Mbit,1
1791019086.012,leri-cr1=13 leri-cr2=100 leri-cr3=100,leri-cr1=13 leri-cr2=100 leri-cr3=100,leri-cr1=13 leri-cr2=100 leri-cr3=100,1171Mbit,1171Mbit,1
1791019096.067,leri-cr1=13 leri-cr2=100 leri-cr3=100,leri-cr1=13 leri-cr2=100 leri-cr3=100,leri-cr1=13 leri-cr2=100 leri-cr3=100,1171Mbit,1171Mbit,1
1791019106.120,leri-cr1=13 leri-cr2=100 leri-cr3=100,leri-cr1=13 leri-cr2=100 leri-cr3=100,leri-cr1=13 leri-cr2=100 leri-cr3=100,1171Mbit,1171Mbit,1
1791019116.172,leri-cr1=13 leri-cr2=100 leri-cr3=100,leri-cr1=13 leri-cr2=100 leri-cr3=100,leri-cr1=13 leri-cr2=100 leri-cr3=100,1171Mbit,1171Mbit,1
1791019126.225,leri-cr1=13 leri-cr2=100 leri-cr3=100,leri-cr1=13 leri-cr2=100 leri-cr3=100,leri-cr1=13 leri-cr2=100 leri-cr3=100,1171Mbit,1171Mbit,1
1791019136.278,leri-cr1=13 leri-cr2=100 leri-cr3=100,leri-cr1=13 leri-cr2=100 leri-cr3=100,leri-cr1=13 leri-cr2=100 leri-cr3=100,1171Mbit,1171Mbit,1
1791019146.553,leri-cr1=13 leri-cr2=100 leri-cr3=100,leri-cr1=13 leri-cr2=100 leri-cr3=100,leri-cr1=13 leri-cr2=100 leri-cr3=100,1171Mbit,1171Mbit,1
1791019156.606,leri-cr1=13 leri-cr2=100 leri-cr3=100,leri-cr1=13 leri-cr2=100 leri-cr3=100,leri-cr1=13 leri-cr2=100 leri-cr3=100,1171Mbit,1171Mbit,1
1791019166.655,leri-cr1=13 leri-cr2=100 leri-cr3=100,leri-cr1=13 leri-cr2=100 leri-cr3=100,leri-cr1=13 leri-cr2=100 leri-cr3=100,1171Mbit,1171Mbit,1
1791019176.701,leri-cr1=13 leri-cr2=100 leri-cr3=100,leri-cr1=13 leri-cr2=100 leri-cr3=100,leri-cr1=13 leri-cr2=100 leri-cr3=100,1171Mbit,1171Mbit,1
1791019186.756,leri-cr1=13 leri-cr2=100 leri-cr3=100,leri-cr1=13 leri-cr2=100 leri-cr3=100,leri-cr1=13 leri-cr2=100 leri-cr3=100,1171Mbit,1171Mbit,1
