time,t41,t42,t43,htb_leri_cr1,htb_cr1_lere,load
1790943866.196,leri-cr1=6 leri-cr2=25 leri-cr3=25,leri-cr1=6 leri-cr2=25 leri-cr3=25,leri-cr1=6 leri-cr2=25 leri-cr3=25,2160Mbit,2160Mbit,0
1790943876.406,leri-cr1=13 leri-cr2=100 leri-cr3=100,leri-cr1=13 leri-cr2=100 leri-cr3=100,leri-cr1=13 leri-cr2=100 leri-cr3=100,1171Mbit,1171Mbit,0
1790943886.483,leri-cr1=13 leri-cr2=100 leri-cr3=100,leri-cr1=13 leri-cr2=100 leri-cr3=100,leri-cr1=13 leri-cr2=100 leri-cr3=100,1171Mbit,1171Mbit,0
1790943896.559,leri-cr1=13 leri-cr2=100 leri-cr3=100,leri-cr1=13 leri-cr2=100 leri-cr3=100,leri-cr1=13 leri-cr2=100 leri-cr3=100,1171Mbit,1171Mbit,0
1790943906.634,leri-cr1=13 leri-cr2=100 leri-cr3=100,leri-cr1=13 leri-cr2=100 leri-cr3=100,leri-cr1=13 leri-cr2=100 leri-cr3=100,1171Mbit,1171Mbit,0
1790943916.711,leri-cr1=13 leri-cr2=100 leri-cr3=100,leri-cr1=13 leri-cr2=100 leri-cr3=100,leri-cr1=13 leri-cr2=100 leri-cr3=100,1171Mbit,1171Mbit,0
1790943927.130,leri-cr1=13 leri-cr2=100 leri-cr3=100,leri-cr1=13 leri-cr2=100 leri-cr3=100,leri-cr1=13 leri-cr2=100 leri-cr3=100,1171Mbit,1171Mbit,0
1790943937.206,leri-cr1=13 leri-cr2=100 leri-cr3=100,leri-cr1=13 leri-cr2=100 leri-cr3=100,leri-cr1=13 leri-cr2=100 leri-cr3=100,1171Mbit,1171Mbit,0
1790943947.285,leri-cr1=13 leri-cr2=100 leri-cr3=100,leri-cr1=13 leri-cr2=100 leri-cr3=100,leri-cr1=13 leri-cr2=100 leri-cr3=100,1171Mbit,1171Mbit,0
1790943957.364,leri-cr1=13 leri-cr2=100 leri-cr3=100,leri-cr1=13 leri-cr2=100 leri-cr3=100,leri-cr1=13 leri-cr2=100 leri-cr3=100,1171Mbit,1171Mbit,0
1790943967.440,leri-cr1=13 leri-cr2=100 leri-cr3=100,leri-cr1=13 leri-cr2=100 leri-cr3=100,leri-cr1=13 leri-cr2=100 leri-cr3=100,1171Mbit,1171Mbit,0
1790943977.516,leri-cr1=13 leri-cr2=100 leri-cr3=100,leri-cr1=13 leri-cr2=100 leri-cr3=100,leri-cr1=13 leri-cr2=100 leri-cr3=100,1171Mbit,1171Mbit,0
1790943987.931,leri-cr1=13 leri-cr2=100 leri-cr3=100,leri-cr1=13 leri-cr2=100 leri-cr3=100,leri-cr1=13 leri-cr2=100 leri-cr3=100,1171Mbit,1171Mbit,0
1790943997.984,leri-cr1=13 leri-cr2=100 leri-cr3=100,leri-cr1=13 leri-cr2=100 leri-cr3=100,leri-cr1=13 leri-cr2=100 leri-cr3=100,1171Mbit,1171Mbit,0
1790944008.039,leri-cr1=13 leri-cr2=100 leri-cr3=100,leri-cr1=13 leri-cr2=100 leri-cr3=100,leri-cr1=13 leri-cr2=100 leri-cr3=100,1171Mbit,1171Mbit,1
1790944018.088,leri-cr1=13 leri-cr2=100 leri-cr3=100,leri-cr1=13 leri-cr2=100 leri-cr3=100,leri-cr1=13 leri-cr2=100 leri-cr3=100,1171Mbit,1171Mbit,1
1790944028.146,leri-cr1=13 leri-cr2=100 leri-cr3=100,leri-cr1=13 leri-cr2=100 leri-cr3=100,leri-cr1=13 leri-cr2=100 leri-cr3=100,1171Mbit,1171Mbit,1
1790944038.206,leri-cr1=13 leri-cr2=100 leri-cr3=100,leri-cr1=13 leri-cr2=100 leri-cr3=100,leri-cr1=13 leri-cr2=100 leri-cr3=100,1171Mbit,1171Mbit,1
1790944048.394,leri-cr1=13 leri-cr2=100 leri-cr3=100,leri-cr1=13 leri-cr2=100 leri-cr3=100,leri-cr1=13 leri-cr2=100 leri-cr3=100,1171Mbit,1171Mbit,1
1790944058.444,leri-cr1=13 leri-cr2=100 leri-cr3=100,leri-cr1=13 leri-cr2=100 leri-cr3=100,leri-cr1=13 leri-cr2=100 leri-cr3=100,1171Mbit,1171Mbit,1
1790944068.499,leri-cr1=13 leri-cr2=100 leri-cr3=100,leri-cr1=13 leri-cr2=100 leri-cr3=100,leri-cr1=13 leri-cr2=100 leri-cr3=100,1171Mbit,1171Mbit,1
1790944078.548,leri-cr1=13 leri-cr2=100 leri-cr3=100,leri-cr1=13 leri-cr2=100 leri-cr3=100,leri-cr1=13 leri-cr2=100 leri-cr3=100,1171Mbit,1171Mbit,1
1790944088.600,leri-cr1=13 leri-cr2=100 leri-cr3=100,leri-cr1=13 leri-cr2=100 leri-cr3=100,leri-cr1=13 leri-cr2=100 leri-cr3=100,1171Mbit,1171Mbit,1
1790944098.660,leri-cr1=13 leri-cr2=100 leri-cr3=100,leri-cr1=13 leri-cr2=100 leri-cr3=100,leri-cr1=13 leri-cr2=100 leri-cr3=100,1171Mbit,1171Mbit,1
1790944108.930,leri-cr1=13 leri-cr2=100 leri-cr3=100,leri-cr1=13 leri-cr2=100 leri-cr3=100,leri-cr1=13 leri-cr2=100 leri-cr3=100,1171Mbit,1171Mbit,1
1790944118.990,leri-cr1=13 leri-cr2=100 leri-cr3=100,leri-cr1=13 leri-cr2=100 leri-cr3=100,leri-cr1=13 leri-cr2=100 leri-cr3=100,1171Mbit,1171Mbit,1
1790944129.046,leri-cr1=13 leri-cr2=100 leri-cr3=100,leri-cr1=13 leri-cr2=100 leri-cr3=100,leri-cr1=13 leri-cr2=100 leri-cr3=100,1171Mbit,1171Mbit,1
1790944139.099,leri-cr1=13 leri-cr2=100 leri-cr3=100,leri-cr1=13 leri-cr2=100 leri-cr3=100,leri-cr1=13 leri-cr2=100 leri-cr3=100,1171Mbit,1171Mbit,1
1790944149.152,leri-cr1=13 leri-cr2=100 leri-cr3=100,leri-cr1=13 leri-cr2=100 leri-cr3=100,leri-cr1=13 leri-cr2=100 leri-cr3=100,1171Mbit,1171Mbit,1
1790944159.215,leri-cr1=13 leri-cr2=100 leri-cr3=100,leri-cr1=13 leri-cr2=100 leri-cr3=100,leri-cr1=13 leri-cr2=100 leri-cr3=100,1171Mbit,1171Mbit,1
1790944169.499,leri-cr1=13 leri-cr2=100 leri-cr3=100,leri-cr1=13 leri-cr2=100 leri-cr3=100,leri-cr1=13 leri-cr2=100 leri-cr3=100,1171Mbit,1171Mbit,1
1790944179.557,leri-cr1=13 leri-cr2=100 leri-cr3=100,leri-cr1=13 leri-cr2=100 leri-cr3=100,leri-cr1=13 leri-cr2=100 leri-cr3=100,1171Mbit,1171Mbit,1
1790944189.612,leri-cr1=13 leri-cr2=100 leri-cr3=100,leri-cr1=13 leri-cr2=100 leri-cr3=100,leri-cr1=13 leri-cr2=100 leri-cr3=100,1171Mbit,1171Mbit,1
1790944199.664,leri-cr1=13 leri-cr2=100 leri-cr3=100,leri-cr1=13 leri-cr2=100 leri-cr3=100,leri-cr1=13 leri-cr2=100 leri-cr3=100,1171Mbit,1171Mbit,1
1790944209.743,leri-cr1=13 leri-cr2=100 leri-cr3=100,leri-cr1=13 leri-cr2=100 leri-cr3=100,leri-cr1=13 leri-cr2=100 leri-cr3=100,1171Mbit,1171Mbit,0
1790944219.817,leri-cr1=13 leri-cr2=100 leri-cr3=100,leri-cr1=13 leri-cr2=100 leri-cr3=100,leri-cr1=13 leri-cr2=100 leri-cr3=100,1171Mbit,1171Mbit,0
1790944230.243,leri-cr1=13 leri-cr2=100 leri-cr3=100,leri-cr1=13 leri-cr2=100 leri-cr3=100,leri-cr1=13 leri-cr2=100 leri-cr3=100,1171Mbit,1171Mbit,0
1790944240.321,leri-cr1=13 leri-cr2=100 leri-cr3=100,leri-cr1=13 leri-cr2=100 leri-cr3=100,leri-cr1=13 leri-cr2=100 leri-cr3=100,1171Mbit,1171Mbit,0
1790944250.396,leri-cr1=13 leri-cr2=100 leri-cr3=100,leri-cr1=13 leri-cr2=100 leri-cr3=100,leri-cr1=13 leri-cr2=100 leri-cr3=100,1171Mbit,1171Mbit,0
1790944260.472,leri-cr1=13 leri-cr2=100 leri-cr3=100,leri-cr1=13 leri-cr2=100 leri-cr3=100,leri-cr1=13 leri-cr2=100 leri-cr3=100,1171Mbit,1171Mbit,0
1790944270.548,leri-cr1=13 leri-cr2=100 leri-cr3=100,leri-cr1=13 leri-cr2=100 leri-cr3=100,leri-cr1=13 leri-cr2=100 leri-cr3=100,1171Mbit,1171Mbit,0
1790944280.627,leri-cr1=13 leri-cr2=100 leri-cr3=100,leri-cr1=13 leri-cr2=100 leri-cr3=100,leri-cr1=13 leri-cr2=100 leri-cr3=100,1171Mbit,1171Mbit,0
1790944291.059,leri-cr1=13 leri-cr2=100 leri-cr3=100,leri-cr1=13 leri-cr2=100 leri-cr3=100,leri-cr1=13 leri-cr2=100 leri-cr3=100,1171Mbit,1171Mbit,0
1790944301.139,leri-cr1=13 leri-cr2=100 leri-cr3=100,leri-cr1=13 leri-cr2=100 leri-cr3=100,leri-cr1=13 leri-cr2=100 leri-cr3=100,1171Mbit,1171Mbit,0
1790944311.217,leri-cr1=13 leri-cr2=100 leri-cr3=100,leri-cr1=13 leri-cr2=100 leri-cr3=100,leri-cr1=13 leri-cr2=100 leri-cr3=100,1171Mbit,1171Mbit,0
1790944321.290,leri-cr1=13 leri-cr2=100 leri-cr3=100,leri-cr1=13 leri-cr2=100 leri-cr3=100,leri-cr1=13 leri-cr2=100 leri-cr3=100,1171Mbit,1171Mbit,0
1790944331.346,leri-cr1=13 leri-cr2=100 leri-cr3=100,leri-cr1=13 leri-cr2=100 leri-cr3=100,leri-cr1=13 leri-cr2=100 leri-cr3=100,1171Mbit,1171Mbit,0
1790944341.402,leri-cr1=13 leri-cr2=100 leri-cr3=100,leri-cr1=13 leri-cr2=100 leri-cr3=100,leri-cr1=13 leri-cr2=100 leri-cr3=100,1171Mbit,1171Mbit,1
1790944351.669,leri-cr1=13 leri-cr2=100 leri-cr3=100,leri-cr1=13 leri-cr2=100 leri-cr3=100,leri-cr1=13 leri-cr2=100 leri-cr3=100,1171Mbit,1171Mbit,1
1790944361.724,leri-cr1=13 leri-cr2=100 leri-cr3=100,leri-cr1=13 leri-cr2=100 leri-cr3=100,leri-cr1=13 leri-cr2=100 leri-cr3=100,1171Mbit,1171Mbit,1
1790944371.774,leri-cr1=13 leri-cr2=100 leri-cr3=100,leri-cr1=13 leri-cr2=100 leri-cr3=100,leri-cr1=13 leri-cr2=100 leri-cr3=100,1171Mbit,1171Mbit,1
1790944381.824,leri-cr1=13 leri-cr2=100 leri-cr3=100,leri-cr1=13 leri-cr2=100 leri-cr3=100,leri-cr1=13 leri-cr2=100 leri-cr3=100,1171Mbit,1171Mbit,1
1790944391.874,leri-cr1=13 leri-cr2=100 leri-cr3=100,leri-cr1=13 leri-cr2=100 leri-cr3=100,leri-cr1=13 leri-cr2=100 leri-cr3=100,1171Mbit,1171Mbit,1
1790944401.930,leri-cr1=13 leri-cr2=100 leri-cr3=100,leri-cr1=13 leri-cr2=100 leri-cr3=100,leri-cr1=13 leri-cr2=100 leri-cr3=100,1171Mbit,1171Mbit,1
1790944412.214,leri-cr1=13 leri-cr2=100 leri-cr3=100,leri-cr1=13 leri-cr2=100 leri-cr3=100,leri-cr1=13 leri-cr2=100 leri-cr3=100,1171Mbit,1171Mbit,1
1790944422.266,leri-cr1=13 leri-cr2=100 leri-cr3=100,leri-cr1=13 leri-cr2=100 leri-cr3=100,leri-cr1=13 leri-cr2=100 leri-cr3=100,1171Mbit,1171Mbit,1
1790944432.316,leri-cr1=13 leri-cr2=100 leri-cr3=100,leri-cr1=13 leri-cr2=100 leri-cr3=100,leri-cr1=13 leri-cr2=100 leri-cr3=100,1171Mbit,1171Mbit,1
1790944442.371,leri-cr1=13 leri-cr2=100 leri-cr3=100,leri-cr1=13 leri-cr2=100 leri-cr3=100,leri-cr1=13 leri-cr2=100 leri-cr3=100,1171Mbit,1171Mbit,1
1790944452.424,leri-cr1=13 leri-cr2=100 leri-cr3=100,leri-cr1=13 leri-cr2=100 leri-cr3=100,leri-cr1=13 leri-cr2=100 leri-cr3=100,1171Mbit,1171Mbit,1
1790944462.472,leri-cr1=13 leri-cr2=100 leri-cr3=100,leri-cr1=13 leri-cr2=100 leri-cr3=100,leri-cr1=13 leri-cr2=100 leri-cr3=100,1171Mbit,1171Mbit,1
1790944472.775,leri-cr1=13 leri-cr2=100 leri-cr3=100,leri-cr1=13 leri-cr2=100 leri-cr3=100,leri-cr1=13 leri-cr2=100 leri-cr3=100,1171Mbit,1171Mbit,1
1790944482.827,leri-cr1=13 leri-cr2=100 leri-cr3=100,leri-cr1=13 leri-cr2=100 leri-cr3=100,leri-cr1=13 leri-cr2=100 leri-cr3=100,1171Mbit,1171Mbit,1
1790944492.875,leri-cr1=13 leri-cr2=100 leri-cr3=100,leri-cr1=13 leri-cr2=100 leri-cr3=100,leri-cr1=13 leri-cr2=100 leri-cr3=100,1171Mbit,1171Mbit,1
1790944502.926,leri-cr1=13 leri-cr2=100 leri-cr3=100,leri-cr1=13 leri-cr2=100 leri-cr3=100,leri-cr1=13 leri-cr2=100 leri-cr3=100,1171Mbit,1171Mbit,1
1790944512.977,leri-cr1=13 leri-cr2=100 leri-cr3=100,leri-cr1=13 leri-cr2=100 leri-cr3=100,leri-cr1=13 leri-cr2=100 leri-cr3=100,1171Mbit,1171Mbit,1
1790944523.028,leri-cr1=13 leri-cr2=100 leri-cr3=100,leri-cr1=13 leri-cr2=100 leri-cr3=100,leri-cr1=13 leri-cr2=100 leri-cr3=100,1171Mbit,1171Mbit,1
1790944533.282,leri-cr1=13 leri-cr2=100 leri-cr3=100,leri-cr1=13 leri-cr2=100 leri-cr3=100,leri-cr1=13 leri-cr2=100 leri-cr3=100,1171Mbit,1171Mbit,1
1790944543.338,leri-cr1=13 leri-cr2=100 leri-cr3=100,leri-cr1=13 leri-cr2=100 leri-cr3=100,leri-cr1=13 leri-cr2=100 leri-cr3=100,1171Mbit,1171Mbit,1
1790944553.391,leri-cr1=13 leri-cr2=100 leri-cr3=100,leri-cr1=13 leri-cr2=100 leri-cr3=100,leri-cr1=13 leri-cr2=100 leri-cr3=100,1171Mbit,1171Mbit,1
1790944563.444,leri-cr1=13 leri-cr2=100 leri-cr3=100,leri-cr1=13 leri-cr2=100 leri-cr3=100,leri-cr1=13 leri-cr2=100 leri-cr3=100,1171Mbit,1171Mbit,1
1790944573.492,leri-cr1=13 leri-cr2=100 leri-cr3=100,leri-cr1=13 leri-cr2=100 leri-cr3=100,leri-cr1=13 leri-cr2=100 leri-cr3=100,1171Mbit,1171Mbit,1
1790944583.544,leri-cr1=13 leri-cr2=100 leri-cr3=100,leri-cr1=13 leri-cr2=100 leri-cr3=100,leri-cr1=13 leri-cr2=100 leri-cr3=100,1171Mbit,1171Mbit,1
1790944593.798,leri-cr1=13 leri-cr2=100 leri-cr3=100,leri-cr1=13 leri-cr2=100 leri-cr3=100,leri-cr1=13 leri-cr2=100 leri-cr3=100,1171Mbit,1171Mbit,1
1790944603.853,leri-cr1=13 leri-cr2=100 leri-cr3=100,leri-cr1=13 leri-cr2=100 leri-cr3=100,leri-cr1=13 leri-cr2=100 leri-cr3=100,1171Mbit,1171Mbit,1
1790944613.902,leri-cr1=13 leri-cr2=100 leri-cr3=100,leri-cr1=13 leri-cr2=100 leri-cr3=100,leri-cr1=13 leri-cr2=100 leri-cr3=100,1171Mbit,1171Mbit,1
1790944623.954,leri-cr1=13 leri-cr2=100 leri-cr3=100,leri-cr1=13 leri-cr2=100 leri-cr3=100,leri-cr1=13 leri-cr2=100 leri-cr3=100,1171Mbit,1171Mbit,1
1790944634.020,leri-cr1=13 leri-cr2=100 leri-cr3=100,leri-cr1=13 leri-cr2=100 leri-cr3=100,leri-cr1=13 leri-cr2=100 leri-cr3=100,1171Mbit,1171Mbit,1
1790944644.074,leri-cr1=13 leri-cr2=100 leri-cr3=100,leri-cr1=13 leri-cr2=100 leri-cr3=100,leri-cr1=13 leri-cr2=100 leri-cr3=100,1171Mbit,1171Mbit,1
1790944654.359,leri-cr1=13 leri-cr2=100 leri-cr3=100,leri-cr1=13 leri-cr2=100 leri-cr3=100,leri-cr1=13 leri-cr2=100 leri-cr3=100,1171Mbit,1171Mbit,1
1790944664.411,leri-cr1=13 leri-cr2=100 leri-cr3=100,leri-cr1=13 leri-cr2=100 leri-cr3=100,leri-cr1=13 leri-cr2=100 leri-cr3=100,1171Mbit,1171Mbit,1
1790944674.463,leri-cr1=13 leri-cr2=100 leri-cr3=100,leri-cr1=13 leri-cr2=100 leri-cr3=100,leri-cr1=13 leri-cr2=100 leri-cr3=100,1171Mbit,1171Mbit,1
1790944684.515,leri-cr1=13 leri-cr2=100 leri-cr3=100,leri-cr1=13 leri-cr2=100 leri-cr3=100,leri-cr1=13 leri-cr2=100 leri-cr3=100,1171Mbit,1171Mbit,1
1790944694.566,leri-cr1=13 leri-cr2=100 leri-cr3=100,leri-cr1=13 leri-cr2=100 leri-cr3=100,leri-cr1=13 leri-cr2=100 leri-cr3=100,1171Mbit,1171Mbit,1
1790944704.617,leri-cr1=13 leri-cr2=100 leri-cr3=100,leri-cr1=13 leri-cr2=100 leri-cr3=100,leri-cr1=13 leri-cr2=100 leri-cr3=100,1171Mbit,1171Mbit,1
1790944714.914,leri-cr1=13 leri-cr2=100 leri-cr3=100,leri-cr1=13 leri-cr2=100 leri-cr3=100,leri-cr1=13 leri-cr2=100 leri-cr3=100,1171Mbit,1171Mbit,1
1790944724.967,leri-cr1=13 leri-cr2=100 leri-cr3=100,leri-cr1=13 leri-cr2=100 leri-cr3=100,leri-cr1=13 leri-cr2=100 leri-cr3=100,1171Mbit,1171Mbit,1
1790944735.023,leri-cr1=13 leri-cr2=100 leri-cr3=100,leri-cr1=13 leri-cr2=100 leri-cr3=100,leri-cr1=13 leri-cr2=100 leri-cr3=100,1171Mbit,1171Mbit,1
1790944745.072,leri-cr1=13 leri-cr2=100 leri-cr3=100,leri-cr1=13 leri-cr2=100 leri-cr3=100,leri-cr1=13 leri-cr2=100 leri-cr3=100,1171Mbit,1171Mbit,1
1790944755.124,leri-cr1=13 leri-cr2=100 leri-cr3=100,leri-cr1=13 leri-cr2=100 leri-cr3=100,leri-cr1=13 leri-cr2=100 leri-cr3=100,1171Mbit,1171Mbit,1
1790944765.189,leri-cr1=13 leri-cr2=100 leri-cr3=100,leri-cr1=13 leri-cr2=100 leri-cr3=100,leri-cr1=13 leri-cr2=100 leri-cr3=100,1171Mbit,1171Mbit,1
1790944775.438,leri-cr1=13 leri-cr2=100 leri-cr3=100,leri-cr1=13 leri-cr2=100 leri-cr3=100,leri-cr1=13 leri-cr2=100 leri-cr3=100,1171Mbit,1171Mbit,1
1790944785.485,leri-cr1=13 leri-cr2=100 leri-cr3=100,leri-cr1=13 leri-cr2=100 leri-cr3=100,leri-cr1=13 leri-cr2=100 leri-cr3=100,1171Mbit,1171Mbit,1
1790944795.541,leri-cr1=13 leri-cr2=100 leri-cr3=100,leri-cr1=13 leri-cr2=100 leri-cr3=100,leri-cr1=13 leri-cr2=100 leri-cr3=100,1171Mbit,1171Mbit,1
1790944805.607,leri-cr1=13 leri-cr2=100 leri-cr3=100,leri-cr1=13 leri-cr2=100 leri-cr3=100,leri-cr1=13 leri-cr2=100 leri-cr3=100,1171Mbit,1171Mbit,1
1790944815.656,leri-cr1=13 leri-cr2=100 leri-cr3=100,leri-cr1=13 leri-cr2=100 leri-cr3=100,leri-cr1=13 leri-cr2=100 leri-cr3=100,1171Mbit,1171Mbit,1
1790944825.703,leri-cr1=13 leri-cr2=100 leri-cr3=100,leri-cr1=13 leri-cr2=100 leri-cr3=100,leri-cr1=13 leri-cr2=100 leri-cr3=100,1171Mbit,1171Mbit,1
1790944835.926,leri-cr1=13 leri-cr2=100 leri-cr3=100,leri-cr1=13 leri-cr2=100 leri-cr3=100,leri-cr1=13 leri-cr2=100 leri-cr3=100,1171Mbit,1171Mbit,1
1790944845.981,leri-cr1=13 leri-cr2=100 leri-cr3=100,leri-cr1=13 leri-cr2=100 leri-cr3=100,leri-cr1=13 leri-cr2=100 leri-cr3=100,1171Mbit,1171Mbit,1
1790944856.040,leri-cr1=13 leri-cr2=100 leri-cr3=100,leri-cr1=13 leri-cr2=100 leri-cr3=100,leri-cr1=13 leri-cr2=100 leri-cr3=100,1171Mbit,1171Mbit,1
1790944866.099,leri-cr1=13 leri-cr2=100 leri-cr3=100,leri-cr1=13 leri-cr2=100 leri-cr3=100,leri-cr1=13 leri-cr2=100 leri-cr3=100,1171Mbit,1171Mbit,1
1790944876.154,leri-cr1=13 leri-cr2=100 leri-cr3=100,leri-cr1=13 leri-cr2=100 leri-cr3=100,leri-cr1=13 leri-cr2=100 leri-cr3=100,1171Mbit,1171Mbit,1
1790944886.202,leri-cr1=13 leri-cr2=100 leri-cr3=100,leri-cr1=13 leri-cr2=100 leri-cr3=100,leri-cr1=13 leri-cr2=100 leri-cr3=100,1171Mbit,1171Mbit,1
1790944896.490,leri-cr1=13 leri-cr2=100 leri-cr3=100,leri-cr1=13 leri-cr2=100 leri-cr3=100,leri-cr1=13 leri-cr2=100 leri-cr3=100,1171Mbit,1171Mbit,1
1790944906.550,leri-cr1=13 leri-cr2=100 leri-cr3=100,leri-cr1=13 leri-cr2=100 leri-cr3=100,leri-cr1=13 leri-cr2=100 leri-cr3=100,1171Mbit,1171Mbit,1
1790944916.593,leri-cr1=13 leri-cr2=100 leri-cr3=100,leri-cr1=13 leri-cr2=100 leri-cr3=100,leri-cr1=13 leri-cr2=100 leri-cr3=100,1171Mbit,1171Mbit,1
1790944926.643,leri-cr1=13 leri-cr2=100 leri-cr3=100,leri-cr1=13 leri-cr2=100 leri-cr3=100,leri-cr1=13 leri-cr2=100 leri-cr3=100,1171Mbit,1171Mbit,1
1790944936.713,leri-cr1=13 leri-cr2=100 leri-cr3=100,leri-cr1=13 leri-cr2=100 leri-cr3=100,leri-cr1=13 leri-cr2=100 leri-cr3=100,1171Mbit,1171Mbit,1
1790944946.766,leri-cr1=13 leri-cr2=100 leri-cr3=100,leri-cr1=13 leri-cr2=100 leri-cr3=100,leri-cr1=13 leri-cr2=100 leri-cr3=100,1171Mbit,1171Mbit,1
1790944957.050,leri-cr1=13 leri-cr2=100 leri-cr3=100,leri-cr1=13 leri-cr2=100 leri-cr3=100,leri-cr1=13 leri-cr2=100 leri-cr3=100,1171Mbit,1171Mbit,1
1790944967.100,leri-cr1=13 leri-cr2=100 leri-cr3=100,leri-cr1=13 leri-cr2=100 leri-cr3=100,leri-cr1=13 leri-cr2=100 leri-cr3=100,1171Mbit,1171Mbit,1
1790944977.150,leri-cr1=13 leri-cr2=100 leri-cr3=100,leri-cr1=13 leri-cr2=100 leri-cr3=100,leri-cr1=13 leri-cr2=100 leri-cr3=100,1171Mbit,1171Mbit,1
1790944987.200,leri-cr1=13 leri-cr2=100 leri-cr3=100,leri-cr1=13 leri-cr2=100 leri-cr3=100,leri-cr1=13 leri-cr2=100 leri-cr3=100,1171Mbit,1171Mbit,1
1790944997.250,leri-cr1=13 leri-cr2=100 leri-cr3=100,leri-cr1=13 leri-cr2=100 leri-cr3=100,leri-cr1=13 leri-cr2=100 leri-cr3=100,1171Mbit,1171Mbit,1
1790945007.300,leri-cr1=13 leri-cr2=100 leri-cr3=100,leri-cr1=13 leri-cr2=100 leri-cr3=100,leri-cr1=13 leri-cr2=100 leri-cr3=100,1171Mbit,1171Mbit,1
1790945017.514,leri-cr1=13 leri-cr2=100 leri-cr3=100,leri-cr1=13 leri-cr2=100 leri-cr3=100,leri-cr1=13 leri-cr2=100 leri-cr3=100,1171Mbit,1171Mbit,1
1790945027.568,leri-cr1=13 leri-cr2=100 leri-cr3=100,leri-cr1=13 leri-cr2=100 leri-cr3=100,leri-cr1=13 leri-cr2=100 leri-cr3=100,1171Mbit,1171Mbit,1
1790945037.613,leri-cr1=13 leri-cr2=100 leri-cr3=100,leri-cr1=13 leri-cr2=100 leri-cr3=100,leri-cr1=13 leri-cr2=100 leri-cr3=100,1171Mbit,1171Mbit,1
1790945047.663,leri-cr1=13 leri-cr2=100 leri-cr3=100,leri-cr1=13 leri-cr2=100 leri-cr3=100,leri-cr1=13 leri-cr2=100 leri-cr3=100,1171Mbit,1171Mbit,1
1790945057.716,leri-cr1=13 leri-cr2=100 leri-cr3=100,leri-cr1=13 leri-cr2=100 leri-cr3=100,leri-cr1=13 leri-cr2=100 leri-cr3=100,1171Mbit,1171Mbit,1
1790945067.762,leri-cr1=13 leri-cr2=100 leri-cr3=100,leri-cr1=13 leri-cr2=100 leri-cr3=100,leri-cr1=13 leri-cr2=100 leri-cr3=100,1171Mbit,1171Mbit,1
1790945078.024,leri-cr1=13 leri-cr2=100 leri-cr3=100,leri-cr1=13 leri-cr2=100 leri-cr3=100,leri-cr1=13 leri-cr2=100 leri-cr3=100,1171Mbit,1171Mbit,1
1790945088.074,leri-cr1=13 leri-cr2=100 leri-cr3=100,leri-cr1=13 leri-cr2=100 leri-cr3=100,leri-cr1=13 leri-cr2=100 leri-cr3=100,1171Mbit,1171Mbit,1
1790945098.129,leri-cr1=13 leri-cr2=100 leri-cr3=100,leri-cr1=13 leri-cr2=100 leri-cr3=100,leri-cr1=13 leri-cr2=100 leri-cr3=100,1171Mbit,1171Mbit,1
1790945108.194,leri-cr1=13 leri-cr2=100 leri-cr3=100,leri-cr1=13 leri-cr2=100 leri-cr3=100,leri-cr1=13 leri-cr2=100 leri-cr3=100,1171Mbit,1171Mbit,0
1790945118.266,leri-cr1=13 leri-cr2=100 leri-cr3=100,leri-cr1=13 leri-cr2=100 leri-cr3=100,leri-cr1=13 leri-cr2=100 leri-cr3=100,1171Mbit,1171Mbit,0
1790945128.337,leri-cr1=13 leri-cr2=100 leri-cr3=100,leri-cr1=13 leri-cr2=100 leri-cr3=100,leri-cr1=13 leri-cr2=100 leri-cr3=100,1171Mbit,1171Mbit,0
1790945138.776,leri-cr1=13 leri-cr2=100 leri-cr3=100,leri-cr1=13 leri-cr2=100 leri-cr3=100,leri-cr1=13 leri-cr2=100 leri-cr3=100,1171Mbit,1171Mbit,0
1790945148.852,leri-cr1=13 leri-cr2=100 leri-cr3=100,leri-cr1=13 leri-cr2=100 leri-cr3=100,leri-cr1=13 leri-cr2=100 leri-cr3=100,1171Mbit,1171Mbit,0
1790945158.932,leri-cr1=13 leri-cr2=100 leri-cr3=100,leri-cr1=13 leri-cr2=100 leri-cr3=100,leri-cr1=13 leri-cr2=100 leri-cr3=100,1171Mbit,1171Mbit,0
1790945169.010,leri-cr1=13 leri-cr2=100 leri-cr3=100,leri-cr1=13 leri-cr2=100 leri-cr3=100,leri-cr1=13 leri-cr2=100 leri-cr3=100,1171Mbit,1171Mbit,0
1790945179.087,leri-cr1=13 leri-cr2=100 leri-cr3=100,leri-cr1=13 leri-cr2=100 leri-cr3=100,leri-cr1=13 leri-cr2=100 leri-cr3=100,1171Mbit,1171Mbit,0
1790945189.188,leri-cr1=13 leri-cr2=100 leri-cr3=100,leri-cr1=13 leri-cr2=100 leri-cr3=100,leri-cr1=13 leri-cr2=100 leri-cr3=100,1171Mbit,1171Mbit,0
1790945199.615,leri-cr1=13 leri-cr2=100 leri-cr3=100,leri-cr1=13 leri-cr2=100 leri-cr3=100,leri-cr1=13 leri-cr2=100 leri-cr3=100,1171Mbit,1171Mbit,0
1790945209.694,leri-cr1=13 leri-cr2=100 leri-cr3=100,leri-cr1=13 leri-cr2=100 leri-cr3=100,leri-cr1=13 leri-cr2=100 leri-cr3=100,1171Mbit,1171Mbit,0
1790945219.772,leri-cr1=13 leri-cr2=100 leri-cr3=100,leri-cr1=13 leri-cr2=100 leri-cr3=100,leri-cr1=13 leri-cr2=100 leri-cr3=100,1171Mbit,1171Mbit,0
1790945229.814,leri-cr1=13 leri-cr2=100 leri-cr3=100,leri-cr1=13 leri-cr2=100 leri-cr3=100,leri-cr1=13 leri-cr2=100 leri-cr3=100,1171Mbit,1171Mbit,0
1790945239.868,leri-cr1=13 leri-cr2=100 leri-cr3=100,leri-cr1=13 leri-cr2=100 leri-cr3=100,leri-cr1=13 leri-cr2=100 leri-cr3=100,1171Mbit,1171Mbit,1
1790945249.914,leri-cr1=13 leri-cr2=100 leri-cr3=100,leri-cr1=13 leri-cr2=100 leri-cr3=100,leri-cr1=13 leri-cr2=100 leri-cr3=100,1171Mbit,1171Mbit,1
1790945260.190,leri-cr1=13 leri-cr2=100 leri-cr3=100,leri-cr1=13 leri-cr2=100 leri-cr3=100,leri-cr1=13 leri-cr2=100 leri-cr3=100,1171Mbit,1171Mbit,1
1790945270.241,leri-cr1=13 leri-cr2=100 leri-cr3=100,leri-cr1=13 leri-cr2=100 leri-cr3=100,leri-cr1=13 leri-cr2=100 leri-cr3=100,1171Mbit,1171Mbit,1
1790945280.295,leri-cr1=13 leri-cr2=100 leri-cr3=100,leri-cr1=13 leri-cr2=100 leri-cr3=100,leri-cr1=13 leri-cr2=100 leri-cr3=100,1171Mbit,1171Mbit,1
1790945290.343,leri-cr1=13 leri-cr2=100 leri-cr3=100,leri-cr1=13 leri-cr2=100 leri-cr3=100,leri-cr1=13 leri-cr2=100 leri-cr3=100,1171Mbit,1171Mbit,1
1790945300.400,leri-cr1=13 leri-cr2=100 leri-cr3=100,leri-cr1=13 leri-cr2=100 leri-cr3=100,leri-cr1=13 leri-cr2=100 leri-cr3=100,1171Mbit,1171Mbit,1
1790945310.698,leri-cr1=13 leri-cr2=100 leri-cr3=100,leri-cr1=13 leri-cr2=100 leri-cr3=100,leri-cr1=13 leri-cr2=100 leri-cr3=100,1171Mbit,1171Mbit,1
1790945320.750,leri-cr1=13 leri-cr2=100 leri-cr3=100,leri-cr1=13 leri-cr2=100 leri-cr3=100,leri-cr1=13 leri-cr2=100 leri-cr3=100,1171Mbit,1171Mbit,1
1790945330.806,leri-cr1=13 leri-cr2=100 leri-cr3=100,leri-cr1=13 leri-cr2=100 leri-cr3=100,leri-cr1=13 leri-cr2=100 leri-cr3=100,1171Mbit,1171Mbit,1
1790945340.857,leri-cr1=13 leri-cr2=100 leri-cr3=100,leri-cr1=13 leri-cr2=100 leri-cr3=100,leri-cr1=13 leri-cr2=100 leri-cr3=100,1171Mbit,1171Mbit,1
1790945350.909,leri-cr1=13 leri-cr2=100 leri-cr3=100,leri-cr1=13 leri-cr2=100 leri-cr3=100,leri-cr1=13 leri-cr2=100 leri-cr3=100,1171Mbit,1171Mbit,1
1790945360.965,leri-cr1=13 leri-cr2=100 leri-cr3=100,leri-cr1=13 leri-cr2=100 leri-cr3=100,leri-cr1=13 leri-cr2=100 leri-cr3=100,1171Mbit,1171Mbit,1
1790945371.242,leri-cr1=13 leri-cr2=100 leri-cr3=100,leri-cr1=13 leri-cr2=100 leri-cr3=100,leri-cr1=13 leri-cr2=100 leri-cr3=100,1171Mbit,1171Mbit,1
1790945381.294,leri-cr1=13 leri-cr2=100 leri-cr3=100,leri-cr1=13 leri-cr2=100 leri-cr3=100,leri-cr1=13 leri-cr2=100 leri-cr3=100,1171Mbit,1171Mbit,1
1790945391.346,leri-cr1=13 leri-cr2=100 leri-cr3=100,leri-cr1=13 leri-cr2=100 leri-cr3=100,leri-cr1=13 leri-cr2=100 leri-cr3=100,1171Mbit,1171Mbit,1
1790945401.389,leri-cr1=13 leri-cr2=100 leri-cr3=100,leri-cr1=13 leri-cr2=100 leri-cr3=100,leri-cr1=13 leri-cr2=100 leri-cr3=100,1171Mbit,1171Mbit,1
1790945411.441,leri-cr1=13 leri-cr2=100 leri-cr3=100,leri-cr1=13 leri-cr2=100 leri-cr3=100,leri-cr1=13 leri-cr2=100 leri-cr3=100,1171Mbit,1171Mbit,1
1790945421.497,leri-cr1=13 leri-cr2=100 leri-cr3=100,leri-cr1=13 leri-cr2=100 leri-cr3=100,leri-cr1=13 leri-cr2=100 leri-cr3=100,1171Mbit,1171Mbit,1
1790945431.774,leri-cr1=13 leri-cr2=100 leri-cr3=100,leri-cr1=13 leri-cr2=100 leri-cr3=100,leri-cr1=13 leri-cr2=100 leri-cr3=100,1171Mbit,1171Mbit,1
1790945441.819,leri-cr1=13 leri-cr2=100 leri-cr3=100,leri-cr1=13 leri-cr2=100 leri-cr3=100,leri-cr1=13 leri-cr2=100 leri-cr3=100,1171Mbit,1171Mbit,1
1790945451.875,leri-cr1=13 leri-cr2=100 leri-cr3=100,leri-cr1=13 leri-cr2=100 leri-cr3=100,leri-cr1=13 leri-cr2=100 leri-cr3=100,1171Mbit,1171Mbit,1
1790945461.931,leri-cr1=13 leri-cr2=100 leri-cr3=100,leri-cr1=13 leri-cr2=100 leri-cr3=100,leri-cr1=13 leri-cr2=100 leri-cr3=100,1171Mbit,1171Mbit,1
1790945471.982,leri-cr1=13 leri-cr2=100 leri-cr3=100,leri-cr1=13 leri-cr2=100 leri-cr3=100,leri-cr1=13 leri-cr2=100 leri-cr3=100,1171Mbit,1171Mbit,1
1790945482.036,leri-cr1=13 leri-cr2=100 leri-cr3=100,leri-cr1=13 leri-cr2=100 leri-cr3=100,leri-cr1=13 leri-cr2=100 leri-cr3=100,1171Mbit,1171Mbit,1
1790945492.307,leri-cr1=13 leri-cr2=100 leri-cr3=100,leri-cr1=13 leri-cr2=100 leri-cr3=100,leri-cr1=13 leri-cr2=100 leri-cr3=100,1171Mbit,1171Mbit,1
1790945502.360,leri-cr1=13 leri-cr2=100 leri-cr3=100,leri-cr1=13 leri-cr2=100 leri-cr3=100,leri-cr1=13 leri-cr2=100 leri-cr3=100,1171Mbit,1171Mbit,1
1790945512.409,leri-cr1=13 leri-cr2=100 leri-cr3=100,leri-cr1=13 leri-cr2=100 leri-cr3=100,leri-cr1=13 leri-cr2=100 leri-cr3=100,1171Mbit,1171Mbit,1
1790945522.463,leri-cr1=13 leri-cr2=100 leri-cr3=100,leri-cr1=13 leri-cr2=100 leri-cr3=100,leri-cr1=13 leri-cr2=100 leri-cr3=100,1171Mbit,1171Mbit,1
1790945532.512,leri-cr1=13 leri-cr2=100 leri-cr3=100,leri-cr1=13 leri-cr2=100 leri-cr3=100,leri-cr1=13 leri-cr2=100 leri-cr3=100,1171Mbit,1171Mbit,1
1790945542.577,leri-cr1=13 leri-cr2=100 leri-cr3=100,leri-cr1=13 leri-cr2=100 leri-cr3=100,leri-cr1=13 leri-cr2=100 leri-cr3=100,1171Mbit,1171Mbit,1
1790945552.838,leri-cr1=13 leri-cr2=100 leri-cr3=100,leri-cr1=13 leri-cr2=100 leri-cr3=100,leri-cr1=13 leri-cr2=100 leri-cr3=100,1171Mbit,1171Mbit,1
1790945562.894,leri-cr1=13 leri-cr2=100 leri-cr3=100,leri-cr1=13 leri-cr2=100 leri-cr3=100,leri-cr1=13 leri-cr2=100 leri-cr3=100,1171Mbit,1171Mbit,1
1790945572.975,leri-cr1=13 leri-cr2=100 leri-cr3=100,leri-cr1=13 leri-cr2=100 leri-cr3=100,leri-cr1=13 leri-cr2=100 leri-cr3=100,1171Mbit,1171Mbit,1
1790945583.028,leri-cr1=13 leri-cr2=100 leri-cr3=100,leri-cr1=13 leri-cr2=100 leri-cr3=100,leri-cr1=13 leri-cr2=100 leri-cr3=100,1171Mbit,1171Mbit,1
1790945593.096,leri-cr1=13 leri-cr2=100 leri-cr3=100,leri-cr1=13 leri-cr2=100 leri-cr3=100,leri-cr1=13 leri-cr2=100 leri-cr3=100,1171Mbit,1171Mbit,1
1790945603.150,leri-cr1=13 leri-cr2=100 leri-cr3=100,leri-cr1=13 leri-cr2=100 leri-cr3=100,leri-cr1=13 leri-cr2=100 leri-cr3=100,1171Mbit,1171Mbit,1
1790945613.411,leri-cr1=13 leri-cr2=100 leri-cr3=100,leri-cr1=13 leri-cr2=100 leri-cr3=100,leri-cr1=13 leri-cr2=100 leri-cr3=100,1171Mbit,1171Mbit,1
1790945623.463,leri-cr1=13 leri-cr2=100 leri-cr3=100,leri-cr1=13 leri-cr2=100 leri-cr3=100,leri-cr1=13 leri-cr2=100 leri-cr3=100,1171Mbit,1171Mbit,1
1790945633.518,leri-cr1=13 leri-cr2=100 leri-cr3=100,leri-cr1=13 leri-cr2=100 leri-cr3=100,leri-cr1=13 leri-cr2=100 leri-cr3=100,1171Mbit,1171Mbit,1
1790945643.571,leri-cr1=13 leri-cr2=100 leri-cr3=100,leri-cr1=13 leri-cr2=100 leri-cr3=100,leri-cr1=13 leri-cr2=100 leri-cr3=100,1171Mbit,1171Mbit,1
1790945653.625,leri-cr1=13 leri-cr2=100 leri-cr3=100,leri-cr1=13 leri-cr2=100 leri-cr3=100,leri-cr1=13 leri-cr2=100 leri-cr3=100,1171Mbit,1171Mbit,1
1790945663.680,leri-cr1=13 leri-cr2=100 leri-cr3=100,leri-cr1=13 leri-cr2=100 leri-cr3=100,leri-cr1=13 leri-cr2=100 leri-cr3=100,1171Mbit,1171Mbit,1
1790945673.947,leri-cr1=13 leri-cr2=100 leri-cr3=100,leri-cr1=13 leri-cr2=100 leri-cr3=100,leri-cr1=13 leri-cr2=100 leri-cr3=100,1171Mbit,1171Mbit,1
1790945684.001,leri-cr1=13 leri-cr2=100 leri-cr3=100,leri-cr1=13 leri-cr2=100 leri-cr3=100,leri-cr1=13 leri-cr2=100 leri-cr3=100,1171Mbit,1171Mbit,1
1790945694.055,leri-cr1=13 leri-cr2=100 leri-cr3=100,leri-cr1=13 leri-cr2=100 leri-cr3=100,leri-cr1=13 leri-cr2=100 leri-cr3=100,1171Mbit,1171Mbit,1
1790945704.103,leri-cr1=13 leri-cr2=100 leri-cr3=100,leri-cr1=13 leri-cr2=100 leri-cr3=100,leri-cr1=13 leri-cr2=100 leri-cr3=100,1171Mbit,1171Mbit,1
1790945714.157,leri-cr1=13 leri-cr2=100 leri-cr3=100,leri-cr1=13 leri-cr2=100 leri-cr3=100,leri-cr1=13 leri-cr2=100 leri-cr3=100,1171Mbit,1171Mbit,1
1790945724.243,leri-cr1=13 leri-cr2=100 leri-cr3=100,leri-cr1=13 leri-cr2=100 leri-cr3=100,leri-cr1=13 leri-cr2=100 leri-cr3=100,1171Mbit,1171Mbit,1
1790945734.511,leri-cr1=13 leri-cr2=100 leri-cr3=100,leri-cr1=13 leri-cr2=100 leri-cr3=100,leri-cr1=13 leri-cr2=100 leri-cr3=100,1171Mbit,1171Mbit,1
1790945744.576,leri-cr1=13 leri-cr2=100 leri-cr3=100,leri-cr1=13 leri-cr2=100 leri-cr3=100,leri-cr1=13 leri-cr2=100 leri-cr3=100,1171Mbit,1171Mbit,1
1790945754.629,leri-cr1=13 leri-cr2=100 leri-cr3=100,leri-cr1=13 leri-cr2=100 leri-cr3=100,leri-cr1=13 leri-cr2=100 leri-cr3=100,1171Mbit,1171Mbit,1
1790945764.686,leri-cr1=13 leri-cr2=100 leri-cr3=100,leri-cr1=13 leri-cr2=100 leri-cr3=100,leri-cr1=13 leri-cr2=100 leri-cr3=100,1171Mbit,1171Mbit,1
1790945774.742,leri-cr1=13 leri-cr2=100 leri-cr3=100,leri-cr1=13 leri-cr2=100 leri-cr3=100,leri-cr1=13 leri-cr2=100 leri-cr3=100,1171Mbit,1171Mbit,1
1790945784.798,leri-cr1=13 leri-cr2=100 leri-cr3=100,leri-cr1=13 leri-cr2=100 leri-cr3=100,leri-cr1=13 leri-cr2=100 leri-cr3=100,1171Mbit,1171Mbit,1
1790945795.058,leri-cr1=13 leri-cr2=100 leri-cr3=100,leri-cr1=13 leri-cr2=100 leri-cr3=100,leri-cr1=13 leri-cr2=100 leri-cr3=100,1171Mbit,1171Mbit,1
1790945805.119,leri-cr1=13 leri-cr2=100 leri-cr3=100,leri-cr1=13 leri-cr2=100 leri-cr3=100,leri-cr1=13 leri-cr2=100 leri-cr3=100,1171Mbit,1171Mbit,1
1790945815.171,leri-cr1=13 leri-cr2=100 leri-cr3=100,leri-cr1=13 leri-cr2=100 leri-cr3=100,leri-cr1=13 leri-cr2=100 leri-cr3=100,1171Mbit,1171Mbit,1
1790945825.227,leri-cr1=13 leri-cr2=100 leri-cr3=100,leri-cr1=13 leri-cr2=100 leri-cr3=100,leri-cr1=13 leri-cr2=100 leri-cr3=100,1171Mbit,1171Mbit,1
1790945835.279,leri-cr1=13 leri-cr2=100 leri-cr3=100,leri-cr1=13 leri-cr2=100 leri-cr3=100,leri-cr1=13 leri-cr2=100 leri-cr3=100,1171Mbit,1171Mbit,1
1790945845.330,leri-cr1=13 leri-cr2=100 leri-cr3=100,leri-cr1=13 leri-cr2=100 leri-cr3=100,leri-cr1=13 leri-cr2=100 leri-cr3=100,1171Mbit,1171Mbit,1
1790945855.602,leri-cr1=13 leri-cr2=100 leri-cr3=100,leri-cr1=13 leri-cr2=100 leri-cr3=100,leri-cr1=13 leri-cr2=100 leri-cr3=100,1171Mbit,1171Mbit,1
1790945865.658,leri-cr1=13 leri-cr2=100 leri-cr3=100,leri-cr1=13 leri-cr2=100 leri-cr3=100,leri-cr1=13 leri-cr2=100 leri-cr3=100,1171Mbit,1171Mbit,1
1790945875.704,leri-cr1=13 leri-cr2=100 leri-cr3=100,leri-cr1=13 leri-cr2=100 leri-cr3=100,leri-cr1=13 leri-cr2=100 leri-cr3=100,1171Mbit,1171Mbit,1
1790945885.756,leri-cr1=13 leri-cr2=100 leri-cr3=100,leri-cr1=13 leri-cr2=100 leri-cr3=100,leri-cr1=13 leri-cr2=100 leri-cr3=100,1171Mbit,1171Mbit,1
1790945895.807,leri-cr1=13 leri-cr2=100 leri-cr3=100,leri-cr1=13 leri-cr2=100 leri-cr3=100,leri-cr1=13 leri-cr2=100 leri-cr3=100,1171Mbit,1171Mbit,1
1790945905.859,leri-cr1=13 leri-cr2=100 leri-cr3=100,leri-cr1=13 leri-cr2=100 leri-cr3=100,leri-cr1=13 leri-cr2=100 leri-cr3=100,1171Mbit,1171Mbit,1
1790945916.142,leri-cr1=13 leri-cr2=100 leri-cr3=100,leri-cr1=13 leri-cr2=100 leri-cr3=100,leri-cr1=13 leri-cr2=100 leri-cr3=100,1171Mbit,1171Mbit,1
1790945926.194,leri-cr1=13 leri-cr2=100 leri-cr3=100,leri-cr1=13 leri-cr2=100 leri-cr3=100,leri-cr1=13 leri-cr2=100 leri-cr3=100,1171Mbit,1171Mbit,1
1790945936.245,leri-cr1=13 leri-cr2=100 leri-cr3=100,leri-cr1=13 leri-cr2=100 leri-cr3=100,leri-cr1=13 leri-cr2=100 leri-cr3=100,1171Mbit,1171Mbit,1
1790945946.299,leri-cr1=13 leri-cr2=100 leri-cr3=100,leri-cr1=13 leri-cr2=100 leri-cr3=100,leri-cr1=13 leri-cr2=100 leri-cr3=100,1171Mbit,1171Mbit,1
1790945956.356,leri-cr1=13 leri-cr2=100 leri-cr3=100,leri-cr1=13 leri-cr2=100 leri-cr3=100,leri-cr1=13 leri-cr2=100 leri-cr3=100,1171Mbit,1171Mbit,1
1790945966.405,leri-cr1=13 leri-cr2=100 leri-cr3=100,leri-cr1=13 leri-cr2=100 leri-cr3=100,leri-cr1=13 leri-cr2=100 leri-cr3=100,1171Mbit,1171Mbit,1
1790945976.681,leri-cr1=13 leri-cr2=100 leri-cr3=100,leri-cr1=13 leri-cr2=100 leri-cr3=100,leri-cr1=13 leri-cr2=100 leri-cr3=100,1171Mbit,1171Mbit,1
1790945986.734,leri-cr1=13 leri-cr2=100 leri-cr3=100,leri-cr1=13 leri-cr2=100 leri-cr3=100,leri-cr1=13 leri-cr2=100 leri-cr3=100,1171Mbit,1171Mbit,1
1790945996.793,leri-cr1=13 leri-cr2=100 leri-cr3=100,leri-cr1=13 leri-cr2=100 leri-cr3=100,leri-cr1=13 leri-cr2=100 leri-cr3=100,1171Mbit,1171Mbit,1
1790946006.844,leri-cr1=13 leri-cr2=100 leri-cr3=100,leri-cr1=13 leri-cr2=100 leri-cr3=100,leri-cr1=13 leri-cr2=100 leri-cr3=100,1171Mbit,1171Mbit,0
1790946016.923,leri-cr1=13 leri-cr2=100 leri-cr3=100,leri-cr1=13 leri-cr2=100 leri-cr3=100,leri-cr1=13 leri-cr2=100 leri-cr3=100,1171Mbit,1171Mbit,0
1790946027.001,leri-cr1=13 leri-cr2=100 leri-cr3=100,leri-cr1=13 leri-cr2=100 leri-cr3=100,leri-cr1=13 leri-cr2=100 leri-cr3=100,1171Mbit,1171Mbit,0
1790946037.428,leri-cr1=13 leri-cr2=100 leri-cr3=100,leri-cr1=13 leri-cr2=100 leri-cr3=100,leri-cr1=13 leri-cr2=100 leri-cr3=100,1171Mbit,1171Mbit,0
1790946047.512,leri-cr1=13 leri-cr2=100 leri-cr3=100,leri-cr1=13 leri-cr2=100 leri-cr3=100,leri-cr1=13 leri-cr2=100 leri-cr3=100,1171Mbit,1171Mbit,0
1790946057.595,leri-cr1=13 leri-cr2=100 leri-cr3=100,leri-cr1=13 leri-cr2=100 leri-cr3=100,leri-cr1=13 leri-cr2=100 leri-cr3=100,1171Mbit,1171Mbit,0
1790946067.677,leri-cr1=13 leri-cr2=100 leri-cr3=100,leri-cr1=13 leri-cr2=100 leri-cr3=100,leri-cr1=13 leri-cr2=100 leri-cr3=100,1171Mbit,1171Mbit,0
1790946077.757,leri-cr1=13 leri-cr2=100 leri-cr3=100,leri-cr1=13 leri-cr2=100 leri-cr3=100,leri-cr1=13 leri-cr2=100 leri-cr3=100,1171Mbit,1171Mbit,0
1790946087.836,leri-cr1=13 leri-cr2=100 leri-cr3=100,leri-cr1=13 leri-cr2=100 leri-cr3=100,leri-cr1=13 leri-cr2=100 leri-cr3=100,1171Mbit,1171Mbit,0
1790946098.254,leri-cr1=13 leri-cr2=100 leri-cr3=100,leri-cr1=13 leri-cr2=100 leri-cr3=100,leri-cr1=13 leri-cr2=100 leri-cr3=100,1171Mbit,1171Mbit,0
1790946108.333,leri-cr1=13 leri-cr2=100 leri-cr3=100,leri-cr1=13 leri-cr2=100 leri-cr3=100,leri-cr1=13 leri-cr2=100 leri-cr3=100,1171Mbit,1171Mbit,0
1790946118.410,leri-cr1=13 leri-cr2=100 leri-cr3=100,leri-cr1=13 leri-cr2=100 leri-cr3=100,leri-cr1=13 leri-cr2=100 leri-cr3=100,1171Mbit,1171Mbit,0
1790946128.454,leri-cr1=13 leri-cr2=100 leri-cr3=100,leri-cr1=13 leri-cr2=100 leri-cr3=100,leri-cr1=13 leri-cr2=100 leri-cr3=100,1171Mbit,1171Mbit,0
1790946138.506,leri-cr1=13 leri-cr2=100 leri-cr3=100,leri-cr1=13 leri-cr2=100 leri-cr3=100,leri-cr1=13 leri-cr2=100 leri-cr3=100,1171Mbit,1171Mbit,1
1790946148.551,leri-cr1=13 leri-cr2=100 leri-cr3=100,leri-cr1=13 leri-cr2=100 leri-cr3=100,leri-cr1=13 leri-cr2=100 leri-cr3=100,1171Mbit,1171Mbit,1
1790946158.814,leri-cr1=13 leri-cr2=100 leri-cr3=100,leri-cr1=13 leri-cr2=100 leri-cr3=100,leri-cr1=13 leri-cr2=100 leri-cr3=100,1171Mbit,1171Mbit,1
1790946168.867,leri-cr1=13 leri-cr2=100 leri-cr3=100,leri-cr1=13 leri-cr2=100 leri-cr3=100,leri-cr1=13 leri-cr2=100 leri-cr3=100,1171Mbit,1171Mbit,1
1790946178.918,leri-cr1=13 leri-cr2=100 leri-cr3=100,leri-cr1=13 leri-cr2=100 leri-cr3=100,leri-cr1=13 leri-cr2=100 leri-cr3=100,1171Mbit,1171Mbit,1
1790946188.966,leri-cr1=13 leri-cr2=100 leri-cr3=100,leri-cr1=13 leri-cr2=100 leri-cr3=100,leri-cr1=13 leri-cr2=100 leri-cr3=100,1171Mbit,1171Mbit,1
1790946199.015,leri-cr1=13 leri-cr2=100 leri-cr3=100,leri-cr1=13 leri-cr2=100 leri-cr3=100,leri-cr1=13 leri-cr2=100 leri-cr3=100,1171Mbit,1171Mbit,1
1790946209.063,leri-cr1=13 leri-cr2=100 leri-cr3=100,leri-cr1=13 leri-cr2=100 leri-cr3=100,leri-cr1=13 leri-cr2=100 leri-cr3=100,1171Mbit,1171Mbit,1
1790946219.336,leri-cr1=13 leri-cr2=100 leri-cr3=100,leri-cr1=13 leri-cr2=100 leri-cr3=100,leri-cr1=13 leri-cr2=100 leri-cr3=100,1171Mbit,1171Mbit,1
1790946229.389,leri-cr1=13 leri-cr2=100 leri-cr3=100,leri-cr1=13 leri-cr2=100 leri-cr3=100,leri-cr1=13 leri-cr2=100 leri-cr3=100,1171Mbit,1171Mbit,1
1790946239.439,leri-cr1=13 leri-cr2=100 leri-cr3=100,leri-cr1=13 leri-cr2=100 leri-cr3=100,leri-cr1=13 leri-cr2=100 leri-cr3=100,1171Mbit,1171Mbit,1
1790946249.488,leri-cr1=13 leri-cr2=100 leri-cr3=100,leri-cr1=13 leri-cr2=100 leri-cr3=100,leri-cr1=13 leri-cr2=100 leri-cr3=100,1171Mbit,1171Mbit,1
1790946259.545,leri-cr1=13 leri-cr2=100 leri-cr3=100,leri-cr1=13 leri-cr2=100 leri-cr3=100,leri-cr1=13 leri-cr2=100 leri-cr3=100,1171Mbit,1171Mbit,1
1790946269.600,leri-cr1=13 leri-cr2=100 leri-cr3=100,leri-cr1=13 leri-cr2=100 leri-cr3=100,leri-cr1=13 leri-cr2=100 leri-cr3=100,1171Mbit,1171Mbit,1
1790946279.807,leri-cr1=13 leri-cr2=100 leri-cr3=100,leri-cr1=13 leri-cr2=100 leri-cr3=100,leri-cr1=13 leri-cr2=100 leri-cr3=100,1171Mbit,1171Mbit,1
1790946289.860,leri-cr1=13 leri-cr2=100 leri-cr3=100,leri-cr1=13 leri-cr2=100 leri-cr3=100,leri-cr1=13 leri-cr2=100 leri-cr3=100,1171Mbit,1171Mbit,1
1790946299.906,leri-cr1=13 leri-cr2=100 leri-cr3=100,leri-cr1=13 leri-cr2=100 leri-cr3=100,leri-cr1=13 leri-cr2=100 leri-cr3=100,1171Mbit,1171Mbit,1
1790946309.962,leri-cr1=13 leri-cr2=100 leri-cr3=100,leri-cr1=13 leri-cr2=100 leri-cr3=100,leri-cr1=13 leri-cr2=100 leri-cr3=100,1171Mbit,1171Mbit,1
1790946320.017,leri-cr1=13 leri-cr2=100 leri-cr3=100,leri-cr1=13 leri-cr2=100 leri-cr3=100,leri-cr1=13 leri-cr2=100 leri-cr3=100,1171Mbit,1171Mbit,1
1790946330.062,leri-cr1=13 leri-cr2=100 leri-cr3=100,leri-cr1=13 leri-cr2=100 leri-cr3=100,leri-cr1=13 leri-cr2=100 leri-cr3=100,1171Mbit,1171Mbit,1
1790946340.319,leri-cr1=13 leri-cr2=100 leri-cr3=100,leri-cr1=13 leri-cr2=100 leri-cr3=100,leri-cr1=13 leri-cr2=100 leri-cr3=100,1171Mbit,1171Mbit,1
1790946350.399,leri-cr1=13 leri-cr2=100 leri-cr3=100,leri-cr1=13 leri-cr2=100 leri-cr3=100,leri-cr1=13 leri-cr2=100 leri-cr3=100,1171Mbit,1171Mbit,1
1790946360.452,leri-cr1=13 leri-cr2=100 leri-cr3=100,leri-cr1=13 leri-cr2=100 leri-cr3=100,leri-cr1=13 leri-cr2=100 leri-cr3=100,1171Mbit,1171Mbit,1
1790946370.508,leri-cr1=13 leri-cr2=100 leri-cr3=100,leri-cr1=13 leri-cr2=100 leri-cr3=100,leri-cr1=13 leri-cr2=100 leri-cr3=100,1171Mbit,1171Mbit,1
1790946380.564,leri-cr1=13 leri-cr2=100 leri-cr3=100,leri-cr1=13 leri-cr2=100 leri-cr3=100,leri-cr1=13 leri-cr2=100 leri-cr3=100,1171Mbit,1171Mbit,1
1790946390.619,leri-cr1=13 leri-cr2=100 leri-cr3=100,leri-cr1=13 leri-cr2=100 leri-cr3=100,leri-cr1=13 leri-cr2=100 leri-cr3=100,1171Mbit,1171Mbit,1
1790946400.923,leri-cr1=13 leri-cr2=100 leri-cr3=100,leri-cr1=13 leri-cr2=100 leri-cr3=100,leri-cr1=13 leri-cr2=100 leri-cr3=100,1171Mbit,1171Mbit,1
1790946410.975,leri-cr1=13 leri-cr2=100 leri-cr3=100,leri-cr1=13 leri-cr2=100 leri-cr3=100,leri-cr1=13 leri-cr2=100 leri-cr3=100,1171Mbit,1171Mbit,1
1790946421.028,leri-cr1=13 leri-cr2=100 leri-cr3=100,leri-cr1=13 leri-cr2=100 leri-cr3=100,leri-cr1=13 leri-cr2=100 leri-cr3=100,1171Mbit,1171Mbit,1
1790946431.083,leri-cr1=13 leri-cr2=100 leri-cr3=100,leri-cr1=13 leri-cr2=100 leri-cr3=100,leri-cr1=13 leri-cr2=100 leri-cr3=100,1171Mbit,1171Mbit,1
1790946441.131,leri-cr1=13 leri-cr2=100 leri-cr3=100,leri-cr1=13 leri-cr2=100 leri-cr3=100,leri-cr1=13 leri-cr2=100 leri-cr3=100,1171Mbit,1171Mbit,1
1790946451.186,leri-cr1=13 leri-cr2=100 leri-cr3=100,leri-cr1=13 leri-cr2=100 leri-cr3=100,leri-cr1=13 leri-cr2=100 leri-cr3=100,1171Mbit,1171Mbit,1
1790946461.492,leri-cr1=13 leri-cr2=100 leri-cr3=100,leri-cr1=13 leri-cr2=100 leri-cr3=100,leri-cr1=13 leri-cr2=100 leri-cr3=100,1171Mbit,1171Mbit,1
1790946471.549,leri-cr1=13 leri-cr2=100 leri-cr3=100,leri-cr1=13 leri-cr2=100 leri-cr3=100,leri-cr1=13 leri-cr2=100 leri-cr3=100,1171Mbit,1171Mbit,1
1790946481.594,leri-cr1=13 leri-cr2=100 leri-cr3=100,leri-cr1=13 leri-cr2=100 leri-cr3=100,leri-cr1=13 leri-cr2=100 leri-cr3=100,1171Mbit,1171Mbit,1
1790946491.651,leri-cr1=13 leri-cr2=100 leri-cr3=100,leri-cr1=13 leri-cr2=100 leri-cr3=100,leri-cr1=13 leri-cr2=100 leri-cr3=100,1171Mbit,1171Mbit,1
1790946501.710,leri-cr1=13 leri-cr2=100 leri-cr3=100,leri-cr1=13 leri-cr2=100 leri-cr3=100,leri-cr1=13 leri-cr2=100 leri-cr3=100,1171Mbit,1171Mbit,1
1790946511.764,leri-cr1=13 leri-cr2=100 leri-cr3=100,leri-cr1=13 leri-cr2=100 leri-cr3=100,leri-cr1=13 leri-cr2=100 leri-cr3=100,1171Mbit,1171Mbit,1
1790946522.027,leri-cr1=13 leri-cr2=100 leri-cr3=100,leri-cr1=13 leri-cr2=100 leri-cr3=100,leri-cr1=13 leri-cr2=100 leri-cr3=100,1171Mbit,1171Mbit,1
1790946532.076,leri-cr1=13 leri-cr2=100 leri-cr3=100,leri-cr1=13 leri-cr2=100 leri-cr3=100,leri-cr1=13 leri-cr2=100 leri-cr3=100,1171Mbit,1171Mbit,1
1790946542.126,leri-cr1=13 leri-cr2=100 leri-cr3=100,leri-cr1=13 leri-cr2=100 leri-cr3=100,leri-cr1=13 leri-cr2=100 leri-cr3=100,1171Mbit,1171Mbit,1
1790946552.176,leri-cr1=13 leri-cr2=100 leri-cr3=100,leri-cr1=13 leri-cr2=100 leri-cr3=100,leri-cr1=13 leri-cr2=100 leri-cr3=100,1171Mbit,1171Mbit,1
1790946562.228,leri-cr1=13 leri-cr2=100 leri-cr3=100,leri-cr1=13 leri-cr2=100 leri-cr3=100,leri-cr1=13 leri-cr2=100 leri-cr3=100,1171Mbit,1171Mbit,1
1790946572.476,leri-cr1=13 leri-cr2=100 leri-cr3=100,leri-cr1=13 leri-cr2=100 leri-cr3=100,leri-cr1=13 leri-cr2=100 leri-cr3=100,1171Mbit,1171Mbit,1
1790946582.523,leri-cr1=13 leri-cr2=100 leri-cr3=100,leri-cr1=13 leri-cr2=100 leri-cr3=100,leri-cr1=13 leri-cr2=100 leri-cr3=100,1171Mbit,1171Mbit,1
1790946592.570,leri-cr1=13 leri-cr2=100 leri-cr3=100,leri-cr1=13 leri-cr2=100 leri-cr3=100,leri-cr1=13 leri-cr2=100 leri-cr3=100,1171Mbit,1171Mbit,1
1790946602.623,leri-cr1=13 leri-cr2=100 leri-cr3=100,leri-cr1=13 leri-cr2=100 leri-cr3=100,leri-cr1=13 leri-cr2=100 leri-cr3=100,1171Mbit,1171Mbit,1
1790946612.669,leri-cr1=13 leri-cr2=100 leri-cr3=100,leri-cr1=13 leri-cr2=100 leri-cr3=100,leri-cr1=13 leri-cr2=100 leri-cr3=100,1171Mbit,1171Mbit,1
1790946622.726,leri-cr1=13 leri-cr2=100 leri-cr3=100,leri-cr1=13 leri-cr2=100 leri-cr3=100,leri-cr1=13 leri-cr2=100 leri-cr3=100,1171Mbit,1171Mbit,1
1790946632.981,leri-cr1=13 leri-cr2=100 leri-cr3=100,leri-cr1=13 leri-cr2=100 leri-cr3=100,leri-cr1=13 leri-cr2=100 leri-cr3=100,1171Mbit,1171Mbit,1
1790946643.036,leri-cr1=13 leri-cr2=100 leri-cr3=100,leri-cr1=13 leri-cr2=100 leri-cr3=100,leri-cr1=13 leri-cr2=100 leri-cr3=100,1171Mbit,1171Mbit,1
1790946653.093,leri-cr1=13 leri-cr2=100 leri-cr3=100,leri-cr1=13 leri-cr2=100 leri-cr3=100,leri-cr1=13 leri-cr2=100 leri-cr3=100,1171Mbit,1171Mbit,1
1790946663.147,leri-cr1=13 leri-cr2=100 leri-cr3=100,leri-cr1=13 leri-cr2=100 leri-cr3=100,leri-cr1=13 leri-cr2=100 leri-cr3=100,1171Mbit,1171Mbit,1
1790946673.201,leri-cr1=13 leri-cr2=100 leri-cr3=100,leri-cr1=13 leri-cr2=100 leri-cr3=100,leri-cr1=13 leri-cr2=100 leri-cr3=100,1171Mbit,1171Mbit,1
1790946683.248,leri-cr1=13 leri-cr2=100 leri-cr3=100,leri-cr1=13 leri-cr2=100 leri-cr3=100,leri-cr1=13 leri-cr2=100 leri-cr3=100,1171Mbit,1171Mbit,1
1790946693.545,leri-cr1=13 leri-cr2=100 leri-cr3=100,leri-cr1=13 leri-cr2=100 leri-cr3=100,leri-cr1=13 leri-cr2=100 leri-cr3=100,1171Mbit,1171Mbit,1
1790946703.602,leri-cr1=13 leri-cr2=100 leri-cr3=100,leri-cr1=13 leri-cr2=100 leri-cr3=100,leri-cr1=13 leri-cr2=100 leri-cr3=100,1171Mbit,1171Mbit,1
1790946713.654,leri-cr1=13 leri-cr2=100 leri-cr3=100,leri-cr1=13 leri-cr2=100 leri-cr3=100,leri-cr1=13 leri-cr2=100 leri-cr3=100,1171Mbit,1171Mbit,1
1790946723.705,leri-cr1=13 leri-cr2=100 leri-cr3=100,leri-cr1=13 leri-cr2=100 leri-cr3=100,leri-cr1=13 leri-cr2=100 leri-cr3=100,1171Mbit,1171Mbit,1
1790946733.758,leri-cr1=13 leri-cr2=100 leri-cr3=100,leri-cr1=13 leri-cr2=100 leri-cr3=100,leri-cr1=13 leri-cr2=100 leri-cr3=100,1171Mbit,1171Mbit,1
1790946743.802,leri-cr1=13 leri-cr2=100 leri-cr3=100,leri-cr1=13 leri-cr2=100 leri-cr3=100,leri-cr1=13 leri-cr2=100 leri-cr3=100,1171Mbit,1171Mbit,1
1790946754.120,leri-cr1=13 leri-cr2=100 leri-cr3=100,leri-cr1=13 leri-cr2=100 leri-cr3=100,leri-cr1=13 leri-cr2=100 leri-cr3=100,1171Mbit,1171Mbit,1
1790946764.167,leri-cr1=13 leri-cr2=100 leri-cr3=100,leri-cr1=13 leri-cr2=100 leri-cr3=100,leri-cr1=13 leri-cr2=100 leri-cr3=100,1171Mbit,1171Mbit,1
1790946774.218,leri-cr1=13 leri-cr2=100 leri-cr3=100,leri-cr1=13 leri-cr2=100 leri-cr3=100,leri-cr1=13 leri-cr2=100 leri-cr3=100,1171Mbit,1171Mbit,1
1790946784.267,leri-cr1=13 leri-cr2=100 leri-cr3=100,leri-cr1=13 leri-cr2=100 leri-cr3=100,leri-cr1=13 leri-cr2=100 leri-cr3=100,1171Mbit,1171Mbit,1
1790946794.316,leri-cr1=13 leri-cr2=100 leri-cr3=100,leri-cr1=13 leri-cr2=100 leri-cr3=100,leri-cr1=13 leri-cr2=100 leri-cr3=100,1171Mbit,1171Mbit,1
1790946804.371,leri-cr1=13 leri-cr2=100 leri-cr3=100,leri-cr1=13 leri-cr2=100 leri-cr3=100,leri-cr1=13 leri-cr2=100 leri-cr3=100,1171Mbit,1171Mbit,1
1790946814.647,leri-cr1=13 leri-cr2=100 leri-cr3=100,leri-cr1=13 leri-cr2=100 leri-cr3=100,leri-cr1=13 leri-cr2=100 leri-cr3=100,1171Mbit,1171Mbit,1
1790946824.698,leri-cr1=13 leri-cr2=100 leri-cr3=100,leri-cr1=13 leri-cr2=100 leri-cr3=100,leri-cr1=13 leri-cr2=100 leri-cr3=100,1171Mbit,1171Mbit,1
1790946834.750,leri-cr1=13 leri-cr2=100 leri-cr3=100,leri-cr1=13 leri-cr2=100 leri-cr3=100,leri-cr1=13 leri-cr2=100 leri-cr3=100,1171Mbit,1171Mbit,1
1790946844.804,leri-cr1=13 leri-cr2=100 leri-cr3=100,leri-cr1=13 leri-cr2=100 leri-cr3=100,leri-cr1=13 leri-cr2=100 leri-cr3=100,1171Mbit,1171Mbit,1
1790946854.853,leri-cr1=13 leri-cr2=100 leri-cr3=100,leri-cr1=13 leri-cr2=100 leri-cr3=100,leri-cr1=13 leri-cr2=100 leri-cr3=100,1171Mbit,1171Mbit,1
1790946864.906,leri-cr1=13 leri-cr2=100 leri-cr3=100,leri-cr1=13 leri-cr2=100 leri-cr3=100,leri-cr1=13 leri-cr2=100 leri-cr3=100,1171Mbit,1171Mbit,1
1790946875.192,leri-cr1=13 leri-cr2=100 leri-cr3=100,leri-cr1=13 leri-cr2=100 leri-cr3=100,leri-cr1=13 leri-cr2=100 leri-cr3=100,1171Mbit,1171Mbit,1
1790946885.238,leri-cr1=13 leri-cr2=100 leri-cr3=100,leri-cr1=13 leri-cr2=100 leri-cr3=100,leri-cr1=13 leri-cr2=100 leri-cr3=100,1171Mbit,1171Mbit,1
1790946895.291,leri-cr1=13 leri-cr2=100 leri-cr3=100,leri-cr1=13 leri-cr2=100 leri-cr3=100,leri-cr1=13 leri-cr2=100 leri-cr3=100,1171Mbit,1171Mbit,1
1790946905.376,leri-cr1=13 leri-cr2=100 leri-cr3=100,leri-cr1=13 leri-cr2=100 leri-cr3=100,leri-cr1=13 leri-cr2=100 leri-cr3=100,1171Mbit,1171Mbit,0
1790946915.453,leri-cr1=13 leri-cr2=100 leri-cr3=100,leri-cr1=13 leri-cr2=100 leri-cr3=100,leri-cr1=13 leri-cr2=100 leri-cr3=100,1171Mbit,1171Mbit,0
1790946925.535,leri-cr1=13 leri-cr2=100 leri-cr3=100,leri-cr1=13 leri-cr2=100 leri-cr3=100,leri-cr1=13 leri-cr2=100 leri-cr3=100,1171Mbit,1171Mbit,0
1790946935.986,leri-cr1=13 leri-cr2=100 leri-cr3=100,leri-cr1=13 leri-cr2=100 leri-cr3=100,leri-cr1=13 leri-cr2=100 leri-cr3=100,1171Mbit,1171Mbit,0
1790946946.065,leri-cr1=13 leri-cr2=100 leri-cr3=100,leri-cr1=13 leri-cr2=100 leri-cr3=100,leri-cr1=13 leri-cr2=100 leri-cr3=100,1171Mbit,1171Mbit,0
1790946956.146,leri-cr1=13 leri-cr2=100 leri-cr3=100,leri-cr1=13 leri-cr2=100 leri-cr3=100,leri-cr1=13 leri-cr2=100 leri-cr3=100,1171Mbit,1171Mbit,0
1790946966.224,leri-cr1=13 leri-cr2=100 leri-cr3=100,leri-cr1=13 leri-cr2=100 leri-cr3=100,leri-cr1=13 leri-cr2=100 leri-cr3=100,1171Mbit,1171Mbit,0
1790946976.306,leri-cr1=13 leri-cr2=100 leri-cr3=100,leri-cr1=13 leri-cr2=100 leri-cr3=100,leri-cr1=13 leri-cr2=100 leri-cr3=100,1171Mbit,1171Mbit,0
1790946986.385,leri-cr1=13 leri-cr2=100 leri-cr3=100,leri-cr1=13 leri-cr2=100 leri-cr3=100,leri-cr1=13 leri-cr2=100 leri-cr3=100,1171Mbit,1171Mbit,0
1790946996.807,leri-cr1=13 leri-cr2=100 leri-cr3=100,leri-cr1=13 leri-cr2=100 leri-cr3=100,leri-cr1=13 leri-cr2=100 leri-cr3=100,1171Mbit,1171Mbit,0
1790947006.881,leri-cr1=13 leri-cr2=100 leri-cr3=100,leri-cr1=13 leri-cr2=100 leri-cr3=100,leri-cr1=13 leri-cr2=100 leri-cr3=100,1171Mbit,1171Mbit,0
1790947016.963,leri-cr1=13 leri-cr2=100 leri-cr3=100,leri-cr1=13 leri-cr2=100 leri-cr3=100,leri-cr1=13 leri-cr2=100 leri-cr3=100,1171Mbit,1171Mbit,0
1790947027.034,leri-cr1=13 leri-cr2=100 leri-cr3=100,leri-cr1=13 leri-cr2=100 leri-cr3=100,leri-cr1=13 leri-cr2=100 leri-cr3=100,1171Mbit,1171Mbit,0
1790947037.092,leri-cr1=13 leri-cr2=100 leri-cr3=100,leri-cr1=13 leri-cr2=100 leri-cr3=100,leri-cr1=13 leri-cr2=100 leri-cr3=100,1171Mbit,1171Mbit,0
1790947047.146,leri-cr1=13 leri-cr2=100 leri-cr3=100,leri-cr1=13 leri-cr2=100 leri-cr3=100,leri-cr1=13 leri-cr2=100 leri-cr3=100,1171Mbit,1171Mbit,1
1790947057.427,leri-cr1=13 leri-cr2=100 leri-cr3=100,leri-cr1=13 leri-cr2=100 leri-cr3=100,leri-cr1=13 leri-cr2=100 leri-cr3=100,1171Mbit,1171Mbit,1
1790947067.481,leri-cr1=13 leri-cr2=100 leri-cr3=100,leri-cr1=13 leri-cr2=100 leri-cr3=100,leri-cr1=13 leri-cr2=100 leri-cr3=100,1171Mbit,1171Mbit,1
1790947077.532,leri-cr1=13 leri-cr2=100 leri-cr3=100,leri-cr1=13 leri-cr2=100 leri-cr3=100,leri-cr1=13 leri-cr2=100 leri-cr3=100,1171Mbit,1171Mbit,1
1790947087.588,leri-cr1=13 leri-cr2=100 leri-cr3=100,leri-cr1=13 leri-cr2=100 leri-cr3=100,leri-cr1=13 leri-cr2=100 leri-cr3=100,1171Mbit,1171Mbit,1
1790947097.638,leri-cr1=13 leri-cr2=100 leri-cr3=100,leri-cr1=13 leri-cr2=100 leri-cr3=100,leri-cr1=13 leri-cr2=100 leri-cr3=100,1171Mbit,1171Mbit,1
1790947107.695,leri-cr1=13 leri-cr2=100 leri-cr3=100,leri-cr1=13 leri-cr2=100 leri-cr3=100,leri-cr1=13 leri-cr2=100 leri-cr3=100,1171Mbit,1171Mbit,1
1790947117.984,leri-cr1=13 leri-cr2=100 leri-cr3=100,leri-cr1=13 leri-cr2=100 leri-cr3=100,leri-cr1=13 leri-cr2=100 leri-cr3=100,1171Mbit,1171Mbit,1
1790947128.036,leri-cr1=13 leri-cr2=100 leri-cr3=100,leri-cr1=13 leri-cr2=100 leri-cr3=100,leri-cr1=13 leri-cr2=100 leri-cr3=100,1171Mbit,1171Mbit,1
1790947138.086,leri-cr1=13 leri-cr2=100 leri-cr3=100,leri-cr1=13 leri-cr2=100 leri-cr3=100,leri-cr1=13 leri-cr2=100 leri-cr3=100,1171Mbit,1171Mbit,1
1790947148.135,leri-cr1=13 leri-cr2=100 leri-cr3=100,leri-cr1=13 leri-cr2=100 leri-cr3=100,leri-cr1=13 leri-cr2=100 leri-cr3=100,1171Mbit,1171Mbit,1
1790947158.190,leri-cr1=13 leri-cr2=100 leri-cr3=100,leri-cr1=13 leri-cr2=100 leri-cr3=100,leri-cr1=13 leri-cr2=100 leri-cr3=100,1171Mbit,1171Mbit,1
1790947168.266,leri-cr1=13 leri-cr2=100 leri-cr3=100,leri-cr1=13 leri-cr2=100 leri-cr3=100,leri-cr1=13 leri-cr2=100 leri-cr3=100,1171Mbit,1171Mbit,1
1790947178.568,leri-cr1=13 leri-cr2=100 leri-cr3=100,leri-cr1=13 leri-cr2=100 leri-cr3=100,leri-cr1=13 leri-cr2=100 leri-cr3=100,1171Mbit,1171Mbit,1
1790947188.613,leri-cr1=13 leri-cr2=100 leri-cr3=100,leri-cr1=13 leri-cr2=100 leri-cr3=100,leri-cr1=13 leri-cr2=100 leri-cr3=100,1171Mbit,1171Mbit,1
1790947198.668,leri-cr1=13 leri-cr2=100 leri-cr3=100,leri-cr1=13 leri-cr2=100 leri-cr3=100,leri-cr1=13 leri-cr2=100 leri-cr3=100,1171Mbit,1171Mbit,1
1790947208.727,leri-cr1=13 leri-cr2=100 leri-cr3=100,leri-cr1=13 leri-cr2=100 leri-cr3=100,leri-cr1=13 leri-cr2=100 leri-cr3=100,1171Mbit,1171Mbit,1
1790947218.776,leri-cr1=13 leri-cr2=100 leri-cr3=100,leri-cr1=13 leri-cr2=100 leri-cr3=100,leri-cr1=13 leri-cr2=100 leri-cr3=100,1171Mbit,1171Mbit,1
1790947228.830,leri-cr1=13 leri-cr2=100 leri-cr3=100,leri-cr1=13 leri-cr2=100 leri-cr3=100,leri-cr1=13 leri-cr2=100 leri-cr3=100,1171Mbit,1171Mbit,1
1790947239.116,leri-cr1=13 leri-cr2=100 leri-cr3=100,leri-cr1=13 leri-cr2=100 leri-cr3=100,leri-cr1=13 leri-cr2=100 leri-cr3=100,1171Mbit,1171Mbit,1
1790947249.170,leri-cr1=13 leri-cr2=100 leri-cr3=100,leri-cr1=13 leri-cr2=100 leri-cr3=100,leri-cr1=13 leri-cr2=100 leri-cr3=100,1171Mbit,1171Mbit,1
1790947259.220,leri-cr1=13 leri-cr2=100 leri-cr3=100,leri-cr1=13 leri-cr2=100 leri-cr3=100,leri-cr1=13 leri-cr2=100 leri-cr3=100,1171Mbit,1171Mbit,1
1790947269.269,leri-cr1=13 leri-cr2=100 leri-cr3=100,leri-cr1=13 leri-cr2=100 leri-cr3=100,leri-cr1=13 leri-cr2=100 leri-cr3=100,1171Mbit,1171Mbit,1
1790947279.314,leri-cr1=13 leri-cr2=100 leri-cr3=100,leri-cr1=13 leri-cr2=100 leri-cr3=100,leri-cr1=13 leri-cr2=100 leri-cr3=100,1171Mbit,1171Mbit,1
1790947289.363,leri-cr1=13 leri-cr2=100 leri-cr3=100,leri-cr1=13 leri-cr2=100 leri-cr3=100,leri-cr1=13 leri-cr2=100 leri-cr3=100,1171Mbit,1171Mbit,1
1790947299.624,leri-cr1=13 leri-cr2=100 leri-cr3=100,leri-cr1=13 leri-cr2=100 leri-cr3=100,leri-cr1=13 leri-cr2=100 leri-cr3=100,1171Mbit,1171Mbit,1
1790947309.680,leri-cr1=13 leri-cr2=100 leri-cr3=100,leri-cr1=13 leri-cr2=100 leri-cr3=100,leri-cr1=13 leri-cr2=100 leri-cr3=100,1171Mbit,1171Mbit,1
1790947319.730,leri-cr1=13 leri-cr2=100 leri-cr3=100,leri-cr1=13 leri-cr2=100 leri-cr3=100,leri-cr1=13 leri-cr2=100 leri-cr3=100,1171Mbit,1171Mbit,1
1790947329.782,leri-cr1=13 leri-cr2=100 leri-cr3=100,leri-cr1=13 leri-cr2=100 leri-cr3=100,leri-cr1=13 leri-cr2=100 leri-cr3=100,1171Mbit,1171Mbit,1
1790947339.835,leri-cr1=13 leri-cr2=100 leri-cr3=100,leri-cr1=13 leri-cr2=100 leri-cr3=100,leri-cr1=13 leri-cr2=100 leri-cr3=100,1171Mbit,1171Mbit,1
1790947349.884,leri-cr1=13 leri-cr2=100 leri-cr3=100,leri-cr1=13 leri-cr2=100 leri-cr3=100,leri-cr1=13 leri-cr2=100 leri-cr3=100,1171Mbit,1171Mbit,1
1790947360.128,leri-cr1=13 leri-cr2=100 leri-cr3=100,leri-cr1=13 leri-cr2=100 leri-cr3=100,leri-cr1=13 leri-cr2=100 leri-cr3=100,1171Mbit,1171Mbit,1
1790947370.176,leri-cr1=13 leri-cr2=100 leri-cr3=100,leri-cr1=13 leri-cr2=100 leri-cr3=100,leri-cr1=13 leri-cr2=100 leri-cr3=100,1171Mbit,1171Mbit,1
1790947380.228,leri-cr1=13 leri-cr2=100 leri-cr3=100,leri-cr1=13 leri-cr2=100 leri-cr3=100,leri-cr1=13 leri-cr2=100 leri-cr3=100,1171Mbit,1171Mbit,1
1790947390.274,leri-cr1=13 leri-cr2=100 leri-cr3=100,leri-cr1=13 leri-cr2=100 leri-cr3=100,leri-cr1=13 leri-cr2=100 leri-cr3=100,1171Mbit,1171Mbit,1
1790947400.325,leri-cr1=13 leri-cr2=100 leri-cr3=100,leri-cr1=13 leri-cr2=100 leri-cr3=100,leri-cr1=13 leri-cr2=100 leri-cr3=100,1171Mbit,1171Mbit,1
1790947410.381,leri-cr1=13 leri-cr2=100 leri-cr3=100,leri-cr1=13 leri-cr2=100 leri-cr3=100,leri-cr1=13 leri-cr2=100 leri-cr3=100,1171Mbit,1171Mbit,1
1790947420.643,leri-cr1=13 leri-cr2=100 leri-cr3=100,leri-cr1=13 leri-cr2=100 leri-cr3=100,leri-cr1=13 leri-cr2=100 leri-cr3=100,1171Mbit,1171Mbit,1
1790947430.691,leri-cr1=13 leri-cr2=100 leri-cr3=100,leri-cr1=13 leri-cr2=100 leri-cr3=100,leri-cr1=13 leri-cr2=100 leri-cr3=100,1171Mbit,1171Mbit,1
1790947440.741,leri-cr1=13 leri-cr2=100 leri-cr3=100,leri-cr1=13 leri-cr2=100 leri-cr3=100,leri-cr1=13 leri-cr2=100 leri-cr3=100,1171Mbit,1171Mbit,1
1790947450.799,leri-cr1=13 leri-cr2=100 leri-cr3=100,leri-cr1=13 leri-cr2=100 leri-cr3=100,leri-cr1=13 leri-cr2=100 leri-cr3=100,1171Mbit,1171Mbit,1
1790947460.858,leri-cr1=13 leri-cr2=100 leri-cr3=100,leri-cr1=13 leri-cr2=100 leri-cr3=100,leri-cr1=13 leri-cr2=100 leri-cr3=100,1171Mbit,1171Mbit,1
1790947470.906,leri-cr1=13 leri-cr2=100 leri-cr3=100,leri-cr1=13 leri-cr2=100 leri-cr3=100,leri-cr1=13 leri-cr2=100 leri-cr3=100,1171Mbit,1171Mbit,1
1790947481.193,leri-cr1=13 leri-cr2=100 leri-cr3=100,leri-cr1=13 leri-cr2=100 leri-cr3=100,leri-cr1=13 leri-cr2=100 leri-cr3=100,1171Mbit,1171Mbit,1
1790947491.246,leri-cr1=13 leri-cr2=100 leri-cr3=100,leri-cr1=13 leri-cr2=100 leri-cr3=100,leri-cr1=13 leri-cr2=100 leri-cr3=100,1171Mbit,1171Mbit,1
1790947501.299,leri-cr1=13 leri-cr2=100 leri-cr3=100,leri-cr1=13 leri-cr2=100 leri-cr3=100,leri-cr1=13 leri-cr2=100 leri-cr3=100,1171Mbit,1171Mbit,1
1790947511.348,leri-cr1=13 leri-cr2=100 leri-cr3=100,leri-cr1=13 leri-cr2=100 leri-cr3=100,leri-cr1=13 leri-cr2=100 leri-cr3=100,1171Mbit,1171Mbit,1
1790947521.398,leri-cr1=13 leri-cr2=100 leri-cr3=100,leri-cr1=13 leri-cr2=100 leri-cr3=100,leri-cr1=13 leri-cr2=100 leri-cr3=100,1171Mbit,1171Mbit,1
1790947531.448,leri-cr1=13 leri-cr2=100 leri-cr3=100,leri-cr1=13 leri-cr2=100 leri-cr3=100,leri-cr1=13 leri-cr2=100 leri-cr3=100,1171Mbit,1171Mbit,1
1790947541.708,leri-cr1=13 leri-cr2=100 leri-cr3=100,leri-cr1=13 leri-cr2=100 leri-cr3=100,leri-cr1=13 leri-cr2=100 leri-cr3=100,1171Mbit,1171Mbit,1
1790947551.764,leri-cr1=13 leri-cr2=100 leri-cr3=100,leri-cr1=13 leri-cr2=100 leri-cr3=100,leri-cr1=13 leri-cr2=100 leri-cr3=100,1171Mbit,1171Mbit,1
1790947561.817,leri-cr1=13 leri-cr2=100 leri-cr3=100,leri-cr1=13 leri-cr2=100 leri-cr3=100,leri-cr1=13 leri-cr2=100 leri-cr3=100,1171Mbit,1171Mbit,1
1790947571.873,leri-cr1=13 leri-cr2=100 leri-cr3=100,leri-cr1=13 leri-cr2=100 leri-cr3=100,leri-cr1=13 leri-cr2=100 leri-cr3=100,1171Mbit,1171Mbit,1
1790947581.926,leri-cr1=13 leri-cr2=100 leri-cr3=100,leri-cr1=13 leri-cr2=100 leri-cr3=100,leri-cr1=13 leri-cr2=100 leri-cr3=100,1171Mbit,1171Mbit,1
1790947591.977,leri-cr1=13 leri-cr2=100 leri-cr3=100,leri-cr1=13 leri-cr2=100 leri-cr3=100,leri-cr1=13 leri-cr2=100 leri-cr3=100,1171Mbit,1171Mbit,1
1790947602.253,leri-cr1=13 leri-cr2=100 leri-cr3=100,leri-cr1=13 leri-cr2=100 leri-cr3=100,leri-cr1=13 leri-cr2=100 leri-cr3=100,1171Mbit,1171Mbit,1
1790947612.305,leri-cr1=13 leri-cr2=100 leri-cr3=100,leri-cr1=13 leri-cr2=100 leri-cr3=100,leri-cr1=13 leri-cr2=100 leri-cr3=100,1171Mbit,1171Mbit,1
1790947622.361,leri-cr1=13 leri-cr2=100 leri-cr3=100,leri-cr1=13 leri-cr2=100 leri-cr3=100,leri-cr1=13 leri-cr2=100 leri-cr3=100,1171Mbit,1171Mbit,1
1790947632.410,leri-cr1=13 leri-cr2=100 leri-cr3=100,leri-cr1=13 leri-cr2=100 leri-cr3=100,leri-cr1=13 leri-cr2=100 leri-cr3=100,1171Mbit,1171Mbit,1
1790947642.456,leri-cr1=13 leri-cr2=100 leri-cr3=100,leri-cr1=13 leri-cr2=100 leri-cr3=100,leri-cr1=13 leri-cr2=100 leri-cr3=100,1171Mbit,1171Mbit,1
1790947652.499,leri-cr1=13 leri-cr2=100 leri-cr3=100,leri-cr1=13 leri-cr2=100 leri-cr3=100,leri-cr1=13 leri-cr2=100 leri-cr3=100,1171Mbit,1171Mbit,1
1790947662.804,leri-cr1=13 leri-cr2=100 leri-cr3=100,leri-cr1=13 leri-cr2=100 leri-cr3=100,leri-cr1=13 leri-cr2=100 leri-cr3=100,1171Mbit,1171Mbit,1
1790947672.852,leri-cr1=13 leri-cr2=100 leri-cr3=100,leri-cr1=13 leri-cr2=100 leri-cr3=100,leri-cr1=13 leri-cr2=100 leri-cr3=100,1171Mbit,1171Mbit,1
1790947682.900,leri-cr1=13 leri-cr2=100 leri-cr3=100,leri-cr1=13 leri-cr2=100 leri-cr3=100,leri-cr1=13 leri-cr2=100 leri-cr3=100,1171Mbit,1171Mbit,1
1790947692.962,leri-cr1=13 leri-cr2=100 leri-cr3=100,leri-cr1=13 leri-cr2=100 leri-cr3=100,leri-cr1=13 leri-cr2=100 leri-cr3=100,1171Mbit,1171Mbit,1
1790947703.013,leri-cr1=13 leri-cr2=100 leri-cr3=100,leri-cr1=13 leri-cr2=100 leri-cr3=100,leri-cr1=13 leri-cr2=100 leri-cr3=100,1171Mbit,1171Mbit,1
1790947713.068,leri-cr1=13 leri-cr2=100 leri-cr3=100,leri-cr1=13 leri-cr2=100 leri-cr3=100,leri-cr1=13 leri-cr2=100 leri-cr3=100,1171Mbit,1171Mbit,1
1790947723.338,leri-cr1=13 leri-cr2=100 leri-cr3=100,leri-cr1=13 leri-cr2=100 leri-cr3=100,leri-cr1=13 leri-cr2=100 leri-cr3=100,1171Mbit,1171Mbit,1
1790947733.389,leri-cr1=13 leri-cr2=100 leri-cr3=100,leri-cr1=13 leri-cr2=100 leri-cr3=100,leri-cr1=13 leri-cr2=100 leri-cr3=100,1171Mbit,1171Mbit,1
1790947743.442,leri-cr1=13 leri-cr2=100 leri-cr3=100,leri-cr1=13 leri-cr2=100 leri-cr3=100,leri-cr1=13 leri-cr2=100 leri-cr3=100,1171Mbit,1171Mbit,1
1790947753.491,leri-cr1=13 leri-cr2=100 leri-cr3=100,leri-cr1=13 leri-cr2=100 leri-cr3=100,leri-cr1=13 leri-cr2=100 leri-cr3=100,1171Mbit,1171Mbit,1
1790947763.544,leri-cr1=13 leri-cr2=100 leri-cr3=100,leri-cr1=13 leri-cr2=100 leri-cr3=100,leri-cr1=13 leri-cr2=100 leri-cr3=100,1171Mbit,1171Mbit,1
1790947773.590,leri-cr1=13 leri-cr2=100 leri-cr3=100,leri-cr1=13 leri-cr2=100 leri-cr3=100,leri-cr1=13 leri-cr2=100 leri-cr3=100,1171Mbit,1171Mbit,1
1790947783.871,leri-cr1=13 leri-cr2=100 leri-cr3=100,leri-cr1=13 leri-cr2=100 leri-cr3=100,leri-cr1=13 leri-cr2=100 leri-cr3=100,1171Mbit,1171Mbit,1
1790947793.920,leri-cr1=13 leri-cr2=100 leri-cr3=100,leri-cr1=13 leri-cr2=100 leri-cr3=100,leri-cr1=13 leri-cr2=100 leri-cr3=100,1171Mbit,1171Mbit,1
1790947804.012,leri-cr1=13 leri-cr2=100 leri-cr3=100,leri-cr1=13 leri-cr2=100 leri-cr3=100,leri-cr1=13 leri-cr2=100 leri-cr3=100,1171Mbit,1171Mbit,0
1790947814.091,leri-cr1=13 leri-cr2=100 leri-cr3=100,leri-cr1=13 leri-cr2=100 leri-cr3=100,leri-cr1=13 leri-cr2=100 leri-cr3=100,1171Mbit,1171Mbit,0
1790947824.171,leri-cr1=13 leri-cr2=100 leri-cr3=100,leri-cr1=13 leri-cr2=100 leri-cr3=100,leri-cr1=13 leri-cr2=100 leri-cr3=100,1171Mbit,1171Mbit,0
1790947834.253,leri-cr1=13 leri-cr2=100 leri-cr3=100,leri-cr1=13 leri-cr2=100 leri-cr3=100,leri-cr1=13 leri-cr2=100 leri-cr3=100,1171Mbit,1171Mbit,0
1790947844.682,leri-cr1=13 leri-cr2=100 leri-cr3=100,leri-cr1=13 leri-cr2=100 leri-cr3=100,leri-cr1=13 leri-cr2=100 leri-cr3=100,1171Mbit,1171Mbit,0
1790947854.763,leri-cr1=13 leri-cr2=100 leri-cr3=100,leri-cr1=13 leri-cr2=100 leri-cr3=100,leri-cr1=13 leri-cr2=100 leri-cr3=100,1171Mbit,1171Mbit,0
1790947864.840,leri-cr1=13 leri-cr2=100 leri-cr3=100,leri-cr1=13 leri-cr2=100 leri-cr3=100,leri-cr1=13 leri-cr2=100 leri-cr3=100,1171Mbit,1171Mbit,0
1790947874.918,leri-cr1=13 leri-cr2=100 leri-cr3=100,leri-cr1=13 leri-cr2=100 leri-cr3=100,leri-cr1=13 leri-cr2=100 leri-cr3=100,1171Mbit,1171Mbit,0
1790947885.039,leri-cr1=13 leri-cr2=100 leri-cr3=100,leri-cr1=13 leri-cr2=100 leri-cr3=100,leri-cr1=13 leri-cr2=100 leri-cr3=100,1171Mbit,1171Mbit,0
1790947895.457,leri-cr1=13 leri-cr2=100 leri-cr3=100,leri-cr1=13 leri-cr2=100 leri-cr3=100,leri-cr1=13 leri-cr2=100 leri-cr3=100,1171Mbit,1171Mbit,0
1790947905.539,leri-cr1=13 leri-cr2=100 leri-cr3=100,leri-cr1=13 leri-cr2=100 leri-cr3=100,leri-cr1=13 leri-cr2=100 leri-cr3=100,1171Mbit,1171Mbit,0
1790947915.615,leri-cr1=13 leri-cr2=100 leri-cr3=100,leri-cr1=13 leri-cr2=100 leri-cr3=100,leri-cr1=13 leri-cr2=100 leri-cr3=100,1171Mbit,1171Mbit,0
1790947925.694,leri-cr1=13 leri-cr2=100 leri-cr3=100,leri-cr1=13 leri-cr2=100 leri-cr3=100,leri-cr1=13 leri-cr2=100 leri-cr3=100,1171Mbit,1171Mbit,0
1790947935.749,leri-cr1=13 leri-cr2=100 leri-cr3=100,leri-cr1=13 leri-cr2=100 leri-cr3=100,leri-cr1=13 leri-cr2=100 leri-cr3=100,1171Mbit,1171Mbit,0
1790947945.798,leri-cr1=13 leri-cr2=100 leri-cr3=100,leri-cr1=13 leri-cr2=100 leri-cr3=100,leri-cr1=13 leri-cr2=100 leri-cr3=100,1171Mbit,1171Mbit,1
1790947956.070,leri-cr1=13 leri-cr2=100 leri-cr3=100,leri-cr1=13 leri-cr2=100 leri-cr3=100,leri-cr1=13 leri-cr2=100 leri-cr3=100,1171Mbit,1171Mbit,1
1790947966.128,leri-cr1=13 leri-cr2=100 leri-cr3=100,leri-cr1=13 leri-cr2=100 leri-cr3=100,leri-cr1=13 leri-cr2=100 leri-cr3=100,1171Mbit,1171Mbit,1
1790947976.183,leri-cr1=13 leri-cr2=100 leri-cr3=100,leri-cr1=13 leri-cr2=100 leri-cr3=100,leri-cr1=13 leri-cr2=100 leri-cr3=100,1171Mbit,1171Mbit,1
1790947986.239,leri-cr1=13 leri-cr2=100 leri-cr3=100,leri-cr1=13 leri-cr2=100 leri-cr3=100,leri-cr1=13 leri-cr2=100 leri-cr3=100,1171Mbit,1171Mbit,1
1790947996.290,leri-cr1=13 leri-cr2=100 leri-cr3=100,leri-cr1=13 leri-cr2=100 leri-cr3=100,leri-cr1=13 leri-cr2=100 leri-cr3=100,1171Mbit,1171Mbit,1
1790948006.342,leri-cr1=13 leri-cr2=100 leri-cr3=100,leri-cr1=13 leri-cr2=100 leri-cr3=100,leri-cr1=13 leri-cr2=100 leri-cr3=100,1171Mbit,1171Mbit,1
1790948016.626,leri-cr1=13 leri-cr2=100 leri-cr3=100,leri-cr1=13 leri-cr2=100 leri-cr3=100,leri-cr1=13 leri-cr2=100 leri-cr3=100,1171Mbit,1171Mbit,1
1790948026.682,leri-cr1=13 leri-cr2=100 leri-cr3=100,leri-cr1=13 leri-cr2=100 leri-cr3=100,leri-cr1=13 leri-cr2=100 leri-cr3=100,1171Mbit,1171Mbit,1
1790948036.736,leri-cr1=13 leri-cr2=100 leri-cr3=100,leri-cr1=13 leri-cr2=100 leri-cr3=100,leri-cr1=13 leri-cr2=100 leri-cr3=100,1171Mbit,1171Mbit,1
1790948046.794,leri-cr1=13 leri-cr2=100 leri-cr3=100,leri-cr1=13 leri-cr2=100 leri-cr3=100,leri-cr1=13 leri-cr2=100 leri-cr3=100,1171Mbit,1171Mbit,1
1790948056.853,leri-cr1=13 leri-cr2=100 leri-cr3=100,leri-cr1=13 leri-cr2=100 leri-cr3=100,leri-cr1=13 leri-cr2=100 leri-cr3=100,1171Mbit,1171Mbit,1
1790948066.910,leri-cr1=13 leri-cr2=100 leri-cr3=100,leri-cr1=13 leri-cr2=100 leri-cr3=100,leri-cr1=13 leri-cr2=100 leri-cr3=100,1171Mbit,1171Mbit,1
1790948077.103,leri-cr1=13 leri-cr2=100 leri-cr3=100,leri-cr1=13 leri-cr2=100 leri-cr3=100,leri-cr1=13 leri-cr2=100 leri-cr3=100,1171Mbit,1171Mbit,1
1790948087.163,leri-cr1=13 leri-cr2=100 leri-cr3=100,leri-cr1=13 leri-cr2=100 leri-cr3=100,leri-cr1=13 leri-cr2=100 leri-cr3=100,1171Mbit,1171Mbit,1
1790948097.213,leri-cr1=13 leri-cr2=100 leri-cr3=100,leri-cr1=13 leri-cr2=100 leri-cr3=100,leri-cr1=13 leri-cr2=100 leri-cr3=100,1171Mbit,1171Mbit,1
1790948107.271,leri-cr1=13 leri-cr2=100 leri-cr3=100,leri-cr1=13 leri-cr2=100 leri-cr3=100,leri-cr1=13 leri-cr2=100 leri-cr3=100,1171Mbit,1171Mbit,1
1790948117.323,leri-cr1=13 leri-cr2=100 leri-cr3=100,leri-cr1=13 leri-cr2=100 leri-cr3=100,leri-cr1=13 leri-cr2=100 leri-cr3=100,1171Mbit,1171Mbit,1
1790948127.374,leri-cr1=13 leri-cr2=100 leri-cr3=100,leri-cr1=13 leri-cr2=100 leri-cr3=100,leri-cr1=13 leri-cr2=100 leri-cr3=100,1171Mbit,1171Mbit,1
1790948137.665,leri-cr1=13 leri-cr2=100 leri-cr3=100,leri-cr1=13 leri-cr2=100 leri-cr3=100,leri-cr1=13 leri-cr2=100 leri-cr3=100,1171Mbit,1171Mbit,1
1790948147.719,leri-cr1=13 leri-cr2=100 leri-cr3=100,leri-cr1=13 leri-cr2=100 leri-cr3=100,leri-cr1=13 leri-cr2=100 leri-cr3=100,1171Mbit,1171Mbit,1
1790948157.770,leri-cr1=13 leri-cr2=100 leri-cr3=100,leri-cr1=13 leri-cr2=100 leri-cr3=100,leri-cr1=13 leri-cr2=100 leri-cr3=100,1171Mbit,1171Mbit,1
1790948167.819,leri-cr1=13 leri-cr2=100 leri-cr3=100,leri-cr1=13 leri-cr2=100 leri-cr3=100,leri-cr1=13 leri-cr2=100 leri-cr3=100,1171Mbit,1171Mbit,1
1790948177.873,leri-cr1=13 leri-cr2=100 leri-cr3=100,leri-cr1=13 leri-cr2=100 leri-cr3=100,leri-cr1=13 leri-cr2=100 leri-cr3=100,1171Mbit,1171Mbit,1
1790948187.948,leri-cr1=13 leri-cr2=100 leri-cr3=100,leri-cr1=13 leri-cr2=100 leri-cr3=100,leri-cr1=13 leri-cr2=100 leri-cr3=100,1171Mbit,1171Mbit,1
1790948198.243,leri-cr1=13 leri-cr2=100 leri-cr3=100,leri-cr1=13 leri-cr2=100 leri-cr3=100,leri-cr1=13 leri-cr2=100 leri-cr3=100,1171Mbit,1171Mbit,1
1790948208.292,leri-cr1=13 leri-cr2=100 leri-cr3=100,leri-cr1=13 leri-cr2=100 leri-cr3=100,leri-cr1=13 leri-cr2=100 leri-cr3=100,1171Mbit,1171Mbit,1
1790948218.347,leri-cr1=13 leri-cr2=100 leri-cr3=100,leri-cr1=13 leri-cr2=100 leri-cr3=100,leri-cr1=13 leri-cr2=100 leri-cr3=100,1171Mbit,1171Mbit,1
1790948228.446,leri-cr1=13 leri-cr2=100 leri-cr3=100,leri-cr1=13 leri-cr2=100 leri-cr3=100,leri-cr1=13 leri-cr2=100 leri-cr3=100,1171Mbit,1171Mbit,1
1790948238.502,leri-cr1=13 leri-cr2=100 leri-cr3=100,leri-cr1=13 leri-cr2=100 leri-cr3=100,leri-cr1=13 leri-cr2=100 leri-cr3=100,1171Mbit,1171Mbit,1
1790948248.558,leri-cr1=13 leri-cr2=100 leri-cr3=100,leri-cr1=13 leri-cr2=100 leri-cr3=100,leri-cr1=13 leri-cr2=100 leri-cr3=100,1171Mbit,1171Mbit,1
1790948258.751,leri-cr1=13 leri-cr2=100 leri-cr3=100,leri-cr1=13 leri-cr2=100 leri-cr3=100,leri-cr1=13 leri-cr2=100 leri-cr3=100,1171Mbit,1171Mbit,1
1790948268.803,leri-cr1=13 leri-cr2=100 leri-cr3=100,leri-cr1=13 leri-cr2=100 leri-cr3=100,leri-cr1=13 leri-cr2=100 leri-cr3=100,1171Mbit,1171Mbit,1
1790948278.856,leri-cr1=13 leri-cr2=100 leri-cr3=100,leri-cr1=13 leri-cr2=100 leri-cr3=100,leri-cr1=13 leri-cr2=100 leri-cr3=100,1171Mbit,1171Mbit,1
1790948288.912,leri-cr1=13 leri-cr2=100 leri-cr3=100,leri-cr1=13 leri-cr2=100 leri-cr3=100,leri-cr1=13 leri-cr2=100 leri-cr3=100,1171Mbit,1171Mbit,1
1790948298.966,leri-cr1=13 leri-cr2=100 leri-cr3=100,leri-cr1=13 leri-cr2=100 leri-cr3=100,leri-cr1=13 leri-cr2=100 leri-cr3=100,1171Mbit,1171Mbit,1
1790948309.026,leri-cr1=13 leri-cr2=100 leri-cr3=100,leri-cr1=13 leri-cr2=100 leri-cr3=100,leri-cr1=13 leri-cr2=100 leri-cr3=100,1171Mbit,1171Mbit,1
1790948319.299,leri-cr1=13 leri-cr2=100 leri-cr3=100,leri-cr1=13 leri-cr2=100 leri-cr3=100,leri-cr1=13 leri-cr2=100 leri-cr3=100,1171Mbit,1171Mbit,1
1790948329.357,leri-cr1=13 leri-cr2=100 leri-cr3=100,leri-cr1=13 leri-cr2=100 leri-cr3=100,leri-cr1=13 leri-cr2=100 leri-cr3=100,1171Mbit,1171Mbit,1
1790948339.403,leri-cr1=13 leri-cr2=100 leri-cr3=100,leri-cr1=13 leri-cr2=100 leri-cr3=100,leri-cr1=13 leri-cr2=100 leri-cr3=100,1171Mbit,1171Mbit,1
1790948349.453,leri-cr1=13 leri-cr2=100 leri-cr3=100,leri-cr1=13 leri-cr2=100 leri-cr3=100,leri-cr1=13 leri-cr2=100 leri-cr3=100,1171Mbit,1171Mbit,1
1790948359.506,leri-cr1=13 leri-cr2=100 leri-cr3=100,leri-cr1=13 leri-cr2=100 leri-cr3=100,leri-cr1=13 leri-cr2=100 leri-cr3=100,1171Mbit,1171Mbit,1
1790948369.559,leri-cr1=13 leri-cr2=100 leri-cr3=100,leri-cr1=13 leri-cr2=100 leri-cr3=100,leri-cr1=13 leri-cr2=100 leri-cr3=100,1171Mbit,1171Mbit,1
1790948379.830,leri-cr1=13 leri-cr2=100 leri-cr3=100,leri-cr1=13 leri-cr2=100 leri-cr3=100,leri-cr1=13 leri-cr2=100 leri-cr3=100,1171Mbit,1171Mbit,1
1790948389.885,leri-cr1=13 leri-cr2=100 leri-cr3=100,leri-cr1=13 leri-cr2=100 leri-cr3=100,leri-cr1=13 leri-cr2=100 leri-cr3=100,1171Mbit,1171Mbit,1
1790948399.938,leri-cr1=13 leri-cr2=100 leri-cr3=100,leri-cr1=13 leri-cr2=100 leri-cr3=100,leri-cr1=13 leri-cr2=100 leri-cr3=100,1171Mbit,1171Mbit,1
1790948409.986,leri-cr1=13 leri-cr2=100 leri-cr3=100,leri-cr1=13 leri-cr2=100 leri-cr3=100,leri-cr1=13 leri-cr2=100 leri-cr3=100,1171Mbit,1171Mbit,1
1790948420.036,leri-cr1=13 leri-cr2=100 leri-cr3=100,leri-cr1=13 leri-cr2=100 leri-cr3=100,leri-cr1=13 leri-cr2=100 leri-cr3=100,1171Mbit,1171Mbit,1
1790948430.087,leri-cr1=13 leri-cr2=100 leri-cr3=100,leri-cr1=13 leri-cr2=100 leri-cr3=100,leri-cr1=13 leri-cr2=100 leri-cr3=100,1171Mbit,1171Mbit,1
1790948440.346,leri-cr1=13 leri-cr2=100 leri-cr3=100,leri-cr1=13 leri-cr2=100 leri-cr3=100,leri-cr1=13 leri-cr2=100 leri-cr3=100,1171Mbit,1171Mbit,1
1790948450.396,leri-cr1=13 leri-cr2=100 leri-cr3=100,leri-cr1=13 leri-cr2=100 leri-cr3=100,leri-cr1=13 leri-cr2=100 leri-cr3=100,1171Mbit,1171Mbit,1
1790948460.454,leri-cr1=13 leri-cr2=100 leri-cr3=100,leri-cr1=13 leri-cr2=100 leri-cr3=100,leri-cr1=13 leri-cr2=100 leri-cr3=100,1171Mbit,1171Mbit,1
1790948470.503,leri-cr1=13 leri-cr2=100 leri-cr3=100,leri-cr1=13 leri-cr2=100 leri-cr3=100,leri-cr1=13 leri-cr2=100 leri-cr3=100,1171Mbit,1171Mbit,1
1790948480.555,leri-cr1=13 leri-cr2=100 leri-cr3=100,leri-cr1=13 leri-cr2=100 leri-cr3=100,leri-cr1=13 leri-cr2=100 leri-cr3=100,1171Mbit,1171Mbit,1
1790948490.607,leri-cr1=13 leri-cr2=100 leri-cr3=100,leri-cr1=13 leri-cr2=100 leri-cr3=100,leri-cr1=13 leri-cr2=100 leri-cr3=100,1171Mbit,1171Mbit,1
1790948500.878,leri-cr1=13 leri-cr2=100 leri-cr3=100,leri-cr1=13 leri-cr2=100 leri-cr3=100,leri-cr1=13 leri-cr2=100 leri-cr3=100,1171Mbit,1171Mbit,1
1790948510.922,leri-cr1=13 leri-cr2=100 leri-cr3=100,leri-cr1=13 leri-cr2=100 leri-cr3=100,leri-cr1=13 leri-cr2=100 leri-cr3=100,1171Mbit,1171Mbit,1
1790948520.968,leri-cr1=13 leri-cr2=100 leri-cr3=100,leri-cr1=13 leri-cr2=100 leri-cr3=100,leri-cr1=13 leri-cr2=100 leri-cr3=100,1171Mbit,1171Mbit,1
1790948531.016,leri-cr1=13 leri-cr2=100 leri-cr3=100,leri-cr1=13 leri-cr2=100 leri-cr3=100,leri-cr1=13 leri-cr2=100 leri-cr3=100,1171Mbit,1171Mbit,1
1790948541.068,leri-cr1=13 leri-cr2=100 leri-cr3=100,leri-cr1=13 leri-cr2=100 leri-cr3=100,leri-cr1=13 leri-cr2=100 leri-cr3=100,1171Mbit,1171Mbit,1
1790948551.120,leri-cr1=13 leri-cr2=100 leri-cr3=100,leri-cr1=13 leri-cr2=100 leri-cr3=100,leri-cr1=13 leri-cr2=100 leri-cr3=100,1171Mbit,1171Mbit,1
1790948561.379,leri-cr1=13 leri-cr2=100 leri-cr3=100,leri-cr1=13 leri-cr2=100 leri-cr3=100,leri-cr1=13 leri-cr2=100 leri-cr3=100,1171Mbit,1171Mbit,1
1790948571.433,leri-cr1=13 leri-cr2=100 leri-cr3=100,leri-cr1=13 leri-cr2=100 leri-cr3=100,leri-cr1=13 leri-cr2=100 leri-cr3=100,1171Mbit,1171Mbit,1
1790948581.486,leri-cr1=13 leri-cr2=100 leri-cr3=100,leri-cr1=13 leri-cr2=100 leri-cr3=100,leri-cr1=13 leri-cr2=100 leri-cr3=100,1171Mbit,1171Mbit,1
1790948591.539,leri-cr1=13 leri-cr2=100 leri-cr3=100,leri-cr1=13 leri-cr2=100 leri-cr3=100,leri-cr1=13 leri-cr2=100 leri-cr3=100,1171Mbit,1171Mbit,1
1790948601.587,leri-cr1=13 leri-cr2=100 leri-cr3=100,leri-cr1=13 leri-cr2=100 leri-cr3=100,leri-cr1=13 leri-cr2=100 leri-cr3=100,1171Mbit,1171Mbit,1
1790948611.641,leri-cr1=13 leri-cr2=100 leri-cr3=100,leri-cr1=13 leri-cr2=100 leri-cr3=100,leri-cr1=13 leri-cr2=100 leri-cr3=100,1171Mbit,1171Mbit,1
1790948621.936,leri-cr1=13 leri-cr2=100 leri-cr3=100,leri-cr1=13 leri-cr2=100 leri-cr3=100,leri-cr1=13 leri-cr2=100 leri-cr3=100,1171Mbit,1171Mbit,1
1790948631.991,leri-cr1=13 leri-cr2=100 leri-cr3=100,leri-cr1=13 leri-cr2=100 leri-cr3=100,leri-cr1=13 leri-cr2=100 leri-cr3=100,1171Mbit,1171Mbit,1
1790948642.043,leri-cr1=13 leri-cr2=100 leri-cr3=100,leri-cr1=13 leri-cr2=100 leri-cr3=100,leri-cr1=13 leri-cr2=100 leri-cr3=100,1171Mbit,1171Mbit,1
1790948652.099,leri-cr1=13 leri-cr2=100 leri-cr3=100,leri-cr1=13 leri-cr2=100 leri-cr3=100,leri-cr1=13 leri-cr2=100 leri-cr3=100,1171Mbit,1171Mbit,1
1790948662.151,leri-cr1=13 leri-cr2=100 leri-cr3=100,leri-cr1=13 leri-cr2=100 leri-cr3=100,leri-cr1=13 leri-cr2=100 leri-cr3=100,1171Mbit,1171Mbit,1
1790948672.201,leri-cr1=13 leri-cr2=100 leri-cr3=100,leri-cr1=13 leri-cr2=100 leri-cr3=100,leri-cr1=13 leri-cr2=100 leri-cr3=100,1171Mbit,1171Mbit,1
1790948682.481,leri-cr1=13 leri-cr2=100 leri-cr3=100,leri-cr1=13 leri-cr2=100 leri-cr3=100,leri-cr1=13 leri-cr2=100 leri-cr3=100,1171Mbit,1171Mbit,1
1790948692.537,leri-cr1=13 leri-cr2=100 leri-cr3=100,leri-cr1=13 leri-cr2=100 leri-cr3=100,leri-cr1=13 leri-cr2=100 leri-cr3=100,1171Mbit,1171Mbit,1
1790948702.593,leri-cr1=13 leri-cr2=100 leri-cr3=100,leri-cr1=13 leri-cr2=100 leri-cr3=100,leri-cr1=13 leri-cr2=100 leri-cr3=100,1171Mbit,1171Mbit,0
1790948712.668,leri-cr1=13 leri-cr2=100 leri-cr3=100,leri-cr1=13 leri-cr2=100 leri-cr3=100,leri-cr1=13 leri-cr2=100 leri-cr3=100,1171Mbit,1171Mbit,0
1790948722.743,leri-cr1=13 leri-cr2=100 leri-cr3=100,leri-cr1=13 leri-cr2=100 leri-cr3=100,leri-cr1=13 leri-cr2=100 leri-cr3=100,1171Mbit,1171Mbit,0
1790948732.819,leri-cr1=13 leri-cr2=100 leri-cr3=100,leri-cr1=13 leri-cr2=100 leri-cr3=100,leri-cr1=13 leri-cr2=100 leri-cr3=100,1171Mbit,1171Mbit,0
1790948743.198,leri-cr1=13 leri-cr2=100 leri-cr3=100,leri-cr1=13 leri-cr2=100 leri-cr3=100,leri-cr1=13 leri-cr2=100 leri-cr3=100,1171Mbit,1171Mbit,0
1790948753.269,leri-cr1=13 leri-cr2=100 leri-cr3=100,leri-cr1=13 leri-cr2=100 leri-cr3=100,leri-cr1=13 leri-cr2=100 leri-cr3=100,1171Mbit,1171Mbit,0
1790948763.346,leri-cr1=13 leri-cr2=100 leri-cr3=100,leri-cr1=13 leri-cr2=100 leri-cr3=100,leri-cr1=13 leri-cr2=100 leri-cr3=100,1171Mbit,1171Mbit,0
1790948773.424,leri-cr1=13 leri-cr2=100 leri-cr3=100,leri-cr1=13 leri-cr2=100 leri-cr3=100,leri-cr1=13 leri-cr2=100 leri-cr3=100,1171Mbit,1171Mbit,0
1790948783.501,leri-cr1=13 leri-cr2=100 leri-cr3=100,leri-cr1=13 leri-cr2=100 leri-cr3=100,leri-cr1=13 leri-cr2=100 leri-cr3=100,1171Mbit,1171Mbit,0
1790948793.577,leri-cr1=13 leri-cr2=100 leri-cr3=100,leri-cr1=13 leri-cr2=100 leri-cr3=100,leri-cr1=13 leri-cr2=100 leri-cr3=100,1171Mbit,1171Mbit,0
1790948803.992,leri-cr1=13 leri-cr2=100 leri-cr3=100,leri-cr1=13 leri-cr2=100 leri-cr3=100,leri-cr1=13 leri-cr2=100 leri-cr3=100,1171Mbit,1171Mbit,0
1790948814.067,leri-cr1=13 leri-cr2=100 leri-cr3=100,leri-cr1=13 leri-cr2=100 leri-cr3=100,leri-cr1=13 leri-cr2=100 leri-cr3=100,1171Mbit,1171Mbit,0
1790948824.141,leri-cr1=13 leri-cr2=100 leri-cr3=100,leri-cr1=13 leri-cr2=100 leri-cr3=100,leri-cr1=13 leri-cr2=100 leri-cr3=100,1171Mbit,1171Mbit,0
1790948834.189,leri-cr1=13 leri-cr2=100 leri-cr3=100,leri-cr1=13 leri-cr2=100 leri-cr3=100,leri-cr1=13 leri-cr2=100 leri-cr3=100,1171Mbit,1171Mbit,0
1790948844.245,leri-cr1=13 leri-cr2=100 leri-cr3=100,leri-cr1=13 leri-cr2=100 leri-cr3=100,leri-cr1=13 leri-cr2=100 leri-cr3=100,1171Mbit,1171Mbit,1
1790948854.294,leri-cr1=13 leri-cr2=100 leri-cr3=100,leri-cr1=13 leri-cr2=100 leri-cr3=100,leri-cr1=13 leri-cr2=100 leri-cr3=100,1171Mbit,1171Mbit,1
1790948864.540,leri-cr1=13 leri-cr2=100 leri-cr3=100,leri-cr1=13 leri-cr2=100 leri-cr3=100,leri-cr1=13 leri-cr2=100 leri-cr3=100,1171Mbit,1171Mbit,1
1790948874.591,leri-cr1=13 leri-cr2=100 leri-cr3=100,leri-cr1=13 leri-cr2=100 leri-cr3=100,leri-cr1=13 leri-cr2=100 leri-cr3=100,1171Mbit,1171Mbit,1
1790948884.647,leri-cr1=13 leri-cr2=100 leri-cr3=100,leri-cr1=13 leri-cr2=100 leri-cr3=100,leri-cr1=13 leri-cr2=100 leri-cr3=100,1171Mbit,1171Mbit,1
1790948894.699,leri-cr1=13 leri-cr2=100 leri-cr3=100,leri-cr1=13 leri-cr2=100 leri-cr3=100,leri-cr1=13 leri-cr2=100 leri-cr3=100,1171Mbit,1171Mbit,1
1790948904.757,leri-cr1=13 leri-cr2=100 leri-cr3=100,leri-cr1=13 leri-cr2=100 leri-cr3=100,leri-cr1=13 leri-cr2=100 leri-cr3=100,1171Mbit,1171Mbit,1
1790948914.806,leri-cr1=13 leri-cr2=100 leri-cr3=100,leri-cr1=13 leri-cr2=100 leri-cr3=100,leri-cr1=13 leri-cr2=100 leri-cr3=100,1171Mbit,1171Mbit,1
1790948925.065,leri-cr1=13 leri-cr2=100 leri-cr3=100,leri-cr1=13 leri-cr2=100 leri-cr3=100,leri-cr1=13 leri-cr2=100 leri-cr3=100,1171Mbit,1171Mbit,1
1790948935.110,leri-cr1=13 leri-cr2=100 leri-cr3=100,leri-cr1=13 leri-cr2=100 leri-cr3=100,leri-cr1=13 leri-cr2=100 leri-cr3=100,1171Mbit,1171Mbit,1
1790948945.163,leri-cr1=13 leri-cr2=100 leri-cr3=100,leri-cr1=13 leri-cr2=100 leri-cr3=100,leri-cr1=13 leri-cr2=100 leri-cr3=100,1171Mbit,1171Mbit,1
1790948955.219,leri-cr1=13 leri-cr2=100 leri-cr3=100,leri-cr1=13 leri-cr2=100 leri-cr3=100,leri-cr1=13 leri-cr2=100 leri-cr3=100,1171Mbit,1171Mbit,1
1790948965.272,leri-cr1=13 leri-cr2=100 leri-cr3=100,leri-cr1=13 leri-cr2=100 leri-cr3=100,leri-cr1=13 leri-cr2=100 leri-cr3=100,1171Mbit,1171Mbit,1
1790948975.324,leri-cr1=13 leri-cr2=100 leri-cr3=100,leri-cr1=13 leri-cr2=100 leri-cr3=100,leri-cr1=13 leri-cr2=100 leri-cr3=100,1171Mbit,1171Mbit,1
1790948985.611,leri-cr1=13 leri-cr2=100 leri-cr3=100,leri-cr1=13 leri-cr2=100 leri-cr3=100,leri-cr1=13 leri-cr2=100 leri-cr3=100,1171Mbit,1171Mbit,1
1790948995.670,leri-cr1=13 leri-cr2=100 leri-cr3=100,leri-cr1=13 leri-cr2=100 leri-cr3=100,leri-cr1=13 leri-cr2=100 leri-cr3=100,1171Mbit,1171Mbit,1
1790949005.719,leri-cr1=13 leri-cr2=100 leri-cr3=100,leri-cr1=13 leri-cr2=100 leri-cr3=100,leri-cr1=13 leri-cr2=100 leri-cr3=100,1171Mbit,1171Mbit,1
1790949015.768,leri-cr1=13 leri-cr2=100 leri-cr3=100,leri-cr1=13 leri-cr2=100 leri-cr3=100,leri-cr1=13 leri-cr2=100 leri-cr3=100,1171Mbit,1171Mbit,1
1790949025.823,leri-cr1=13 leri-cr2=100 leri-cr3=100,leri-cr1=13 leri-cr2=100 leri-cr3=100,leri-cr1=13 leri-cr2=100 leri-cr3=100,1171Mbit,1171Mbit,1
1790949035.875,leri-cr1=13 leri-cr2=100 leri-cr3=100,leri-cr1=13 leri-cr2=100 leri-cr3=100,leri-cr1=13 leri-cr2=100 leri-cr3=100,1171Mbit,1171Mbit,1
1790949046.133,leri-cr1=13 leri-cr2=100 leri-cr3=100,leri-cr1=13 leri-cr2=100 leri-cr3=100,leri-cr1=13 leri-cr2=100 leri-cr3=100,1171Mbit,1171Mbit,1
1790949056.190,leri-cr1=13 leri-cr2=100 leri-cr3=100,leri-cr1=13 leri-cr2=100 leri-cr3=100,leri-cr1=13 leri-cr2=100 leri-cr3=100,1171Mbit,1171Mbit,1
1790949066.253,leri-cr1=13 leri-cr2=100 leri-cr3=100,leri-cr1=13 leri-cr2=100 leri-cr3=100,leri-cr1=13 leri-cr2=100 leri-cr3=100,1171Mbit,1171Mbit,1
1790949076.310,leri-cr1=13 leri-cr2=100 leri-cr3=100,leri-cr1=13 leri-cr2=100 leri-cr3=100,leri-cr1=13 leri-cr2=100 leri-cr3=100,1171Mbit,1171Mbit,1
1790949086.365,leri-cr1=13 leri-cr2=100 leri-cr3=100,leri-cr1=13 leri-cr2=100 leri-cr3=100,leri-cr1=13 leri-cr2=100 leri-cr3=100,1171Mbit,1171Mbit,1
1790949096.418,leri-cr1=13 leri-cr2=100 leri-cr3=100,leri-cr1=13 leri-cr2=100 leri-cr3=100,leri-cr1=13 leri-cr2=100 leri-cr3=100,1171Mbit,1171Mbit,1
1790949106.735,leri-cr1=13 leri-cr2=100 leri-cr3=100,leri-cr1=13 leri-cr2=100 leri-cr3=100,leri-cr1=13 leri-cr2=100 leri-cr3=100,1171Mbit,1171Mbit,1
1790949116.783,leri-cr1=13 leri-cr2=100 leri-cr3=100,leri-cr1=13 leri-cr2=100 leri-cr3=100,leri-cr1=13 leri-cr2=100 leri-cr3=100,1171Mbit,1171Mbit,1
1790949126.831,leri-cr1=13 leri-cr2=100 leri-cr3=100,leri-cr1=13 leri-cr2=100 leri-cr3=100,leri-cr1=13 leri-cr2=100 leri-cr3=100,1171Mbit,1171Mbit,1
1790949136.885,leri-cr1=13 leri-cr2=100 leri-cr3=100,leri-cr1=13 leri-cr2=100 leri-cr3=100,leri-cr1=13 leri-cr2=100 leri-cr3=100,1171Mbit,1171Mbit,1
1790949146.938,leri-cr1=13 leri-cr2=100 leri-cr3=100,leri-cr1=13 leri-cr2=100 leri-cr3=100,leri-cr1=13 leri-cr2=100 leri-cr3=100,1171Mbit,1171Mbit,1
1790949156.985,leri-cr1=13 leri-cr2=100 leri-cr3=100,leri-cr1=13 leri-cr2=100 leri-cr3=100,leri-cr1=13 leri-cr2=100 leri-cr3=100,1171Mbit,1171Mbit,1
1790949167.252,leri-cr1=13 leri-cr2=100 leri-cr3=100,leri-cr1=13 leri-cr2=100 leri-cr3=100,leri-cr1=13 leri-cr2=100 leri-cr3=100,1171Mbit,1171Mbit,1
1790949177.306,leri-cr1=13 leri-cr2=100 leri-cr3=100,leri-cr1=13 leri-cr2=100 leri-cr3=100,leri-cr1=13 leri-cr2=100 leri-cr3=100,1171Mbit,1171Mbit,1
1790949187.360,leri-cr1=13 leri-cr2=100 leri-cr3=100,leri-cr1=13 leri-cr2=100 leri-cr3=100,leri-cr1=13 leri-cr2=100 leri-cr3=100,1171Mbit,1171Mbit,1
1790949197.412,leri-cr1=13 leri-cr2=100 leri-cr3=100,leri-cr1=13 leri-cr2=100 leri-cr3=100,leri-cr1=13 leri-cr2=100 leri-cr3=100,1171Mbit,1171Mbit,1
1790949207.460,leri-cr1=13 leri-cr2=100 leri-cr3=100,leri-cr1=13 leri-cr2=100 leri-cr3=100,leri-cr1=13 leri-cr2=100 leri-cr3=100,1171Mbit,1171Mbit,1
1790949217.723,leri-cr1=13 leri-cr2=100 leri-cr3=100,leri-cr1=13 leri-cr2=100 leri-cr3=100,leri-cr1=13 leri-cr2=100 leri-cr3=100,1171Mbit,1171Mbit,1
1790949227.773,leri-cr1=13 leri-cr2=100 leri-cr3=100,leri-cr1=13 leri-cr2=100 leri-cr3=100,leri-cr1=13 leri-cr2=100 leri-cr3=100,1171Mbit,1171Mbit,1
1790949237.827,leri-cr1=13 leri-cr2=100 leri-cr3=100,leri-cr1=13 leri-cr2=100 leri-cr3=100,leri-cr1=13 leri-cr2=100 leri-cr3=100,1171Mbit,1171Mbit,1
1790949247.878,leri-cr1=13 leri-cr2=100 leri-cr3=100,leri-cr1=13 leri-cr2=100 leri-cr3=100,leri-cr1=13 leri-cr2=100 leri-cr3=100,1171Mbit,1171Mbit,1
1790949257.928,leri-cr1=13 leri-cr2=100 leri-cr3=100,leri-cr1=13 leri-cr2=100 leri-cr3=100,leri-cr1=13 leri-cr2=100 leri-cr3=100,1171Mbit,1171Mbit,1
1790949267.982,leri-cr1=13 leri-cr2=100 leri-cr3=100,leri-cr1=13 leri-cr2=100 leri-cr3=100,leri-cr1=13 leri-cr2=100 leri-cr3=100,1171Mbit,1171Mbit,1
1790949278.255,leri-cr1=13 leri-cr2=100 leri-cr3=100,leri-cr1=13 leri-cr2=100 leri-cr3=100,leri-cr1=13 leri-cr2=100 leri-cr3=100,1171Mbit,1171Mbit,1
1790949288.304,leri-cr1=13 leri-cr2=100 leri-cr3=100,leri-cr1=13 leri-cr2=100 leri-cr3=100,leri-cr1=13 leri-cr2=100 leri-cr3=100,1171Mbit,1171Mbit,1
1790949298.358,leri-cr1=13 leri-cr2=100 leri-cr3=100,leri-cr1=13 leri-cr2=100 leri-cr3=100,leri-cr1=13 leri-cr2=100 leri-cr3=100,1171Mbit,1171Mbit,1
1790949308.410,leri-cr1=13 leri-cr2=100 leri-cr3=100,leri-cr1=13 leri-cr2=100 leri-cr3=100,leri-cr1=13 leri-cr2=100 leri-cr3=100,1171Mbit,1171Mbit,1
1790949318.468,leri-cr1=13 leri-cr2=100 leri-cr3=100,leri-cr1=13 leri-cr2=100 leri-cr3=100,leri-cr1=13 leri-cr2=100 leri-cr3=100,1171Mbit,1171Mbit,1
1790949328.515,leri-cr1=13 leri-cr2=100 leri-cr3=100,leri-cr1=13 leri-cr2=100 leri-cr3=100,leri-cr1=13 leri-cr2=100 leri-cr3=100,1171Mbit,1171Mbit,1
1790949338.785,leri-cr1=13 leri-cr2=100 leri-cr3=100,leri-cr1=13 leri-cr2=100 leri-cr3=100,leri-cr1=13 leri-cr2=100 leri-cr3=100,1171Mbit,1171Mbit,1
1790949348.860,leri-cr1=13 leri-cr2=100 leri-cr3=100,leri-cr1=13 leri-cr2=100 leri-cr3=100,leri-cr1=13 leri-cr2=100 leri-cr3=100,1171Mbit,1171Mbit,1
1790949358.916,leri-cr1=13 leri-cr2=100 leri-cr3=100,leri-cr1=13 leri-cr2=100 leri-cr3=100,leri-cr1=13 leri-cr2=100 leri-cr3=100,1171Mbit,1171Mbit,1
1790949368.970,leri-cr1=13 leri-cr2=100 leri-cr3=100,leri-cr1=13 leri-cr2=100 leri-cr3=100,leri-cr1=13 leri-cr2=100 leri-cr3=100,1171Mbit,1171Mbit,1
1790949379.021,leri-cr1=13 leri-cr2=100 leri-cr3=100,leri-cr1=13 leri-cr2=100 leri-cr3=100,leri-cr1=13 leri-cr2=100 leri-cr3=100,1171Mbit,1171Mbit,1
1790949389.070,leri-cr1=13 leri-cr2=100 leri-cr3=100,leri-cr1=13 leri-cr2=100 leri-cr3=100,leri-cr1=13 leri-cr2=100 leri-cr3=100,1171Mbit,1171Mbit,1
1790949399.357,leri-cr1=13 leri-cr2=100 leri-cr3=100,leri-cr1=13 leri-cr2=100 leri-cr3=100,leri-cr1=13 leri-cr2=100 leri-cr3=100,1171Mbit,1171Mbit,1
1790949409.414,leri-cr1=13 leri-cr2=100 leri-cr3=100,leri-cr1=13 leri-cr2=100 leri-cr3=100,leri-cr1=13 leri-cr2=100 leri-cr3=100,1171Mbit,1171Mbit,1
1790949419.469,leri-cr1=13 leri-cr2=100 leri-cr3=100,leri-cr1=13 leri-cr2=100 leri-cr3=100,leri-cr1=13 leri-cr2=100 leri-cr3=100,1171Mbit,1171Mbit,1
1790949429.515,leri-cr1=13 leri-cr2=100 leri-cr3=100,leri-cr1=13 leri-cr2=100 leri-cr3=100,leri-cr1=13 leri-cr2=100 leri-cr3=100,1171Mbit,1171Mbit,1
1790949439.570,leri-cr1=13 leri-cr2=100 leri-cr3=100,leri-cr1=13 leri-cr2=100 leri-cr3=100,leri-cr1=13 leri-cr2=100 leri-cr3=100,1171Mbit,1171Mbit,1
1790949449.620,leri-cr1=13 leri-cr2=100 leri-cr3=100,leri-cr1=13 leri-cr2=100 leri-cr3=100,leri-cr1=13 leri-cr2=100 leri-cr3=100,1171Mbit,1171Mbit,1
1790949459.859,leri-cr1=13 leri-cr2=100 leri-cr3=100,leri-cr1=13 leri-cr2=100 leri-cr3=100,leri-cr1=13 leri-cr2=100 leri-cr3=100,1171Mbit,1171Mbit,1
1790949469.913,leri-cr1=13 leri-cr2=100 leri-cr3=100,leri-cr1=13 leri-cr2=100 leri-cr3=100,leri-cr1=13 leri-cr2=100 leri-cr3=100,1171Mbit,1171Mbit,1
1790949479.966,leri-cr1=13 leri-cr2=100 leri-cr3=100,leri-cr1=13 leri-cr2=100 leri-cr3=100,leri-cr1=13 leri-cr2=100 leri-cr3=100,1171Mbit,1171Mbit,1
1790949490.016,leri-cr1=13 leri-cr2=100 leri-cr3=100,leri-cr1=13 leri-cr2=100 leri-cr3=100,leri-cr1=13 leri-cr2=100 leri-cr3=100,1171Mbit,1171Mbit,1
1790949500.060,leri-cr1=13 leri-cr2=100 leri-cr3=100,leri-cr1=13 leri-cr2=100 leri-cr3=100,leri-cr1=13 leri-cr2=100 leri-cr3=100,1171Mbit,1171Mbit,1
1790949510.114,leri-cr1=13 leri-cr2=100 leri-cr3=100,leri-cr1=13 leri-cr2=100 leri-cr3=100,leri-cr1=13 leri-cr2=100 leri-cr3=100,1171Mbit,1171Mbit,1
1790949520.423,leri-cr1=13 leri-cr2=100 leri-cr3=100,leri-cr1=13 leri-cr2=100 leri-cr3=100,leri-cr1=13 leri-cr2=100 leri-cr3=100,1171Mbit,1171Mbit,1
1790949530.474,leri-cr1=13 leri-cr2=100 leri-cr3=100,leri-cr1=13 leri-cr2=100 leri-cr3=100,leri-cr1=13 leri-cr2=100 leri-cr3=100,1171Mbit,1171Mbit,1
1790949540.528,leri-cr1=13 leri-cr2=100 leri-cr3=100,leri-cr1=13 leri-cr2=100 leri-cr3=100,leri-cr1=13 leri-cr2=100 leri-cr3=100,1171Mbit,1171Mbit,1
1790949550.582,leri-cr1=13 leri-cr2=100 leri-cr3=100,leri-cr1=13 leri-cr2=100 leri-cr3=100,leri-cr1=13 leri-cr2=100 leri-cr3=100,1171Mbit,1171Mbit,1
1790949560.641,leri-cr1=13 leri-cr2=100 leri-cr3=100,leri-cr1=13 leri-cr2=100 leri-cr3=100,leri-cr1=13 leri-cr2=100 leri-cr3=100,1171Mbit,1171Mbit,1
1790949570.694,leri-cr1=13 leri-cr2=100 leri-cr3=100,leri-cr1=13 leri-cr2=100 leri-cr3=100,leri-cr1=13 leri-cr2=100 leri-cr3=100,1171Mbit,1171Mbit,1
1790949580.974,leri-cr1=13 leri-cr2=100 leri-cr3=100,leri-cr1=13 leri-cr2=100 leri-cr3=100,leri-cr1=13 leri-cr2=100 leri-cr3=100,1171Mbit,1171Mbit,1
1790949591.027,leri-cr1=13 leri-cr2=100 leri-cr3=100,leri-cr1=13 leri-cr2=100 leri-cr3=100,leri-cr1=13 leri-cr2=100 leri-cr3=100,1171Mbit,1171Mbit,1
1790949601.081,leri-cr1=13 leri-cr2=100 leri-cr3=100,leri-cr1=13 leri-cr2=100 leri-cr3=100,leri-cr1=13 leri-cr2=100 leri-cr3=100,1171Mbit,1171Mbit,1
1790949611.154,leri-cr1=13 leri-cr2=100 leri-cr3=100,leri-cr1=13 leri-cr2=100 leri-cr3=100,leri-cr1=13 leri-cr2=100 leri-cr3=100,1171Mbit,1171Mbit,0
1790949621.227,leri-cr1=13 leri-cr2=100 leri-cr3=100,leri-cr1=13 leri-cr2=100 leri-cr3=100,leri-cr1=13 leri-cr2=100 leri-cr3=100,1171Mbit,1171Mbit,0
1790949631.304,leri-cr1=13 leri-cr2=100 leri-cr3=100,leri-cr1=13 leri-cr2=100 leri-cr3=100,leri-cr1=13 leri-cr2=100 leri-cr3=100,1171Mbit,1171Mbit,0
1790949641.714,leri-cr1=13 leri-cr2=100 leri-cr3=100,leri-cr1=13 leri-cr2=100 leri-cr3=100,leri-cr1=13 leri-cr2=100 leri-cr3=100,1171Mbit,1171Mbit,0
1790949651.793,leri-cr1=13 leri-cr2=100 leri-cr3=100,leri-cr1=13 leri-cr2=100 leri-cr3=100,leri-cr1=13 leri-cr2=100 leri-cr3=100,1171Mbit,1171Mbit,0
1790949661.868,leri-cr1=13 leri-cr2=100 leri-cr3=100,leri-cr1=13 leri-cr2=100 leri-cr3=100,leri-cr1=13 leri-cr2=100 leri-cr3=100,1171Mbit,1171Mbit,0
1790949671.949,leri-cr1=13 leri-cr2=100 leri-cr3=100,leri-cr1=13 leri-cr2=100 leri-cr3=100,leri-cr1=13 leri-cr2=100 leri-cr3=100,1171Mbit,1171Mbit,0
1790949682.024,leri-cr1=13 leri-cr2=100 leri-cr3=100,leri-cr1=13 leri-cr2=100 leri-cr3=100,leri-cr1=13 leri-cr2=100 leri-cr3=100,1171Mbit,1171Mbit,0
1790949692.101,leri-cr1=13 leri-cr2=100 leri-cr3=100,leri-cr1=13 leri-cr2=100 leri-cr3=100,leri-cr1=13 leri-cr2=100 leri-cr3=100,1171Mbit,1171Mbit,0
1790949702.501,leri-cr1=13 leri-cr2=100 leri-cr3=100,leri-cr1=13 leri-cr2=100 leri-cr3=100,leri-cr1=13 leri-cr2=100 leri-cr3=100,1171Mbit,1171Mbit,0
1790949712.580,leri-cr1=13 leri-cr2=100 leri-cr3=100,leri-cr1=13 leri-cr2=100 leri-cr3=100,leri-cr1=13 leri-cr2=100 leri-cr3=100,1171Mbit,1171Mbit,0
1790949722.657,leri-cr1=13 leri-cr2=100 leri-cr3=100,leri-cr1=13 leri-cr2=100 leri-cr3=100,leri-cr1=13 leri-cr2=100 leri-cr3=100,1171Mbit,1171Mbit,0
1790949732.707,leri-cr1=13 leri-cr2=100 leri-cr3=100,leri-cr1=13 leri-cr2=100 leri-cr3=100,leri-cr1=13 leri-cr2=100 leri-cr3=100,1171Mbit,1171Mbit,0
1790949742.760,leri-cr1=13 leri-cr2=100 leri-cr3=100,leri-cr1=13 leri-cr2=100 leri-cr3=100,leri-cr1=13 leri-cr2=100 leri-cr3=100,1171Mbit,1171Mbit,1
1790949752.807,leri-cr1=13 leri-cr2=100 leri-cr3=100,leri-cr1=13 leri-cr2=100 leri-cr3=100,leri-cr1=13 leri-cr2=100 leri-cr3=100,1171Mbit,1171Mbit,1
1790949763.098,leri-cr1=13 leri-cr2=100 leri-cr3=100,leri-cr1=13 leri-cr2=100 leri-cr3=100,leri-cr1=13 leri-cr2=100 leri-cr3=100,1171Mbit,1171Mbit,1
1790949773.148,leri-cr1=13 leri-cr2=100 leri-cr3=100,leri-cr1=13 leri-cr2=100 leri-cr3=100,leri-cr1=13 leri-cr2=100 leri-cr3=100,1171Mbit,1171Mbit,1
1790949783.199,leri-cr1=13 leri-cr2=100 leri-cr3=100,leri-cr1=13 leri-cr2=100 leri-cr3=100,leri-cr1=13 leri-cr2=100 leri-cr3=100,1171Mbit,1171Mbit,1
1790949793.292,leri-cr1=13 leri-cr2=100 leri-cr3=100,leri-cr1=13 leri-cr2=100 leri-cr3=100,leri-cr1=13 leri-cr2=100 leri-cr3=100,1171Mbit,1171Mbit,1
1790949803.346,leri-cr1=13 leri-cr2=100 leri-cr3=100,leri-cr1=13 leri-cr2=100 leri-cr3=100,leri-cr1=13 leri-cr2=100 leri-cr3=100,1171Mbit,1171Mbit,1
1790949813.405,leri-cr1=13 leri-cr2=100 leri-cr3=100,leri-cr1=13 leri-cr2=100 leri-cr3=100,leri-cr1=13 leri-cr2=100 leri-cr3=100,1171Mbit,1171Mbit,1
1790949823.715,leri-cr1=13 leri-cr2=100 leri-cr3=100,leri-cr1=13 leri-cr2=100 leri-cr3=100,leri-cr1=13 leri-cr2=100 leri-cr3=100,1171Mbit,1171Mbit,1
1790949833.772,leri-cr1=13 leri-cr2=100 leri-cr3=100,leri-cr1=13 leri-cr2=100 leri-cr3=100,leri-cr1=13 leri-cr2=100 leri-cr3=100,1171Mbit,1171Mbit,1
1790949843.827,leri-cr1=13 leri-cr2=100 leri-cr3=100,leri-cr1=13 leri-cr2=100 leri-cr3=100,leri-cr1=13 leri-cr2=100 leri-cr3=100,1171Mbit,1171Mbit,1
1790949853.878,leri-cr1=13 leri-cr2=100 leri-cr3=100,leri-cr1=13 leri-cr2=100 leri-cr3=100,leri-cr1=13 leri-cr2=100 leri-cr3=100,1171Mbit,1171Mbit,1
1790949863.934,leri-cr1=13 leri-cr2=100 leri-cr3=100,leri-cr1=13 leri-cr2=100 leri-cr3=100,leri-cr1=13 leri-cr2=100 leri-cr3=100,1171Mbit,1171Mbit,1
1790949873.986,leri-cr1=13 leri-cr2=100 leri-cr3=100,leri-cr1=13 leri-cr2=100 leri-cr3=100,leri-cr1=13 leri-cr2=100 leri-cr3=100,1171Mbit,1171Mbit,1
1790949884.266,leri-cr1=13 leri-cr2=100 leri-cr3=100,leri-cr1=13 leri-cr2=100 leri-cr3=100,leri-cr1=13 leri-cr2=100 leri-cr3=100,1171Mbit,1171Mbit,1
1790949894.318,leri-cr1=13 leri-cr2=100 leri-cr3=100,leri-cr1=13 leri-cr2=100 leri-cr3=100,leri-cr1=13 leri-cr2=100 leri-cr3=100,1171Mbit,1171Mbit,1
1790949904.359,leri-cr1=13 leri-cr2=100 leri-cr3=100,leri-cr1=13 leri-cr2=100 leri-cr3=100,leri-cr1=13 leri-cr2=100 leri-cr3=100,1171Mbit,1171Mbit,1
1790949914.414,leri-cr1=13 leri-cr2=100 leri-cr3=100,leri-cr1=13 leri-cr2=100 leri-cr3=100,leri-cr1=13 leri-cr2=100 leri-cr3=100,1171Mbit,1171Mbit,1
1790949924.471,leri-cr1=13 leri-cr2=100 leri-cr3=100,leri-cr1=13 leri-cr2=100 leri-cr3=100,leri-cr1=13 leri-cr2=100 leri-cr3=100,1171Mbit,1171Mbit,1
1790949934.525,leri-cr1=13 leri-cr2=100 leri-cr3=100,leri-cr1=13 leri-cr2=100 leri-cr3=100,leri-cr1=13 leri-cr2=100 leri-cr3=100,1171Mbit,1171Mbit,1
1790949944.772,leri-cr1=13 leri-cr2=100 leri-cr3=100,leri-cr1=13 leri-cr2=100 leri-cr3=100,leri-cr1=13 leri-cr2=100 leri-cr3=100,1171Mbit,1171Mbit,1
1790949954.825,leri-cr1=13 leri-cr2=100 leri-cr3=100,leri-cr1=13 leri-cr2=100 leri-cr3=100,leri-cr1=13 leri-cr2=100 leri-cr3=100,1171Mbit,1171Mbit,1
1790949964.879,leri-cr1=13 leri-cr2=100 leri-cr3=100,leri-cr1=13 leri-cr2=100 leri-cr3=100,leri-cr1=13 leri-cr2=100 leri-cr3=100,1171Mbit,1171Mbit,1
1790949974.931,leri-cr1=13 leri-cr2=100 leri-cr3=100,leri-cr1=13 leri-cr2=100 leri-cr3=100,leri-cr1=13 leri-cr2=100 leri-cr3=100,1171Mbit,1171Mbit,1
1790949984.983,leri-cr1=13 leri-cr2=100 leri-cr3=100,leri-cr1=13 leri-cr2=100 leri-cr3=100,leri-cr1=13 leri-cr2=100 leri-cr3=100,1171Mbit,1171Mbit,1
1790949995.038,leri-cr1=13 leri-cr2=100 leri-cr3=100,leri-cr1=13 leri-cr2=100 leri-cr3=100,leri-cr1=13 leri-cr2=100 leri-cr3=100,1171Mbit,1171Mbit,1
1790950005.304,leri-cr1=13 leri-cr2=100 leri-cr3=100,leri-cr1=13 leri-cr2=100 leri-cr3=100,leri-cr1=13 leri-cr2=100 leri-cr3=100,1171Mbit,1171Mbit,1
1790950015.358,leri-cr1=13 leri-cr2=100 leri-cr3=100,leri-cr1=13 leri-cr2=100 leri-cr3=100,leri-cr1=13 leri-cr2=100 leri-cr3=100,1171Mbit,1171Mbit,1
1790950025.413,leri-cr1=13 leri-cr2=100 leri-cr3=100,leri-cr1=13 leri-cr2=100 leri-cr3=100,leri-cr1=13 leri-cr2=100 leri-cr3=100,1171Mbit,1171Mbit,1
1790950035.466,leri-cr1=13 leri-cr2=100 leri-cr3=100,leri-cr1=13 leri-cr2=100 leri-cr3=100,leri-cr1=13 leri-cr2=100 leri-cr3=100,1171Mbit,1171Mbit,1
1790950045.518,leri-cr1=13 leri-cr2=100 leri-cr3=100,leri-cr1=13 leri-cr2=100 leri-cr3=100,leri-cr1=13 leri-cr2=100 leri-cr3=100,1171Mbit,1171Mbit,1
1790950055.560,leri-cr1=13 leri-cr2=100 leri-cr3=100,leri-cr1=13 leri-cr2=100 leri-cr3=100,leri-cr1=13 leri-cr2=100 leri-cr3=100,1171Mbit,1171Mbit,1
1790950065.842,leri-cr1=13 leri-cr2=100 leri-cr3=100,leri-cr1=13 leri-cr2=100 leri-cr3=100,leri-cr1=13 leri-cr2=100 leri-cr3=100,1171Mbit,1171Mbit,1
1790950075.926,leri-cr1=13 leri-cr2=100 leri-cr3=100,leri-cr1=13 leri-cr2=100 leri-cr3=100,leri-cr1=13 leri-cr2=100 leri-cr3=100,1171Mbit,1171Mbit,1
1790950085.977,leri-cr1=13 leri-cr2=100 leri-cr3=100,leri-cr1=13 leri-cr2=100 leri-cr3=100,leri-cr1=13 leri-cr2=100 leri-cr3=100,1171Mbit,1171Mbit,1
1790950096.053,leri-cr1=13 leri-cr2=100 leri-cr3=100,leri-cr1=13 leri-cr2=100 leri-cr3=100,leri-cr1=13 leri-cr2=100 leri-cr3=100,1171Mbit,1171Mbit,1
1790950106.106,leri-cr1=13 leri-cr2=100 leri-cr3=100,leri-cr1=13 leri-cr2=100 leri-cr3=100,leri-cr1=13 leri-cr2=100 leri-cr3=100,1171Mbit,1171Mbit,1
1790950116.159,leri-cr1=13 leri-cr2=100 leri-cr3=100,leri-cr1=13 leri-cr2=100 leri-cr3=100,leri-cr1=13 leri-cr2=100 leri-cr3=100,1171Mbit,1171Mbit,1
1790950126.399,leri-cr1=13 leri-cr2=100 leri-cr3=100,leri-cr1=13 leri-cr2=100 leri-cr3=100,leri-cr1=13 leri-cr2=100 leri-cr3=100,1171Mbit,1171Mbit,1
1790950136.450,leri-cr1=13 leri-cr2=100 leri-cr3=100,leri-cr1=13 leri-cr2=100 leri-cr3=100,leri-cr1=13 leri-cr2=100 leri-cr3=100,1171Mbit,1171Mbit,1
1790950146.501,leri-cr1=13 leri-cr2=100 leri-cr3=100,leri-cr1=13 leri-cr2=100 leri-cr3=100,leri-cr1=13 leri-cr2=100 leri-cr3=100,1171Mbit,1171Mbit,1
1790950156.557,leri-cr1=13 leri-cr2=100 leri-cr3=100,leri-cr1=13 leri-cr2=100 leri-cr3=100,leri-cr1=13 leri-cr2=100 leri-cr3=100,1171Mbit,1171Mbit,1
1790950166.610,leri-cr1=13 leri-cr2=100 leri-cr3=100,leri-cr1=13 leri-cr2=100 leri-cr3=100,leri-cr1=13 leri-cr2=100 leri-cr3=100,1171Mbit,1171Mbit,1
1790950176.665,leri-cr1=13 leri-cr2=100 leri-cr3=100,leri-cr1=13 leri-cr2=100 leri-cr3=100,leri-cr1=13 leri-cr2=100 leri-cr3=100,1171Mbit,1171Mbit,1
1790950186.977,leri-cr1=13 leri-cr2=100 leri-cr3=100,leri-cr1=13 leri-cr2=100 leri-cr3=100,leri-cr1=13 leri-cr2=100 leri-cr3=100,1171Mbit,1171Mbit,1
1790950197.028,leri-cr1=13 leri-cr2=100 leri-cr3=100,leri-cr1=13 leri-cr2=100 leri-cr3=100,leri-cr1=13 leri-cr2=100 leri-cr3=100,1171Mbit,1171Mbit,1
1790950207.075,leri-cr1=13 leri-cr2=100 leri-cr3=100,leri-cr1=13 leri-cr2=100 leri-cr3=100,leri-cr1=13 leri-cr2=100 leri-cr3=100,1171Mbit,1171Mbit,1
1790950217.128,leri-cr1=13 leri-cr2=100 leri-cr3=100,leri-cr1=13 leri-cr2=100 leri-cr3=100,leri-cr1=13 leri-cr2=100 leri-cr3=100,1171Mbit,1171Mbit,1
1790950227.180,leri-cr1=13 leri-cr2=100 leri-cr3=100,leri-cr1=13 leri-cr2=100 leri-cr3=100,leri-cr1=13 leri-cr2=100 leri-cr3=100,1171Mbit,1171Mbit,1
1790950237.232,leri-cr1=13 leri-cr2=100 leri-cr3=100,leri-cr1=13 leri-cr2=100 leri-cr3=100,leri-cr1=13 leri-cr2=100 leri-cr3=100,1171Mbit,1171Mbit,1
1790950247.446,leri-cr1=13 leri-cr2=100 leri-cr3=100,leri-cr1=13 leri-cr2=100 leri-cr3=100,leri-cr1=13 leri-cr2=100 leri-cr3=100,1171Mbit,1171Mbit,1
1790950257.496,leri-cr1=13 leri-cr2=100 leri-cr3=100,leri-cr1=13 leri-cr2=100 leri-cr3=100,leri-cr1=13 leri-cr2=100 leri-cr3=100,1171Mbit,1171Mbit,1
1790950267.553,leri-cr1=13 leri-cr2=100 leri-cr3=100,leri-cr1=13 leri-cr2=100 leri-cr3=100,leri-cr1=13 leri-cr2=100 leri-cr3=100,1171Mbit,1171Mbit,1
1790950277.607,leri-cr1=13 leri-cr2=100 leri-cr3=100,leri-cr1=13 leri-cr2=100 leri-cr3=100,leri-cr1=13 leri-cr2=100 leri-cr3=100,1171Mbit,1171Mbit,1
1790950287.658,leri-cr1=13 leri-cr2=100 leri-cr3=100,leri-cr1=13 leri-cr2=100 leri-cr3=100,leri-cr1=13 leri-cr2=100 leri-cr3=100,1171Mbit,1171Mbit,1
1790950297.714,leri-cr1=13 leri-cr2=100 leri-cr3=100,leri-cr1=13 leri-cr2=100 leri-cr3=100,leri-cr1=13 leri-cr2=100 leri-cr3=100,1171Mbit,1171Mbit,1
1790950308.028,leri-cr1=13 leri-cr2=100 leri-cr3=100,leri-cr1=13 leri-cr2=100 leri-cr3=100,leri-cr1=13 leri-cr2=100 leri-cr3=100,1171Mbit,1171Mbit,1
1790950318.099,leri-cr1=13 leri-cr2=100 leri-cr3=100,leri-cr1=13 leri-cr2=100 leri-cr3=100,leri-cr1=13 leri-cr2=100 leri-cr3=100,1171Mbit,1171Mbit,1
1790950328.150,leri-cr1=13 leri-cr2=100 leri-cr3=100,leri-cr1=13 leri-cr2=100 leri-cr3=100,leri-cr1=13 leri-cr2=100 leri-cr3=100,1171Mbit,1171Mbit,1
1790950338.203,leri-cr1=13 leri-cr2=100 leri-cr3=100,leri-cr1=13 leri-cr2=100 leri-cr3=100,leri-cr1=13 leri-cr2=100 leri-cr3=100,1171Mbit,1171Mbit,1
1790950348.256,leri-cr1=13 leri-cr2=100 leri-cr3=100,leri-cr1=13 leri-cr2=100 leri-cr3=100,leri-cr1=13 leri-cr2=100 leri-cr3=100,1171Mbit,1171Mbit,1
1790950358.310,leri-cr1=13 leri-cr2=100 leri-cr3=100,leri-cr1=13 leri-cr2=100 leri-cr3=100,leri-cr1=13 leri-cr2=100 leri-cr3=100,1171Mbit,1171Mbit,1
1790950368.570,leri-cr1=13 leri-cr2=100 leri-cr3=100,leri-cr1=13 leri-cr2=100 leri-cr3=100,leri-cr1=13 leri-cr2=100 leri-cr3=100,1171Mbit,1171Mbit,1
1790950378.618,leri-cr1=13 leri-cr2=100 leri-cr3=100,leri-cr1=13 leri-cr2=100 leri-cr3=100,leri-cr1=13 leri-cr2=100 leri-cr3=100,1171Mbit,1171Mbit,1
1790950388.667,leri-cr1=13 leri-cr2=100 leri-cr3=100,leri-cr1=13 leri-cr2=100 leri-cr3=100,leri-cr1=13 leri-cr2=100 leri-cr3=100,1171Mbit,1171Mbit,1
1790950398.722,leri-cr1=13 leri-cr2=100 leri-cr3=100,leri-cr1=13 leri-cr2=100 leri-cr3=100,leri-cr1=13 leri-cr2=100 leri-cr3=100,1171Mbit,1171Mbit,1
1790950408.766,leri-cr1=13 leri-cr2=100 leri-cr3=100,leri-cr1=13 leri-cr2=100 leri-cr3=100,leri-cr1=13 leri-cr2=100 leri-cr3=100,1171Mbit,1171Mbit,1
1790950418.823,leri-cr1=13 leri-cr2=100 leri-cr3=100,leri-cr1=13 leri-cr2=100 leri-cr3=100,leri-cr1=13 leri-cr2=100 leri-cr3=100,1171Mbit,1171Mbit,1
1790950429.110,leri-cr1=13 leri-cr2=100 leri-cr3=100,leri-cr1=13 leri-cr2=100 leri-cr3=100,leri-cr1=13 leri-cr2=100 leri-cr3=100,1171Mbit,1171Mbit,1
1790950439.163,leri-cr1=13 leri-cr2=100 leri-cr3=100,leri-cr1=13 leri-cr2=100 leri-cr3=100,leri-cr1=13 leri-cr2=100 leri-cr3=100,1171Mbit,1171Mbit,1
1790950449.214,leri-cr1=13 leri-cr2=100 leri-cr3=100,leri-cr1=13 leri-cr2=100 leri-cr3=100,leri-cr1=13 leri-cr2=100 leri-cr3=100,1171Mbit,1171Mbit,1
1790950459.265,leri-cr1=13 leri-cr2=100 leri-cr3=100,leri-cr1=13 leri-cr2=100 leri-cr3=100,leri-cr1=13 leri-cr2=100 leri-cr3=100,1171Mbit,1171Mbit,1
1790950469.319,leri-cr1=13 leri-cr2=100 leri-cr3=100,leri-cr1=13 leri-cr2=100 leri-cr3=100,leri-cr1=13 leri-cr2=100 leri-cr3=100,1171Mbit,1171Mbit,1
1790950479.371,leri-cr1=13 leri-cr2=100 leri-cr3=100,leri-cr1=13 leri-cr2=100 leri-cr3=100,leri-cr1=13 leri-cr2=100 leri-cr3=100,1171Mbit,1171Mbit,1
1790950489.682,leri-cr1=13 leri-cr2=100 leri-cr3=100,leri-cr1=13 leri-cr2=100 leri-cr3=100,leri-cr1=13 leri-cr2=100 leri-cr3=100,1171Mbit,1171Mbit,1
1790950499.735,leri-cr1=13 leri-cr2=100 leri-cr3=100,leri-cr1=13 leri-cr2=100 leri-cr3=100,leri-cr1=13 leri-cr2=100 leri-cr3=100,1171Mbit,1171Mbit,1
1790950509.807,leri-cr1=13 leri-cr2=100 leri-cr3=100,leri-cr1=13 leri-cr2=100 leri-cr3=100,leri-cr1=13 leri-cr2=100 leri-cr3=100,1171Mbit,1171Mbit,0
1790950519.881,leri-cr1=13 leri-cr2=100 leri-cr3=100,leri-cr1=13 leri-cr2=100 leri-cr3=100,leri-cr1=13 leri-cr2=100 leri-cr3=100,1171Mbit,1171Mbit,0
1790950529.961,leri-cr1=13 leri-cr2=100 leri-cr3=100,leri-cr1=13 leri-cr2=100 leri-cr3=100,leri-cr1=13 leri-cr2=100 leri-cr3=100,1171Mbit,1171Mbit,0
1790950540.391,leri-cr1=13 leri-cr2=100 leri-cr3=100,leri-cr1=13 leri-cr2=100 leri-cr3=100,leri-cr1=13 leri-cr2=100 leri-cr3=100,1171Mbit,1171Mbit,0
1790950550.470,leri-cr1=13 leri-cr2=100 leri-cr3=100,leri-cr1=13 leri-cr2=100 leri-cr3=100,leri-cr1=13 leri-cr2=100 leri-cr3=100,1171Mbit,1171Mbit,0
1790950560.545,leri-cr1=13 leri-cr2=100 leri-cr3=100,leri-cr1=13 leri-cr2=100 leri-cr3=100,leri-cr1=13 leri-cr2=100 leri-cr3=100,1171Mbit,1171Mbit,0
1790950570.624,leri-cr1=13 leri-cr2=100 leri-cr3=100,leri-cr1=13 leri-cr2=100 leri-cr3=100,leri-cr1=13 leri-cr2=100 leri-cr3=100,1171Mbit,1171Mbit,0
1790950580.700,leri-cr1=13 leri-cr2=100 leri-cr3=100,leri-cr1=13 leri-cr2=100 leri-cr3=100,leri-cr1=13 leri-cr2=100 leri-cr3=100,1171Mbit,1171Mbit,0
1790950590.781,leri-cr1=13 leri-cr2=100 leri-cr3=100,leri-cr1=13 leri-cr2=100 leri-cr3=100,leri-cr1=13 leri-cr2=100 leri-cr3=100,1171Mbit,1171Mbit,0
1790950601.212,leri-cr1=13 leri-cr2=100 leri-cr3=100,leri-cr1=13 leri-cr2=100 leri-cr3=100,leri-cr1=13 leri-cr2=100 leri-cr3=100,1171Mbit,1171Mbit,0
1790950611.292,leri-cr1=13 leri-cr2=100 leri-cr3=100,leri-cr1=13 leri-cr2=100 leri-cr3=100,leri-cr1=13 leri-cr2=100 leri-cr3=100,1171Mbit,1171Mbit,0
1790950621.371,leri-cr1=13 leri-cr2=100 leri-cr3=100,leri-cr1=13 leri-cr2=100 leri-cr3=100,leri-cr1=13 leri-cr2=100 leri-cr3=100,1171Mbit,1171Mbit,0
1790950631.428,leri-cr1=13 leri-cr2=100 leri-cr3=100,leri-cr1=13 leri-cr2=100 leri-cr3=100,leri-cr1=13 leri-cr2=100 leri-cr3=100,1171Mbit,1171Mbit,0
1790950641.482,leri-cr1=13 leri-cr2=100 leri-cr3=100,leri-cr1=13 leri-cr2=100 leri-cr3=100,leri-cr1=13 leri-cr2=100 leri-cr3=100,1171Mbit,1171Mbit,1
1790950651.542,leri-cr1=13 leri-cr2=100 leri-cr3=100,leri-cr1=13 leri-cr2=100 leri-cr3=100,leri-cr1=13 leri-cr2=100 leri-cr3=100,1171Mbit,1171Mbit,1
1790950661.821,leri-cr1=13 leri-cr2=100 leri-cr3=100,leri-cr1=13 leri-cr2=100 leri-cr3=100,leri-cr1=13 leri-cr2=100 leri-cr3=100,1171Mbit,1171Mbit,1
1790950671.875,leri-cr1=13 leri-cr2=100 leri-cr3=100,leri-cr1=13 leri-cr2=100 leri-cr3=100,leri-cr1=13 leri-cr2=100 leri-cr3=100,1171Mbit,1171Mbit,1
1790950681.925,leri-cr1=13 leri-cr2=100 leri-cr3=100,leri-cr1=13 leri-cr2=100 leri-cr3=100,leri-cr1=13 leri-cr2=100 leri-cr3=100,1171Mbit,1171Mbit,1
1790950691.975,leri-cr1=13 leri-cr2=100 leri-cr3=100,leri-cr1=13 leri-cr2=100 leri-cr3=100,leri-cr1=13 leri-cr2=100 leri-cr3=100,1171Mbit,1171Mbit,1
1790950702.020,leri-cr1=13 leri-cr2=100 leri-cr3=100,leri-cr1=13 leri-cr2=100 leri-cr3=100,leri-cr1=13 leri-cr2=100 leri-cr3=100,1171Mbit,1171Mbit,1
1790950712.074,leri-cr1=13 leri-cr2=100 leri-cr3=100,leri-cr1=13 leri-cr2=100 leri-cr3=100,leri-cr1=13 leri-cr2=100 leri-cr3=100,1171Mbit,1171Mbit,1
1790950722.323,leri-cr1=13 leri-cr2=100 leri-cr3=100,leri-cr1=13 leri-cr2=100 leri-cr3=100,leri-cr1=13 leri-cr2=100 leri-cr3=100,1171Mbit,1171Mbit,1
1790950732.377,leri-cr1=13 leri-cr2=100 leri-cr3=100,leri-cr1=13 leri-cr2=100 leri-cr3=100,leri-cr1=13 leri-cr2=100 leri-cr3=100,1171Mbit,1171Mbit,1
1790950742.432,leri-cr1=13 leri-cr2=100 leri-cr3=100,leri-cr1=13 leri-cr2=100 leri-cr3=100,leri-cr1=13 leri-cr2=100 leri-cr3=100,1171Mbit,1171Mbit,1
1790950752.482,leri-cr1=13 leri-cr2=100 leri-cr3=100,leri-cr1=13 leri-cr2=100 leri-cr3=100,leri-cr1=13 leri-cr2=100 leri-cr3=100,1171Mbit,1171Mbit,1
1790950762.536,leri-cr1=13 leri-cr2=100 leri-cr3=100,leri-cr1=13 leri-cr2=100 leri-cr3=100,leri-cr1=13 leri-cr2=100 leri-cr3=100,1171Mbit,1171Mbit,1
1790950772.587,leri-cr1=13 leri-cr2=100 leri-cr3=100,leri-cr1=13 leri-cr2=100 leri-cr3=100,leri-cr1=13 leri-cr2=100 leri-cr3=100,1171Mbit,1171Mbit,1
1790950782.932,leri-cr1=13 leri-cr2=100 leri-cr3=100,leri-cr1=13 leri-cr2=100 leri-cr3=100,leri-cr1=13 leri-cr2=100 leri-cr3=100,1171Mbit,1171Mbit,1
1790950792.991,leri-cr1=13 leri-cr2=100 leri-cr3=100,leri-cr1=13 leri-cr2=100 leri-cr3=100,leri-cr1=13 leri-cr2=100 leri-cr3=100,1171Mbit,1171Mbit,1
1790950803.050,leri-cr1=13 leri-cr2=100 leri-cr3=100,leri-cr1=13 leri-cr2=100 leri-cr3=100,leri-cr1=13 leri-cr2=100 leri-cr3=100,1171Mbit,1171Mbit,1
1790950813.101,leri-cr1=13 leri-cr2=100 leri-cr3=100,leri-cr1=13 leri-cr2=100 leri-cr3=100,leri-cr1=13 leri-cr2=100 leri-cr3=100,1171Mbit,1171Mbit,1
1790950823.158,leri-cr1=13 leri-cr2=100 leri-cr3=100,leri-cr1=13 leri-cr2=100 leri-cr3=100,leri-cr1=13 leri-cr2=100 leri-cr3=100,1171Mbit,1171Mbit,1
1790950833.203,leri-cr1=13 leri-cr2=100 leri-cr3=100,leri-cr1=13 leri-cr2=100 leri-cr3=100,leri-cr1=13 leri-cr2=100 leri-cr3=100,1171Mbit,1171Mbit,1
1790950843.461,leri-cr1=13 leri-cr2=100 leri-cr3=100,leri-cr1=13 leri-cr2=100 leri-cr3=100,leri-cr1=13 leri-cr2=100 leri-cr3=100,1171Mbit,1171Mbit,1
1790950853.507,leri-cr1=13 leri-cr2=100 leri-cr3=100,leri-cr1=13 leri-cr2=100 leri-cr3=100,leri-cr1=13 leri-cr2=100 leri-cr3=100,1171Mbit,1171Mbit,1
1790950863.553,leri-cr1=13 leri-cr2=100 leri-cr3=100,leri-cr1=13 leri-cr2=100 leri-cr3=100,leri-cr1=13 leri-cr2=100 leri-cr3=100,1171Mbit,1171Mbit,1
1790950873.598,leri-cr1=13 leri-cr2=100 leri-cr3=100,leri-cr1=13 leri-cr2=100 leri-cr3=100,leri-cr1=13 leri-cr2=100 leri-cr3=100,1171Mbit,1171Mbit,1
1790950883.655,leri-cr1=13 leri-cr2=100 leri-cr3=100,leri-cr1=13 leri-cr2=100 leri-cr3=100,leri-cr1=13 leri-cr2=100 leri-cr3=100,1171Mbit,1171Mbit,1
1790950893.702,leri-cr1=13 leri-cr2=100 leri-cr3=100,leri-cr1=13 leri-cr2=100 leri-cr3=100,leri-cr1=13 leri-cr2=100 leri-cr3=100,1171Mbit,1171Mbit,1
1790950904.004,leri-cr1=13 leri-cr2=100 leri-cr3=100,leri-cr1=13 leri-cr2=100 leri-cr3=100,leri-cr1=13 leri-cr2=100 leri-cr3=100,1171Mbit,1171Mbit,1
1790950914.051,leri-cr1=13 leri-cr2=100 leri-cr3=100,leri-cr1=13 leri-cr2=100 leri-cr3=100,leri-cr1=13 leri-cr2=100 leri-cr3=100,1171Mbit,1171Mbit,1
1790950924.100,leri-cr1=13 leri-cr2=100 leri-cr3=100,leri-cr1=13 leri-cr2=100 leri-cr3=100,leri-cr1=13 leri-cr2=100 leri-cr3=100,1171Mbit,1171Mbit,1
1790950934.154,leri-cr1=13 leri-cr2=100 leri-cr3=100,leri-cr1=13 leri-cr2=100 leri-cr3=100,leri-cr1=13 leri-cr2=100 leri-cr3=100,1171Mbit,1171Mbit,1
1790950944.207,leri-cr1=13 leri-cr2=100 leri-cr3=100,leri-cr1=13 leri-cr2=100 leri-cr3=100,leri-cr1=13 leri-cr2=100 leri-cr3=100,1171Mbit,1171Mbit,1
1790950954.259,leri-cr1=13 leri-cr2=100 leri-cr3=100,leri-cr1=13 leri-cr2=100 leri-cr3=100,leri-cr1=13 leri-cr2=100 leri-cr3=100,1171Mbit,1171Mbit,1
1790950964.549,leri-cr1=13 leri-cr2=100 leri-cr3=100,leri-cr1=13 leri-cr2=100 leri-cr3=100,leri-cr1=13 leri-cr2=100 leri-cr3=100,1171Mbit,1171Mbit,1
1790950974.605,leri-cr1=13 leri-cr2=100 leri-cr3=100,leri-cr1=13 leri-cr2=100 leri-cr3=100,leri-cr1=13 leri-cr2=100 leri-cr3=100,1171Mbit,1171Mbit,1
1790950984.654,leri-cr1=13 leri-cr2=100 leri-cr3=100,leri-cr1=13 leri-cr2=100 leri-cr3=100,leri-cr1=13 leri-cr2=100 leri-cr3=100,1171Mbit,1171Mbit,1
1790950994.701,leri-cr1=13 leri-cr2=100 leri-cr3=100,leri-cr1=13 leri-cr2=100 leri-cr3=100,leri-cr1=13 leri-cr2=100 leri-cr3=100,1171Mbit,1171Mbit,1
1790951004.751,leri-cr1=13 leri-cr2=100 leri-cr3=100,leri-cr1=13 leri-cr2=100 leri-cr3=100,leri-cr1=13 leri-cr2=100 leri-cr3=100,1171Mbit,1171Mbit,1
1790951014.810,leri-cr1=13 leri-cr2=100 leri-cr3=100,leri-cr1=13 leri-cr2=100 leri-cr3=100,leri-cr1=13 leri-cr2=100 leri-cr3=100,1171Mbit,1171Mbit,1
1790951025.055,leri-cr1=13 leri-cr2=100 leri-cr3=100,leri-cr1=13 leri-cr2=100 leri-cr3=100,leri-cr1=13 leri-cr2=100 leri-cr3=100,1171Mbit,1171Mbit,1
1790951035.109,leri-cr1=13 leri-cr2=100 leri-cr3=100,leri-cr1=13 leri-cr2=100 leri-cr3=100,leri-cr1=13 leri-cr2=100 leri-cr3=100,1171Mbit,1171Mbit,1
1790951045.155,leri-cr1=13 leri-cr2=100 leri-cr3=100,leri-cr1=13 leri-cr2=100 leri-cr3=100,leri-cr1=13 leri-cr2=100 leri-cr3=100,1171Mbit,1171Mbit,1
1790951055.203,leri-cr1=13 leri-cr2=100 leri-cr3=100,leri-cr1=13 leri-cr2=100 leri-cr3=100,leri-cr1=13 leri-cr2=100 leri-cr3=100,1171Mbit,1171Mbit,1
1790951065.260,leri-cr1=13 leri-cr2=100 leri-cr3=100,leri-cr1=13 leri-cr2=100 leri-cr3=100,leri-cr1=13 leri-cr2=100 leri-cr3=100,1171Mbit,1171Mbit,1
1790951075.319,leri-cr1=13 leri-cr2=100 leri-cr3=100,leri-cr1=13 leri-cr2=100 leri-cr3=100,leri-cr1=13 leri-cr2=100 leri-cr3=100,1171Mbit,1171Mbit,1
1790951085.620,leri-cr1=13 leri-cr2=100 leri-cr3=100,leri-cr1=13 leri-cr2=100 leri-cr3=100,leri-cr1=13 leri-cr2=100 leri-cr3=100,1171Mbit,1171Mbit,1
1790951095.676,leri-cr1=13 leri-cr2=100 leri-cr3=100,leri-cr1=13 leri-cr2=100 leri-cr3=100,leri-cr1=13 leri-cr2=100 leri-cr3=100,1171Mbit,1171Mbit,1
1790951105.732,leri-cr1=13 leri-cr2=100 leri-cr3=100,leri-cr1=13 leri-cr2=100 leri-cr3=100,leri-cr1=13 leri-cr2=100 leri-cr3=100,1171Mbit,1171Mbit,1
1790951115.786,leri-cr1=13 leri-cr2=100 leri-cr3=100,leri-cr1=13 leri-cr2=100 leri-cr3=100,leri-cr1=13 leri-cr2=100 leri-cr3=100,1171Mbit,1171Mbit,1
1790951125.842,leri-cr1=13 leri-cr2=100 leri-cr3=100,leri-cr1=13 leri-cr2=100 leri-cr3=100,leri-cr1=13 leri-cr2=100 leri-cr3=100,1171Mbit,1171Mbit,1
1790951135.894,leri-cr1=13 leri-cr2=100 leri-cr3=100,leri-cr1=13 leri-cr2=100 leri-cr3=100,leri-cr1=13 leri-cr2=100 leri-cr3=100,1171Mbit,1171Mbit,1
1790951146.190,leri-cr1=13 leri-cr2=100 leri-cr3=100,leri-cr1=13 leri-cr2=100 leri-cr3=100,leri-cr1=13 leri-cr2=100 leri-cr3=100,1171Mbit,1171Mbit,1
1790951156.242,leri-cr1=13 leri-cr2=100 leri-cr3=100,leri-cr1=13 leri-cr2=100 leri-cr3=100,leri-cr1=13 leri-cr2=100 leri-cr3=100,1171Mbit,1171Mbit,1
1790951166.295,leri-cr1=13 leri-cr2=100 leri-cr3=100,leri-cr1=13 leri-cr2=100 leri-cr3=100,leri-cr1=13 leri-cr2=100 leri-cr3=100,1171Mbit,1171Mbit,1
1790951176.340,leri-cr1=13 leri-cr2=100 leri-cr3=100,leri-cr1=13 leri-cr2=100 leri-cr3=100,leri-cr1=13 leri-cr2=100 leri-cr3=100,1171Mbit,1171Mbit,1
1790951186.393,leri-cr1=13 leri-cr2=100 leri-cr3=100,leri-cr1=13 leri-cr2=100 leri-cr3=100,leri-cr1=13 leri-cr2=100 leri-cr3=100,1171Mbit,1171Mbit,1
1790951196.441,leri-cr1=13 leri-cr2=100 leri-cr3=100,leri-cr1=13 leri-cr2=100 leri-cr3=100,leri-cr1=13 leri-cr2=100 leri-cr3=100,1171Mbit,1171Mbit,1
1790951206.740,leri-cr1=13 leri-cr2=100 leri-cr3=100,leri-cr1=13 leri-cr2=100 leri-cr3=100,leri-cr1=13 leri-cr2=100 leri-cr3=100,1171Mbit,1171Mbit,1
1790951216.785,leri-cr1=13 leri-cr2=100 leri-cr3=100,leri-cr1=13 leri-cr2=100 leri-cr3=100,leri-cr1=13 leri-cr2=100 leri-cr3=100,1171Mbit,1171Mbit,1
1790951226.834,leri-cr1=13 leri-cr2=100 leri-cr3=100,leri-cr1=13 leri-cr2=100 leri-cr3=100,leri-cr1=13 leri-cr2=100 leri-cr3=100,1171Mbit,1171Mbit,1
1790951236.884,leri-cr1=13 leri-cr2=100 leri-cr3=100,leri-cr1=13 leri-cr2=100 leri-cr3=100,leri-cr1=13 leri-cr2=100 leri-cr3=100,1171Mbit,1171Mbit,1
1790951246.938,leri-cr1=13 leri-cr2=100 leri-cr3=100,leri-cr1=13 leri-cr2=100 leri-cr3=100,leri-cr1=13 leri-cr2=100 leri-cr3=100,1171Mbit,1171Mbit,1
1790951256.991,leri-cr1=13 leri-cr2=100 leri-cr3=100,leri-cr1=13 leri-cr2=100 leri-cr3=100,leri-cr1=13 leri-cr2=100 leri-cr3=100,1171Mbit,1171Mbit,1
1790951267.282,leri-cr1=13 leri-cr2=100 leri-cr3=100,leri-cr1=13 leri-cr2=100 leri-cr3=100,leri-cr1=13 leri-cr2=100 leri-cr3=100,1171Mbit,1171Mbit,1
1790951277.338,leri-cr1=13 leri-cr2=100 leri-cr3=100,leri-cr1=13 leri-cr2=100 leri-cr3=100,leri-cr1=13 leri-cr2=100 leri-cr3=100,1171Mbit,1171Mbit,1
1790951287.393,leri-cr1=13 leri-cr2=100 leri-cr3=100,leri-cr1=13 leri-cr2=100 leri-cr3=100,leri-cr1=13 leri-cr2=100 leri-cr3=100,1171Mbit,1171Mbit,1
1790951297.446,leri-cr1=13 leri-cr2=100 leri-cr3=100,leri-cr1=13 leri-cr2=100 leri-cr3=100,leri-cr1=13 leri-cr2=100 leri-cr3=100,1171Mbit,1171Mbit,1
1790951307.498,leri-cr1=13 leri-cr2=100 leri-cr3=100,leri-cr1=13 leri-cr2=100 leri-cr3=100,leri-cr1=13 leri-cr2=100 leri-cr3=100,1171Mbit,1171Mbit,1
1790951317.547,leri-cr1=13 leri-cr2=100 leri-cr3=100,leri-cr1=13 leri-cr2=100 leri-cr3=100,leri-cr1=13 leri-cr2=100 leri-cr3=100,1171Mbit,1171Mbit,1
1790951327.836,leri-cr1=13 leri-cr2=100 leri-cr3=100,leri-cr1=13 leri-cr2=100 leri-cr3=100,leri-cr1=13 leri-cr2=100 leri-cr3=100,1171Mbit,1171Mbit,1
1790951337.889,leri-cr1=13 leri-cr2=100 leri-cr3=100,leri-cr1=13 leri-cr2=100 leri-cr3=100,leri-cr1=13 leri-cr2=100 leri-cr3=100,1171Mbit,1171Mbit,1
1790951347.942,leri-cr1=13 leri-cr2=100 leri-cr3=100,leri-cr1=13 leri-cr2=100 leri-cr3=100,leri-cr1=13 leri-cr2=100 leri-cr3=100,1171Mbit,1171Mbit,1
1790951357.994,leri-cr1=13 leri-cr2=100 leri-cr3=100,leri-cr1=13 leri-cr2=100 leri-cr3=100,leri-cr1=13 leri-cr2=100 leri-cr3=100,1171Mbit,1171Mbit,1
1790951368.044,leri-cr1=13 leri-cr2=100 leri-cr3=100,leri-cr1=13 leri-cr2=100 leri-cr3=100,leri-cr1=13 leri-cr2=100 leri-cr3=100,1171Mbit,1171Mbit,1
1790951378.095,leri-cr1=13 leri-cr2=100 leri-cr3=100,leri-cr1=13 leri-cr2=100 leri-cr3=100,leri-cr1=13 leri-cr2=100 leri-cr3=100,1171Mbit,1171Mbit,1
1790951388.322,leri-cr1=13 leri-cr2=100 leri-cr3=100,leri-cr1=13 leri-cr2=100 leri-cr3=100,leri-cr1=13 leri-cr2=100 leri-cr3=100,1171Mbit,1171Mbit,1
1790951398.374,leri-cr1=13 leri-cr2=100 leri-cr3=100,leri-cr1=13 leri-cr2=100 leri-cr3=100,leri-cr1=13 leri-cr2=100 leri-cr3=100,1171Mbit,1171Mbit,1
1790951408.436,leri-cr1=13 leri-cr2=100 leri-cr3=100,leri-cr1=13 leri-cr2=100 leri-cr3=100,leri-cr1=13 leri-cr2=100 leri-cr3=100,1171Mbit,1171Mbit,0
1790951418.519,leri-cr1=13 leri-cr2=100 leri-cr3=100,leri-cr1=13 leri-cr2=100 leri-cr3=100,leri-cr1=13 leri-cr2=100 leri-cr3=100,1171Mbit,1171Mbit,0
1790951428.597,leri-cr1=13 leri-cr2=100 leri-cr3=100,leri-cr1=13 leri-cr2=100 leri-cr3=100,leri-cr1=13 leri-cr2=100 leri-cr3=100,1171Mbit,1171Mbit,0
1790951438.672,leri-cr1=13 leri-cr2=100 leri-cr3=100,leri-cr1=13 leri-cr2=100 leri-cr3=100,leri-cr1=13 leri-cr2=100 leri-cr3=100,1171Mbit,1171Mbit,0
1790951449.139,leri-cr1=13 leri-cr2=100 leri-cr3=100,leri-cr1=13 leri-cr2=100 leri-cr3=100,leri-cr1=13 leri-cr2=100 leri-cr3=100,1171Mbit,1171Mbit,0
1790951459.214,leri-cr1=13 leri-cr2=100 leri-cr3=100,leri-cr1=13 leri-cr2=100 leri-cr3=100,leri-cr1=13 leri-cr2=100 leri-cr3=100,1171Mbit,1171Mbit,0
1790951469.295,leri-cr1=13 leri-cr2=100 leri-cr3=100,leri-cr1=13 leri-cr2=100 leri-cr3=100,leri-cr1=13 leri-cr2=100 leri-cr3=100,1171Mbit,1171Mbit,0
1790951479.377,leri-cr1=13 leri-cr2=100 leri-cr3=100,leri-cr1=13 leri-cr2=100 leri-cr3=100,leri-cr1=13 leri-cr2=100 leri-cr3=100,1171Mbit,1171Mbit,0
1790951489.452,leri-cr1=13 leri-cr2=100 leri-cr3=100,leri-cr1=13 leri-cr2=100 leri-cr3=100,leri-cr1=13 leri-cr2=100 leri-cr3=100,1171Mbit,1171Mbit,0
1790951499.532,leri-cr1=13 leri-cr2=100 leri-cr3=100,leri-cr1=13 leri-cr2=100 leri-cr3=100,leri-cr1=13 leri-cr2=100 leri-cr3=100,1171Mbit,1171Mbit,0
1790951509.911,leri-cr1=13 leri-cr2=100 leri-cr3=100,leri-cr1=13 leri-cr2=100 leri-cr3=100,leri-cr1=13 leri-cr2=100 leri-cr3=100,1171Mbit,1171Mbit,0
1790951519.992,leri-cr1=13 leri-cr2=100 leri-cr3=100,leri-cr1=13 leri-cr2=100 leri-cr3=100,leri-cr1=13 leri-cr2=100 leri-cr3=100,1171Mbit,1171Mbit,0
1790951530.040,leri-cr1=13 leri-cr2=100 leri-cr3=100,leri-cr1=13 leri-cr2=100 leri-cr3=100,leri-cr1=13 leri-cr2=100 leri-cr3=100,1171Mbit,1171Mbit,0
1790951540.096,leri-cr1=13 leri-cr2=100 leri-cr3=100,leri-cr1=13 leri-cr2=100 leri-cr3=100,leri-cr1=13 leri-cr2=100 leri-cr3=100,1171Mbit,1171Mbit,1
1790951550.151,leri-cr1=13 leri-cr2=100 leri-cr3=100,leri-cr1=13 leri-cr2=100 leri-cr3=100,leri-cr1=13 leri-cr2=100 leri-cr3=100,1171Mbit,1171Mbit,1
1790951560.201,leri-cr1=13 leri-cr2=100 leri-cr3=100,leri-cr1=13 leri-cr2=100 leri-cr3=100,leri-cr1=13 leri-cr2=100 leri-cr3=100,1171Mbit,1171Mbit,1
1790951570.384,leri-cr1=13 leri-cr2=100 leri-cr3=100,leri-cr1=13 leri-cr2=100 leri-cr3=100,leri-cr1=13 leri-cr2=100 leri-cr3=100,1171Mbit,1171Mbit,1
1790951580.439,leri-cr1=13 leri-cr2=100 leri-cr3=100,leri-cr1=13 leri-cr2=100 leri-cr3=100,leri-cr1=13 leri-cr2=100 leri-cr3=100,1171Mbit,1171Mbit,1
1790951590.491,leri-cr1=13 leri-cr2=100 leri-cr3=100,leri-cr1=13 leri-cr2=100 leri-cr3=100,leri-cr1=13 leri-cr2=100 leri-cr3=100,1171Mbit,1171Mbit,1
1790951600.545,leri-cr1=13 leri-cr2=100 leri-cr3=100,leri-cr1=13 leri-cr2=100 leri-cr3=100,leri-cr1=13 leri-cr2=100 leri-cr3=100,1171Mbit,1171Mbit,1
1790951610.596,leri-cr1=13 leri-cr2=100 leri-cr3=100,leri-cr1=13 leri-cr2=100 leri-cr3=100,leri-cr1=13 leri-cr2=100 leri-cr3=100,1171Mbit,1171Mbit,1
1790951620.649,leri-cr1=13 leri-cr2=100 leri-cr3=100,leri-cr1=13 leri-cr2=100 leri-cr3=100,leri-cr1=13 leri-cr2=100 leri-cr3=100,1171Mbit,1171Mbit,1
1790951630.937,leri-cr1=13 leri-cr2=100 leri-cr3=100,leri-cr1=13 leri-cr2=100 leri-cr3=100,leri-cr1=13 leri-cr2=100 leri-cr3=100,1171Mbit,1171Mbit,1
1790951640.985,leri-cr1=13 leri-cr2=100 leri-cr3=100,leri-cr1=13 leri-cr2=100 leri-cr3=100,leri-cr1=13 leri-cr2=100 leri-cr3=100,1171Mbit,1171Mbit,1
1790951651.041,leri-cr1=13 leri-cr2=100 leri-cr3=100,leri-cr1=13 leri-cr2=100 leri-cr3=100,leri-cr1=13 leri-cr2=100 leri-cr3=100,1171Mbit,1171Mbit,1
1790951661.088,leri-cr1=13 leri-cr2=100 leri-cr3=100,leri-cr1=13 leri-cr2=100 leri-cr3=100,leri-cr1=13 leri-cr2=100 leri-cr3=100,1171Mbit,1171Mbit,1
1790951671.136,leri-cr1=13 leri-cr2=100 leri-cr3=100,leri-cr1=13 leri-cr2=100 leri-cr3=100,leri-cr1=13 leri-cr2=100 leri-cr3=100,1171Mbit,1171Mbit,1
1790951681.194,leri-cr1=13 leri-cr2=100 leri-cr3=100,leri-cr1=13 leri-cr2=100 leri-cr3=100,leri-cr1=13 leri-cr2=100 leri-cr3=100,1171Mbit,1171Mbit,1
1790951691.449,leri-cr1=13 leri-cr2=100 leri-cr3=100,leri-cr1=13 leri-cr2=100 leri-cr3=100,leri-cr1=13 leri-cr2=100 leri-cr3=100,1171Mbit,1171Mbit,1
1790951701.506,leri-cr1=13 leri-cr2=100 leri-cr3=100,leri-cr1=13 leri-cr2=100 leri-cr3=100,leri-cr1=13 leri-cr2=100 leri-cr3=100,1171Mbit,1171Mbit,1
1790951711.556,leri-cr1=13 leri-cr2=100 leri-cr3=100,leri-cr1=13 leri-cr2=100 leri-cr3=100,leri-cr1=13 leri-cr2=100 leri-cr3=100,1171Mbit,1171Mbit,1
1790951721.611,leri-cr1=13 leri-cr2=100 leri-cr3=100,leri-cr1=13 leri-cr2=100 leri-cr3=100,leri-cr1=13 leri-cr2=100 leri-cr3=100,1171Mbit,1171Mbit,1
1790951731.663,leri-cr1=13 leri-cr2=100 leri-cr3=100,leri-cr1=13 leri-cr2=100 leri-cr3=100,leri-cr1=13 leri-cr2=100 leri-cr3=100,1171Mbit,1171Mbit,1
1790951741.722,leri-cr1=13 leri-cr2=100 leri-cr3=100,leri-cr1=13 leri-cr2=100 leri-cr3=100,leri-cr1=13 leri-cr2=100 leri-cr3=100,1171Mbit,1171Mbit,1
1790951751.932,leri-cr1=13 leri-cr2=100 leri-cr3=100,leri-cr1=13 leri-cr2=100 leri-cr3=100,leri-cr1=13 leri-cr2=100 leri-cr3=100,1171Mbit,1171Mbit,1
1790951761.990,leri-cr1=13 leri-cr2=100 leri-cr3=100,leri-cr1=13 leri-cr2=100 leri-cr3=100,leri-cr1=13 leri-cr2=100 leri-cr3=100,1171Mbit,1171Mbit,1
1790951772.046,leri-cr1=13 leri-cr2=100 leri-cr3=100,leri-cr1=13 leri-cr2=100 leri-cr3=100,leri-cr1=13 leri-cr2=100 leri-cr3=100,1171Mbit,1171Mbit,1
1790951782.098,leri-cr1=13 leri-cr2=100 leri-cr3=100,leri-cr1=13 leri-cr2=100 leri-cr3=100,leri-cr1=13 leri-cr2=100 leri-cr3=100,1171Mbit,1171Mbit,1
1790951792.150,leri-cr1=13 leri-cr2=100 leri-cr3=100,leri-cr1=13 leri-cr2=100 leri-cr3=100,leri-cr1=13 leri-cr2=100 leri-cr3=100,1171Mbit,1171Mbit,1
1790951802.205,leri-cr1=13 leri-cr2=100 leri-cr3=100,leri-cr1=13 leri-cr2=100 leri-cr3=100,leri-cr1=13 leri-cr2=100 leri-cr3=100,1171Mbit,1171Mbit,1
1790951812.501,leri-cr1=13 leri-cr2=100 leri-cr3=100,leri-cr1=13 leri-cr2=100 leri-cr3=100,leri-cr1=13 leri-cr2=100 leri-cr3=100,1171Mbit,1171Mbit,1
1790951822.552,leri-cr1=13 leri-cr2=100 leri-cr3=100,leri-cr1=13 leri-cr2=100 leri-cr3=100,leri-cr1=13 leri-cr2=100 leri-cr3=100,1171Mbit,1171Mbit,1
1790951832.600,leri-cr1=13 leri-cr2=100 leri-cr3=100,leri-cr1=13 leri-cr2=100 leri-cr3=100,leri-cr1=13 leri-cr2=100 leri-cr3=100,1171Mbit,1171Mbit,1
1790951842.657,leri-cr1=13 leri-cr2=100 leri-cr3=100,leri-cr1=13 leri-cr2=100 leri-cr3=100,leri-cr1=13 leri-cr2=100 leri-cr3=100,1171Mbit,1171Mbit,1
1790951852.712,leri-cr1=13 leri-cr2=100 leri-cr3=100,leri-cr1=13 leri-cr2=100 leri-cr3=100,leri-cr1=13 leri-cr2=100 leri-cr3=100,1171Mbit,1171Mbit,1
1790951862.759,leri-cr1=13 leri-cr2=100 leri-cr3=100,leri-cr1=13 leri-cr2=100 leri-cr3=100,leri-cr1=13 leri-cr2=100 leri-cr3=100,1171Mbit,1171Mbit,1
1790951873.046,leri-cr1=13 leri-cr2=100 leri-cr3=100,leri-cr1=13 leri-cr2=100 leri-cr3=100,leri-cr1=13 leri-cr2=100 leri-cr3=100,1171Mbit,1171Mbit,1
1790951883.088,leri-cr1=13 leri-cr2=100 leri-cr3=100,leri-cr1=13 leri-cr2=100 leri-cr3=100,leri-cr1=13 leri-cr2=100 leri-cr3=100,1171Mbit,1171Mbit,1
1790951893.144,leri-cr1=13 leri-cr2=100 leri-cr3=100,leri-cr1=13 leri-cr2=100 leri-cr3=100,leri-cr1=13 leri-cr2=100 leri-cr3=100,1171Mbit,1171Mbit,1
1790951903.219,leri-cr1=13 leri-cr2=100 leri-cr3=100,leri-cr1=13 leri-cr2=100 leri-cr3=100,leri-cr1=13 leri-cr2=100 leri-cr3=100,1171Mbit,1171Mbit,1
1790951913.270,leri-cr1=13 leri-cr2=100 leri-cr3=100,leri-cr1=13 leri-cr2=100 leri-cr3=100,leri-cr1=13 leri-cr2=100 leri-cr3=100,1171Mbit,1171Mbit,1
1790951923.605,leri-cr1=13 leri-cr2=100 leri-cr3=100,leri-cr1=13 leri-cr2=100 leri-cr3=100,leri-cr1=13 leri-cr2=100 leri-cr3=100,1171Mbit,1171Mbit,1
1790951933.654,leri-cr1=13 leri-cr2=100 leri-cr3=100,leri-cr1=13 leri-cr2=100 leri-cr3=100,leri-cr1=13 leri-cr2=100 leri-cr3=100,1171Mbit,1171Mbit,1
1790951943.746,leri-cr1=13 leri-cr2=100 leri-cr3=100,leri-cr1=13 leri-cr2=100 leri-cr3=100,leri-cr1=13 leri-cr2=100 leri-cr3=100,1171Mbit,1171Mbit,1
1790951953.797,leri-cr1=13 leri-cr2=100 leri-cr3=100,leri-cr1=13 leri-cr2=100 leri-cr3=100,leri-cr1=13 leri-cr2=100 leri-cr3=100,1171Mbit,1171Mbit,1
1790951963.848,leri-cr1=13 leri-cr2=100 leri-cr3=100,leri-cr1=13 leri-cr2=100 leri-cr3=100,leri-cr1=13 leri-cr2=100 leri-cr3=100,1171Mbit,1171Mbit,1
1790951973.903,leri-cr1=13 leri-cr2=100 leri-cr3=100,leri-cr1=13 leri-cr2=100 leri-cr3=100,leri-cr1=13 leri-cr2=100 leri-cr3=100,1171Mbit,1171Mbit,1
1790951984.182,leri-cr1=13 leri-cr2=100 leri-cr3=100,leri-cr1=13 leri-cr2=100 leri-cr3=100,leri-cr1=13 leri-cr2=100 leri-cr3=100,1171Mbit,1171Mbit,1
1790951994.238,leri-cr1=13 leri-cr2=100 leri-cr3=100,leri-cr1=13 leri-cr2=100 leri-cr3=100,leri-cr1=13 leri-cr2=100 leri-cr3=100,1171Mbit,1171Mbit,1
1790952004.294,leri-cr1=13 leri-cr2=100 leri-cr3=100,leri-cr1=13 leri-cr2=100 leri-cr3=100,leri-cr1=13 leri-cr2=100 leri-cr3=100,1171Mbit,1171Mbit,1
1790952014.346,leri-cr1=13 leri-cr2=100 leri-cr3=100,leri-cr1=13 leri-cr2=100 leri-cr3=100,leri-cr1=13 leri-cr2=100 leri-cr3=100,1171Mbit,1171Mbit,1
1790952024.396,leri-cr1=13 leri-cr2=100 leri-cr3=100,leri-cr1=13 leri-cr2=100 leri-cr3=100,leri-cr1=13 leri-cr2=100 leri-cr3=100,1171Mbit,1171Mbit,1
1790952034.441,leri-cr1=13 leri-cr2=100 leri-cr3=100,leri-cr1=13 leri-cr2=100 leri-cr3=100,leri-cr1=13 leri-cr2=100 leri-cr3=100,1171Mbit,1171Mbit,1
1790952044.730,leri-cr1=13 leri-cr2=100 leri-cr3=100,leri-cr1=13 leri-cr2=100 leri-cr3=100,leri-cr1=13 leri-cr2=100 leri-cr3=100,1171Mbit,1171Mbit,1
1790952054.779,leri-cr1=13 leri-cr2=100 leri-cr3=100,leri-cr1=13 leri-cr2=100 leri-cr3=100,leri-cr1=13 leri-cr2=100 leri-cr3=100,1171Mbit,1171Mbit,1
1790952064.828,leri-cr1=13 leri-cr2=100 leri-cr3=100,leri-cr1=13 leri-cr2=100 leri-cr3=100,leri-cr1=13 leri-cr2=100 leri-cr3=100,1171Mbit,1171Mbit,1
1790952074.878,leri-cr1=13 leri-cr2=100 leri-cr3=100,leri-cr1=13 leri-cr2=100 leri-cr3=100,leri-cr1=13 leri-cr2=100 leri-cr3=100,1171Mbit,1171Mbit,1
1790952084.926,leri-cr1=13 leri-cr2=100 leri-cr3=100,leri-cr1=13 leri-cr2=100 leri-cr3=100,leri-cr1=13 leri-cr2=100 leri-cr3=100,1171Mbit,1171Mbit,1
1790952094.979,leri-cr1=13 leri-cr2=100 leri-cr3=100,leri-cr1=13 leri-cr2=100 leri-cr3=100,leri-cr1=13 leri-cr2=100 leri-cr3=100,1171Mbit,1171Mbit,1
1790952105.239,leri-cr1=13 leri-cr2=100 leri-cr3=100,leri-cr1=13 leri-cr2=100 leri-cr3=100,leri-cr1=13 leri-cr2=100 leri-cr3=100,1171Mbit,1171Mbit,1
1790952115.294,leri-cr1=13 leri-cr2=100 leri-cr3=100,leri-cr1=13 leri-cr2=100 leri-cr3=100,leri-cr1=13 leri-cr2=100 leri-cr3=100,1171Mbit,1171Mbit,1
1790952125.346,leri-cr1=13 leri-cr2=100 leri-cr3=100,leri-cr1=13 leri-cr2=100 leri-cr3=100,leri-cr1=13 leri-cr2=100 leri-cr3=100,1171Mbit,1171Mbit,1
1790952135.401,leri-cr1=13 leri-cr2=100 leri-cr3=100,leri-cr1=13 leri-cr2=100 leri-cr3=100,leri-cr1=13 leri-cr2=100 leri-cr3=100,1171Mbit,1171Mbit,1
1790952145.452,leri-cr1=13 leri-cr2=100 leri-cr3=100,leri-cr1=13 leri-cr2=100 leri-cr3=100,leri-cr1=13 leri-cr2=100 leri-cr3=100,1171Mbit,1171Mbit,1
1790952155.503,leri-cr1=13 leri-cr2=100 leri-cr3=100,leri-cr1=13 leri-cr2=100 leri-cr3=100,leri-cr1=13 leri-cr2=100 leri-cr3=100,1171Mbit,1171Mbit,1
1790952165.732,leri-cr1=13 leri-cr2=100 leri-cr3=100,leri-cr1=13 leri-cr2=100 leri-cr3=100,leri-cr1=13 leri-cr2=100 leri-cr3=100,1171Mbit,1171Mbit,1
1790952175.782,leri-cr1=13 leri-cr2=100 leri-cr3=100,leri-cr1=13 leri-cr2=100 leri-cr3=100,leri-cr1=13 leri-cr2=100 leri-cr3=100,1171Mbit,1171Mbit,1
1790952185.838,leri-cr1=13 leri-cr2=100 leri-cr3=100,leri-cr1=13 leri-cr2=100 leri-cr3=100,leri-cr1=13 leri-cr2=100 leri-cr3=100,1171Mbit,1171Mbit,1
1790952195.892,leri-cr1=13 leri-cr2=100 leri-cr3=100,leri-cr1=13 leri-cr2=100 leri-cr3=100,leri-cr1=13 leri-cr2=100 leri-cr3=100,1171Mbit,1171Mbit,1
1790952205.938,leri-cr1=13 leri-cr2=100 leri-cr3=100,leri-cr1=13 leri-cr2=100 leri-cr3=100,leri-cr1=13 leri-cr2=100 leri-cr3=100,1171Mbit,1171Mbit,1
1790952215.989,leri-cr1=13 leri-cr2=100 leri-cr3=100,leri-cr1=13 leri-cr2=100 leri-cr3=100,leri-cr1=13 leri-cr2=100 leri-cr3=100,1171Mbit,1171Mbit,1
1790952226.294,leri-cr1=13 leri-cr2=100 leri-cr3=100,leri-cr1=13 leri-cr2=100 leri-cr3=100,leri-cr1=13 leri-cr2=100 leri-cr3=100,1171Mbit,1171Mbit,1
1790952236.346,leri-cr1=13 leri-cr2=100 leri-cr3=100,leri-cr1=13 leri-cr2=100 leri-cr3=100,leri-cr1=13 leri-cr2=100 leri-cr3=100,1171Mbit,1171Mbit,1
1790952246.398,leri-cr1=13 leri-cr2=100 leri-cr3=100,leri-cr1=13 leri-cr2=100 leri-cr3=100,leri-cr1=13 leri-cr2=100 leri-cr3=100,1171Mbit,1171Mbit,1
1790952256.455,leri-cr1=13 leri-cr2=100 leri-cr3=100,leri-cr1=13 leri-cr2=100 leri-cr3=100,leri-cr1=13 leri-cr2=100 leri-cr3=100,1171Mbit,1171Mbit,1
1790952266.503,leri-cr1=13 leri-cr2=100 leri-cr3=100,leri-cr1=13 leri-cr2=100 leri-cr3=100,leri-cr1=13 leri-cr2=100 leri-cr3=100,1171Mbit,1171Mbit,1
1790952276.555,leri-cr1=13 leri-cr2=100 leri-cr3=100,leri-cr1=13 leri-cr2=100 leri-cr3=100,leri-cr1=13 leri-cr2=100 leri-cr3=100,1171Mbit,1171Mbit,1
1790952286.835,leri-cr1=13 leri-cr2=100 leri-cr3=100,leri-cr1=13 leri-cr2=100 leri-cr3=100,leri-cr1=13 leri-cr2=100 leri-cr3=100,1171Mbit,1171Mbit,1
1790952296.887,leri-cr1=13 leri-cr2=100 leri-cr3=100,leri-cr1=13 leri-cr2=100 leri-cr3=100,leri-cr1=13 leri-cr2=100 leri-cr3=100,1171Mbit,1171Mbit,1
1790952306.950,leri-cr1=13 leri-cr2=100 leri-cr3=100,leri-cr1=13 leri-cr2=100 leri-cr3=100,leri-cr1=13 leri-cr2=100 leri-cr3=100,1171Mbit,1171Mbit,0
1790952317.023,leri-cr1=13 leri-cr2=100 leri-cr3=100,leri-cr1=13 leri-cr2=100 leri-cr3=100,leri-cr1=13 leri-cr2=100 leri-cr3=100,1171Mbit,1171Mbit,0
1790952327.096,leri-cr1=13 leri-cr2=100 leri-cr3=100,leri-cr1=13 leri-cr2=100 leri-cr3=100,leri-cr1=13 leri-cr2=100 leri-cr3=100,1171Mbit,1171Mbit,0
1790952337.167,leri-cr1=13 leri-cr2=100 leri-cr3=100,leri-cr1=13 leri-cr2=100 leri-cr3=100,leri-cr1=13 leri-cr2=100 leri-cr3=100,1171Mbit,1171Mbit,0
1790952347.569,leri-cr1=13 leri-cr2=100 leri-cr3=100,leri-cr1=13 leri-cr2=100 leri-cr3=100,leri-cr1=13 leri-cr2=100 leri-cr3=100,1171Mbit,1171Mbit,0
1790952357.643,leri-cr1=13 leri-cr2=100 leri-cr3=100,leri-cr1=13 leri-cr2=100 leri-cr3=100,leri-cr1=13 leri-cr2=100 leri-cr3=100,1171Mbit,1171Mbit,0
1790952367.717,leri-cr1=13 leri-cr2=100 leri-cr3=100,leri-cr1=13 leri-cr2=100 leri-cr3=100,leri-cr1=13 leri-cr2=100 leri-cr3=100,1171Mbit,1171Mbit,0
1790952377.794,leri-cr1=13 leri-cr2=100 leri-cr3=100,leri-cr1=13 leri-cr2=100 leri-cr3=100,leri-cr1=13 leri-cr2=100 leri-cr3=100,1171Mbit,1171Mbit,0
1790952387.868,leri-cr1=13 leri-cr2=100 leri-cr3=100,leri-cr1=13 leri-cr2=100 leri-cr3=100,leri-cr1=13 leri-cr2=100 leri-cr3=100,1171Mbit,1171Mbit,0
1790952397.942,leri-cr1=13 leri-cr2=100 leri-cr3=100,leri-cr1=13 leri-cr2=100 leri-cr3=100,leri-cr1=13 leri-cr2=100 leri-cr3=100,1171Mbit,1171Mbit,0
1790952408.352,leri-cr1=13 leri-cr2=100 leri-cr3=100,leri-cr1=13 leri-cr2=100 leri-cr3=100,leri-cr1=13 leri-cr2=100 leri-cr3=100,1171Mbit,1171Mbit,0
1790952418.427,leri-cr1=13 leri-cr2=100 leri-cr3=100,leri-cr1=13 leri-cr2=100 leri-cr3=100,leri-cr1=13 leri-cr2=100 leri-cr3=100,1171Mbit,1171Mbit,0
1790952428.474,leri-cr1=13 leri-cr2=100 leri-cr3=100,leri-cr1=13 leri-cr2=100 leri-cr3=100,leri-cr1=13 leri-cr2=100 leri-cr3=100,1171Mbit,1171Mbit,0
1790952438.527,leri-cr1=13 leri-cr2=100 leri-cr3=100,leri-cr1=13 leri-cr2=100 leri-cr3=100,leri-cr1=13 leri-cr2=100 leri-cr3=100,1171Mbit,1171Mbit,1
1790952448.579,leri-cr1=13 leri-cr2=100 leri-cr3=100,leri-cr1=13 leri-cr2=100 leri-cr3=100,leri-cr1=13 leri-cr2=100 leri-cr3=100,1171Mbit,1171Mbit,1
1790952458.635,leri-cr1=13 leri-cr2=100 leri-cr3=100,leri-cr1=13 leri-cr2=100 leri-cr3=100,leri-cr1=13 leri-cr2=100 leri-cr3=100,1171Mbit,1171Mbit,1
1790952468.896,leri-cr1=13 leri-cr2=100 leri-cr3=100,leri-cr1=13 leri-cr2=100 leri-cr3=100,leri-cr1=13 leri-cr2=100 leri-cr3=100,1171Mbit,1171Mbit,1
1790952478.947,leri-cr1=13 leri-cr2=100 leri-cr3=100,leri-cr1=13 leri-cr2=100 leri-cr3=100,leri-cr1=13 leri-cr2=100 leri-cr3=100,1171Mbit,1171Mbit,1
1790952488.993,leri-cr1=13 leri-cr2=100 leri-cr3=100,leri-cr1=13 leri-cr2=100 leri-cr3=100,leri-cr1=13 leri-cr2=100 leri-cr3=100,1171Mbit,1171Mbit,1
1790952499.043,leri-cr1=13 leri-cr2=100 leri-cr3=100,leri-cr1=13 leri-cr2=100 leri-cr3=100,leri-cr1=13 leri-cr2=100 leri-cr3=100,1171Mbit,1171Mbit,1
1790952509.098,leri-cr1=13 leri-cr2=100 leri-cr3=100,leri-cr1=13 leri-cr2=100 leri-cr3=100,leri-cr1=13 leri-cr2=100 leri-cr3=100,1171Mbit,1171Mbit,1
1790952519.148,leri-cr1=13 leri-cr2=100 leri-cr3=100,leri-cr1=13 leri-cr2=100 leri-cr3=100,leri-cr1=13 leri-cr2=100 leri-cr3=100,1171Mbit,1171Mbit,1
1790952529.451,leri-cr1=13 leri-cr2=100 leri-cr3=100,leri-cr1=13 leri-cr2=100 leri-cr3=100,leri-cr1=13 leri-cr2=100 leri-cr3=100,1171Mbit,1171Mbit,1
1790952539.498,leri-cr1=13 leri-cr2=100 leri-cr3=100,leri-cr1=13 leri-cr2=100 leri-cr3=100,leri-cr1=13 leri-cr2=100 leri-cr3=100,1171Mbit,1171Mbit,1
1790952549.551,leri-cr1=13 leri-cr2=100 leri-cr3=100,leri-cr1=13 leri-cr2=100 leri-cr3=100,leri-cr1=13 leri-cr2=100 leri-cr3=100,1171Mbit,1171Mbit,1
1790952559.606,leri-cr1=13 leri-cr2=100 leri-cr3=100,leri-cr1=13 leri-cr2=100 leri-cr3=100,leri-cr1=13 leri-cr2=100 leri-cr3=100,1171Mbit,1171Mbit,1
1790952569.656,leri-cr1=13 leri-cr2=100 leri-cr3=100,leri-cr1=13 leri-cr2=100 leri-cr3=100,leri-cr1=13 leri-cr2=100 leri-cr3=100,1171Mbit,1171Mbit,1
1790952579.706,leri-cr1=13 leri-cr2=100 leri-cr3=100,leri-cr1=13 leri-cr2=100 leri-cr3=100,leri-cr1=13 leri-cr2=100 leri-cr3=100,1171Mbit,1171Mbit,1
1790952590.011,leri-cr1=13 leri-cr2=100 leri-cr3=100,leri-cr1=13 leri-cr2=100 leri-cr3=100,leri-cr1=13 leri-cr2=100 leri-cr3=100,1171Mbit,1171Mbit,1
1790952600.064,leri-cr1=13 leri-cr2=100 leri-cr3=100,leri-cr1=13 leri-cr2=100 leri-cr3=100,leri-cr1=13 leri-cr2=100 leri-cr3=100,1171Mbit,1171Mbit,1
1790952610.117,leri-cr1=13 leri-cr2=100 leri-cr3=100,leri-cr1=13 leri-cr2=100 leri-cr3=100,leri-cr1=13 leri-cr2=100 leri-cr3=100,1171Mbit,1171Mbit,1
1790952620.168,leri-cr1=13 leri-cr2=100 leri-cr3=100,leri-cr1=13 leri-cr2=100 leri-cr3=100,leri-cr1=13 leri-cr2=100 leri-cr3=100,1171Mbit,1171Mbit,1
1790952630.219,leri-cr1=13 leri-cr2=100 leri-cr3=100,leri-cr1=13 leri-cr2=100 leri-cr3=100,leri-cr1=13 leri-cr2=100 leri-cr3=100,1171Mbit,1171Mbit,1
1790952640.270,leri-cr1=13 leri-cr2=100 leri-cr3=100,leri-cr1=13 leri-cr2=100 leri-cr3=100,leri-cr1=13 leri-cr2=100 leri-cr3=100,1171Mbit,1171Mbit,1
1790952650.541,leri-cr1=13 leri-cr2=100 leri-cr3=100,leri-cr1=13 leri-cr2=100 leri-cr3=100,leri-cr1=13 leri-cr2=100 leri-cr3=100,1171Mbit,1171Mbit,1
1790952660.595,leri-cr1=13 leri-cr2=100 leri-cr3=100,leri-cr1=13 leri-cr2=100 leri-cr3=100,leri-cr1=13 leri-cr2=100 leri-cr3=100,1171Mbit,1171Mbit,1
1790952670.645,leri-cr1=13 leri-cr2=100 leri-cr3=100,leri-cr1=13 leri-cr2=100 leri-cr3=100,leri-cr1=13 leri-cr2=100 leri-cr3=100,1171Mbit,1171Mbit,1
1790952680.698,leri-cr1=13 leri-cr2=100 leri-cr3=100,leri-cr1=13 leri-cr2=100 leri-cr3=100,leri-cr1=13 leri-cr2=100 leri-cr3=100,1171Mbit,1171Mbit,1
1790952690.745,leri-cr1=13 leri-cr2=100 leri-cr3=100,leri-cr1=13 leri-cr2=100 leri-cr3=100,leri-cr1=13 leri-cr2=100 leri-cr3=100,1171Mbit,1171Mbit,1
1790952700.801,leri-cr1=13 leri-cr2=100 leri-cr3=100,leri-cr1=13 leri-cr2=100 leri-cr3=100,leri-cr1=13 leri-cr2=100 leri-cr3=100,1171Mbit,1171Mbit,1
1790952711.036,leri-cr1=13 leri-cr2=100 leri-cr3=100,leri-cr1=13 leri-cr2=100 leri-cr3=100,leri-cr1=13 leri-cr2=100 leri-cr3=100,1171Mbit,1171Mbit,1
1790952721.090,leri-cr1=13 leri-cr2=100 leri-cr3=100,leri-cr1=13 leri-cr2=100 leri-cr3=100,leri-cr1=13 leri-cr2=100 leri-cr3=100,1171Mbit,1171Mbit,1
1790952731.135,leri-cr1=13 leri-cr2=100 leri-cr3=100,leri-cr1=13 leri-cr2=100 leri-cr3=100,leri-cr1=13 leri-cr2=100 leri-cr3=100,1171Mbit,1171Mbit,1
1790952741.190,leri-cr1=13 leri-cr2=100 leri-cr3=100,leri-cr1=13 leri-cr2=100 leri-cr3=100,leri-cr1=13 leri-cr2=100 leri-cr3=100,1171Mbit,1171Mbit,1
1790952751.253,leri-cr1=13 leri-cr2=100 leri-cr3=100,leri-cr1=13 leri-cr2=100 leri-cr3=100,leri-cr1=13 leri-cr2=100 leri-cr3=100,1171Mbit,1171Mbit,1
1790952761.302,leri-cr1=13 leri-cr2=100 leri-cr3=100,leri-cr1=13 leri-cr2=100 leri-cr3=100,leri-cr1=13 leri-cr2=100 leri-cr3=100,1171Mbit,1171Mbit,1
1790952771.628,leri-cr1=13 leri-cr2=100 leri-cr3=100,leri-cr1=13 leri-cr2=100 leri-cr3=100,leri-cr1=13 leri-cr2=100 leri-cr3=100,1171Mbit,1171Mbit,1
1790952781.676,leri-cr1=13 leri-cr2=100 leri-cr3=100,leri-cr1=13 leri-cr2=100 leri-cr3=100,leri-cr1=13 leri-cr2=100 leri-cr3=100,1171Mbit,1171Mbit,1
1790952791.722,leri-cr1=13 leri-cr2=100 leri-cr3=100,leri-cr1=13 leri-cr2=100 leri-cr3=100,leri-cr1=13 leri-cr2=100 leri-cr3=100,1171Mbit,1171Mbit,1
1790952801.775,leri-cr1=13 leri-cr2=100 leri-cr3=100,leri-cr1=13 leri-cr2=100 leri-cr3=100,leri-cr1=13 leri-cr2=100 leri-cr3=100,1171Mbit,1171Mbit,1
1790952811.821,leri-cr1=13 leri-cr2=100 leri-cr3=100,leri-cr1=13 leri-cr2=100 leri-cr3=100,leri-cr1=13 leri-cr2=100 leri-cr3=100,1171Mbit,1171Mbit,1
1790952821.876,leri-cr1=13 leri-cr2=100 leri-cr3=100,leri-cr1=13 leri-cr2=100 leri-cr3=100,leri-cr1=13 leri-cr2=100 leri-cr3=100,1171Mbit,1171Mbit,1
1790952832.165,leri-cr1=13 leri-cr2=100 leri-cr3=100,leri-cr1=13 leri-cr2=100 leri-cr3=100,leri-cr1=13 leri-cr2=100 leri-cr3=100,1171Mbit,1171Mbit,1
1790952842.223,leri-cr1=13 leri-cr2=100 leri-cr3=100,leri-cr1=13 leri-cr2=100 leri-cr3=100,leri-cr1=13 leri-cr2=100 leri-cr3=100,1171Mbit,1171Mbit,1
1790952852.274,leri-cr1=13 leri-cr2=100 leri-cr3=100,leri-cr1=13 leri-cr2=100 leri-cr3=100,leri-cr1=13 leri-cr2=100 leri-cr3=100,1171Mbit,1171Mbit,1
1790952862.323,leri-cr1=13 leri-cr2=100 leri-cr3=100,leri-cr1=13 leri-cr2=100 leri-cr3=100,leri-cr1=13 leri-cr2=100 leri-cr3=100,1171Mbit,1171Mbit,1
1790952872.375,leri-cr1=13 leri-cr2=100 leri-cr3=100,leri-cr1=13 leri-cr2=100 leri-cr3=100,leri-cr1=13 leri-cr2=100 leri-cr3=100,1171Mbit,1171Mbit,1
1790952882.422,leri-cr1=13 leri-cr2=100 leri-cr3=100,leri-cr1=13 leri-cr2=100 leri-cr3=100,leri-cr1=13 leri-cr2=100 leri-cr3=100,1171Mbit,1171Mbit,1
1790952892.647,leri-cr1=13 leri-cr2=100 leri-cr3=100,leri-cr1=13 leri-cr2=100 leri-cr3=100,leri-cr1=13 leri-cr2=100 leri-cr3=100,1171Mbit,1171Mbit,1
1790952902.695,leri-cr1=13 leri-cr2=100 leri-cr3=100,leri-cr1=13 leri-cr2=100 leri-cr3=100,leri-cr1=13 leri-cr2=100 leri-cr3=100,1171Mbit,1171Mbit,1
1790952912.744,leri-cr1=13 leri-cr2=100 leri-cr3=100,leri-cr1=13 leri-cr2=100 leri-cr3=100,leri-cr1=13 leri-cr2=100 leri-cr3=100,1171Mbit,1171Mbit,1
1790952922.797,leri-cr1=13 leri-cr2=100 leri-cr3=100,leri-cr1=13 leri-cr2=100 leri-cr3=100,leri-cr1=13 leri-cr2=100 leri-cr3=100,1171Mbit,1171Mbit,1
1790952932.847,leri-cr1=13 leri-cr2=100 leri-cr3=100,leri-cr1=13 leri-cr2=100 leri-cr3=100,leri-cr1=13 leri-cr2=100 leri-cr3=100,1171Mbit,1171Mbit,1
1790952942.903,leri-cr1=13 leri-cr2=100 leri-cr3=100,leri-cr1=13 leri-cr2=100 leri-cr3=100,leri-cr1=13 leri-cr2=100 leri-cr3=100,1171Mbit,1171Mbit,1
1790952953.231,leri-cr1=13 leri-cr2=100 leri-cr3=100,leri-cr1=13 leri-cr2=100 leri-cr3=100,leri-cr1=13 leri-cr2=100 leri-cr3=100,1171Mbit,1171Mbit,1
1790952963.282,leri-cr1=13 leri-cr2=100 leri-cr3=100,leri-cr1=13 leri-cr2=100 leri-cr3=100,leri-cr1=13 leri-cr2=100 leri-cr3=100,1171Mbit,1171Mbit,1
1790952973.330,leri-cr1=13 leri-cr2=100 leri-cr3=100,leri-cr1=13 leri-cr2=100 leri-cr3=100,leri-cr1=13 leri-cr2=100 leri-cr3=100,1171Mbit,1171Mbit,1
1790952983.384,leri-cr1=13 leri-cr2=100 leri-cr3=100,leri-cr1=13 leri-cr2=100 leri-cr3=100,leri-cr1=13 leri-cr2=100 leri-cr3=100,1171Mbit,1171Mbit,1
1790952993.428,leri-cr1=13 leri-cr2=100 leri-cr3=100,leri-cr1=13 leri-cr2=100 leri-cr3=100,leri-cr1=13 leri-cr2=100 leri-cr3=100,1171Mbit,1171Mbit,1
1790953003.476,leri-cr1=13 leri-cr2=100 leri-cr3=100,leri-cr1=13 leri-cr2=100 leri-cr3=100,leri-cr1=13 leri-cr2=100 leri-cr3=100,1171Mbit,1171Mbit,1
1790953013.754,leri-cr1=13 leri-cr2=100 leri-cr3=100,leri-cr1=13 leri-cr2=100 leri-cr3=100,leri-cr1=13 leri-cr2=100 leri-cr3=100,1171Mbit,1171Mbit,1
1790953023.804,leri-cr1=13 leri-cr2=100 leri-cr3=100,leri-cr1=13 leri-cr2=100 leri-cr3=100,leri-cr1=13 leri-cr2=100 leri-cr3=100,1171Mbit,1171Mbit,1
1790953033.849,leri-cr1=13 leri-cr2=100 leri-cr3=100,leri-cr1=13 leri-cr2=100 leri-cr3=100,leri-cr1=13 leri-cr2=100 leri-cr3=100,1171Mbit,1171Mbit,1
1790953043.900,leri-cr1=13 leri-cr2=100 leri-cr3=100,leri-cr1=13 leri-cr2=100 leri-cr3=100,leri-cr1=13 leri-cr2=100 leri-cr3=100,1171Mbit,1171Mbit,1
1790953053.950,leri-cr1=13 leri-cr2=100 leri-cr3=100,leri-cr1=13 leri-cr2=100 leri-cr3=100,leri-cr1=13 leri-cr2=100 leri-cr3=100,1171Mbit,1171Mbit,1
1790953064.006,leri-cr1=13 leri-cr2=100 leri-cr3=100,leri-cr1=13 leri-cr2=100 leri-cr3=100,leri-cr1=13 leri-cr2=100 leri-cr3=100,1171Mbit,1171Mbit,1
1790953074.320,leri-cr1=13 leri-cr2=100 leri-cr3=100,leri-cr1=13 leri-cr2=100 leri-cr3=100,leri-cr1=13 leri-cr2=100 leri-cr3=100,1171Mbit,1171Mbit,1
1790953084.372,leri-cr1=13 leri-cr2=100 leri-cr3=100,leri-cr1=13 leri-cr2=100 leri-cr3=100,leri-cr1=13 leri-cr2=100 leri-cr3=100,1171Mbit,1171Mbit,1
1790953094.430,leri-cr1=13 leri-cr2=100 leri-cr3=100,leri-cr1=13 leri-cr2=100 leri-cr3=100,leri-cr1=13 leri-cr2=100 leri-cr3=100,1171Mbit,1171Mbit,1
1790953104.480,leri-cr1=13 leri-cr2=100 leri-cr3=100,leri-cr1=13 leri-cr2=100 leri-cr3=100,leri-cr1=13 leri-cr2=100 leri-cr3=100,1171Mbit,1171Mbit,1
1790953114.535,leri-cr1=13 leri-cr2=100 leri-cr3=100,leri-cr1=13 leri-cr2=100 leri-cr3=100,leri-cr1=13 leri-cr2=100 leri-cr3=100,1171Mbit,1171Mbit,1
1790953124.583,leri-cr1=13 leri-cr2=100 leri-cr3=100,leri-cr1=13 leri-cr2=100 leri-cr3=100,leri-cr1=13 leri-cr2=100 leri-cr3=100,1171Mbit,1171Mbit,1
1790953134.878,leri-cr1=13 leri-cr2=100 leri-cr3=100,leri-cr1=13 leri-cr2=100 leri-cr3=100,leri-cr1=13 leri-cr2=100 leri-cr3=100,1171Mbit,1171Mbit,1
1790953144.930,leri-cr1=13 leri-cr2=100 leri-cr3=100,leri-cr1=13 leri-cr2=100 leri-cr3=100,leri-cr1=13 leri-cr2=100 leri-cr3=100,1171Mbit,1171Mbit,1
1790953154.980,leri-cr1=13 leri-cr2=100 leri-cr3=100,leri-cr1=13 leri-cr2=100 leri-cr3=100,leri-cr1=13 leri-cr2=100 leri-cr3=100,1171Mbit,1171Mbit,1
1790953165.028,leri-cr1=13 leri-cr2=100 leri-cr3=100,leri-cr1=13 leri-cr2=100 leri-cr3=100,leri-cr1=13 leri-cr2=100 leri-cr3=100,1171Mbit,1171Mbit,1
1790953175.077,leri-cr1=13 leri-cr2=100 leri-cr3=100,leri-cr1=13 leri-cr2=100 leri-cr3=100,leri-cr1=13 leri-cr2=100 leri-cr3=100,1171Mbit,1171Mbit,1
1790953185.122,leri-cr1=13 leri-cr2=100 leri-cr3=100,leri-cr1=13 leri-cr2=100 leri-cr3=100,leri-cr1=13 leri-cr2=100 leri-cr3=100,1171Mbit,1171Mbit,1
1790953195.356,leri-cr1=13 leri-cr2=100 leri-cr3=100,leri-cr1=13 leri-cr2=100 leri-cr3=100,leri-cr1=13 leri-cr2=100 leri-cr3=100,1171Mbit,1171Mbit,1
