time,seq,rtt_ms,status
1790943866.168581,1,1.44,ok
1790943867.170650,2,1.82,ok
1790943868.172528,3,1.66,ok
1790943869.174418,4,1.64,ok
1790943870.176406,5,1.67,ok
1790943871.178088,6,1.67,ok
1790943872.180242,7,1.92,ok
1790943873.180757,8,1.46,ok
1790943874.182658,9,2.02,ok
1790943875.183594,10,2.03,ok
1790943876.184323,11,1.92,ok
1790943877.185183,12,2.00,ok
1790943878.186031,13,1.95,ok
1790943879.187774,14,1.93,ok
1790943880.189028,15,2.00,ok
1790943881.190235,16,2.31,ok
1790943882.191081,17,1.92,ok
1790943883.192307,18,1.92,ok
1790943884.193415,19,2.10,ok
1790943885.194834,20,2.36,ok
1790943886.195389,21,2.04,ok
1790943887.196242,22,1.94,ok
1790943888.198642,23,2.33,ok
1790943889.199720,24,2.01,ok
1790943890.200457,25,1.86,ok
1790943891.202565,26,2.22,ok
1790943892.203780,27,2.24,ok
1790943893.204542,28,2.25,ok
1790943894.205509,29,1.96,ok
1790943895.206461,30,1.90,ok
1790943896.208579,31,2.03,ok
1790943897.209775,32,2.27,ok
1790943898.211097,33,2.33,ok
1790943899.212300,34,2.22,ok
1790943900.213225,35,1.89,ok
1790943901.214883,36,1.80,ok
1790943902.216952,37,2.14,ok
1790943903.217851,38,1.88,ok
1790943904.219795,39,2.05,ok
1790943905.220529,40,1.94,ok
1790943906.221470,41,2.05,ok
1790943907.222202,42,1.86,ok
1790943908.223947,43,1.93,ok
1790943909.225694,44,1.95,ok
1790943910.227378,45,1.88,ok
1790943911.229125,46,1.92,ok
1790943912.230581,47,2.19,ok
1790943913.231824,48,2.18,ok
1790943914.232771,49,2.17,ok
1790943915.233725,50,1.94,ok
1790943916.235709,51,2.09,ok
1790943917.236915,52,2.16,ok
1790943918.238342,53,2.55,ok
1790943919.239750,54,2.36,ok
1790943920.240679,55,1.96,ok
1790943921.241458,56,1.90,ok
1790943922.243201,57,1.93,ok
1790943923.245003,58,1.99,ok
1790943924.246085,59,2.24,ok
1790943925.247152,60,2.05,ok
1790943926.248028,61,2.11,ok
1790943927.248124,62,1.90,ok
1790943928.250181,63,2.14,ok
1790943929.251430,64,2.18,ok
1790943930.252522,65,2.27,ok
1790943931.253610,66,2.16,ok
1790943932.254765,67,2.14,ok
1790943933.264699,68,11.1,ok
1790943934.255884,69,1.92,ok
1790943935.256789,70,2.00,ok
1790943936.258010,71,2.35,ok
1790943937.258730,72,1.83,ok
1790943938.260792,73,2.16,ok
1790943939.261865,74,2.09,ok
1790943940.262671,75,1.94,ok
1790943941.264696,76,2.21,ok
1790943942.265294,77,2.10,ok
1790943943.266442,78,2.10,ok
1790943944.267354,79,1.93,ok
1790943945.269041,80,1.88,ok
1790943946.270904,81,2.02,ok
1790943947.271700,82,2.00,ok
1790943948.272653,83,2.07,ok
1790943949.273244,84,1.98,ok
1790943950.273972,85,2.20,ok
1790943951.275601,86,2.55,ok
1790943952.276697,87,2.05,ok
1790943953.277685,88,2.07,ok
1790943954.278639,89,2.27,ok
1790943955.279045,90,1.84,ok
1790943956.281264,91,2.33,ok
1790943957.282554,92,2.20,ok
1790943958.283781,93,2.20,ok
1790943959.285275,94,2.45,ok
1790943960.286622,95,2.26,ok
1790943961.287223,96,1.81,ok
1790943962.288981,97,1.87,ok
1790943963.290739,98,1.89,ok
1790943964.292717,99,2.10,ok
1790943965.293725,100,1.98,ok
1790943966.294695,101,1.99,ok
1790943967.295432,102,1.94,ok
1790943968.296265,103,1.96,ok
1790943969.297733,104,2.66,ok
1790943970.298755,105,1.95,ok
1790943971.299733,106,2.00,ok
1790943972.300698,107,2.09,ok
1790943973.301836,108,2.08,ok
1790943974.302467,109,1.83,ok
1790943975.304507,110,2.05,ok
1790943976.305945,111,2.39,ok
1790943977.306777,112,1.80,ok
1790943978.309234,113,2.52,ok
1790943979.310269,114,1.95,ok
1790943980.311291,115,1.99,ok
1790943981.311986,116,1.92,ok
1790943982.314146,117,2.34,ok
1790943983.315081,118,1.97,ok
1790943984.315959,119,2.00,ok
1790943985.316692,120,1.94,ok
1790943986.318528,121,2.17,ok
1790943987.320016,122,2.66,ok
1790943988.321159,123,2.09,ok
1790943989.322307,124,2.11,ok
1790943990.323064,125,1.93,ok
1790943991.324909,126,2.02,ok
1790943992.326011,127,2.27,ok
1790943993.327232,128,2.22,ok
1790943994.328108,129,1.83,ok
1790943995.330618,130,2.34,ok
1790943996.331594,131,1.74,ok
1790943997.333334,132,1.50,ok
1790943998.335427,133,1.81,ok
1790943999.337382,134,1.70,ok
1790944000.339299,135,1.57,ok
1790944001.341458,136,1.96,ok
1790944002.342307,137,1.65,ok
1790944003.344324,138,1.80,ok
1790944004.346312,139,1.78,ok
1790944005.348143,140,1.64,ok
1790944006.349767,141,1.41,ok
1790944007.351515,142,1.55,ok
1790944008.353214,143,1.64,ok
1790944009.355024,144,1.61,ok
1790944010.356754,145,1.64,ok
1790944011.358506,146,1.65,ok
1790944012.360069,147,1.47,ok
1790944013.361843,148,1.51,ok
1790944014.363617,149,1.52,ok
1790944015.365367,150,1.50,ok
1790944016.366089,151,1.51,ok
1790944017.367789,152,1.47,ok
1790944018.369578,153,1.52,ok
1790944019.371165,154,1.51,ok
1790944020.372864,155,1.46,ok
1790944021.374057,156,1.54,ok
1790944022.375970,157,1.67,ok
1790944023.377722,158,1.46,ok
1790944024.379614,159,1.57,ok
1790944025.381048,160,1.82,ok
1790944026.381743,161,1.46,ok
1790944027.383558,162,1.51,ok
1790944028.385351,163,1.53,ok
1790944029.387737,164,2.12,ok
1790944030.388548,165,1.54,ok
1790944031.390270,166,1.48,ok
1790944032.391961,167,1.45,ok
1790944033.393636,168,1.43,ok
1790944034.396009,169,2.10,ok
1790944035.396830,170,1.44,ok
1790944036.397918,171,1.45,ok
1790944037.399557,172,1.47,ok
1790944038.401437,173,1.53,ok
1790944039.403207,174,1.62,ok
1790944040.404780,175,1.49,ok
1790944041.405851,176,1.49,ok
1790944042.407417,177,1.47,ok
1790944043.409018,178,1.41,ok
1790944044.409675,179,1.35,ok
1790944045.411365,180,1.50,ok
1790944046.413076,181,1.53,ok
1790944047.414824,182,1.56,ok
1790944048.416522,183,1.51,ok
1790944049.418188,184,1.47,ok
1790944050.419828,185,1.49,ok
1790944051.421400,186,1.41,ok
1790944052.423110,187,1.52,ok
1790944053.424648,188,1.40,ok
1790944054.426120,189,1.76,ok
1790944055.427839,190,1.52,ok
1790944056.429619,191,1.58,ok
1790944057.431299,192,1.49,ok
1790944058.433711,193,2.22,ok
1790944059.434478,194,1.59,ok
1790944060.436265,195,1.62,ok
1790944061.437830,196,1.49,ok
1790944062.439460,197,1.49,ok
1790944063.441116,198,1.48,ok
1790944064.442772,199,1.46,ok
1790944065.444651,200,1.69,ok
1790944066.446779,201,1.96,ok
1790944067.447387,202,1.52,ok
1790944068.448874,203,1.41,ok
1790944069.450023,204,1.66,ok
1790944070.451731,205,1.52,ok
1790944071.453376,206,1.48,ok
1790944072.455056,207,1.50,ok
1790944073.456648,208,1.42,ok
1790944074.458327,209,1.59,ok
1790944075.460173,210,1.62,ok
1790944076.461939,211,1.54,ok
1790944077.463632,212,1.51,ok
1790944078.465341,213,1.52,ok
1790944079.467610,214,2.06,ok
1790944080.468332,215,1.52,ok
1790944081.469941,216,1.40,ok
1790944082.471643,217,1.52,ok
1790944083.473618,218,1.79,ok
1790944084.475248,219,1.42,ok
1790944085.476900,220,1.47,ok
1790944086.478497,221,1.43,ok
1790944087.480056,222,1.39,ok
1790944088.482084,223,1.81,ok
1790944089.483800,224,1.52,ok
1790944090.485521,225,1.50,ok
1790944091.487183,226,1.47,ok
1790944092.489064,227,1.69,ok
1790944093.490835,228,1.56,ok
1790944094.492517,229,1.59,ok
1790944095.494178,230,1.47,ok
1790944096.496579,231,2.34,ok
1790944097.497333,232,1.53,ok
1790944098.498997,233,1.55,ok
1790944099.500633,234,1.45,ok
1790944100.502316,235,1.50,ok
1790944101.504072,236,1.53,ok
1790944102.506041,237,1.76,ok
1790944103.507500,238,1.36,ok
1790944104.509241,239,1.55,ok
1790944105.510012,240,1.58,ok
1790944106.512193,241,1.99,ok
1790944107.512787,242,1.41,ok
1790944108.514619,243,1.65,ok
1790944109.516346,244,1.47,ok
1790944110.517798,245,1.48,ok
1790944111.518593,246,1.54,ok
1790944112.520179,247,1.54,ok
1790944113.521902,248,1.48,ok
1790944114.523591,249,1.50,ok
1790944115.525274,250,1.46,ok
1790944116.526888,251,1.46,ok
1790944117.527794,252,1.66,ok
1790944118.529421,253,1.53,ok
1790944119.531209,254,1.53,ok
1790944120.532963,255,1.52,ok
1790944121.534119,256,1.60,ok
1790944122.536047,257,1.67,ok
1790944123.537818,258,1.56,ok
1790944124.539429,259,1.51,ok
1790944125.541266,260,1.65,ok
1790944126.542991,261,1.55,ok
1790944127.544862,262,1.68,ok
1790944128.546721,263,1.63,ok
1790944129.548586,264,1.67,ok
1790944130.550253,265,1.56,ok
1790944131.551950,266,1.52,ok
1790944132.553614,267,1.61,ok
1790944133.555448,268,1.66,ok
1790944134.557326,269,1.69,ok
1790944135.559026,270,1.52,ok
1790944136.560821,271,1.60,ok
1790944137.561913,272,1.43,ok
1790944138.564133,273,1.93,ok
1790944139.564974,274,1.50,ok
1790944140.566959,275,1.70,ok
1790944141.568651,276,1.50,ok
1790944142.570584,277,1.70,ok
1790944143.572328,278,1.47,ok
1790944144.574102,279,1.53,ok
1790944145.575868,280,1.49,ok
1790944146.577661,281,1.51,ok
1790944147.579522,282,1.61,ok
1790944148.581000,283,1.43,ok
1790944149.582761,284,1.52,ok
1790944150.584448,285,1.44,ok
1790944151.586172,286,1.48,ok
1790944152.588019,287,1.60,ok
1790944153.589783,288,1.49,ok
1790944154.591575,289,1.51,ok
1790944155.593483,290,1.67,ok
1790944156.595175,291,1.51,ok
1790944157.596826,292,1.48,ok
1790944158.598603,293,1.50,ok
1790944159.600420,294,1.51,ok
1790944160.602369,295,1.67,ok
1790944161.604156,296,1.58,ok
1790944162.605861,297,1.40,ok
1790944163.607641,298,1.46,ok
1790944164.609300,299,1.41,ok
1790944165.611037,300,1.46,ok
1790944166.612744,301,1.54,ok
1790944167.614553,302,1.48,ok
1790944168.616533,303,1.73,ok
1790944169.618298,304,1.51,ok
1790944170.620202,305,1.56,ok
1790944171.621785,306,1.81,ok
1790944172.623673,307,1.71,ok
1790944173.624709,308,1.65,ok
1790944174.626462,309,1.49,ok
1790944175.626976,310,1.39,ok
1790944176.629128,311,1.97,ok
1790944177.629913,312,1.58,ok
1790944178.631636,313,1.54,ok
1790944179.633312,314,1.49,ok
1790944180.635085,315,1.52,ok
1790944181.637197,316,1.89,ok
1790944182.638877,317,1.52,ok
1790944183.640841,318,1.75,ok
1790944184.642326,319,1.47,ok
1790944185.644185,320,1.56,ok
1790944186.646247,321,1.79,ok
1790944187.648102,322,1.60,ok
1790944188.650153,323,1.80,ok
1790944189.653085,324,2.66,ok
1790944190.653851,325,1.48,ok
1790944191.655879,326,1.71,ok
1790944192.657586,327,1.50,ok
1790944193.659211,328,1.42,ok
1790944194.661181,329,1.70,ok
1790944195.662954,330,1.50,ok
1790944196.664752,331,1.57,ok
1790944197.666527,332,1.53,ok
1790944198.668495,333,1.71,ok
1790944199.670290,334,1.55,ok
1790944200.672125,335,1.59,ok
1790944201.674360,336,1.96,ok
1790944202.675288,337,1.70,ok
1790944203.677235,338,1.68,ok
1790944204.678019,339,1.63,ok
1790944205.679835,340,1.61,ok
1790944206.681812,341,1.74,ok
1790944207.683649,342,2.73,ok
1790944208.683844,343,2.06,ok
1790944209.684840,344,2.13,ok
1790944210.685879,345,2.01,ok
1790944211.686905,346,2.14,ok
1790944212.688267,347,2.25,ok
1790944213.689248,348,1.97,ok
1790944214.690364,349,2.21,ok
1790944215.691542,350,2.09,ok
1790944216.691987,351,2.09,ok
1790944217.692324,352,2.11,ok
1790944218.693115,353,2.07,ok
1790944219.694190,354,2.32,ok
1790944220.695195,355,2.04,ok
1790944221.696020,356,2.01,ok
1790944222.696887,357,2.08,ok
1790944223.697718,358,2.07,ok
1790944224.698805,359,2.33,ok
1790944225.699665,360,2.40,ok
1790944226.700723,361,2.08,ok
1790944227.701651,362,2.68,ok
1790944228.702860,363,2.12,ok
1790944229.704138,364,2.16,ok
1790944230.704640,365,1.87,ok
1790944231.706685,366,2.10,ok
1790944232.706993,367,2.08,ok
1790944233.707931,368,2.18,ok
1790944234.709181,369,2.14,ok
1790944235.710166,370,2.30,ok
1790944236.710714,371,2.06,ok
1790944237.711725,372,2.18,ok
1790944238.712016,373,2.16,ok
1790944239.712919,374,2.61,ok
1790944240.713216,375,2.09,ok
1790944241.714071,376,2.09,ok
1790944242.714888,377,2.03,ok
1790944243.715856,378,2.21,ok
1790944244.716964,379,2.04,ok
1790944245.717775,380,1.97,ok
1790944246.718621,381,2.06,ok
1790944247.719012,382,2.07,ok
1790944248.719554,383,1.80,ok
1790944249.721715,384,2.16,ok
1790944250.722864,385,2.07,ok
1790944251.722796,386,1.68,ok
1790944252.724154,387,2.13,ok
1790944253.724765,388,1.95,ok
1790944254.726746,389,2.15,ok
1790944255.727022,390,2.08,ok
1790944256.727437,391,2.10,ok
1790944257.728256,392,2.15,ok
1790944258.729084,393,2.08,ok
1790944259.729964,394,2.05,ok
1790944260.730815,395,2.07,ok
1790944261.731990,396,2.09,ok
1790944262.732151,397,1.86,ok
1790944263.734116,398,2.07,ok
1790944264.734984,399,2.09,ok
1790944265.735902,400,2.14,ok
1790944266.737089,401,2.11,ok
1790944267.737789,402,1.93,ok
1790944268.739621,403,2.06,ok
1790944269.740594,404,2.07,ok
1790944270.742131,405,2.41,ok
1790944271.742551,406,2.10,ok
1790944272.743395,407,2.06,ok
1790944273.744272,408,2.08,ok
1790944274.745075,409,2.08,ok
1790944275.745917,410,2.12,ok
1790944276.746539,411,1.94,ok
1790944277.747797,412,2.27,ok
1790944278.748629,413,2.33,ok
1790944279.749214,414,2.11,ok
1790944280.750073,415,2.08,ok
1790944281.750890,416,2.07,ok
1790944282.751788,417,2.04,ok
1790944283.751877,418,1.89,ok
1790944284.753834,419,2.03,ok
1790944285.754652,420,2.07,ok
1790944286.754907,421,1.98,ok
1790944287.755775,422,1.99,ok
1790944288.756601,423,2.45,ok
1790944289.756983,424,2.01,ok
1790944290.757810,425,1.95,ok
1790944291.759701,426,2.09,ok
1790944292.760670,427,2.22,ok
1790944293.761157,428,1.90,ok
1790944294.762616,429,2.12,ok
1790944295.763421,430,2.03,ok
1790944296.763783,431,2.05,ok
1790944297.764826,432,2.22,ok
1790944298.765515,433,2.54,ok
1790944299.766360,434,2.02,ok
1790944300.767236,435,2.07,ok
1790944301.767674,436,2.23,ok
1790944302.768544,437,1.79,ok
1790944303.770577,438,2.11,ok
1790944304.771488,439,2.08,ok
1790944305.772676,440,2.10,ok
1790944306.772890,441,1.95,ok
1790944307.774111,442,2.16,ok
1790944308.775244,443,2.12,ok
1790944309.775701,444,2.26,ok
1790944310.776377,445,2.12,ok
1790944311.777609,446,2.46,ok
1790944312.778643,447,2.13,ok
1790944313.779853,448,2.13,ok
1790944314.780107,449,2.04,ok
1790944315.781037,450,2.10,ok
1790944316.782024,451,1.90,ok
1790944317.783592,452,2.09,ok
1790944318.783828,453,2.03,ok
1790944319.784452,454,2.15,ok
1790944320.784426,455,1.82,ok
1790944321.786483,456,2.10,ok
1790944322.787471,457,2.15,ok
1790944323.788492,458,2.06,ok
1790944324.789317,459,2.02,ok
1790944325.790197,460,1.85,ok
1790944326.792597,461,2.20,ok
1790944327.792394,462,1.73,ok
1790944328.794064,463,1.39,ok
1790944329.795995,464,1.63,ok
1790944330.797909,465,1.67,ok
1790944331.799463,466,1.50,ok
1790944332.801215,467,1.53,ok
1790944333.802112,468,1.60,ok
1790944334.803875,469,1.47,ok
1790944335.805646,470,1.52,ok
1790944336.807712,471,1.80,ok
1790944337.809396,472,1.44,ok
1790944338.811222,473,1.54,ok
1790944339.813167,474,1.70,ok
1790944340.814822,475,1.36,ok
1790944341.816727,476,1.66,ok
1790944342.818431,477,1.51,ok
1790944343.820268,478,1.54,ok
1790944344.822108,479,1.57,ok
1790944345.823754,480,1.46,ok
1790944346.825472,481,1.46,ok
1790944347.827224,482,1.49,ok
1790944348.829184,483,1.72,ok
1790944349.830931,484,1.48,ok
1790944350.832593,485,1.43,ok
1790944351.834271,486,1.48,ok
1790944352.835995,487,1.49,ok
1790944353.838148,488,1.86,ok
1790944354.839029,489,1.80,ok
1790944355.840781,490,1.51,ok
1790944356.842498,491,1.49,ok
1790944357.844308,492,1.55,ok
1790944358.846952,493,2.33,ok
1790944359.847545,494,1.50,ok
1790944360.849074,495,1.48,ok
1790944361.850665,496,1.36,ok
1790944362.852543,497,1.60,ok
1790944363.854471,498,1.67,ok
1790944364.856343,499,1.57,ok
1790944365.858066,500,1.47,ok
1790944366.859574,501,1.42,ok
1790944367.861208,502,1.56,ok
1790944368.862899,503,1.52,ok
1790944369.864562,504,1.60,ok
1790944370.866188,505,1.47,ok
1790944371.868350,506,1.91,ok
1790944372.868983,507,1.40,ok
1790944373.869928,508,1.44,ok
1790944374.871652,509,1.48,ok
1790944375.873567,510,1.68,ok
1790944376.875201,511,1.51,ok
1790944377.876929,512,1.50,ok
1790944378.877946,513,1.41,ok
1790944379.880721,514,2.53,ok
1790944380.881494,515,1.53,ok
1790944381.883241,516,1.47,ok
1790944382.884968,517,1.49,ok
1790944383.886819,518,1.61,ok
1790944384.888738,519,1.68,ok
1790944385.889923,520,1.50,ok
1790944386.891595,521,1.45,ok
1790944387.892973,522,1.33,ok
1790944388.894698,523,1.49,ok
1790944389.896480,524,1.58,ok
1790944390.898261,525,1.54,ok
1790944391.900299,526,1.77,ok
1790944392.902071,527,1.52,ok
1790944393.903771,528,1.47,ok
1790944394.905581,529,1.60,ok
1790944395.907339,530,1.51,ok
1790944396.909602,531,2.07,ok
1790944397.910371,532,1.52,ok
1790944398.912114,533,1.50,ok
1790944399.913903,534,1.52,ok
1790944400.915666,535,1.53,ok
1790944401.917368,536,1.46,ok
1790944402.919080,537,1.47,ok
1790944403.920745,538,1.47,ok
1790944404.922465,539,1.48,ok
1790944405.924049,540,1.36,ok
1790944406.925765,541,1.49,ok
1790944407.927603,542,1.56,ok
1790944408.929329,543,1.44,ok
1790944409.931191,544,1.52,ok
1790944410.933143,545,1.64,ok
1790944411.935078,546,1.70,ok
1790944412.936715,547,1.47,ok
1790944413.938469,548,1.96,ok
1790944414.939078,549,1.50,ok
1790944415.940814,550,1.49,ok
1790944416.942064,551,1.54,ok
1790944417.944593,552,2.35,ok
1790944418.945288,553,1.47,ok
1790944419.946464,554,2.02,ok
1790944420.947142,555,1.48,ok
1790944421.949512,556,2.17,ok
1790944422.950456,557,1.72,ok
1790944423.952219,558,1.52,ok
1790944424.953968,559,1.51,ok
1790944425.955676,560,1.44,ok
1790944426.957411,561,1.45,ok
1790944427.959238,562,1.57,ok
1790944428.961048,563,1.51,ok
1790944429.963282,564,1.99,ok
1790944430.963999,565,1.47,ok
1790944431.965974,566,1.72,ok
1790944432.966653,567,1.41,ok
1790944433.968357,568,1.47,ok
1790944434.970037,569,1.42,ok
1790944435.971807,570,1.53,ok
1790944436.972818,571,1.43,ok
1790944437.974452,572,1.44,ok
1790944438.976254,573,1.56,ok
1790944439.977972,574,1.54,ok
1790944440.979556,575,1.49,ok
1790944441.981147,576,1.45,ok
1790944442.983055,577,1.67,ok
1790944443.984773,578,1.53,ok
1790944444.986337,579,1.48,ok
1790944445.988081,580,1.50,ok
1790944446.989649,581,1.36,ok
1790944447.991309,582,1.44,ok
1790944448.992993,583,1.52,ok
1790944449.993942,584,1.50,ok
1790944450.995645,585,1.51,ok
1790944451.997352,586,1.49,ok
1790944452.999130,587,1.53,ok
1790944454.000886,588,1.52,ok
1790944455.002701,589,1.49,ok
1790944456.004571,590,1.62,ok
1790944457.006146,591,1.63,ok
1790944458.007955,592,1.59,ok
1790944459.009819,593,1.59,ok
1790944460.011838,594,1.83,ok
1790944461.013672,595,1.56,ok
1790944462.015442,596,1.49,ok
1790944463.017181,597,1.50,ok
1790944464.018869,598,1.45,ok
1790944465.020652,599,1.52,ok
1790944466.022415,600,1.52,ok
1790944467.024237,601,1.53,ok
1790944468.026027,602,1.53,ok
1790944469.027826,603,1.65,ok
1790944470.029580,604,1.48,ok
1790944471.031257,605,1.43,ok
1790944472.032955,606,1.52,ok
1790944473.034004,607,1.53,ok
1790944474.035777,608,1.53,ok
1790944475.036867,609,1.52,ok
1790944476.037880,610,1.50,ok
1790944477.038717,611,1.51,ok
1790944478.040456,612,1.49,ok
1790944479.042442,613,1.96,ok
1790944480.042821,614,1.70,ok
1790944481.044432,615,1.53,ok
1790944482.045888,616,1.53,ok
1790944483.047646,617,1.52,ok
1790944484.049358,618,1.46,ok
1790944485.051018,619,1.61,ok
1790944486.052755,620,1.50,ok
1790944487.054547,621,1.49,ok
1790944488.056325,622,1.52,ok
1790944489.059538,623,2.94,ok
1790944490.059176,624,1.40,ok
1790944491.060985,625,1.56,ok
1790944492.062713,626,1.49,ok
1790944493.065035,627,2.07,ok
1790944494.066462,628,2.17,ok
1790944495.067258,629,1.52,ok
1790944496.068877,630,1.47,ok
1790944497.069930,631,1.36,ok
1790944498.071617,632,1.44,ok
1790944499.073582,633,1.69,ok
1790944500.075174,634,1.35,ok
1790944501.076901,635,1.46,ok
1790944502.078535,636,1.49,ok
1790944503.079977,637,1.38,ok
1790944504.081680,638,1.47,ok
1790944505.083388,639,1.48,ok
1790944506.085159,640,1.49,ok
1790944507.086005,641,1.49,ok
1790944508.087738,642,1.47,ok
1790944509.089465,643,1.47,ok
1790944510.091378,644,1.62,ok
1790944511.093649,645,2.09,ok
1790944512.093762,646,1.42,ok
1790944513.095328,647,1.36,ok
1790944514.097121,648,1.56,ok
1790944515.098628,649,1.46,ok
1790944516.100375,650,1.50,ok
1790944517.102127,651,1.47,ok
1790944518.104675,652,2.37,ok
1790944519.104774,653,1.51,ok
1790944520.106634,654,1.67,ok
1790944521.108382,655,1.60,ok
1790944522.109715,656,1.35,ok
1790944523.111556,657,1.65,ok
1790944524.113334,658,1.52,ok
1790944525.115129,659,1.60,ok
1790944526.117153,660,1.93,ok
1790944527.118850,661,1.51,ok
1790944528.120514,662,1.48,ok
1790944529.122186,663,1.49,ok
1790944530.123978,664,1.61,ok
1790944531.125684,665,1.49,ok
1790944532.127411,666,1.50,ok
1790944533.129046,667,1.46,ok
1790944534.130695,668,1.47,ok
1790944535.132453,669,1.57,ok
1790944536.134130,670,1.49,ok
1790944537.135802,671,1.48,ok
1790944538.137462,672,1.48,ok
1790944539.139031,673,1.41,ok
1790944540.140636,674,1.48,ok
1790944541.142305,675,1.42,ok
1790944542.143988,676,1.44,ok
1790944543.145729,677,1.46,ok
1790944544.147597,678,1.55,ok
1790944545.149316,679,1.46,ok
1790944546.151069,680,1.51,ok
1790944547.152693,681,1.48,ok
1790944548.154402,682,1.62,ok
1790944549.156180,683,1.60,ok
1790944550.157969,684,1.60,ok
1790944551.159560,685,1.49,ok
1790944552.161660,686,1.90,ok
1790944553.163448,687,1.59,ok
1790944554.165312,688,1.65,ok
1790944555.167102,689,1.61,ok
1790944556.168753,690,1.58,ok
1790944557.169926,691,1.43,ok
1790944558.171654,692,1.54,ok
1790944559.173536,693,1.69,ok
1790944560.175204,694,1.48,ok
1790944561.176990,695,1.61,ok
1790944562.178659,696,1.51,ok
1790944563.180375,697,1.54,ok
1790944564.181939,698,1.48,ok
1790944565.183681,699,1.56,ok
1790944566.185318,700,1.54,ok
1790944567.187068,701,1.51,ok
1790944568.188706,702,1.55,ok
1790944569.190598,703,1.83,ok
1790944570.192246,704,1.54,ok
1790944571.194382,705,1.88,ok
1790944572.194899,706,1.37,ok
1790944573.196542,707,1.50,ok
1790944574.198197,708,1.49,ok
1790944575.200061,709,1.60,ok
1790944576.201747,710,1.44,ok
1790944577.203425,711,1.42,ok
1790944578.205262,712,1.58,ok
1790944579.207005,713,1.47,ok
1790944580.208811,714,1.51,ok
1790944581.210674,715,1.77,ok
1790944582.212326,716,1.45,ok
1790944583.214017,717,1.43,ok
1790944584.215937,718,1.68,ok
1790944585.217671,719,1.50,ok
1790944586.219720,720,1.81,ok
1790944587.221515,721,1.51,ok
1790944588.223189,722,1.43,ok
1790944589.225190,723,1.76,ok
1790944590.226779,724,1.36,ok
1790944591.228233,725,1.39,ok
1790944592.230019,726,1.54,ok
1790944593.231788,727,1.53,ok
1790944594.233745,728,1.71,ok
1790944595.235784,729,1.79,ok
1790944596.237635,730,1.49,ok
1790944597.239421,731,1.54,ok
1790944598.241192,732,1.53,ok
1790944599.242773,733,1.42,ok
1790944600.244238,734,1.42,ok
1790944601.245974,735,1.49,ok
1790944602.247712,736,1.50,ok
1790944603.249316,737,1.51,ok
1790944604.251315,738,1.76,ok
1790944605.253008,739,1.51,ok
1790944606.254968,740,1.69,ok
1790944607.256546,741,1.42,ok
1790944608.258331,742,1.52,ok
1790944609.260104,743,1.60,ok
1790944610.261859,744,1.50,ok
1790944611.263610,745,1.51,ok
1790944612.265476,746,1.63,ok
1790944613.267288,747,1.54,ok
1790944614.269157,748,1.63,ok
1790944615.270909,749,1.49,ok
1790944616.272491,750,1.47,ok
1790944617.274127,751,1.40,ok
1790944618.275884,752,1.50,ok
1790944619.277468,753,1.35,ok
1790944620.279110,754,1.49,ok
1790944621.280846,755,1.51,ok
1790944622.282620,756,1.51,ok
1790944623.284382,757,1.47,ok
1790944624.286133,758,1.51,ok
1790944625.287950,759,1.58,ok
1790944626.289778,760,1.59,ok
1790944627.291435,761,1.49,ok
1790944628.293307,762,1.69,ok
1790944629.295577,763,2.09,ok
1790944630.296131,764,1.47,ok
1790944631.298015,765,1.70,ok
1790944632.299773,766,1.57,ok
1790944633.301398,767,1.45,ok
1790944634.303068,768,1.57,ok
1790944635.304967,769,1.72,ok
1790944636.305906,770,1.45,ok
1790944637.307627,771,1.64,ok
1790944638.309296,772,1.49,ok
1790944639.311082,773,1.61,ok
1790944640.312745,774,1.48,ok
1790944641.314447,775,1.52,ok
1790944642.316169,776,1.63,ok
1790944643.317940,777,1.58,ok
1790944644.319771,778,1.64,ok
1790944645.321386,779,1.43,ok
1790944646.323643,780,2.21,ok
1790944647.324422,781,1.62,ok
1790944648.325847,782,1.44,ok
1790944649.327512,783,1.49,ok
1790944650.329506,784,1.78,ok
1790944651.331203,785,1.50,ok
1790944652.333019,786,1.60,ok
1790944653.334648,787,1.45,ok
1790944654.336337,788,1.54,ok
1790944655.338040,789,1.48,ok
1790944656.339790,790,1.52,ok
1790944657.341563,791,1.59,ok
1790944658.343205,792,1.44,ok
1790944659.344977,793,1.55,ok
1790944660.346676,794,1.51,ok
1790944661.348254,795,1.49,ok
1790944662.349770,796,1.43,ok
1790944663.351543,797,1.63,ok
1790944664.353232,798,1.51,ok
1790944665.354891,799,1.47,ok
1790944666.356599,800,1.51,ok
1790944667.359065,801,2.31,ok
1790944668.359816,802,1.51,ok
1790944669.361711,803,1.65,ok
1790944670.363459,804,1.50,ok
1790944671.365209,805,1.52,ok
1790944672.366766,806,1.48,ok
1790944673.368567,807,1.54,ok
1790944674.370287,808,1.48,ok
1790944675.372029,809,1.49,ok
1790944676.373758,810,1.49,ok
1790944677.375298,811,1.48,ok
1790944678.376966,812,1.44,ok
1790944679.377919,813,1.40,ok
1790944680.380126,814,1.88,ok
1790944681.381724,815,1.40,ok
1790944682.383476,816,1.60,ok
1790944683.385311,817,1.56,ok
1790944684.387664,818,2.16,ok
1790944685.388311,819,1.44,ok
1790944686.389935,820,1.43,ok
1790944687.391560,821,1.45,ok
1790944688.393260,822,1.51,ok
1790944689.394931,823,1.49,ok
1790944690.396472,824,1.45,ok
1790944691.398082,825,1.43,ok
1790944692.399671,826,1.40,ok
1790944693.401292,827,1.44,ok
1790944694.401934,828,1.47,ok
1790944695.403771,829,1.65,ok
1790944696.405248,830,1.40,ok
1790944697.406955,831,1.48,ok
1790944698.408626,832,1.49,ok
1790944699.410497,833,1.65,ok
1790944700.412211,834,1.52,ok
1790944701.413839,835,1.45,ok
1790944702.415500,836,1.55,ok
1790944703.417457,837,1.70,ok
1790944704.419137,838,1.44,ok
1790944705.421684,839,2.39,ok
1790944706.422293,840,1.50,ok
1790944707.424002,841,1.53,ok
1790944708.425585,842,1.43,ok
1790944709.427514,843,1.75,ok
1790944710.429506,844,1.89,ok
1790944711.431080,845,1.48,ok
1790944712.432779,846,1.48,ok
1790944713.434495,847,1.62,ok
1790944714.435718,848,1.85,ok
1790944715.436519,849,1.49,ok
1790944716.438199,850,1.50,ok
1790944717.439739,851,1.32,ok
1790944718.441576,852,1.58,ok
1790944719.443309,853,1.54,ok
1790944720.445045,854,1.46,ok
1790944721.447040,855,1.69,ok
1790944722.448823,856,1.59,ok
1790944723.450604,857,1.52,ok
1790944724.452333,858,1.47,ok
1790944725.453975,859,1.43,ok
1790944726.456612,860,2.49,ok
1790944727.457314,861,1.52,ok
1790944728.459026,862,1.53,ok
1790944729.460667,863,1.46,ok
1790944730.462346,864,1.49,ok
1790944731.464088,865,1.55,ok
1790944732.465738,866,1.55,ok
1790944733.467263,867,1.44,ok
1790944734.469159,868,1.62,ok
1790944735.470917,869,1.47,ok
1790944736.472522,870,1.54,ok
1790944737.474172,871,1.62,ok
1790944738.475934,872,1.52,ok
1790944739.478044,873,1.83,ok
1790944740.480024,874,1.55,ok
1790944741.481729,875,1.47,ok
1790944742.483179,876,1.35,ok
1790944743.484717,877,1.36,ok
1790944744.486453,878,1.53,ok
1790944745.488101,879,1.48,ok
1790944746.489770,880,1.48,ok
1790944747.491395,881,1.44,ok
1790944748.493134,882,1.55,ok
1790944749.493945,883,1.49,ok
1790944750.495600,884,1.48,ok
1790944751.497127,885,1.35,ok
1790944752.498676,886,1.45,ok
1790944753.500446,887,1.58,ok
1790944754.502052,888,1.42,ok
1790944755.503713,889,1.46,ok
1790944756.505408,890,1.50,ok
1790944757.506979,891,1.39,ok
1790944758.508523,892,1.40,ok
1790944759.510191,893,1.52,ok
1790944760.511844,894,1.61,ok
1790944761.513552,895,1.52,ok
1790944762.515249,896,1.50,ok
1790944763.516922,897,1.48,ok
1790944764.517986,898,1.50,ok
1790944765.519700,899,1.50,ok
1790944766.521359,900,1.47,ok
1790944767.523018,901,1.55,ok
1790944768.524675,902,1.47,ok
1790944769.526210,903,1.47,ok
1790944770.527865,904,1.48,ok
1790944771.529448,905,1.48,ok
1790944772.530926,906,2.30,ok
1790944773.531626,907,1.52,ok
1790944774.533300,908,1.49,ok
1790944775.534998,909,1.44,ok
1790944776.537097,910,1.91,ok
1790944777.538897,911,1.59,ok
1790944778.540432,912,1.40,ok
1790944779.542051,913,1.45,ok
1790944780.543744,914,1.51,ok
1790944781.545517,915,1.68,ok
1790944782.547170,916,1.56,ok
1790944783.549066,917,1.71,ok
1790944784.550791,918,1.54,ok
1790944785.552659,919,1.68,ok
1790944786.554340,920,1.50,ok
1790944787.556157,921,1.66,ok
1790944788.557841,922,1.51,ok
1790944789.559526,923,1.50,ok
1790944790.561256,924,1.54,ok
1790944791.563168,925,1.70,ok
1790944792.564989,926,1.64,ok
1790944793.565964,927,1.49,ok
1790944794.567666,928,1.55,ok
1790944795.569483,929,1.64,ok
1790944796.571100,930,1.55,ok
1790944797.572886,931,1.58,ok
1790944798.574631,932,1.60,ok
1790944799.576441,933,1.54,ok
1790944800.578157,934,1.56,ok
1790944801.579752,935,1.50,ok
1790944802.581830,936,1.86,ok
1790944803.583548,937,1.43,ok
1790944804.585320,938,1.50,ok
1790944805.586722,939,1.35,ok
1790944806.589367,940,2.45,ok
1790944807.589988,941,1.54,ok
1790944808.591714,942,1.44,ok
1790944809.593440,943,1.47,ok
1790944810.595147,944,1.51,ok
1790944811.596917,945,1.53,ok
1790944812.598065,946,1.55,ok
1790944813.599835,947,1.53,ok
1790944814.601339,948,1.35,ok
1790944815.603083,949,1.50,ok
1790944816.604823,950,1.50,ok
1790944817.606786,951,1.66,ok
1790944818.608634,952,1.58,ok
1790944819.610538,953,1.55,ok
1790944820.612254,954,1.43,ok
1790944821.613913,955,1.48,ok
1790944822.615639,956,1.46,ok
1790944823.618452,957,2.70,ok
1790944824.619297,958,1.76,ok
1790944825.620908,959,1.51,ok
1790944826.622426,960,1.45,ok
1790944827.623944,961,1.44,ok
1790944828.625909,962,1.72,ok
1790944829.627632,963,1.45,ok
1790944830.629467,964,1.58,ok
1790944831.631084,965,1.46,ok
1790944832.632900,966,1.68,ok
1790944833.635069,967,1.91,ok
1790944834.635839,968,1.52,ok
1790944835.637587,969,1.50,ok
1790944836.639536,970,1.69,ok
1790944837.641344,971,1.55,ok
1790944838.643402,972,1.80,ok
1790944839.645175,973,1.60,ok
1790944840.646488,974,1.58,ok
1790944841.648225,975,1.68,ok
1790944842.649906,976,1.49,ok
1790944843.652031,977,1.93,ok
1790944844.652744,978,1.53,ok
1790944845.654324,979,1.82,ok
1790944846.655959,980,1.54,ok
1790944847.657799,981,1.66,ok
1790944848.659633,982,1.65,ok
1790944849.661777,983,1.96,ok
1790944850.662233,984,1.40,ok
1790944851.663852,985,1.53,ok
1790944852.665499,986,1.48,ok
1790944853.667376,987,1.69,ok
1790944854.669295,988,1.72,ok
1790944855.671046,989,1.50,ok
1790944856.672773,990,1.51,ok
1790944857.674786,991,2.30,ok
1790944858.675673,992,1.70,ok
1790944859.677256,993,1.52,ok
1790944860.678933,994,1.50,ok
1790944861.680847,995,1.74,ok
1790944862.682795,996,1.66,ok
1790944863.684643,997,1.64,ok
1790944864.686750,998,1.91,ok
1790944865.688543,999,1.52,ok
1790944866.690042,1000,1.52,ok
1790944867.691812,1001,1.51,ok
1790944868.693492,1002,1.45,ok
1790944869.695408,1003,1.62,ok
1790944870.697221,1004,1.57,ok
1790944871.698967,1005,1.50,ok
1790944872.700883,1006,1.68,ok
1790944873.702680,1007,1.56,ok
1790944874.704355,1008,1.49,ok
1790944875.706115,1009,1.50,ok
1790944876.707860,1010,1.49,ok
1790944877.709724,1011,1.65,ok
1790944878.711450,1012,1.55,ok
1790944879.713387,1013,1.67,ok
1790944880.715150,1014,1.51,ok
1790944881.717086,1015,1.62,ok
1790944882.717795,1016,1.39,ok
1790944883.719779,1017,1.60,ok
1790944884.721311,1018,1.48,ok
1790944885.723210,1019,1.63,ok
1790944886.724660,1020,1.61,ok
1790944887.726568,1021,1.81,ok
1790944888.728168,1022,1.54,ok
1790944889.730042,1023,1.67,ok
1790944890.731748,1024,1.51,ok
1790944891.733527,1025,1.59,ok
1790944892.735334,1026,1.62,ok
1790944893.736907,1027,1.38,ok
1790944894.737943,1028,1.58,ok
1790944895.739670,1029,1.52,ok
1790944896.741291,1030,1.43,ok
1790944897.742947,1031,1.45,ok
1790944898.744610,1032,1.47,ok
1790944899.746236,1033,1.44,ok
1790944900.747959,1034,1.52,ok
1790944901.749661,1035,1.44,ok
1790944902.751042,1036,1.33,ok
1790944903.752756,1037,1.54,ok
1790944904.754794,1038,1.93,ok
1790944905.755501,1039,1.51,ok
1790944906.757223,1040,1.49,ok
1790944907.759188,1041,1.86,ok
1790944908.761573,1042,2.20,ok
1790944909.762288,1043,1.56,ok
1790944910.764080,1044,1.59,ok
1790944911.765701,1045,1.43,ok
1790944912.767571,1046,1.77,ok
1790944913.769328,1047,1.49,ok
1790944914.771248,1048,1.72,ok
1790944915.772975,1049,1.52,ok
1790944916.774717,1050,1.56,ok
1790944917.776472,1051,1.58,ok
1790944918.778233,1052,1.67,ok
1790944919.780012,1053,1.59,ok
1790944920.781780,1054,1.57,ok
1790944921.783806,1055,1.84,ok
1790944922.785562,1056,1.53,ok
1790944923.787598,1057,1.85,ok
1790944924.789410,1058,1.62,ok
1790944925.790918,1059,1.33,ok
1790944926.792500,1060,1.50,ok
1790944927.793957,1061,1.46,ok
1790944928.795690,1062,1.54,ok
1790944929.797297,1063,1.39,ok
1790944930.799143,1064,1.67,ok
1790944931.800821,1065,1.42,ok
1790944932.802457,1066,1.40,ok
1790944933.804333,1067,1.70,ok
1790944934.806070,1068,1.48,ok
1790944935.807881,1069,1.51,ok
1790944936.809394,1070,1.36,ok
1790944937.811087,1071,1.55,ok
1790944938.813448,1072,2.25,ok
1790944939.814361,1073,1.83,ok
1790944940.816072,1074,1.47,ok
1790944941.817892,1075,1.55,ok
1790944942.819648,1076,1.49,ok
1790944943.821358,1077,1.43,ok
1790944944.823274,1078,1.61,ok
1790944945.824779,1079,1.44,ok
1790944946.826326,1080,1.46,ok
1790944947.828412,1081,1.94,ok
1790944948.830264,1082,1.78,ok
1790944949.831858,1083,1.51,ok
1790944950.833702,1084,1.56,ok
1790944951.835487,1085,1.54,ok
1790944952.837238,1086,1.57,ok
1790944953.838969,1087,1.50,ok
1790944954.840813,1088,1.65,ok
1790944955.842566,1089,1.59,ok
1790944956.844441,1090,1.73,ok
1790944957.845990,1091,1.47,ok
1790944958.847769,1092,1.52,ok
1790944959.849410,1093,1.54,ok
1790944960.851086,1094,1.48,ok
1790944961.852633,1095,1.40,ok
1790944962.853930,1096,1.45,ok
1790944963.855756,1097,1.62,ok
1790944964.857403,1098,1.46,ok
1790944965.859004,1099,1.54,ok
1790944966.860715,1100,1.53,ok
1790944967.862214,1101,1.43,ok
1790944968.864147,1102,1.75,ok
1790944969.866022,1103,1.67,ok
1790944970.867669,1104,1.46,ok
1790944971.869368,1105,1.55,ok
1790944972.871434,1106,2.02,ok
1790944973.872187,1107,1.51,ok
1790944974.873876,1108,1.45,ok
1790944975.875633,1109,1.48,ok
1790944976.877791,1110,1.86,ok
1790944977.879545,1111,1.51,ok
1790944978.881227,1112,1.50,ok
1790944979.883060,1113,1.66,ok
1790944980.884830,1114,1.44,ok
1790944981.886094,1115,1.54,ok
1790944982.887916,1116,1.52,ok
1790944983.889608,1117,1.38,ok
1790944984.891251,1118,1.49,ok
1790944985.893081,1119,1.59,ok
1790944986.894044,1120,1.53,ok
1790944987.895774,1121,1.64,ok
1790944988.897628,1122,1.63,ok
1790944989.899440,1123,1.71,ok
1790944990.901763,1124,2.27,ok
1790944991.902498,1125,1.50,ok
1790944992.904306,1126,1.53,ok
1790944993.905904,1127,1.50,ok
1790944994.907633,1128,1.50,ok
1790944995.909434,1129,1.62,ok
1790944996.911084,1130,1.51,ok
1790944997.912609,1131,1.45,ok
1790944998.914352,1132,1.50,ok
1790944999.915962,1133,1.42,ok
1790945000.917508,1134,1.37,ok
1790945001.918999,1135,1.40,ok
1790945002.920917,1136,1.57,ok
1790945003.922697,1137,1.54,ok
1790945004.924470,1138,1.53,ok
1790945005.926147,1139,1.43,ok
1790945006.927927,1140,1.54,ok
1790945007.929574,1141,1.49,ok
1790945008.931039,1142,1.36,ok
1790945009.932747,1143,1.46,ok
1790945010.934560,1144,1.62,ok
1790945011.936219,1145,1.43,ok
1790945012.937900,1146,1.44,ok
1790945013.939587,1147,1.44,ok
1790945014.941176,1148,1.50,ok
1790945015.942955,1149,1.55,ok
1790945016.944491,1150,1.44,ok
1790945017.946027,1151,1.48,ok
1790945018.947721,1152,1.46,ok
1790945019.949514,1153,1.57,ok
1790945020.951182,1154,1.59,ok
1790945021.952643,1155,1.38,ok
1790945022.953784,1156,1.43,ok
1790945023.955507,1157,1.58,ok
1790945024.957308,1158,1.54,ok
1790945025.957944,1159,1.47,ok
1790945026.959526,1160,1.50,ok
1790945027.961265,1161,1.51,ok
1790945028.961970,1162,1.44,ok
1790945029.963670,1163,1.47,ok
1790945030.965541,1164,1.45,ok
1790945031.967348,1165,1.56,ok
1790945032.969069,1166,1.47,ok
1790945033.970745,1167,1.50,ok
1790945034.972447,1168,1.45,ok
1790945035.974721,1169,2.33,ok
1790945036.975488,1170,1.54,ok
1790945037.977265,1171,1.52,ok
1790945038.978026,1172,1.52,ok
1790945039.980628,1173,2.54,ok
1790945040.981441,1174,1.66,ok
1790945041.983102,1175,1.50,ok
1790945042.984671,1176,1.47,ok
1790945043.986380,1177,1.50,ok
1790945044.988173,1178,1.48,ok
1790945045.989985,1179,1.48,ok
1790945046.991664,1180,1.50,ok
1790945047.993114,1181,1.36,ok
1790945048.993875,1182,1.52,ok
1790945049.995476,1183,1.51,ok
1790945050.997213,1184,1.57,ok
1790945051.997584,1185,1.22,ok
1790945052.999129,1186,1.46,ok
1790945054.000648,1187,1.35,ok
1790945055.001913,1188,1.41,ok
1790945056.003356,1189,1.39,ok
1790945057.004988,1190,1.47,ok
1790945058.006566,1191,1.40,ok
1790945059.008167,1192,1.43,ok
1790945060.009661,1193,1.41,ok
1790945061.011282,1194,1.54,ok
1790945062.012880,1195,1.41,ok
1790945063.014506,1196,1.51,ok
1790945064.016022,1197,1.44,ok
1790945065.017683,1198,1.53,ok
1790945066.019512,1199,1.59,ok
1790945067.021941,1200,2.19,ok
1790945068.022219,1201,1.76,ok
1790945069.024024,1202,1.63,ok
1790945070.025841,1203,1.50,ok
1790945071.027395,1204,1.45,ok
1790945072.028844,1205,1.37,ok
1790945073.030683,1206,1.66,ok
1790945074.032445,1207,1.50,ok
1790945075.034212,1208,1.53,ok
1790945076.035952,1209,1.49,ok
1790945077.037500,1210,1.37,ok
1790945078.039389,1211,1.50,ok
1790945079.040947,1212,1.47,ok
1790945080.042598,1213,1.42,ok
1790945081.044125,1214,1.47,ok
1790945082.045281,1215,1.44,ok
1790945083.047249,1216,1.69,ok
1790945084.049038,1217,1.70,ok
1790945085.050690,1218,1.50,ok
1790945086.052520,1219,1.59,ok
1790945087.054192,1220,1.44,ok
1790945088.055655,1221,1.38,ok
1790945089.057203,1222,1.37,ok
1790945090.058898,1223,1.55,ok
1790945091.060368,1224,1.39,ok
1790945092.061846,1225,1.35,ok
1790945093.063565,1226,1.48,ok
1790945094.065637,1227,1.99,ok
1790945095.065942,1228,1.54,ok
1790945096.067664,1229,1.48,ok
1790945097.069300,1230,1.40,ok
1790945098.071474,1231,1.99,ok
1790945099.072073,1232,1.41,ok
1790945100.073607,1233,1.43,ok
1790945101.075532,1234,1.68,ok
1790945102.077498,1235,1.72,ok
1790945103.079304,1236,1.55,ok
1790945104.081309,1237,1.79,ok
1790945105.083184,1238,1.64,ok
1790945106.085010,1239,1.59,ok
1790945107.086345,1240,2.01,ok
1790945108.087304,1241,2.04,ok
1790945109.088366,1242,2.06,ok
1790945110.089482,1243,2.09,ok
1790945111.090523,1244,2.15,ok
1790945112.091575,1245,2.06,ok
1790945113.092753,1246,2.21,ok
1790945114.094280,1247,2.47,ok
1790945115.095516,1248,2.21,ok
1790945116.096668,1249,2.12,ok
1790945117.098192,1250,2.98,ok
1790945118.097994,1251,1.94,ok
1790945119.098884,1252,1.83,ok
1790945120.100725,1253,1.92,ok
1790945121.102768,1254,1.99,ok
1790945122.103754,1255,1.99,ok
1790945123.105785,1256,3.04,ok
1790945124.106252,1257,2.52,ok
1790945125.107127,1258,1.92,ok
1790945126.109271,1259,2.10,ok
1790945127.110459,1260,2.09,ok
1790945128.112193,1261,2.70,ok
1790945129.113253,1262,2.03,ok
1790945130.114369,1263,2.05,ok
1790945131.115350,1264,2.01,ok
1790945132.116992,1265,2.57,ok
1790945133.118134,1266,2.21,ok
1790945134.119370,1267,2.13,ok
1790945135.120210,1268,1.87,ok
1790945136.122447,1269,2.21,ok
1790945137.123383,1270,1.87,ok
1790945138.125294,1271,1.85,ok
1790945139.127437,1272,2.09,ok
1790945140.127512,1273,1.89,ok
1790945141.129523,1274,3.01,ok
1790945142.129457,1275,2.00,ok
1790945143.130305,1276,1.82,ok
1790945144.132452,1277,2.08,ok
1790945145.133427,1278,1.99,ok
1790945146.134360,1279,1.88,ok
1790945147.136325,1280,2.04,ok
1790945148.137298,1281,1.98,ok
1790945149.138411,1282,2.06,ok
1790945150.140043,1283,2.61,ok
1790945151.140949,1284,1.97,ok
1790945152.142044,1285,2.04,ok
1790945153.142961,1286,1.89,ok
1790945154.145358,1287,2.37,ok
1790945155.146390,1288,2.05,ok
1790945156.147060,1289,2.11,ok
1790945157.148088,1290,1.98,ok
1790945158.148976,1291,1.89,ok
1790945159.151325,1292,2.35,ok
1790945160.152621,1293,2.23,ok
1790945161.153783,1294,2.04,ok
1790945162.154830,1295,2.21,ok
1790945163.155940,1296,2.06,ok
1790945164.156865,1297,1.94,ok
1790945165.157865,1298,1.97,ok
1790945166.158857,1299,2.06,ok
1790945167.159881,1300,2.01,ok
1790945168.161686,1301,2.77,ok
1790945169.162579,1302,2.02,ok
1790945170.163575,1303,2.03,ok
1790945171.164559,1304,2.47,ok
1790945172.165783,1305,2.16,ok
1790945173.166797,1306,2.00,ok
1790945174.167605,1307,1.88,ok
1790945175.169683,1308,2.00,ok
1790945176.170548,1309,1.82,ok
1790945177.173052,1310,2.62,ok
1790945178.174171,1311,2.07,ok
1790945179.175175,1312,1.97,ok
1790945180.176267,1313,1.99,ok
1790945181.179053,1314,3.73,ok
1790945182.178915,1315,1.86,ok
1790945183.181178,1316,2.18,ok
1790945184.182236,1317,2.02,ok
1790945185.184960,1318,3.58,ok
1790945186.185056,1319,2.12,ok
1790945187.186094,1320,2.01,ok
1790945188.187179,1321,2.19,ok
1790945189.188590,1322,2.43,ok
1790945190.189786,1323,2.27,ok
1790945191.190966,1324,2.13,ok
1790945192.191998,1325,1.98,ok
1790945193.192967,1326,2.02,ok
1790945194.194517,1327,2.52,ok
1790945195.195709,1328,2.20,ok
1790945196.196597,1329,1.87,ok
1790945197.198427,1330,1.92,ok
1790945198.200468,1331,2.03,ok
1790945199.201749,1332,2.15,ok
1790945200.202852,1333,2.06,ok
1790945201.203122,1334,2.04,ok
1790945202.204279,1335,2.08,ok
1790945203.205118,1336,1.94,ok
1790945204.207746,1337,2.74,ok
1790945205.208257,1338,2.20,ok
1790945206.209460,1339,2.15,ok
1790945207.210389,1340,2.00,ok
1790945208.211494,1341,2.06,ok
1790945209.212658,1342,2.18,ok
1790945210.213960,1343,2.29,ok
1790945211.217122,1344,4.11,ok
1790945212.216069,1345,1.95,ok
1790945213.217700,1346,2.64,ok
1790945214.218897,1347,2.20,ok
1790945215.219991,1348,2.00,ok
1790945216.221142,1349,2.09,ok
1790945217.222359,1350,2.14,ok
1790945218.223419,1351,2.08,ok
1790945219.224556,1352,2.13,ok
1790945220.225368,1353,2.10,ok
1790945221.226394,1354,1.94,ok
1790945222.229132,1355,2.66,ok
1790945223.230107,1356,1.90,ok
1790945224.232465,1357,2.29,ok
1790945225.233532,1358,2.06,ok
1790945226.234564,1359,2.08,ok
1790945227.235010,1360,2.12,ok
1790945228.235197,1361,1.95,ok
1790945229.237193,1362,1.77,ok
1790945230.239009,1363,1.58,ok
1790945231.240857,1364,1.61,ok
1790945232.242588,1365,1.57,ok
1790945233.244453,1366,1.62,ok
1790945234.246206,1367,1.64,ok
1790945235.247997,1368,1.61,ok
1790945236.249624,1369,1.42,ok
1790945237.251583,1370,1.78,ok
1790945238.253207,1371,1.47,ok
1790945239.254082,1372,1.62,ok
1790945240.255800,1373,1.55,ok
1790945241.257354,1374,1.39,ok
1790945242.257999,1375,1.53,ok
1790945243.259607,1376,1.44,ok
1790945244.261115,1377,1.37,ok
1790945245.261843,1378,1.40,ok
1790945246.263517,1379,1.52,ok
1790945247.265262,1380,1.57,ok
1790945248.266920,1381,1.50,ok
1790945249.268649,1382,1.54,ok
1790945250.270261,1383,1.42,ok
1790945251.271866,1384,1.39,ok
1790945252.273268,1385,1.36,ok
1790945253.275008,1386,1.59,ok
1790945254.277080,1387,1.89,ok
1790945255.278004,1388,1.58,ok
1790945256.279658,1389,1.49,ok
1790945257.281338,1390,1.50,ok
1790945258.281829,1391,1.38,ok
1790945259.283333,1392,1.36,ok
1790945260.284845,1393,1.37,ok
1790945261.285816,1394,1.42,ok
1790945262.287441,1395,1.47,ok
1790945263.289209,1396,1.59,ok
1790945264.289871,1397,1.42,ok
1790945265.291664,1398,1.62,ok
1790945266.293301,1399,1.47,ok
1790945267.294975,1400,1.41,ok
1790945268.296416,1401,1.37,ok
1790945269.298599,1402,2.05,ok
1790945270.299393,1403,1.56,ok
1790945271.301237,1404,1.56,ok
1790945272.302738,1405,1.45,ok
1790945273.304940,1406,2.07,ok
1790945274.305530,1407,1.43,ok
1790945275.307163,1408,1.45,ok
1790945276.308716,1409,1.35,ok
1790945277.310723,1410,1.90,ok
1790945278.312404,1411,1.49,ok
1790945279.314136,1412,1.65,ok
1790945280.314811,1413,1.40,ok
1790945281.316440,1414,1.38,ok
1790945282.317883,1415,1.39,ok
1790945283.319378,1416,1.43,ok
1790945284.321204,1417,1.57,ok
1790945285.323136,1418,1.68,ok
1790945286.324892,1419,1.47,ok
1790945287.326629,1420,1.50,ok
1790945288.328397,1421,1.51,ok
1790945289.329986,1422,1.48,ok
1790945290.331573,1423,1.47,ok
1790945291.333273,1424,1.43,ok
1790945292.335031,1425,1.51,ok
1790945293.336758,1426,1.46,ok
1790945294.338566,1427,1.55,ok
1790945295.340234,1428,1.44,ok
1790945296.341942,1429,1.46,ok
1790945297.343652,1430,1.46,ok
1790945298.345289,1431,1.41,ok
1790945299.346133,1432,1.60,ok
1790945300.347817,1433,1.45,ok
1790945301.349568,1434,1.50,ok
1790945302.351313,1435,1.47,ok
1790945303.352962,1436,1.41,ok
1790945304.354790,1437,1.59,ok
1790945305.356522,1438,1.48,ok
1790945306.358016,1439,1.41,ok
1790945307.359948,1440,1.50,ok
1790945308.361478,1441,1.38,ok
1790945309.363156,1442,1.46,ok
1790945310.364815,1443,1.47,ok
1790945311.366594,1444,1.59,ok
1790945312.368327,1445,1.52,ok
1790945313.370070,1446,1.52,ok
1790945314.371896,1447,1.63,ok
1790945315.373605,1448,2.19,ok
1790945316.374320,1449,1.47,ok
1790945317.375742,1450,1.36,ok
1790945318.377410,1451,1.43,ok
1790945319.379094,1452,1.44,ok
1790945320.381020,1453,1.68,ok
1790945321.383347,1454,2.05,ok
1790945322.384120,1455,1.51,ok
1790945323.385771,1456,1.48,ok
1790945324.387512,1457,1.50,ok
1790945325.389222,1458,1.46,ok
1790945326.389953,1459,1.59,ok
1790945327.394840,1460,4.68,ok
1790945328.393534,1461,1.50,ok
1790945329.395507,1462,1.75,ok
1790945330.397364,1463,1.67,ok
1790945331.399095,1464,1.55,ok
1790945332.401197,1465,1.88,ok
1790945333.402764,1466,1.49,ok
1790945334.404526,1467,1.53,ok
1790945335.405989,1468,1.39,ok
1790945336.407823,1469,1.66,ok
1790945337.409533,1470,1.48,ok
1790945338.411191,1471,1.47,ok
1790945339.413007,1472,1.63,ok
1790945340.414635,1473,1.45,ok
1790945341.416335,1474,1.51,ok
1790945342.417986,1475,1.52,ok
1790945343.419753,1476,1.56,ok
1790945344.421518,1477,1.55,ok
1790945345.423157,1478,1.46,ok
1790945346.424863,1479,1.50,ok
1790945347.426482,1480,1.52,ok
1790945348.428143,1481,1.47,ok
1790945349.430027,1482,1.70,ok
1790945350.431742,1483,1.50,ok
1790945351.433487,1484,1.54,ok
1790945352.434785,1485,1.44,ok
1790945353.436952,1486,1.92,ok
1790945354.437745,1487,1.56,ok
1790945355.439679,1488,1.64,ok
1790945356.441383,1489,1.46,ok
1790945357.443876,1490,2.25,ok
1790945358.444513,1491,1.43,ok
1790945359.446392,1492,1.74,ok
1790945360.448120,1493,1.46,ok
1790945361.449786,1494,1.49,ok
1790945362.451514,1495,1.49,ok
1790945363.453280,1496,1.58,ok
1790945364.455030,1497,1.51,ok
1790945365.456643,1498,1.34,ok
1790945366.458696,1499,1.79,ok
1790945367.460475,1500,1.60,ok
1790945368.462543,1501,1.80,ok
1790945369.464267,1502,1.64,ok
1790945370.466000,1503,1.39,ok
1790945371.467976,1504,1.68,ok
1790945372.469847,1505,1.65,ok
1790945373.471490,1506,1.46,ok
1790945374.473073,1507,1.40,ok
1790945375.474970,1508,1.78,ok
1790945376.476368,1509,1.34,ok
1790945377.478213,1510,1.63,ok
1790945378.479917,1511,1.50,ok
1790945379.481679,1512,1.58,ok
1790945380.483349,1513,1.49,ok
1790945381.485251,1514,1.72,ok
1790945382.486871,1515,1.51,ok
1790945383.488689,1516,1.64,ok
1790945384.490549,1517,1.68,ok
1790945385.492144,1518,1.42,ok
1790945386.493860,1519,1.49,ok
1790945387.495539,1520,1.49,ok
1790945388.497351,1521,1.63,ok
1790945389.498932,1522,1.51,ok
1790945390.500735,1523,1.62,ok
1790945391.502210,1524,1.40,ok
1790945392.502865,1525,1.44,ok
1790945393.503883,1526,1.49,ok
1790945394.505721,1527,1.63,ok
1790945395.507387,1528,1.47,ok
1790945396.509638,1529,2.05,ok
1790945397.510259,1530,1.42,ok
1790945398.511907,1531,1.47,ok
1790945399.514354,1532,2.26,ok
1790945400.514930,1533,1.48,ok
1790945401.516603,1534,1.49,ok
1790945402.518604,1535,1.94,ok
1790945403.519110,1536,1.39,ok
1790945404.520809,1537,1.46,ok
1790945405.522565,1538,1.52,ok
1790945406.524374,1539,1.53,ok
1790945407.526420,1540,1.75,ok
1790945408.528237,1541,1.56,ok
1790945409.530030,1542,1.52,ok
1790945410.530727,1543,1.45,ok
1790945411.531491,1544,1.50,ok
1790945412.533283,1545,1.65,ok
1790945413.535066,1546,1.62,ok
1790945414.536773,1547,1.52,ok
1790945415.538739,1548,1.73,ok
1790945416.540787,1549,1.80,ok
1790945417.542700,1550,1.66,ok
1790945418.544479,1551,1.49,ok
1790945419.545925,1552,1.36,ok
1790945420.547622,1553,1.45,ok
1790945421.549165,1554,1.49,ok
1790945422.550046,1555,1.68,ok
1790945423.551917,1556,1.69,ok
1790945424.553525,1557,1.43,ok
1790945425.555124,1558,1.51,ok
1790945426.556872,1559,1.57,ok
1790945427.558075,1560,1.61,ok
1790945428.559722,1561,1.46,ok
1790945429.561278,1562,1.42,ok
1790945430.562943,1563,1.60,ok
1790945431.565177,1564,2.06,ok
1790945432.565988,1565,1.61,ok
1790945433.568120,1566,1.95,ok
1790945434.568725,1567,1.44,ok
1790945435.569843,1568,1.41,ok
1790945436.571480,1569,1.41,ok
1790945437.573460,1570,1.90,ok
1790945438.575034,1571,1.50,ok
1790945439.576615,1572,1.44,ok
1790945440.578093,1573,1.34,ok
1790945441.580136,1574,1.96,ok
1790945442.580935,1575,1.59,ok
1790945443.582766,1576,1.55,ok
1790945444.584464,1577,1.45,ok
1790945445.586075,1578,1.52,ok
1790945446.587724,1579,1.47,ok
1790945447.589606,1580,1.68,ok
1790945448.591146,1581,1.47,ok
1790945449.592714,1582,1.42,ok
1790945450.594248,1583,1.44,ok
1790945451.595987,1584,1.54,ok
1790945452.597815,1585,1.64,ok
1790945453.599699,1586,1.69,ok
1790945454.601320,1587,1.44,ok
1790945455.603027,1588,1.52,ok
1790945456.604593,1589,1.46,ok
1790945457.605797,1590,1.46,ok
1790945458.607731,1591,1.75,ok
1790945459.609411,1592,1.49,ok
1790945460.611826,1593,2.20,ok
1790945461.612510,1594,1.49,ok
1790945462.614605,1595,2.00,ok
1790945463.616096,1596,2.27,ok
1790945464.616768,1597,1.46,ok
1790945465.618516,1598,1.48,ok
1790945466.620661,1599,2.04,ok
1790945467.621282,1600,1.38,ok
1790945468.623128,1601,1.61,ok
1790945469.624830,1602,1.46,ok
1790945470.626604,1603,1.48,ok
1790945471.628421,1604,1.58,ok
1790945472.630159,1605,1.51,ok
1790945473.631919,1606,1.64,ok
1790945474.633622,1607,1.47,ok
1790945475.635346,1608,1.45,ok
1790945476.636982,1609,1.46,ok
1790945477.638729,1610,1.50,ok
1790945478.640393,1611,1.47,ok
1790945479.642092,1612,1.61,ok
1790945480.643889,1613,1.52,ok
1790945481.645819,1614,1.67,ok
1790945482.647292,1615,1.36,ok
1790945483.648950,1616,1.58,ok
1790945484.650933,1617,1.71,ok
1790945485.652763,1618,1.59,ok
1790945486.654507,1619,1.44,ok
1790945487.656466,1620,1.70,ok
1790945488.658444,1621,1.73,ok
1790945489.660382,1622,1.67,ok
1790945490.662086,1623,1.51,ok
1790945491.663797,1624,1.50,ok
1790945492.665598,1625,1.56,ok
1790945493.667595,1626,1.75,ok
1790945494.669564,1627,1.70,ok
1790945495.671385,1628,1.55,ok
1790945496.673117,1629,1.42,ok
1790945497.675027,1630,1.65,ok
1790945498.677113,1631,1.85,ok
1790945499.679168,1632,1.78,ok
1790945500.680628,1633,1.40,ok
1790945501.682423,1634,1.57,ok
1790945502.684205,1635,1.48,ok
1790945503.686230,1636,1.70,ok
1790945504.688064,1637,1.60,ok
1790945505.689960,1638,1.60,ok
1790945506.691236,1639,1.84,ok
1790945507.693100,1640,1.67,ok
1790945508.694904,1641,1.60,ok
1790945509.696556,1642,1.43,ok
1790945510.698245,1643,1.50,ok
1790945511.700007,1644,1.53,ok
1790945512.701658,1645,1.46,ok
1790945513.703399,1646,1.49,ok
1790945514.705225,1647,1.63,ok
1790945515.706909,1648,1.49,ok
1790945516.708569,1649,1.47,ok
1790945517.710222,1650,1.46,ok
1790945518.712127,1651,1.75,ok
1790945519.713836,1652,1.43,ok
1790945520.715571,1653,1.48,ok
1790945521.717239,1654,1.41,ok
1790945522.719191,1655,1.67,ok
1790945523.720619,1656,1.37,ok
1790945524.722459,1657,1.62,ok
1790945525.724184,1658,1.49,ok
1790945526.725920,1659,1.48,ok
1790945527.727533,1660,1.56,ok
1790945528.729332,1661,1.53,ok
1790945529.730016,1662,1.48,ok
1790945530.731738,1663,1.48,ok
1790945531.733598,1664,1.54,ok
1790945532.735937,1665,2.10,ok
1790945533.736567,1666,1.49,ok
1790945534.737844,1667,1.40,ok
1790945535.739651,1668,1.70,ok
1790945536.741425,1669,1.54,ok
1790945537.743275,1670,1.66,ok
1790945538.745037,1671,1.57,ok
1790945539.746888,1672,1.66,ok
1790945540.748612,1673,1.53,ok
1790945541.750390,1674,1.57,ok
1790945542.752105,1675,1.51,ok
1790945543.753721,1676,1.43,ok
1790945544.755434,1677,1.53,ok
1790945545.756973,1678,1.38,ok
1790945546.758486,1679,1.36,ok
1790945547.760376,1680,1.65,ok
1790945548.762314,1681,1.69,ok
1790945549.764076,1682,1.52,ok
1790945550.766030,1683,1.71,ok
1790945551.767759,1684,1.48,ok
1790945552.769804,1685,1.80,ok
1790945553.771559,1686,1.51,ok
1790945554.773298,1687,1.62,ok
1790945555.775122,1688,1.58,ok
1790945556.776849,1689,1.45,ok
1790945557.778709,1690,1.58,ok
1790945558.780556,1691,1.64,ok
1790945559.782225,1692,1.42,ok
1790945560.783913,1693,1.44,ok
1790945561.785506,1694,1.42,ok
1790945562.787378,1695,1.57,ok
1790945563.789255,1696,1.80,ok
1790945564.790913,1697,1.46,ok
1790945565.792467,1698,1.46,ok
1790945566.794150,1699,1.49,ok
1790945567.795821,1700,1.45,ok
1790945568.797608,1701,1.46,ok
1790945569.800533,1702,2.66,ok
1790945570.801255,1703,1.51,ok
1790945571.802851,1704,1.43,ok
1790945572.804120,1705,1.70,ok
1790945573.805850,1706,2.23,ok
1790945574.806059,1707,1.66,ok
1790945575.807651,1708,1.43,ok
1790945576.809246,1709,1.42,ok
1790945577.812074,1710,2.75,ok
1790945578.813270,1711,1.94,ok
1790945579.813973,1712,1.47,ok
1790945580.815637,1713,1.40,ok
1790945581.817427,1714,1.60,ok
1790945582.819098,1715,1.53,ok
1790945583.820794,1716,1.46,ok
1790945584.822928,1717,1.87,ok
1790945585.824627,1718,1.47,ok
1790945586.826511,1719,1.55,ok
1790945587.828391,1720,1.73,ok
1790945588.830173,1721,1.48,ok
1790945589.831871,1722,1.46,ok
1790945590.833575,1723,1.45,ok
1790945591.835321,1724,1.45,ok
1790945592.837048,1725,1.48,ok
1790945593.838876,1726,1.59,ok
1790945594.840408,1727,1.36,ok
1790945595.842002,1728,1.36,ok
1790945596.843921,1729,1.68,ok
1790945597.845547,1730,1.39,ok
1790945598.847210,1731,1.42,ok
1790945599.849230,1732,1.84,ok
1790945600.850896,1733,1.41,ok
1790945601.852689,1734,1.51,ok
1790945602.853953,1735,1.44,ok
1790945603.855712,1736,1.52,ok
1790945604.857343,1737,1.40,ok
1790945605.858998,1738,1.41,ok
1790945606.860588,1739,1.41,ok
1790945607.862737,1740,1.92,ok
1790945608.863871,1741,1.84,ok
1790945609.865574,1742,1.46,ok
1790945610.867257,1743,1.46,ok
1790945611.869036,1744,1.54,ok
1790945612.870832,1745,1.50,ok
1790945613.872494,1746,1.49,ok
1790945614.874438,1747,1.69,ok
1790945615.876099,1748,1.44,ok
1790945616.877827,1749,1.48,ok
1790945617.879455,1750,1.42,ok
1790945618.881139,1751,1.50,ok
1790945619.882889,1752,1.50,ok
1790945620.884683,1753,1.54,ok
1790945621.886230,1754,1.46,ok
1790945622.887433,1755,1.47,ok
1790945623.888990,1756,1.35,ok
1790945624.889721,1757,1.35,ok
1790945625.891360,1758,1.48,ok
1790945626.892932,1759,1.40,ok
1790945627.893739,1760,1.39,ok
1790945628.895333,1761,1.42,ok
1790945629.897041,1762,1.53,ok
1790945630.898640,1763,1.39,ok
1790945631.900448,1764,1.49,ok
1790945632.902153,1765,1.56,ok
1790945633.903085,1766,1.34,ok
1790945634.904661,1767,1.36,ok
1790945635.906330,1768,1.50,ok
1790945636.907101,1769,1.55,ok
1790945637.908952,1770,1.58,ok
1790945638.910842,1771,1.65,ok
1790945639.912668,1772,1.58,ok
1790945640.915136,1773,2.62,ok
1790945641.914863,1774,1.43,ok
1790945642.916363,1775,1.41,ok
1790945643.918101,1776,1.47,ok
1790945644.919894,1777,1.49,ok
1790945645.921685,1778,1.60,ok
1790945646.923382,1779,1.54,ok
1790945647.925126,1780,1.48,ok
1790945648.926773,1781,1.41,ok
1790945649.928542,1782,1.53,ok
1790945650.930277,1783,1.50,ok
1790945651.931984,1784,1.47,ok
1790945652.933628,1785,1.41,ok
1790945653.935148,1786,1.46,ok
1790945654.937025,1787,1.60,ok
1790945655.937879,1788,1.36,ok
1790945656.939597,1789,1.45,ok
1790945657.941341,1790,1.49,ok
1790945658.943102,1791,1.46,ok
1790945659.944933,1792,1.58,ok
1790945660.946575,1793,1.51,ok
1790945661.948731,1794,1.94,ok
1790945662.949406,1795,1.39,ok
1790945663.951159,1796,1.50,ok
1790945664.952856,1797,1.52,ok
1790945665.954958,1798,1.84,ok
1790945666.956720,1799,1.50,ok
1790945667.958537,1800,1.53,ok
1790945668.960230,1801,1.45,ok
1790945669.961646,1802,1.36,ok
1790945670.963409,1803,1.52,ok
1790945671.965082,1804,1.42,ok
1790945672.966093,1805,1.54,ok
1790945673.968011,1806,1.66,ok
1790945674.969830,1807,1.58,ok
1790945675.971590,1808,1.52,ok
1790945676.973330,1809,1.50,ok
1790945677.975139,1810,1.55,ok
1790945678.977858,1811,2.36,ok
1790945679.978628,1812,1.51,ok
1790945680.980406,1813,1.52,ok
1790945681.982191,1814,1.54,ok
1790945682.983773,1815,1.34,ok
1790945683.985296,1816,1.45,ok
1790945684.987008,1817,1.48,ok
1790945685.988724,1818,1.47,ok
1790945686.989846,1819,1.42,ok
1790945687.991560,1820,1.44,ok
1790945688.993263,1821,1.44,ok
1790945689.994895,1822,1.48,ok
1790945690.996487,1823,1.40,ok
1790945691.998249,1824,1.58,ok
1790945693.000146,1825,1.62,ok
1790945694.001959,1826,1.54,ok
1790945695.003624,1827,1.51,ok
1790945696.005790,1828,1.90,ok
1790945697.006357,1829,1.48,ok
1790945698.008185,1830,1.60,ok
1790945699.010066,1831,1.59,ok
1790945700.012810,1832,2.55,ok
1790945701.013596,1833,1.51,ok
1790945702.015329,1834,1.46,ok
1790945703.017098,1835,1.50,ok
1790945704.018736,1836,1.40,ok
1790945705.020551,1837,1.52,ok
1790945706.021790,1838,1.39,ok
1790945707.023391,1839,1.43,ok
1790945708.025152,1840,1.59,ok
1790945709.026013,1841,1.56,ok
1790945710.027673,1842,1.47,ok
1790945711.029437,1843,1.49,ok
1790945712.031041,1844,1.50,ok
1790945713.032749,1845,1.51,ok
1790945714.034442,1846,1.54,ok
1790945715.035978,1847,1.40,ok
1790945716.037851,1848,1.60,ok
1790945717.040481,1849,2.41,ok
1790945718.041215,1850,1.47,ok
1790945719.042961,1851,1.58,ok
1790945720.044966,1852,1.76,ok
1790945721.046681,1853,1.42,ok
1790945722.048267,1854,1.43,ok
1790945723.050050,1855,1.50,ok
1790945724.051846,1856,1.51,ok
1790945725.053708,1857,1.61,ok
1790945726.055394,1858,1.44,ok
1790945727.057168,1859,1.48,ok
1790945728.058908,1860,1.51,ok
1790945729.060483,1861,1.40,ok
1790945730.062078,1862,1.41,ok
1790945731.063643,1863,1.42,ok
1790945732.065393,1864,1.50,ok
1790945733.066841,1865,1.38,ok
1790945734.068587,1866,1.60,ok
1790945735.070193,1867,1.43,ok
1790945736.071789,1868,1.42,ok
1790945737.073369,1869,1.40,ok
1790945738.075714,1870,2.25,ok
1790945739.076316,1871,1.42,ok
1790945740.077920,1872,1.49,ok
1790945741.079559,1873,1.47,ok
1790945742.081420,1874,1.56,ok
1790945743.083393,1875,1.72,ok
1790945744.085036,1876,1.47,ok
1790945745.086882,1877,1.60,ok
1790945746.088346,1878,1.38,ok
1790945747.090005,1879,1.47,ok
1790945748.091593,1880,1.42,ok
1790945749.093387,1881,1.56,ok
1790945750.095334,1882,1.85,ok
1790945751.097095,1883,1.57,ok
1790945752.098672,1884,1.49,ok
1790945753.100544,1885,1.63,ok
1790945754.102127,1886,1.41,ok
1790945755.104988,1887,2.68,ok
1790945756.105634,1888,1.48,ok
1790945757.107249,1889,1.44,ok
1790945758.107978,1890,1.35,ok
1790945759.110288,1891,2.11,ok
1790945760.111061,1892,1.51,ok
1790945761.112781,1893,1.45,ok
1790945762.114429,1894,1.42,ok
1790945763.116173,1895,1.47,ok
1790945764.117888,1896,1.46,ok
1790945765.119558,1897,1.44,ok
1790945766.121400,1898,1.60,ok
1790945767.122948,1899,1.42,ok
1790945768.124659,1900,1.47,ok
1790945769.126419,1901,1.50,ok
1790945770.128207,1902,1.51,ok
1790945771.129934,1903,1.48,ok
1790945772.131776,1904,1.59,ok
1790945773.134025,1905,2.01,ok
1790945774.133942,1906,1.43,ok
1790945775.135569,1907,1.35,ok
1790945776.137357,1908,1.61,ok
1790945777.138013,1909,1.44,ok
1790945778.139730,1910,1.48,ok
1790945779.141380,1911,1.47,ok
1790945780.143430,1912,1.76,ok
1790945781.145235,1913,1.55,ok
1790945782.146908,1914,1.43,ok
1790945783.148448,1915,1.47,ok
1790945784.149965,1916,1.28,ok
1790945785.151822,1917,1.51,ok
1790945786.153536,1918,1.45,ok
1790945787.155275,1919,1.55,ok
1790945788.157118,1920,1.53,ok
1790945789.158948,1921,1.59,ok
1790945790.160745,1922,1.56,ok
1790945791.162558,1923,1.57,ok
1790945792.164313,1924,1.49,ok
1790945793.166450,1925,1.83,ok
1790945794.168273,1926,1.58,ok
1790945795.170248,1927,1.89,ok
1790945796.171997,1928,1.51,ok
1790945797.174128,1929,1.89,ok
1790945798.174905,1930,1.62,ok
1790945799.176681,1931,1.53,ok
1790945800.178222,1932,1.71,ok
1790945801.179961,1933,1.51,ok
1790945802.181774,1934,1.53,ok
1790945803.183558,1935,1.63,ok
1790945804.185345,1936,1.52,ok
1790945805.187150,1937,1.54,ok
1790945806.189161,1938,1.75,ok
1790945807.190976,1939,1.53,ok
1790945808.192675,1940,1.50,ok
1790945809.194418,1941,1.50,ok
1790945810.196609,1942,2.05,ok
1790945811.197080,1943,1.40,ok
1790945812.198719,1944,1.46,ok
1790945813.200380,1945,1.58,ok
1790945814.202161,1946,1.61,ok
1790945815.203767,1947,1.44,ok
1790945816.205645,1948,1.58,ok
1790945817.207345,1949,1.46,ok
1790945818.209011,1950,1.44,ok
1790945819.209813,1951,1.47,ok
1790945820.211460,1952,1.43,ok
1790945821.212839,1953,1.43,ok
1790945822.213767,1954,1.35,ok
1790945823.215881,1955,1.60,ok
1790945824.217727,1956,1.62,ok
1790945825.219421,1957,1.51,ok
1790945826.221067,1958,1.46,ok
1790945827.221856,1959,1.49,ok
1790945828.223394,1960,1.49,ok
1790945829.225228,1961,1.64,ok
1790945830.226868,1962,1.46,ok
1790945831.228580,1963,1.52,ok
1790945832.230241,1964,1.48,ok
1790945833.231675,1965,1.36,ok
1790945834.233491,1966,1.63,ok
1790945835.235302,1967,1.71,ok
1790945836.236805,1968,1.42,ok
1790945837.237921,1969,1.47,ok
1790945838.239472,1970,1.46,ok
1790945839.241431,1971,1.76,ok
1790945840.243133,1972,1.48,ok
1790945841.244889,1973,1.54,ok
1790945842.246565,1974,1.48,ok
1790945843.248412,1975,1.66,ok
1790945844.249952,1976,1.58,ok
1790945845.251484,1977,1.44,ok
1790945846.252923,1978,1.39,ok
1790945847.254573,1979,1.48,ok
1790945848.256313,1980,1.56,ok
1790945849.258191,1981,1.67,ok
1790945850.259873,1982,1.49,ok
1790945851.261488,1983,1.43,ok
1790945852.263282,1984,1.53,ok
1790945853.264968,1985,1.51,ok
1790945854.266799,1986,1.65,ok
1790945855.268364,1987,1.47,ok
1790945856.271247,1988,2.68,ok
1790945857.272110,1989,1.68,ok
1790945858.273683,1990,1.40,ok
1790945859.275352,1991,1.57,ok
1790945860.277878,1992,2.34,ok
1790945861.278565,1993,1.51,ok
1790945862.280280,1994,1.53,ok
1790945863.282652,1995,2.14,ok
1790945864.283343,1996,1.48,ok
1790945865.285074,1997,1.54,ok
1790945866.286807,1998,1.52,ok
1790945867.288555,1999,1.53,ok
1790945868.290028,2000,1.40,ok
1790945869.291763,2001,1.56,ok
1790945870.293388,2002,1.45,ok
1790945871.294960,2003,1.49,ok
1790945872.296500,2004,1.36,ok
1790945873.298259,2005,1.70,ok
1790945874.299878,2006,1.44,ok
1790945875.301507,2007,1.45,ok
1790945876.303281,2008,1.59,ok
1790945877.306048,2009,2.59,ok
1790945878.305922,2010,1.49,ok
1790945879.307782,2011,1.65,ok
1790945880.309368,2012,1.52,ok
1790945881.311004,2013,1.46,ok
1790945882.312637,2014,1.46,ok
1790945883.314155,2015,1.42,ok
1790945884.316105,2016,1.74,ok
1790945885.317623,2017,1.42,ok
1790945886.319246,2018,1.53,ok
1790945887.320898,2019,1.47,ok
1790945888.322559,2020,1.48,ok
1790945889.324246,2021,1.50,ok
1790945890.325904,2022,1.44,ok
1790945891.327591,2023,1.49,ok
1790945892.329142,2024,1.37,ok
1790945893.330693,2025,1.45,ok
1790945894.332489,2026,1.61,ok
1790945895.334128,2027,1.46,ok
1790945896.335774,2028,1.46,ok
1790945897.337504,2029,1.47,ok
1790945898.339874,2030,2.30,ok
1790945899.340640,2031,1.59,ok
1790945900.342214,2032,1.48,ok
1790945901.343939,2033,1.54,ok
1790945902.345802,2034,1.68,ok
1790945903.347408,2035,1.52,ok
1790945904.349088,2036,1.50,ok
1790945905.350771,2037,1.50,ok
1790945906.352433,2038,1.50,ok
1790945907.353805,2039,1.33,ok
1790945908.355452,2040,1.45,ok
1790945909.357051,2041,1.43,ok
1790945910.358762,2042,1.47,ok
1790945911.360458,2043,1.47,ok
1790945912.361968,2044,1.48,ok
1790945913.363795,2045,1.63,ok
1790945914.365528,2046,1.58,ok
1790945915.367721,2047,2.11,ok
1790945916.368540,2048,1.58,ok
1790945917.369983,2049,1.52,ok
1790945918.371668,2050,1.46,ok
1790945919.373351,2051,1.59,ok
1790945920.375192,2052,1.63,ok
1790945921.377046,2053,1.66,ok
1790945922.378010,2054,1.53,ok
1790945923.379798,2055,1.60,ok
1790945924.381660,2056,1.67,ok
1790945925.383272,2057,1.43,ok
1790945926.384983,2058,1.52,ok
1790945927.386693,2059,1.45,ok
1790945928.388507,2060,1.55,ok
1790945929.390397,2061,1.63,ok
1790945930.392160,2062,1.49,ok
1790945931.393893,2063,1.46,ok
1790945932.395607,2064,1.47,ok
1790945933.397435,2065,1.64,ok
1790945934.399126,2066,1.54,ok
1790945935.400718,2067,1.35,ok
1790945936.402538,2068,1.61,ok
1790945937.404276,2069,1.49,ok
1790945938.406386,2070,1.91,ok
1790945939.407129,2071,1.50,ok
1790945940.409102,2072,1.61,ok
1790945941.410855,2073,1.50,ok
1790945942.412599,2074,1.50,ok
1790945943.414086,2075,1.37,ok
1790945944.415775,2076,1.53,ok
1790945945.417505,2077,1.48,ok
1790945946.419338,2078,1.49,ok
1790945947.421106,2079,1.51,ok
1790945948.422858,2080,1.66,ok
1790945949.424708,2081,1.60,ok
1790945950.426380,2082,1.53,ok
1790945951.427998,2083,1.53,ok
1790945952.429536,2084,1.47,ok
1790945953.431970,2085,2.19,ok
1790945954.432799,2086,1.54,ok
1790945955.434812,2087,1.69,ok
1790945956.436577,2088,1.48,ok
1790945957.438260,2089,1.51,ok
1790945958.440136,2090,1.62,ok
1790945959.442032,2091,1.67,ok
1790945960.443984,2092,1.69,ok
1790945961.446178,2093,2.08,ok
1790945962.446189,2094,1.68,ok
1790945963.448088,2095,1.62,ok
1790945964.449867,2096,1.53,ok
1790945965.451586,2097,1.63,ok
1790945966.453550,2098,1.63,ok
1790945967.455333,2099,1.49,ok
1790945968.456922,2100,1.44,ok
1790945969.458446,2101,1.45,ok
1790945970.460825,2102,2.22,ok
1790945971.461736,2103,1.67,ok
1790945972.463508,2104,1.53,ok
1790945973.465203,2105,1.45,ok
1790945974.467299,2106,1.82,ok
1790945975.469041,2107,1.49,ok
1790945976.470790,2108,1.50,ok
1790945977.472318,2109,1.44,ok
1790945978.473884,2110,1.48,ok
1790945979.475621,2111,1.53,ok
1790945980.477350,2112,1.49,ok
1790945981.479178,2113,1.50,ok
1790945982.480917,2114,1.47,ok
1790945983.482818,2115,1.66,ok
1790945984.484559,2116,1.50,ok
1790945985.486270,2117,1.51,ok
1790945986.488003,2118,1.48,ok
1790945987.489883,2119,1.70,ok
1790945988.491721,2120,1.61,ok
1790945989.493440,2121,1.46,ok
1790945990.495201,2122,1.51,ok
1790945991.504618,2123,9.30,ok
1790945992.498367,2124,1.51,ok
1790945993.500207,2125,1.57,ok
1790945994.501909,2126,1.44,ok
1790945995.503563,2127,1.40,ok
1790945996.505350,2128,1.49,ok
1790945997.507255,2129,1.58,ok
1790945998.509138,2130,1.64,ok
1790945999.510920,2131,1.49,ok
1790946000.512843,2132,1.73,ok
1790946001.514746,2133,1.62,ok
1790946002.516743,2134,1.71,ok
1790946003.518631,2135,1.61,ok
1790946004.519428,2136,1.54,ok
1790946005.521204,2137,1.61,ok
1790946006.523438,2138,2.04,ok
1790946007.524385,2139,2.43,ok
1790946008.525418,2140,2.16,ok
1790946009.526400,2141,2.05,ok
1790946010.527313,2142,1.93,ok
1790946011.529213,2143,1.83,ok
1790946012.531507,2144,2.17,ok
1790946013.532535,2145,1.93,ok
1790946014.533343,2146,1.98,ok
1790946015.533141,2147,1.81,ok
1790946016.534216,2148,2.05,ok
1790946017.535367,2149,2.10,ok
1790946018.536135,2150,1.86,ok
1790946019.537932,2151,1.96,ok
1790946020.538635,2152,1.81,ok
1790946021.540428,2153,1.86,ok
1790946022.542591,2154,2.24,ok
1790946023.543651,2155,2.08,ok
1790946024.544716,2156,2.02,ok
1790946025.545636,2157,1.97,ok
1790946026.546580,2158,2.06,ok
1790946027.547590,2159,1.94,ok
1790946028.548441,2160,1.82,ok
1790946029.550320,2161,1.97,ok
1790946030.550771,2162,2.05,ok
1790946031.551804,2163,1.89,ok
1790946032.553170,2164,2.32,ok
1790946033.554237,2165,2.12,ok
1790946034.555278,2166,1.98,ok
1790946035.556147,2167,1.92,ok
1790946036.558146,2168,2.18,ok
1790946037.559309,2169,2.04,ok
1790946038.559712,2170,2.27,ok
1790946039.559981,2171,1.98,ok
1790946040.561406,2172,2.53,ok
1790946041.562471,2173,2.02,ok
1790946042.563393,2174,2.00,ok
1790946043.563670,2175,2.06,ok
1790946044.564681,2176,2.03,ok
1790946045.564751,2177,1.86,ok
1790946046.566658,2178,1.94,ok
1790946047.568763,2179,2.31,ok
1790946048.569869,2180,2.14,ok
1790946049.570958,2181,2.11,ok
1790946050.572334,2182,2.63,ok
1790946051.573435,2183,1.98,ok
1790946052.574416,2184,2.01,ok
1790946053.575532,2185,2.29,ok
1790946054.576564,2186,1.93,ok
1790946055.577665,2187,2.03,ok
1790946056.578779,2188,2.12,ok
1790946057.579818,2189,2.08,ok
1790946058.580705,2190,1.97,ok
1790946059.581739,2191,2.16,ok
1790946060.582825,2192,1.98,ok
1790946061.583738,2193,2.06,ok
1790946062.584941,2194,2.14,ok
1790946063.585794,2195,1.94,ok
1790946064.586796,2196,2.20,ok
1790946065.588392,2197,2.63,ok
1790946066.590412,2198,3.18,ok
1790946067.590263,2199,1.84,ok
1790946068.592408,2200,2.17,ok
1790946069.593470,2201,2.00,ok
1790946070.594647,2202,2.26,ok
1790946071.595644,2203,1.99,ok
1790946072.596765,2204,2.04,ok
1790946073.598104,2205,2.40,ok
1790946074.599780,2206,2.82,ok
1790946075.600724,2207,2.01,ok
1790946076.601678,2208,2.13,ok
1790946077.603168,2209,2.48,ok
1790946078.603994,2210,1.77,ok
1790946079.605951,2211,2.08,ok
1790946080.607185,2212,2.26,ok
1790946081.608187,2213,1.94,ok
1790946082.609554,2214,2.30,ok
1790946083.611405,2215,3.01,ok
1790946084.611291,2216,1.96,ok
1790946085.612218,2217,2.06,ok
1790946086.613335,2218,2.08,ok
1790946087.614368,2219,2.03,ok
1790946088.615455,2220,2.05,ok
1790946089.616483,2221,2.06,ok
1790946090.617521,2222,2.00,ok
1790946091.618715,2223,2.22,ok
1790946092.619682,2224,2.34,ok
1790946093.620917,2225,2.30,ok
1790946094.622029,2226,2.12,ok
1790946095.623105,2227,2.04,ok
1790946096.623963,2228,1.97,ok
1790946097.624194,2229,1.77,ok
1790946098.625680,2230,2.00,ok
1790946099.626475,2231,1.96,ok
1790946100.627275,2232,1.86,ok
1790946101.629437,2233,2.08,ok
1790946102.630354,2234,2.00,ok
1790946103.631879,2235,2.66,ok
1790946104.632896,2236,2.04,ok
1790946105.633686,2237,1.95,ok
1790946106.635801,2238,2.05,ok
1790946107.636711,2239,1.97,ok
1790946108.637550,2240,1.95,ok
1790946109.639724,2241,2.08,ok
1790946110.640566,2242,1.97,ok
1790946111.641751,2243,2.33,ok
1790946112.642983,2244,2.15,ok
1790946113.643894,2245,1.90,ok
1790946114.646488,2246,2.79,ok
1790946115.647552,2247,2.08,ok
1790946116.648492,2248,1.93,ok
1790946117.650466,2249,2.04,ok
1790946118.651411,2250,2.10,ok
1790946119.653060,2251,2.65,ok
1790946120.654211,2252,2.07,ok
1790946121.655098,2253,1.98,ok
1790946122.656220,2254,2.27,ok
1790946123.657223,2255,2.00,ok
1790946124.658332,2256,2.26,ok
1790946125.659321,2257,2.00,ok
1790946126.675958,2258,17.8,ok
1790946127.661172,2259,1.90,ok
1790946128.662482,2260,1.90,ok
1790946129.663573,2261,1.81,ok
1790946130.665415,2262,1.57,ok
1790946131.667103,2263,1.61,ok
1790946132.668960,2264,1.62,ok
1790946133.670801,2265,1.60,ok
1790946134.672990,2266,1.91,ok
1790946135.674040,2267,1.80,ok
1790946136.675925,2268,1.64,ok
1790946137.677562,2269,1.57,ok
1790946138.679048,2270,1.61,ok
1790946139.680965,2271,1.64,ok
1790946140.682197,2272,1.66,ok
1790946141.683884,2273,1.40,ok
1790946142.685448,2274,1.34,ok
1790946143.687167,2275,1.53,ok
1790946144.689039,2276,1.70,ok
1790946145.690789,2277,1.50,ok
1790946146.692346,2278,1.49,ok
1790946147.694288,2279,1.68,ok
1790946148.696192,2280,1.67,ok
1790946149.698078,2281,1.62,ok
1790946150.699800,2282,1.47,ok
1790946151.701608,2283,1.54,ok
1790946152.703496,2284,1.64,ok
1790946153.705163,2285,1.53,ok
1790946154.707096,2286,1.69,ok
1790946155.708714,2287,1.43,ok
1790946156.710539,2288,1.59,ok
1790946157.712339,2289,1.51,ok
1790946158.714062,2290,1.45,ok
1790946159.715846,2291,1.48,ok
1790946160.717672,2292,1.55,ok
1790946161.719340,2293,1.42,ok
1790946162.721201,2294,1.64,ok
1790946163.723599,2295,2.10,ok
1790946164.724881,2296,2.14,ok
1790946165.725603,2297,1.49,ok
1790946166.727286,2298,1.44,ok
1790946167.729249,2299,1.74,ok
1790946168.730916,2300,1.40,ok
1790946169.732635,2301,1.61,ok
1790946170.734099,2302,1.51,ok
1790946171.735756,2303,1.46,ok
1790946172.737442,2304,1.44,ok
1790946173.739068,2305,1.51,ok
1790946174.741010,2306,1.70,ok
1790946175.742975,2307,1.70,ok
1790946176.744671,2308,1.44,ok
1790946177.746276,2309,1.71,ok
1790946178.748049,2310,1.64,ok
1790946179.749777,2311,1.48,ok
1790946180.751406,2312,1.51,ok
1790946181.753671,2313,2.02,ok
1790946182.754564,2314,1.66,ok
1790946183.756353,2315,1.51,ok
1790946184.758174,2316,1.59,ok
1790946185.759871,2317,1.44,ok
1790946186.761429,2318,1.38,ok
1790946187.762339,2319,1.53,ok
1790946188.764104,2320,1.52,ok
1790946189.765676,2321,1.37,ok
1790946190.767664,2322,1.75,ok
1790946191.769380,2323,1.45,ok
1790946192.771150,2324,1.49,ok
1790946193.772846,2325,1.50,ok
1790946194.774708,2326,1.61,ok
1790946195.776468,2327,1.45,ok
1790946196.778222,2328,1.48,ok
1790946197.780048,2329,1.52,ok
1790946198.781667,2330,1.46,ok
1790946199.783499,2331,1.65,ok
1790946200.785220,2332,1.56,ok
1790946201.787116,2333,1.46,ok
1790946202.788741,2334,1.41,ok
1790946203.790010,2335,1.48,ok
1790946204.791756,2336,1.50,ok
1790946205.793447,2337,1.46,ok
1790946206.795129,2338,1.44,ok
1790946207.796644,2339,1.46,ok
1790946208.798079,2340,1.72,ok
1790946209.799813,2341,1.49,ok
1790946210.801771,2342,1.71,ok
1790946211.803553,2343,1.53,ok
1790946212.805166,2344,1.44,ok
1790946213.806052,2345,1.54,ok
1790946214.808024,2346,1.69,ok
1790946215.810618,2347,2.34,ok
1790946216.811315,2348,1.44,ok
1790946217.813075,2349,1.49,ok
1790946218.814640,2350,2.10,ok
1790946219.815601,2351,1.69,ok
1790946220.817288,2352,1.56,ok
1790946221.818674,2353,1.49,ok
1790946222.820503,2354,1.54,ok
1790946223.822215,2355,1.73,ok
1790946224.823959,2356,1.49,ok
1790946225.825259,2357,1.67,ok
1790946226.827023,2358,1.49,ok
1790946227.828799,2359,1.50,ok
1790946228.830578,2360,1.48,ok
1790946229.832542,2361,1.72,ok
1790946230.834386,2362,1.60,ok
1790946231.836118,2363,1.47,ok
1790946232.838087,2364,1.73,ok
1790946233.839921,2365,1.56,ok
1790946234.841334,2366,1.35,ok
1790946235.843069,2367,1.50,ok
1790946236.845853,2368,2.51,ok
1790946237.846610,2369,1.51,ok
1790946238.848489,2370,1.66,ok
1790946239.850268,2371,1.53,ok
1790946240.851982,2372,1.47,ok
1790946241.852632,2373,1.39,ok
1790946242.854271,2374,1.49,ok
1790946243.856015,2375,1.51,ok
1790946244.857838,2376,1.55,ok
1790946245.859652,2377,1.55,ok
1790946246.861293,2378,1.46,ok
1790946247.863048,2379,1.50,ok
1790946248.864774,2380,1.48,ok
1790946249.866588,2381,1.50,ok
1790946250.868372,2382,1.54,ok
1790946251.870261,2383,1.64,ok
1790946252.871974,2384,1.48,ok
1790946253.873561,2385,1.55,ok
1790946254.875204,2386,1.35,ok
1790946255.877005,2387,1.53,ok
1790946256.878709,2388,1.43,ok
1790946257.880522,2389,1.57,ok
1790946258.882350,2390,1.57,ok
1790946259.884347,2391,1.77,ok
1790946260.886120,2392,1.52,ok
1790946261.887813,2393,1.40,ok
1790946262.889474,2394,1.44,ok
1790946263.891149,2395,1.53,ok
1790946264.892693,2396,1.45,ok
1790946265.893943,2397,1.51,ok
1790946266.895759,2398,1.66,ok
1790946267.897565,2399,1.66,ok
1790946268.899152,2400,1.46,ok
1790946269.900816,2401,1.49,ok
1790946270.903188,2402,2.13,ok
1790946271.904590,2403,2.12,ok
1790946272.905404,2404,1.54,ok
1790946273.907165,2405,1.50,ok
1790946274.908975,2406,1.54,ok
1790946275.909991,2407,1.48,ok
1790946276.911839,2408,1.57,ok
1790946277.913343,2409,1.37,ok
1790946278.914955,2410,1.38,ok
1790946279.916907,2411,1.70,ok
1790946280.918506,2412,1.46,ok
1790946281.920322,2413,1.51,ok
1790946282.922136,2414,1.57,ok
1790946283.923899,2415,1.51,ok
1790946284.925597,2416,1.43,ok
1790946285.927262,2417,1.43,ok
1790946286.928998,2418,1.60,ok
1790946287.931456,2419,2.23,ok
1790946288.932197,2420,1.50,ok
1790946289.934074,2421,1.60,ok
1790946290.935822,2422,1.50,ok
1790946291.937892,2423,1.78,ok
1790946292.939746,2424,1.59,ok
1790946293.941447,2425,1.49,ok
1790946294.943263,2426,1.53,ok
1790946295.945144,2427,1.60,ok
1790946296.946902,2428,1.48,ok
1790946297.948662,2429,1.45,ok
1790946298.950131,2430,1.53,ok
1790946299.951803,2431,1.46,ok
1790946300.953465,2432,1.43,ok
1790946301.955236,2433,1.51,ok
1790946302.956919,2434,1.43,ok
1790946303.958727,2435,1.53,ok
1790946304.960848,2436,1.79,ok
1790946305.962883,2437,1.71,ok
1790946306.964692,2438,1.53,ok
1790946307.966465,2439,1.51,ok
1790946308.968232,2440,1.50,ok
1790946309.970059,2441,1.57,ok
1790946310.971815,2442,1.48,ok
1790946311.973544,2443,1.48,ok
1790946312.975289,2444,1.48,ok
1790946313.977209,2445,1.70,ok
1790946314.979079,2446,1.57,ok
1790946315.980806,2447,1.48,ok
1790946316.982589,2448,1.48,ok
1790946317.984440,2449,1.54,ok
1790946318.986138,2450,1.45,ok
1790946319.987918,2451,1.45,ok
1790946320.989419,2452,1.34,ok
1790946321.991131,2453,1.46,ok
1790946322.992860,2454,1.53,ok
1790946323.994631,2455,1.47,ok
1790946324.996377,2456,1.48,ok
1790946325.998014,2457,1.48,ok
1790946326.999836,2458,1.55,ok
1790946328.001785,2459,1.67,ok
1790946329.003653,2460,1.60,ok
1790946330.005242,2461,1.43,ok
1790946331.008029,2462,2.52,ok
1790946332.008915,2463,1.57,ok
1790946333.010650,2464,1.49,ok
1790946334.012504,2465,1.52,ok
1790946335.014199,2466,1.45,ok
1790946336.016142,2467,1.67,ok
1790946337.018083,2468,1.67,ok
1790946338.019886,2469,1.54,ok
1790946339.021349,2470,1.40,ok
1790946340.023082,2471,1.50,ok
1790946341.024824,2472,1.50,ok
1790946342.026579,2473,1.49,ok
1790946343.028337,2474,1.47,ok
1790946344.031129,2475,2.52,ok
1790946345.031938,2476,1.56,ok
1790946346.033683,2477,1.50,ok
1790946347.035464,2478,1.51,ok
1790946348.037047,2479,1.33,ok
1790946349.038047,2480,1.61,ok
1790946350.039806,2481,1.51,ok
1790946351.041670,2482,1.62,ok
1790946352.043425,2483,1.51,ok
1790946353.045203,2484,1.55,ok
1790946354.047113,2485,1.63,ok
1790946355.048686,2486,1.40,ok
1790946356.050391,2487,1.53,ok
1790946357.052237,2488,1.47,ok
1790946358.054035,2489,1.53,ok
1790946359.055940,2490,1.63,ok
1790946360.057722,2491,1.51,ok
1790946361.060050,2492,2.09,ok
1790946362.060719,2493,1.50,ok
1790946363.062683,2494,1.78,ok
1790946364.064262,2495,1.36,ok
1790946365.065923,2496,1.43,ok
1790946366.067791,2497,1.58,ok
1790946367.069545,2498,1.50,ok
1790946368.071294,2499,1.49,ok
1790946369.072876,2500,1.34,ok
1790946370.074617,2501,1.50,ok
1790946371.076220,2502,1.45,ok
1790946372.077866,2503,1.46,ok
1790946373.079221,2504,1.39,ok
1790946374.080836,2505,1.46,ok
1790946375.082740,2506,1.66,ok
1790946376.084463,2507,1.48,ok
1790946377.086428,2508,1.69,ok
1790946378.088841,2509,2.11,ok
1790946379.089472,2510,1.55,ok
1790946380.091235,2511,1.50,ok
1790946381.093043,2512,1.52,ok
1790946382.093896,2513,1.39,ok
1790946383.095680,2514,1.54,ok
1790946384.097428,2515,1.55,ok
1790946385.099260,2516,1.52,ok
1790946386.101190,2517,1.59,ok
1790946387.102950,2518,1.51,ok
1790946388.104687,2519,1.47,ok
1790946389.106586,2520,1.64,ok
1790946390.108479,2521,1.60,ok
1790946391.110123,2522,1.59,ok
1790946392.111980,2523,1.60,ok
1790946393.113890,2524,1.68,ok
1790946394.115647,2525,1.50,ok
1790946395.117976,2526,2.06,ok
1790946396.118730,2527,1.50,ok
1790946397.120547,2528,1.52,ok
1790946398.122438,2529,1.77,ok
1790946399.124094,2530,1.39,ok
1790946400.126074,2531,1.73,ok
1790946401.127865,2532,1.53,ok
1790946402.129598,2533,1.46,ok
1790946403.131460,2534,1.60,ok
1790946404.133260,2535,1.61,ok
1790946405.134992,2536,1.52,ok
1790946406.136695,2537,1.61,ok
1790946407.137989,2538,1.52,ok
1790946408.139900,2539,1.70,ok
1790946409.141724,2540,1.58,ok
1790946410.143415,2541,1.51,ok
1790946411.145157,2542,1.55,ok
1790946412.146945,2543,1.56,ok
1790946413.148642,2544,1.51,ok
1790946414.149941,2545,1.48,ok
1790946415.151571,2546,1.44,ok
1790946416.153246,2547,1.59,ok
1790946417.153971,2548,1.61,ok
1790946418.155737,2549,1.52,ok
1790946419.157482,2550,1.51,ok
1790946420.159049,2551,1.41,ok
1790946421.161065,2552,1.76,ok
1790946422.163005,2553,1.64,ok
1790946423.164801,2554,1.55,ok
1790946424.166519,2555,1.48,ok
1790946425.168238,2556,1.52,ok
1790946426.169991,2557,1.52,ok
1790946427.170832,2558,1.35,ok
1790946428.172411,2559,1.50,ok
1790946429.174389,2560,1.80,ok
1790946430.176056,2561,1.49,ok
1790946431.177768,2562,1.48,ok
1790946432.179088,2563,1.60,ok
1790946433.180750,2564,1.49,ok
1790946434.181710,2565,1.39,ok
1790946435.183324,2566,1.54,ok
1790946436.184918,2567,1.42,ok
1790946437.186764,2568,2.25,ok
1790946438.187419,2569,1.48,ok
1790946439.188992,2570,1.41,ok
1790946440.189913,2571,1.43,ok
1790946441.191732,2572,1.64,ok
1790946442.193257,2573,1.39,ok
1790946443.195271,2574,1.61,ok
1790946444.197167,2575,1.74,ok
1790946445.198765,2576,1.41,ok
1790946446.200605,2577,1.60,ok
1790946447.202350,2578,1.51,ok
1790946448.204191,2579,1.58,ok
1790946449.206005,2580,1.55,ok
1790946450.207868,2581,1.60,ok
1790946451.209647,2582,1.51,ok
1790946452.211384,2583,1.54,ok
1790946453.213078,2584,1.50,ok
1790946454.214328,2585,1.82,ok
1790946455.216557,2586,2.07,ok
1790946456.217198,2587,1.46,ok
1790946457.217812,2588,1.45,ok
1790946458.219504,2589,1.61,ok
1790946459.221258,2590,1.57,ok
1790946460.222028,2591,1.57,ok
1790946461.222532,2592,1.37,ok
1790946462.224325,2593,1.52,ok
1790946463.226022,2594,1.44,ok
1790946464.227895,2595,1.65,ok
1790946465.229551,2596,1.39,ok
1790946466.231933,2597,2.15,ok
1790946467.232889,2598,1.69,ok
1790946468.234013,2599,1.50,ok
1790946469.235905,2600,1.64,ok
1790946470.237808,2601,1.70,ok
1790946471.239571,2602,1.58,ok
1790946472.241320,2603,1.56,ok
1790946473.241895,2604,1.44,ok
1790946474.243525,2605,1.55,ok
1790946475.245159,2606,1.46,ok
1790946476.247116,2607,1.77,ok
1790946477.248757,2608,1.47,ok
1790946478.249739,2609,1.40,ok
1790946479.251553,2610,1.63,ok
1790946480.253118,2611,1.40,ok
1790946481.253988,2612,1.52,ok
1790946482.255522,2613,1.45,ok
1790946483.257222,2614,1.51,ok
1790946484.258176,2615,1.65,ok
1790946485.259880,2616,1.52,ok
1790946486.261308,2617,1.36,ok
1790946487.261950,2618,1.50,ok
1790946488.263711,2619,1.56,ok
1790946489.265416,2620,1.55,ok
1790946490.266990,2621,1.49,ok
1790946491.268803,2622,1.63,ok
1790946492.270479,2623,1.50,ok
1790946493.272254,2624,1.59,ok
1790946494.273752,2625,1.51,ok
1790946495.275509,2626,1.46,ok
1790946496.277417,2627,1.73,ok
1790946497.279067,2628,1.76,ok
1790946498.279724,2629,1.47,ok
1790946499.281717,2630,1.73,ok
1790946500.282946,2631,1.45,ok
1790946501.284637,2632,1.42,ok
1790946502.285864,2633,1.51,ok
1790946503.287620,2634,1.51,ok
1790946504.289359,2635,1.56,ok
1790946505.290953,2636,1.42,ok
1790946506.292065,2637,1.64,ok
1790946507.293957,2638,1.65,ok
1790946508.295691,2639,1.48,ok
1790946509.297361,2640,1.42,ok
1790946510.299166,2641,1.52,ok
1790946511.300769,2642,1.42,ok
1790946512.302028,2643,1.50,ok
1790946513.303720,2644,1.46,ok
1790946514.305611,2645,1.64,ok
1790946515.307328,2646,1.42,ok
1790946516.309130,2647,1.56,ok
1790946517.310968,2648,1.55,ok
1790946518.312853,2649,1.57,ok
1790946519.314710,2650,1.52,ok
1790946520.315798,2651,1.61,ok
1790946521.317559,2652,1.56,ok
1790946522.319063,2653,1.43,ok
1790946523.320545,2654,1.42,ok
1790946524.322848,2655,2.13,ok
1790946525.323560,2656,1.52,ok
1790946526.325259,2657,1.52,ok
1790946527.326942,2658,1.50,ok
1790946528.328849,2659,1.70,ok
1790946529.330801,2660,1.78,ok
1790946530.332452,2661,1.48,ok
1790946531.333682,2662,1.36,ok
1790946532.335232,2663,1.47,ok
1790946533.336749,2664,1.44,ok
1790946534.337988,2665,1.53,ok
1790946535.339780,2666,1.61,ok
1790946536.341387,2667,1.52,ok
1790946537.342998,2668,1.51,ok
1790946538.344693,2669,1.51,ok
1790946539.345936,2670,1.47,ok
1790946540.347445,2671,1.44,ok
1790946541.349239,2672,1.61,ok
1790946542.350979,2673,1.56,ok
1790946543.352657,2674,1.49,ok
1790946544.354156,2675,1.64,ok
1790946545.355844,2676,1.49,ok
1790946546.357558,2677,1.52,ok
1790946547.359169,2678,1.42,ok
1790946548.360908,2679,1.54,ok
1790946549.362952,2680,2.41,ok
1790946550.363648,2681,1.50,ok
1790946551.364811,2682,1.46,ok
1790946552.365920,2683,1.41,ok
1790946553.367773,2684,1.60,ok
1790946554.369460,2685,1.44,ok
1790946555.371211,2686,1.47,ok
1790946556.372771,2687,1.39,ok
1790946557.373931,2688,1.39,ok
1790946558.375631,2689,1.46,ok
1790946559.377427,2690,1.55,ok
1790946560.379402,2691,1.70,ok
1790946561.381185,2692,1.51,ok
1790946562.381986,2693,1.54,ok
1790946563.383789,2694,1.55,ok
1790946564.385518,2695,1.50,ok
1790946565.387313,2696,1.49,ok
1790946566.389133,2697,1.53,ok
1790946567.390047,2698,1.52,ok
1790946568.391769,2699,1.57,ok
1790946569.393509,2700,1.51,ok
1790946570.395314,2701,1.58,ok
1790946571.397045,2702,1.56,ok
1790946572.398712,2703,1.53,ok
1790946573.400425,2704,1.50,ok
1790946574.402942,2705,2.37,ok
1790946575.404015,2706,1.82,ok
1790946576.404811,2707,1.49,ok
1790946577.406040,2708,1.66,ok
1790946578.407990,2709,1.84,ok
1790946579.409700,2710,1.51,ok
1790946580.411564,2711,1.66,ok
1790946581.413202,2712,1.45,ok
1790946582.414658,2713,1.39,ok
1790946583.416379,2714,1.56,ok
1790946584.418017,2715,1.56,ok
1790946585.419592,2716,1.49,ok
1790946586.421172,2717,1.49,ok
1790946587.421932,2718,1.48,ok
1790946588.423647,2719,1.53,ok
1790946589.425489,2720,1.66,ok
1790946590.427052,2721,1.46,ok
1790946591.428862,2722,1.58,ok
1790946592.430561,2723,1.51,ok
1790946593.432555,2724,1.76,ok
1790946594.433852,2725,1.54,ok
1790946595.435602,2726,1.54,ok
1790946596.437303,2727,1.48,ok
1790946597.437970,2728,1.51,ok
1790946598.439615,2729,1.46,ok
1790946599.441691,2730,1.86,ok
1790946600.443350,2731,1.57,ok
1790946601.445083,2732,1.51,ok
1790946602.446756,2733,1.46,ok
1790946603.448772,2734,1.89,ok
1790946604.450135,2735,1.62,ok
1790946605.451935,2736,1.60,ok
1790946606.453509,2737,1.50,ok
1790946607.454966,2738,1.39,ok
1790946608.456661,2739,1.50,ok
1790946609.458141,2740,1.39,ok
1790946610.459906,2741,1.59,ok
1790946611.461451,2742,1.46,ok
1790946612.462995,2743,1.49,ok
1790946613.464741,2744,1.55,ok
1790946614.465943,2745,1.45,ok
1790946615.467695,2746,1.48,ok
1790946616.469644,2747,1.69,ok
1790946617.471580,2748,1.51,ok
1790946618.473317,2749,1.54,ok
1790946619.475080,2750,1.51,ok
1790946620.477491,2751,2.19,ok
1790946621.477982,2752,1.46,ok
1790946622.479711,2753,1.57,ok
1790946623.481520,2754,1.54,ok
1790946624.483234,2755,1.46,ok
1790946625.484982,2756,1.50,ok
1790946626.486773,2757,1.48,ok
1790946627.488539,2758,1.52,ok
1790946628.490189,2759,1.50,ok
1790946629.492041,2760,1.61,ok
1790946630.493762,2761,1.51,ok
1790946631.495690,2762,1.66,ok
1790946632.497410,2763,1.48,ok
1790946633.499322,2764,1.68,ok
1790946634.500167,2765,1.55,ok
1790946635.501960,2766,1.52,ok
1790946636.503668,2767,1.45,ok
1790946637.505172,2768,1.92,ok
1790946638.505946,2769,1.53,ok
1790946639.507783,2770,1.57,ok
1790946640.509509,2771,1.47,ok
1790946641.511652,2772,1.86,ok
1790946642.512417,2773,1.56,ok
1790946643.514400,2774,1.73,ok
1790946644.516053,2775,1.39,ok
1790946645.517962,2776,1.67,ok
1790946646.519658,2777,1.56,ok
1790946647.521620,2778,1.67,ok
1790946648.523376,2779,1.48,ok
1790946649.524931,2780,1.46,ok
1790946650.526851,2781,1.66,ok
1790946651.528607,2782,1.49,ok
1790946652.530418,2783,1.66,ok
1790946653.532135,2784,1.47,ok
1790946654.534968,2785,2.61,ok
1790946655.533876,2786,1.55,ok
1790946656.534563,2787,1.54,ok
1790946657.535279,2788,1.51,ok
1790946658.536052,2789,1.55,ok
1790946659.537883,2790,1.57,ok
1790946660.539570,2791,1.48,ok
1790946661.541228,2792,1.40,ok
1790946662.543262,2793,1.80,ok
1790946663.545008,2794,1.51,ok
1790946664.545896,2795,1.45,ok
1790946665.547577,2796,1.40,ok
1790946666.549260,2797,1.50,ok
1790946667.550128,2798,1.60,ok
1790946668.551799,2799,1.43,ok
1790946669.553621,2800,1.54,ok
1790946670.555173,2801,1.43,ok
1790946671.556695,2802,1.45,ok
1790946672.558633,2803,1.69,ok
1790946673.560240,2804,1.35,ok
1790946674.562876,2805,2.38,ok
1790946675.563672,2806,1.53,ok
1790946676.565382,2807,1.46,ok
1790946677.567292,2808,1.64,ok
1790946678.568929,2809,1.39,ok
1790946679.570069,2810,1.56,ok
1790946680.571765,2811,1.51,ok
1790946681.573249,2812,1.42,ok
1790946682.573855,2813,1.44,ok
1790946683.575634,2814,1.63,ok
1790946684.577536,2815,1.73,ok
1790946685.579052,2816,1.43,ok
1790946686.580800,2817,1.68,ok
1790946687.582120,2818,1.66,ok
1790946688.584265,2819,1.93,ok
1790946689.585971,2820,1.49,ok
1790946690.587468,2821,1.40,ok
1790946691.589083,2822,1.44,ok
1790946692.590129,2823,1.66,ok
1790946693.591813,2824,1.48,ok
1790946694.593680,2825,1.68,ok
1790946695.595337,2826,1.48,ok
1790946696.596978,2827,1.44,ok
1790946697.598642,2828,1.48,ok
1790946698.600346,2829,1.65,ok
1790946699.602958,2830,2.50,ok
1790946700.603625,2831,1.50,ok
1790946701.605321,2832,1.51,ok
1790946702.606923,2833,1.51,ok
1790946703.608670,2834,1.57,ok
1790946704.609939,2835,1.49,ok
1790946705.611635,2836,1.48,ok
1790946706.613311,2837,1.59,ok
1790946707.614761,2838,1.38,ok
1790946708.616576,2839,1.63,ok
1790946709.617939,2840,1.58,ok
1790946710.619585,2841,1.43,ok
1790946711.621201,2842,1.51,ok
1790946712.622843,2843,1.47,ok
1790946713.624844,2844,1.83,ok
1790946714.625959,2845,1.50,ok
1790946715.627590,2846,1.53,ok
1790946716.629311,2847,1.57,ok
1790946717.630877,2848,1.49,ok
1790946718.632637,2849,1.68,ok
1790946719.633794,2850,1.42,ok
1790946720.634668,2851,1.62,ok
1790946721.636477,2852,1.49,ok
1790946722.638308,2853,1.60,ok
1790946723.640423,2854,1.80,ok
1790946724.642845,2855,2.19,ok
1790946725.643634,2856,1.54,ok
1790946726.645304,2857,1.48,ok
1790946727.645932,2858,1.39,ok
1790946728.648011,2859,1.78,ok
1790946729.650043,2860,1.76,ok
1790946730.652005,2861,1.71,ok
1790946731.653802,2862,1.54,ok
1790946732.656147,2863,2.10,ok
1790946733.657108,2864,1.72,ok
1790946734.658385,2865,1.82,ok
1790946735.660132,2866,1.51,ok
1790946736.661787,2867,1.43,ok
1790946737.663691,2868,1.66,ok
1790946738.665773,2869,1.85,ok
1790946739.667770,2870,1.72,ok
1790946740.669540,2871,1.52,ok
1790946741.672001,2872,2.14,ok
1790946742.672728,2873,1.48,ok
1790946743.674245,2874,1.73,ok
1790946744.676065,2875,1.59,ok
1790946745.677812,2876,1.51,ok
1790946746.679644,2877,1.59,ok
1790946747.681376,2878,1.48,ok
1790946748.683342,2879,1.67,ok
1790946749.685126,2880,1.61,ok
1790946750.686792,2881,1.46,ok
1790946751.688601,2882,1.56,ok
1790946752.690474,2883,1.93,ok
1790946753.691281,2884,1.49,ok
1790946754.693168,2885,1.64,ok
1790946755.694942,2886,1.52,ok
1790946756.696794,2887,1.62,ok
1790946757.698537,2888,1.51,ok
1790946758.700779,2889,2.00,ok
1790946759.701721,2890,1.68,ok
1790946760.703408,2891,1.44,ok
1790946761.705394,2892,1.84,ok
1790946762.707000,2893,1.37,ok
1790946763.708910,2894,1.65,ok
1790946764.710797,2895,1.63,ok
1790946765.712738,2896,1.66,ok
1790946766.714968,2897,1.95,ok
1790946767.715968,2898,1.72,ok
1790946768.717779,2899,1.53,ok
1790946769.719717,2900,1.63,ok
1790946770.721412,2901,1.45,ok
1790946771.724009,2902,2.32,ok
1790946772.724711,2903,1.49,ok
1790946773.726502,2904,1.55,ok
1790946774.728251,2905,1.50,ok
1790946775.730038,2906,1.69,ok
1790946776.731707,2907,1.42,ok
1790946777.733424,2908,1.49,ok
1790946778.735294,2909,1.61,ok
1790946779.736764,2910,1.40,ok
1790946780.738694,2911,1.61,ok
1790946781.740545,2912,1.57,ok
1790946782.742485,2913,1.67,ok
1790946783.744249,2914,1.50,ok
1790946784.746049,2915,1.69,ok
1790946785.747648,2916,1.50,ok
1790946786.749312,2917,1.52,ok
1790946787.751052,2918,1.50,ok
1790946788.752814,2919,1.58,ok
1790946789.754817,2920,1.72,ok
1790946790.756655,2921,1.58,ok
1790946791.758820,2922,1.70,ok
1790946792.759648,2923,1.55,ok
1790946793.761520,2924,1.61,ok
1790946794.763282,2925,1.48,ok
1790946795.765057,2926,1.62,ok
1790946796.766915,2927,1.65,ok
1790946797.768697,2928,1.60,ok
1790946798.770796,2929,1.84,ok
1790946799.772658,2930,1.63,ok
1790946800.774542,2931,1.71,ok
1790946801.776732,2932,1.93,ok
1790946802.777322,2933,1.53,ok
1790946803.779122,2934,1.48,ok
1790946804.780818,2935,1.47,ok
1790946805.781909,2936,1.37,ok
1790946806.783542,2937,1.57,ok
1790946807.785373,2938,1.57,ok
1790946808.787291,2939,1.69,ok
1790946809.788914,2940,1.39,ok
1790946810.790895,2941,1.72,ok
1790946811.792669,2942,1.49,ok
1790946812.794623,2943,1.71,ok
1790946813.796271,2944,1.46,ok
1790946814.798159,2945,1.81,ok
1790946815.799722,2946,1.50,ok
1790946816.801449,2947,1.58,ok
1790946817.802988,2948,1.46,ok
1790946818.804769,2949,1.61,ok
1790946819.806601,2950,1.64,ok
1790946820.808553,2951,1.74,ok
1790946821.810358,2952,1.63,ok
1790946822.811886,2953,1.47,ok
1790946823.813831,2954,1.70,ok
1790946824.816112,2955,2.02,ok
1790946825.816691,2956,1.48,ok
1790946826.817691,2957,1.37,ok
1790946827.819454,2958,1.54,ok
1790946828.820676,2959,1.47,ok
1790946829.822204,2960,1.66,ok
1790946830.823888,2961,1.52,ok
1790946831.825607,2962,1.45,ok
1790946832.827393,2963,1.50,ok
1790946833.829278,2964,1.67,ok
1790946834.830987,2965,1.47,ok
1790946835.833648,2966,2.39,ok
1790946836.834675,2967,1.78,ok
1790946837.836462,2968,1.50,ok
1790946838.838133,2969,1.60,ok
1790946839.839821,2970,1.45,ok
1790946840.841705,2971,1.67,ok
1790946841.843577,2972,1.60,ok
1790946842.845222,2973,1.58,ok
1790946843.845762,2974,1.42,ok
1790946844.847750,2975,1.85,ok
1790946845.849256,2976,1.34,ok
1790946846.850006,2977,1.47,ok
1790946847.851556,2978,1.46,ok
1790946848.853320,2979,1.46,ok
1790946849.854734,2980,1.35,ok
1790946850.856313,2981,1.49,ok
1790946851.857897,2982,1.53,ok
1790946852.859682,2983,1.51,ok
1790946853.861515,2984,1.64,ok
1790946854.863156,2985,1.50,ok
1790946855.864858,2986,1.51,ok
1790946856.866023,2987,1.50,ok
1790946857.867702,2988,1.49,ok
1790946858.869372,2989,1.44,ok
1790946859.871140,2990,1.53,ok
1790946860.874447,2991,3.14,ok
1790946861.873859,2992,1.51,ok
1790946862.875871,2993,1.80,ok
1790946863.877776,2994,1.66,ok
1790946864.879949,2995,2.00,ok
1790946865.880894,2996,1.75,ok
1790946866.882645,2997,1.53,ok
1790946867.884485,2998,1.65,ok
1790946868.885875,2999,1.50,ok
1790946869.887455,3000,1.44,ok
1790946870.889053,3001,1.42,ok
1790946871.890014,3002,1.52,ok
1790946872.891583,3003,1.42,ok
1790946873.893294,3004,1.53,ok
1790946874.895150,3005,1.68,ok
1790946875.896795,3006,1.47,ok
1790946876.897832,3007,1.47,ok
1790946877.899568,3008,1.53,ok
1790946878.901011,3009,1.39,ok
1790946879.902031,3010,1.53,ok
1790946880.903623,3011,1.49,ok
1790946881.905345,3012,1.63,ok
1790946882.907073,3013,1.52,ok
1790946883.908805,3014,1.55,ok
1790946884.910491,3015,1.47,ok
1790946885.912124,3016,1.70,ok
1790946886.913766,3017,1.46,ok
1790946887.915556,3018,1.50,ok
1790946888.917298,3019,1.48,ok
1790946889.920021,3020,2.48,ok
1790946890.920747,3021,1.48,ok
1790946891.922013,3022,1.47,ok
1790946892.923690,3023,1.43,ok
1790946893.925319,3024,1.47,ok
1790946894.925997,3025,1.45,ok
1790946895.927734,3026,1.50,ok
1790946896.929429,3027,1.45,ok
1790946897.931057,3028,1.38,ok
1790946898.932969,3029,1.62,ok
1790946899.935257,3030,2.04,ok
1790946900.936004,3031,1.50,ok
1790946901.938090,3032,1.84,ok
1790946902.939980,3033,1.60,ok
1790946903.942003,3034,1.76,ok
1790946904.944221,3035,1.95,ok
1790946905.945121,3036,1.63,ok
1790946906.946535,3037,1.82,ok
1790946907.948077,3038,2.12,ok
1790946908.949580,3039,2.56,ok
1790946909.950422,3040,1.90,ok
1790946910.952790,3041,2.32,ok
1790946911.953543,3042,1.79,ok
1790946912.955576,3043,2.06,ok
1790946913.956444,3044,1.89,ok
1790946914.958303,3045,1.96,ok
1790946915.958949,3046,1.83,ok
1790946916.961112,3047,2.26,ok
1790946917.961967,3048,1.87,ok
1790946918.963818,3049,1.95,ok
1790946919.965949,3050,3.05,ok
1790946920.965827,3051,2.11,ok
1790946921.966796,3052,1.97,ok
1790946922.968049,3053,2.16,ok
1790946923.969399,3054,2.27,ok
1790946924.970675,3055,2.24,ok
1790946925.971836,3056,2.12,ok
1790946926.972743,3057,2.00,ok
1790946927.974070,3058,2.29,ok
1790946928.974994,3059,1.93,ok
1790946929.976922,3060,1.91,ok
1790946930.978887,3061,1.92,ok
1790946931.980841,3062,1.92,ok
1790946932.982956,3063,2.06,ok
1790946933.983805,3064,1.85,ok
1790946934.985733,3065,2.08,ok
1790946935.986679,3066,1.92,ok
1790946936.988913,3067,2.26,ok
1790946937.990457,3068,2.51,ok
1790946938.991607,3069,2.13,ok
1790946939.992797,3070,2.34,ok
1790946940.992683,3071,1.75,ok
1790946941.994519,3072,1.89,ok
1790946942.996441,3073,1.86,ok
1790946943.998462,3074,1.98,ok
1790946944.999238,3075,1.89,ok
1790946946.001591,3076,2.26,ok
1790946947.002640,3077,2.10,ok
1790946948.004029,3078,2.38,ok
1790946949.005143,3079,2.17,ok
1790946950.006354,3080,2.13,ok
1790946951.007387,3081,2.13,ok
1790946952.008593,3082,2.25,ok
1790946953.009862,3083,2.26,ok
1790946954.010855,3084,2.18,ok
1790946955.011919,3085,2.26,ok
1790946956.012857,3086,1.87,ok
1790946957.015639,3087,2.70,ok
1790946958.017211,3088,2.55,ok
1790946959.018203,3089,2.01,ok
1790946960.019395,3090,2.15,ok
1790946961.020539,3091,2.21,ok
1790946962.021602,3092,1.99,ok
1790946963.022421,3093,2.02,ok
1790946964.023543,3094,2.10,ok
1790946965.025004,3095,2.48,ok
1790946966.026510,3096,2.49,ok
1790946967.027510,3097,2.21,ok
1790946968.028552,3098,1.95,ok
1790946969.029683,3099,2.03,ok
1790946970.030610,3100,1.92,ok
1790946971.032638,3101,1.99,ok
1790946972.033907,3102,2.19,ok
1790946973.034844,3103,2.00,ok
1790946974.035972,3104,2.15,ok
1790946975.037677,3105,2.81,ok
1790946976.038599,3106,1.99,ok
1790946977.039581,3107,1.93,ok
1790946978.040744,3108,2.03,ok
1790946979.041307,3109,2.18,ok
1790946980.045491,3110,5.09,ok
1790946981.043214,3111,1.78,ok
1790946982.045168,3112,1.99,ok
1790946983.046209,3113,1.93,ok
1790946984.048725,3114,2.57,ok
1790946985.049851,3115,2.15,ok
1790946986.050690,3116,1.94,ok
1790946987.051647,3117,1.88,ok
1790946988.053820,3118,2.31,ok
1790946989.054597,3119,1.85,ok
1790946990.056617,3120,2.00,ok
1790946991.057584,3121,2.00,ok
1790946992.058550,3122,1.91,ok
1790946993.060454,3123,2.05,ok
1790946994.061317,3124,1.90,ok
1790946995.063338,3125,1.97,ok
1790946996.064397,3126,1.97,ok
1790946997.065366,3127,1.91,ok
1790946998.067419,3128,1.97,ok
1790946999.068539,3129,2.07,ok
1790947000.069989,3130,2.44,ok
1790947001.071396,3131,2.36,ok
1790947002.072248,3132,1.93,ok
1790947003.073454,3133,2.03,ok
1790947004.075330,3134,2.95,ok
1790947005.075549,3135,2.26,ok
1790947006.076795,3136,2.20,ok
1790947007.078054,3137,2.18,ok
1790947008.079207,3138,2.11,ok
1790947009.080440,3139,2.28,ok
1790947010.081376,3140,1.93,ok
1790947011.083460,3141,2.04,ok
1790947012.084314,3142,1.86,ok
1790947013.086491,3143,2.12,ok
1790947014.087586,3144,2.13,ok
1790947015.088572,3145,2.04,ok
1790947016.089715,3146,2.15,ok
1790947017.090871,3147,2.29,ok
1790947018.091915,3148,2.01,ok
1790947019.092808,3149,1.85,ok
1790947020.094508,3150,2.02,ok
1790947021.096046,3151,2.50,ok
1790947022.097551,3152,2.54,ok
1790947023.098630,3153,2.27,ok
1790947024.099740,3154,2.03,ok
1790947025.100536,3155,2.30,ok
1790947026.101360,3156,2.11,ok
1790947027.102279,3157,1.94,ok
1790947028.103389,3158,1.81,ok
1790947029.105250,3159,1.62,ok
1790947030.106445,3160,1.92,ok
1790947031.107344,3161,1.66,ok
1790947032.109149,3162,1.56,ok
1790947033.110020,3163,1.55,ok
1790947034.111842,3164,1.55,ok
1790947035.113522,3165,1.43,ok
1790947036.115553,3166,1.76,ok
1790947037.117469,3167,1.64,ok
1790947038.119446,3168,1.70,ok
1790947039.121163,3169,1.44,ok
1790947040.121850,3170,1.34,ok
1790947041.123724,3171,1.63,ok
1790947042.125563,3172,1.57,ok
1790947043.127276,3173,1.46,ok
1790947044.128675,3174,1.32,ok
1790947045.130481,3175,1.57,ok
1790947046.132195,3176,1.46,ok
1790947047.133905,3177,1.47,ok
1790947048.135655,3178,1.51,ok
1790947049.137645,3179,1.75,ok
1790947050.139418,3180,1.51,ok
1790947051.141163,3181,1.50,ok
1790947052.142014,3182,1.49,ok
1790947053.143668,3183,1.39,ok
1790947054.145594,3184,1.65,ok
1790947055.147133,3185,1.42,ok
1790947056.148843,3186,1.47,ok
1790947057.150669,3187,1.59,ok
1790947058.152447,3188,1.50,ok
1790947059.154101,3189,1.54,ok
1790947060.156073,3190,1.68,ok
1790947061.158965,3191,2.61,ok
1790947062.160526,3192,2.29,ok
1790947063.161280,3193,1.51,ok
1790947064.161920,3194,1.42,ok
1790947065.163657,3195,1.50,ok
1790947066.165825,3196,1.91,ok
1790947067.166563,3197,1.49,ok
1790947068.168318,3198,1.49,ok
1790947069.169978,3199,1.43,ok
1790947070.171530,3200,1.29,ok
1790947071.173151,3201,1.48,ok
1790947072.174869,3202,1.49,ok
1790947073.176527,3203,1.43,ok
1790947074.178227,3204,1.43,ok
1790947075.179980,3205,1.50,ok
1790947076.182036,3206,1.81,ok
1790947077.183816,3207,1.52,ok
1790947078.185580,3208,1.43,ok
1790947079.187632,3209,1.89,ok
1790947080.188461,3210,1.44,ok
1790947081.190122,3211,1.50,ok
1790947082.191703,3212,1.43,ok
1790947083.193696,3213,1.74,ok
1790947084.195763,3214,1.80,ok
1790947085.197610,3215,1.51,ok
1790947086.199572,3216,1.71,ok
1790947087.201257,3217,1.44,ok
1790947088.202005,3218,1.49,ok
1790947089.203569,3219,1.50,ok
1790947090.205281,3220,1.50,ok
1790947091.206406,3221,1.92,ok
1790947092.208098,3222,1.50,ok
1790947093.209868,3223,1.51,ok
1790947094.211694,3224,1.64,ok
1790947095.213139,3225,1.37,ok
1790947096.213970,3226,1.51,ok
1790947097.215579,3227,1.51,ok
1790947098.217106,3228,1.42,ok
1790947099.218967,3229,1.57,ok
1790947100.220761,3230,1.53,ok
1790947101.222672,3231,1.65,ok
1790947102.224463,3232,1.49,ok
1790947103.226145,3233,1.44,ok
1790947104.228228,3234,1.80,ok
1790947105.230166,3235,1.69,ok
1790947106.231925,3236,1.52,ok
1790947107.233583,3237,1.41,ok
1790947108.235418,3238,1.58,ok
1790947109.237331,3239,1.67,ok
1790947110.239274,3240,1.69,ok
1790947111.241072,3241,1.54,ok
1790947112.242803,3242,1.48,ok
1790947113.244311,3243,1.45,ok
1790947114.246243,3244,1.66,ok
1790947115.248111,3245,1.57,ok
1790947116.249679,3246,1.49,ok
1790947117.251543,3247,1.69,ok
1790947118.252987,3248,1.39,ok
1790947119.254771,3249,1.53,ok
1790947120.256463,3250,1.48,ok
1790947121.258860,3251,2.16,ok
1790947122.259594,3252,1.44,ok
1790947123.261202,3253,1.44,ok
1790947124.263036,3254,1.56,ok
1790947125.264595,3255,1.40,ok
1790947126.266387,3256,1.52,ok
1790947127.268558,3257,1.86,ok
1790947128.269333,3258,1.52,ok
1790947129.271125,3259,1.50,ok
1790947130.272998,3260,1.66,ok
1790947131.274942,3261,1.63,ok
1790947132.276549,3262,1.41,ok
1790947133.278359,3263,1.53,ok
1790947134.279996,3264,1.58,ok
1790947135.281972,3265,1.69,ok
1790947136.283810,3266,1.53,ok
1790947137.285671,3267,1.48,ok
1790947138.287569,3268,1.62,ok
1790947139.289301,3269,1.48,ok
1790947140.291035,3270,1.49,ok
1790947141.292647,3271,1.44,ok
1790947142.294339,3272,1.44,ok
1790947143.295925,3273,1.40,ok
1790947144.297916,3274,1.68,ok
1790947145.299793,3275,1.55,ok
1790947146.301540,3276,1.43,ok
1790947147.303688,3277,1.89,ok
1790947148.304492,3278,1.53,ok
1790947149.306289,3279,1.52,ok
1790947150.308068,3280,1.51,ok
1790947151.310707,3281,2.34,ok
1790947152.311443,3282,1.47,ok
1790947153.313170,3283,1.49,ok
1790947154.314821,3284,1.42,ok
1790947155.316802,3285,1.74,ok
1790947156.318691,3286,1.54,ok
1790947157.320481,3287,1.51,ok
1790947158.322214,3288,1.54,ok
1790947159.324670,3289,2.31,ok
1790947160.325596,3290,1.72,ok
1790947161.327175,3291,1.52,ok
1790947162.328927,3292,1.57,ok
1790947163.330642,3293,1.50,ok
1790947164.332732,3294,1.79,ok
1790947165.334148,3295,1.62,ok
1790947166.335993,3296,1.66,ok
1790947167.337693,3297,1.47,ok
1790947168.339411,3298,1.48,ok
1790947169.341002,3299,1.42,ok
1790947170.341995,3300,1.41,ok
1790947171.343487,3301,1.39,ok
1790947172.345329,3302,1.62,ok
1790947173.346744,3303,1.35,ok
1790947174.348637,3304,1.71,ok
1790947175.350238,3305,1.43,ok
1790947176.352124,3306,1.64,ok
1790947177.354014,3307,1.64,ok
1790947178.355814,3308,1.53,ok
1790947179.357309,3309,1.36,ok
1790947180.359020,3310,1.41,ok
1790947181.361051,3311,1.64,ok
1790947182.362900,3312,1.59,ok
1790947183.364694,3313,1.48,ok
1790947184.365854,3314,1.42,ok
1790947185.368024,3315,1.91,ok
1790947186.368498,3316,1.37,ok
1790947187.370068,3317,1.61,ok
1790947188.371717,3318,1.46,ok
1790947189.373581,3319,1.68,ok
1790947190.375151,3320,1.46,ok
1790947191.376830,3321,1.49,ok
1790947192.377918,3322,1.54,ok
1790947193.379612,3323,1.50,ok
1790947194.381244,3324,1.45,ok
1790947195.383052,3325,1.62,ok
1790947196.384844,3326,1.58,ok
1790947197.386466,3327,1.35,ok
1790947198.388239,3328,1.59,ok
1790947199.390218,3329,1.78,ok
1790947200.391935,3330,1.53,ok
1790947201.393747,3331,1.62,ok
1790947202.395497,3332,1.56,ok
1790947203.397129,3333,1.46,ok
1790947204.397914,3334,1.58,ok
1790947205.399599,3335,1.45,ok
1790947206.401334,3336,1.45,ok
1790947207.402559,3337,1.51,ok
1790947208.404194,3338,1.54,ok
1790947209.405750,3339,1.37,ok
1790947210.407610,3340,1.67,ok
1790947211.409237,3341,1.45,ok
1790947212.410926,3342,1.51,ok
1790947213.412366,3343,1.38,ok
1790947214.413830,3344,1.32,ok
1790947215.415530,3345,1.49,ok
1790947216.417261,3346,1.54,ok
1790947217.419018,3347,1.54,ok
1790947218.420811,3348,1.56,ok
1790947219.422641,3349,1.64,ok
1790947220.424200,3350,1.48,ok
1790947221.425918,3351,1.51,ok
1790947222.427655,3352,1.52,ok
1790947223.429372,3353,1.53,ok
1790947224.430022,3354,1.41,ok
1790947225.431794,3355,1.52,ok
1790947226.433468,3356,1.38,ok
1790947227.435255,3357,1.53,ok
1790947228.437003,3358,1.47,ok
1790947229.438477,3359,1.35,ok
1790947230.440251,3360,1.51,ok
1790947231.442491,3361,1.94,ok
1790947232.443189,3362,1.44,ok
1790947233.444742,3363,1.40,ok
1790947234.446585,3364,1.61,ok
1790947235.448941,3365,2.00,ok
1790947236.449703,3366,1.49,ok
1790947237.451493,3367,1.50,ok
1790947238.453007,3368,1.36,ok
1790947239.454695,3369,1.50,ok
1790947240.456826,3370,1.89,ok
1790947241.458579,3371,1.49,ok
1790947242.460882,3372,2.02,ok
1790947243.461650,3373,1.47,ok
1790947244.463397,3374,1.49,ok
1790947245.465081,3375,1.43,ok
1790947246.466839,3376,1.49,ok
1790947247.468533,3377,1.48,ok
1790947248.470363,3378,1.59,ok
1790947249.472153,3379,1.53,ok
1790947250.473907,3380,1.48,ok
1790947251.475667,3381,1.51,ok
1790947252.477758,3382,1.94,ok
1790947253.478688,3383,1.66,ok
1790947254.480457,3384,1.52,ok
1790947255.482173,3385,1.44,ok
1790947256.483789,3386,1.37,ok
1790947257.485701,3387,1.63,ok
1790947258.487613,3388,1.64,ok
1790947259.489417,3389,1.56,ok
1790947260.491150,3390,1.49,ok
1790947261.493165,3391,1.74,ok
1790947262.495014,3392,1.59,ok
1790947263.496914,3393,1.61,ok
1790947264.498676,3394,1.47,ok
1790947265.500556,3395,1.72,ok
1790947266.502451,3396,1.61,ok
1790947267.504229,3397,1.53,ok
1790947268.506161,3398,1.65,ok
1790947269.507902,3399,1.47,ok
1790947270.509655,3400,1.50,ok
1790947271.511399,3401,1.50,ok
1790947272.513133,3402,1.48,ok
1790947273.514920,3403,1.51,ok
1790947274.516599,3404,1.51,ok
1790947275.518334,3405,1.47,ok
1790947276.520179,3406,1.53,ok
1790947277.521943,3407,1.49,ok
1790947278.523731,3408,1.45,ok
1790947279.525431,3409,1.44,ok
1790947280.527193,3410,1.52,ok
1790947281.529010,3411,1.37,ok
1790947282.530951,3412,1.62,ok
1790947283.532590,3413,1.42,ok
1790947284.534277,3414,1.46,ok
1790947285.536023,3415,1.48,ok
1790947286.536851,3416,1.59,ok
1790947287.537747,3417,1.64,ok
1790947288.539773,3418,1.75,ok
1790947289.540600,3419,1.44,ok
1790947290.542024,3420,1.52,ok
1790947291.543695,3421,1.47,ok
1790947292.545333,3422,1.59,ok
1790947293.545867,3423,1.39,ok
1790947294.547333,3424,1.37,ok
1790947295.549059,3425,1.54,ok
1790947296.551048,3426,1.72,ok
1790947297.552901,3427,1.66,ok
1790947298.554602,3428,1.50,ok
1790947299.556477,3429,1.69,ok
1790947300.557895,3430,1.54,ok
1790947301.559753,3431,1.60,ok
1790947302.561637,3432,1.64,ok
1790947303.563470,3433,1.59,ok
1790947304.564623,3434,1.54,ok
1790947305.566378,3435,1.49,ok
1790947306.568062,3436,1.50,ok
1790947307.569863,3437,1.50,ok
1790947308.571536,3438,1.43,ok
1790947309.573331,3439,1.55,ok
1790947310.574003,3440,1.44,ok
1790947311.575645,3441,1.41,ok
1790947312.577536,3442,1.62,ok
1790947313.579372,3443,1.56,ok
1790947314.581119,3444,1.51,ok
1790947315.582760,3445,1.40,ok
1790947316.584530,3446,1.53,ok
1790947317.586076,3447,1.58,ok
1790947318.587993,3448,1.65,ok
1790947319.589770,3449,1.52,ok
1790947320.591724,3450,1.72,ok
1790947321.593503,3451,1.50,ok
1790947322.595434,3452,1.67,ok
1790947323.597155,3453,1.48,ok
1790947324.598726,3454,2.18,ok
1790947325.599506,3455,1.52,ok
1790947326.601314,3456,1.50,ok
1790947327.603075,3457,1.49,ok
1790947328.604818,3458,1.49,ok
1790947329.606576,3459,1.50,ok
1790947330.608338,3460,1.49,ok
1790947331.610233,3461,1.46,ok
1790947332.611948,3462,1.47,ok
1790947333.613899,3463,1.70,ok
1790947334.615688,3464,1.50,ok
1790947335.617351,3465,1.43,ok
1790947336.619193,3466,1.52,ok
1790947337.621770,3467,2.29,ok
1790947338.622626,3468,1.58,ok
1790947339.624480,3469,1.55,ok
1790947340.626281,3470,1.51,ok
1790947341.628454,3471,1.94,ok
1790947342.629198,3472,1.48,ok
1790947343.631304,3473,1.84,ok
1790947344.632911,3474,1.43,ok
1790947345.634697,3475,1.53,ok
1790947346.636473,3476,1.50,ok
1790947347.638248,3477,1.51,ok
1790947348.640458,3478,1.91,ok
1790947349.641215,3479,1.54,ok
1790947350.642877,3480,1.59,ok
1790947351.644685,3481,1.59,ok
1790947352.646571,3482,1.63,ok
1790947353.648517,3483,1.63,ok
1790947354.650789,3484,2.03,ok
1790947355.651458,3485,1.43,ok
1790947356.653196,3486,1.49,ok
1790947357.654998,3487,1.55,ok
1790947358.656745,3488,1.48,ok
1790947359.658203,3489,1.64,ok
1790947360.659895,3490,1.43,ok
1790947361.661638,3491,1.49,ok
1790947362.663397,3492,1.46,ok
1790947363.665346,3493,1.70,ok
1790947364.667926,3494,2.35,ok
1790947365.668718,3495,1.55,ok
1790947366.670434,3496,1.48,ok
1790947367.672374,3497,1.68,ok
1790947368.674599,3498,1.92,ok
1790947369.675650,3499,1.81,ok
1790947370.677606,3500,1.70,ok
1790947371.679745,3501,1.90,ok
1790947372.680517,3502,1.52,ok
1790947373.682391,3503,1.63,ok
1790947374.684343,3504,1.65,ok
1790947375.686267,3505,1.67,ok
1790947376.687933,3506,1.48,ok
1790947377.689634,3507,1.52,ok
1790947378.691392,3508,1.55,ok
1790947379.693116,3509,1.53,ok
1790947380.694933,3510,1.64,ok
1790947381.696601,3511,1.49,ok
1790947382.698440,3512,1.66,ok
1790947383.700241,3513,1.62,ok
1790947384.702591,3514,2.18,ok
1790947385.703279,3515,1.52,ok
1790947386.704955,3516,1.57,ok
1790947387.706017,3517,1.56,ok
1790947388.708407,3518,2.22,ok
1790947389.709216,3519,1.63,ok
1790947390.710948,3520,1.55,ok
1790947391.712636,3521,1.51,ok
1790947392.714160,3522,1.42,ok
1790947393.715957,3523,1.59,ok
1790947394.717774,3524,1.74,ok
1790947395.719513,3525,1.51,ok
1790947396.720496,3526,1.49,ok
1790947397.722502,3527,1.77,ok
1790947398.724329,3528,1.60,ok
1790947399.726381,3529,2.02,ok
1790947400.726820,3530,1.36,ok
1790947401.727847,3531,1.62,ok
1790947402.729622,3532,1.51,ok
1790947403.731285,3533,1.44,ok
1790947404.732874,3534,1.50,ok
1790947405.734780,3535,1.59,ok
1790947406.736522,3536,1.56,ok
1790947407.738396,3537,1.63,ok
1790947408.740351,3538,1.67,ok
1790947409.742832,3539,2.29,ok
1790947410.743500,3540,1.49,ok
1790947411.745313,3541,1.60,ok
1790947412.746468,3542,2.00,ok
1790947413.747230,3543,1.59,ok
1790947414.749047,3544,1.63,ok
1790947415.750896,3545,1.65,ok
1790947416.752652,3546,1.51,ok
1790947417.753906,3547,1.32,ok
1790947418.755562,3548,1.42,ok
1790947419.757386,3549,1.57,ok
1790947420.759119,3550,1.44,ok
1790947421.760714,3551,1.39,ok
1790947422.762530,3552,1.57,ok
1790947423.764480,3553,1.69,ok
1790947424.766149,3554,1.47,ok
1790947425.767894,3555,1.51,ok
1790947426.769583,3556,1.45,ok
1790947427.771532,3557,1.67,ok
1790947428.773295,3558,1.51,ok
1790947429.775193,3559,1.67,ok
1790947430.777759,3560,2.35,ok
1790947431.778005,3561,1.58,ok
1790947432.779825,3562,1.54,ok
1790947433.781643,3563,1.56,ok
1790947434.783163,3564,1.37,ok
1790947435.784918,3565,1.51,ok
1790947436.786664,3566,1.51,ok
1790947437.788488,3567,1.54,ok
1790947438.790393,3568,1.65,ok
1790947439.791820,3569,1.37,ok
1790947440.793442,3570,1.39,ok
1790947441.795232,3571,1.54,ok
1790947442.797006,3572,1.59,ok
1790947443.798944,3573,1.67,ok
1790947444.800843,3574,1.63,ok
1790947445.802655,3575,1.53,ok
1790947446.804251,3576,1.45,ok
1790947447.805872,3577,1.33,ok
1790947448.807481,3578,1.47,ok
1790947449.809040,3579,1.38,ok
1790947450.810834,3580,1.51,ok
1790947451.812413,3581,1.49,ok
1790947452.814187,3582,1.50,ok
1790947453.816186,3583,1.74,ok
1790947454.817918,3584,1.49,ok
1790947455.819551,3585,1.45,ok
1790947456.821267,3586,1.53,ok
1790947457.823099,3587,1.51,ok
1790947458.825030,3588,1.69,ok
1790947459.826685,3589,1.57,ok
1790947460.828513,3590,1.57,ok
1790947461.830335,3591,1.56,ok
1790947462.832089,3592,1.51,ok
1790947463.833656,3593,1.39,ok
1790947464.835129,3594,1.41,ok
1790947465.836930,3595,1.57,ok
1790947466.838686,3596,1.51,ok
1790947467.840450,3597,1.51,ok
1790947468.842064,3598,1.53,ok
1790947469.844016,3599,1.69,ok
1790947470.845965,3600,1.70,ok
1790947471.847692,3601,1.44,ok
1790947472.849234,3602,1.46,ok
1790947473.851068,3603,1.59,ok
1790947474.853072,3604,1.77,ok
1790947475.854889,3605,1.53,ok
1790947476.856685,3606,1.51,ok
1790947477.858747,3607,1.85,ok
1790947478.860536,3608,1.54,ok
1790947479.861980,3609,1.39,ok
1790947480.863537,3610,1.47,ok
1790947481.865158,3611,1.47,ok
1790947482.865794,3612,1.45,ok
1790947483.867736,3613,1.67,ok
1790947484.869477,3614,1.44,ok
1790947485.871363,3615,1.63,ok
1790947486.873065,3616,1.52,ok
1790947487.874800,3617,1.50,ok
1790947488.876629,3618,1.55,ok
1790947489.878455,3619,1.74,ok
1790947490.880211,3620,1.56,ok
1790947491.881762,3621,1.44,ok
1790947492.883441,3622,1.52,ok
1790947493.885220,3623,1.51,ok
1790947494.886731,3624,1.42,ok
1790947495.888463,3625,1.47,ok
1790947496.890410,3626,1.66,ok
1790947497.892085,3627,1.43,ok
1790947498.893690,3628,1.44,ok
1790947499.895701,3629,1.73,ok
1790947500.897429,3630,1.47,ok
1790947501.899215,3631,1.50,ok
1790947502.900823,3632,1.51,ok
1790947503.902614,3633,1.50,ok
1790947504.904527,3634,1.65,ok
1790947505.906592,3635,1.79,ok
1790947506.908176,3636,1.48,ok
1790947507.910945,3637,2.50,ok
1790947508.911619,3638,1.43,ok
1790947509.913336,3639,1.58,ok
1790947510.914977,3640,1.48,ok
1790947511.916567,3641,1.51,ok
1790947512.918279,3642,1.47,ok
1790947513.920038,3643,1.52,ok
1790947514.921818,3644,1.51,ok
1790947515.923466,3645,1.40,ok
1790947516.925426,3646,1.70,ok
1790947517.927051,3647,1.48,ok
1790947518.928868,3648,1.57,ok
1790947519.930354,3649,1.41,ok
1790947520.932170,3650,1.69,ok
1790947521.933880,3651,1.54,ok
1790947522.935722,3652,1.54,ok
1790947523.937405,3653,1.43,ok
1790947524.939742,3654,2.09,ok
1790947525.940468,3655,1.51,ok
1790947526.942239,3656,1.48,ok
1790947527.943722,3657,1.43,ok
1790947528.945403,3658,1.54,ok
1790947529.947293,3659,1.55,ok
1790947530.949074,3660,1.52,ok
1790947531.950756,3661,1.43,ok
1790947532.952480,3662,1.44,ok
1790947533.954031,3663,1.47,ok
1790947534.955718,3664,1.45,ok
1790947535.957427,3665,1.52,ok
1790947536.958890,3666,1.39,ok
1790947537.960806,3667,1.65,ok
1790947538.962682,3668,1.55,ok
1790947539.964272,3669,1.53,ok
1790947540.965897,3670,1.52,ok
1790947541.968250,3671,2.14,ok
1790947542.969289,3672,1.76,ok
1790947543.970951,3673,1.41,ok
1790947544.972536,3674,1.51,ok
1790947545.974211,3675,1.74,ok
1790947546.976064,3676,1.60,ok
1790947547.977855,3677,1.54,ok
1790947548.979673,3678,1.66,ok
1790947549.981302,3679,1.54,ok
1790947550.982946,3680,1.39,ok
1790947551.984879,3681,1.68,ok
1790947552.986872,3682,1.68,ok
1790947553.988685,3683,1.50,ok
1790947554.990084,3684,1.75,ok
1790947555.991702,3685,1.45,ok
1790947556.993264,3686,1.39,ok
1790947557.995039,3687,1.52,ok
1790947558.996707,3688,1.57,ok
1790947559.998527,3689,1.56,ok
1790947561.000313,3690,1.49,ok
1790947562.001944,3691,1.42,ok
1790947563.003493,3692,1.40,ok
1790947564.005342,3693,1.59,ok
1790947565.007154,3694,1.54,ok
1790947566.008921,3695,1.49,ok
1790947567.010613,3696,1.44,ok
1790947568.012577,3697,1.68,ok
1790947569.014547,3698,1.65,ok
1790947570.016400,3699,1.60,ok
1790947571.017909,3700,1.44,ok
1790947572.020770,3701,2.61,ok
1790947573.021530,3702,1.46,ok
1790947574.023145,3703,1.51,ok
1790947575.024605,3704,1.38,ok
1790947576.026133,3705,1.37,ok
1790947577.028095,3706,1.66,ok
1790947578.029806,3707,1.47,ok
1790947579.031627,3708,1.53,ok
1790947580.033190,3709,1.48,ok
1790947581.034080,3710,1.54,ok
1790947582.035858,3711,1.50,ok
1790947583.036615,3712,1.50,ok
1790947584.038300,3713,1.44,ok
1790947585.039980,3714,1.42,ok
1790947586.041820,3715,1.57,ok
1790947587.043480,3716,1.43,ok
1790947588.044998,3717,1.43,ok
1790947589.046720,3718,1.56,ok
1790947590.048494,3719,1.58,ok
1790947591.050154,3720,1.56,ok
1790947592.051940,3721,1.55,ok
1790947593.054883,3722,2.65,ok
1790947594.055733,3723,1.65,ok
1790947595.057585,3724,1.59,ok
1790947596.059296,3725,1.43,ok
1790947597.061010,3726,1.51,ok
1790947598.062010,3727,1.47,ok
1790947599.063659,3728,1.43,ok
1790947600.065280,3729,1.43,ok
1790947601.066927,3730,1.47,ok
1790947602.068597,3731,1.49,ok
1790947603.070445,3732,1.62,ok
1790947604.072184,3733,1.54,ok
1790947605.073844,3734,1.47,ok
1790947606.075345,3735,1.41,ok
1790947607.077028,3736,1.50,ok
1790947608.078812,3737,1.68,ok
1790947609.080503,3738,1.48,ok
1790947610.082068,3739,1.49,ok
1790947611.084054,3740,1.80,ok
1790947612.085856,3741,1.60,ok
1790947613.087551,3742,1.51,ok
1790947614.089523,3743,1.78,ok
1790947615.091633,3744,1.92,ok
1790947616.093077,3745,1.37,ok
1790947617.095157,3746,1.89,ok
1790947618.096833,3747,1.46,ok
1790947619.098646,3748,1.62,ok
1790947620.100503,3749,1.66,ok
1790947621.102017,3750,1.54,ok
1790947622.103744,3751,1.54,ok
1790947623.105540,3752,1.62,ok
1790947624.107341,3753,1.62,ok
1790947625.108988,3754,1.47,ok
1790947626.110690,3755,1.52,ok
1790947627.112488,3756,1.71,ok
1790947628.114087,3757,1.56,ok
1790947629.115838,3758,1.53,ok
1790947630.117642,3759,1.62,ok
1790947631.119114,3760,1.40,ok
1790947632.120555,3761,1.37,ok
1790947633.122431,3762,1.62,ok
1790947634.124187,3763,1.49,ok
1790947635.125852,3764,1.40,ok
1790947636.127587,3765,1.50,ok
1790947637.129322,3766,1.50,ok
1790947638.131592,3767,2.06,ok
1790947639.132086,3768,1.41,ok
1790947640.134100,3769,1.69,ok
1790947641.135678,3770,1.34,ok
1790947642.137579,3771,1.63,ok
1790947643.139160,3772,1.52,ok
1790947644.141732,3773,2.38,ok
1790947645.142442,3774,1.47,ok
1790947646.144180,3775,1.50,ok
1790947647.146042,3776,1.51,ok
1790947648.147639,3777,1.41,ok
1790947649.149407,3778,1.50,ok
1790947650.150984,3779,1.53,ok
1790947651.152563,3780,1.50,ok
1790947652.154461,3781,1.62,ok
1790947653.156256,3782,1.51,ok
1790947654.157607,3783,1.29,ok
1790947655.159329,3784,1.48,ok
1790947656.161084,3785,1.66,ok
1790947657.162632,3786,1.56,ok
1790947658.164308,3787,1.48,ok
1790947659.165728,3788,1.37,ok
1790947660.167244,3789,1.44,ok
1790947661.169004,3790,1.53,ok
1790947662.170738,3791,1.48,ok
1790947663.172467,3792,1.62,ok
1790947664.174080,3793,1.53,ok
1790947665.175550,3794,1.33,ok
1790947666.177287,3795,1.50,ok
1790947667.178976,3796,1.49,ok
1790947668.180555,3797,1.40,ok
1790947669.182002,3798,1.35,ok
1790947670.183674,3799,1.43,ok
1790947671.185248,3800,1.43,ok
1790947672.186895,3801,1.55,ok
1790947673.188328,3802,1.33,ok
1790947674.190170,3803,1.53,ok
1790947675.191950,3804,1.51,ok
1790947676.193760,3805,1.54,ok
1790947677.195306,3806,1.49,ok
1790947678.197167,3807,1.60,ok
1790947679.199035,3808,1.70,ok
1790947680.200613,3809,1.49,ok
1790947681.202254,3810,1.56,ok
1790947682.204714,3811,2.21,ok
1790947683.205426,3812,1.56,ok
1790947684.207287,3813,1.67,ok
1790947685.208826,3814,1.46,ok
1790947686.210460,3815,1.46,ok
1790947687.212260,3816,1.57,ok
1790947688.214123,3817,1.56,ok
1790947689.215874,3818,1.58,ok
1790947690.217540,3819,1.52,ok
1790947691.219357,3820,1.67,ok
1790947692.221250,3821,1.63,ok
1790947693.222174,3822,1.84,ok
1790947694.223804,3823,1.54,ok
1790947695.225972,3824,2.00,ok
1790947696.226857,3825,1.61,ok
1790947697.228609,3826,1.49,ok
1790947698.230201,3827,1.51,ok
1790947699.232263,3828,1.84,ok
1790947700.234173,3829,1.60,ok
1790947701.236142,3830,1.66,ok
1790947702.237701,3831,1.38,ok
1790947703.239814,3832,1.96,ok
1790947704.240706,3833,1.63,ok
1790947705.242350,3834,1.49,ok
1790947706.244350,3835,1.72,ok
1790947707.245874,3836,1.37,ok
1790947708.247619,3837,1.50,ok
1790947709.249431,3838,1.55,ok
1790947710.251227,3839,1.54,ok
1790947711.254062,3840,2.78,ok
1790947712.254985,3841,1.69,ok
1790947713.256840,3842,1.53,ok
1790947714.257912,3843,1.54,ok
1790947715.259461,3844,1.48,ok
1790947716.261237,3845,1.59,ok
1790947717.262206,3846,1.61,ok
1790947718.264080,3847,1.59,ok
1790947719.265887,3848,1.55,ok
1790947720.267792,3849,1.61,ok
1790947721.269702,3850,1.56,ok
1790947722.271342,3851,1.50,ok
1790947723.273300,3852,1.71,ok
1790947724.275064,3853,1.49,ok
1790947725.276872,3854,1.56,ok
1790947726.278912,3855,1.72,ok
1790947727.280643,3856,1.48,ok
1790947728.282664,3857,1.81,ok
1790947729.284486,3858,1.65,ok
1790947730.286116,3859,1.39,ok
1790947731.287915,3860,1.50,ok
1790947732.289544,3861,1.38,ok
1790947733.291979,3862,2.20,ok
1790947734.292740,3863,1.48,ok
1790947735.293862,3864,1.50,ok
1790947736.295512,3865,1.42,ok
1790947737.297120,3866,1.43,ok
1790947738.297874,3867,1.45,ok
1790947739.299568,3868,1.52,ok
1790947740.301409,3869,1.60,ok
1790947741.302895,3870,1.33,ok
1790947742.304671,3871,1.49,ok
1790947743.306371,3872,1.79,ok
1790947744.308197,3873,1.55,ok
1790947745.309885,3874,1.53,ok
1790947746.311713,3875,1.59,ok
1790947747.313294,3876,1.42,ok
1790947748.314335,3877,1.88,ok
1790947749.316042,3878,1.53,ok
1790947750.317833,3879,1.61,ok
1790947751.319577,3880,1.55,ok
1790947752.321219,3881,1.46,ok
1790947753.321792,3882,1.45,ok
1790947754.323818,3883,1.85,ok
1790947755.325653,3884,1.65,ok
1790947756.327350,3885,1.54,ok
1790947757.329011,3886,1.48,ok
1790947758.331520,3887,2.33,ok
1790947759.332366,3888,1.66,ok
1790947760.334051,3889,1.59,ok
1790947761.335724,3890,1.49,ok
1790947762.337394,3891,1.41,ok
1790947763.339058,3892,1.49,ok
1790947764.340511,3893,1.45,ok
1790947765.341852,3894,1.49,ok
1790947766.343444,3895,1.49,ok
1790947767.345089,3896,1.43,ok
1790947768.346206,3897,1.47,ok
1790947769.348245,3898,1.69,ok
1790947770.349911,3899,1.39,ok
1790947771.351628,3900,1.44,ok
1790947772.353282,3901,1.49,ok
1790947773.354860,3902,1.44,ok
1790947774.356564,3903,1.56,ok
1790947775.357778,3904,1.43,ok
1790947776.359562,3905,1.47,ok
1790947777.361562,3906,1.65,ok
1790947778.363104,3907,1.37,ok
1790947779.364323,3908,1.47,ok
1790947780.366060,3909,1.52,ok
1790947781.367655,3910,1.44,ok
1790947782.369216,3911,1.47,ok
1790947783.371489,3912,2.01,ok
1790947784.372359,3913,1.67,ok
1790947785.374098,3914,1.59,ok
1790947786.375604,3915,1.43,ok
1790947787.377225,3916,1.40,ok
1790947788.377976,3917,1.49,ok
1790947789.379922,3918,1.87,ok
1790947790.381391,3919,1.34,ok
1790947791.382954,3920,1.39,ok
1790947792.384702,3921,1.54,ok
1790947793.386435,3922,1.53,ok
1790947794.388221,3923,1.60,ok
1790947795.389725,3924,1.45,ok
1790947796.391245,3925,1.45,ok
1790947797.392769,3926,1.45,ok
1790947798.393904,3927,1.52,ok
1790947799.395518,3928,1.45,ok
1790947800.397289,3929,1.59,ok
1790947801.399356,3930,1.87,ok
1790947802.401138,3931,1.60,ok
1790947803.402959,3932,1.60,ok
1790947804.404357,3933,1.80,ok
1790947805.406085,3934,1.52,ok
1790947806.407700,3935,1.50,ok
1790947807.409441,3936,1.82,ok
1790947808.411364,3937,1.90,ok
1790947809.413574,3938,2.22,ok
1790947810.415525,3939,2.90,ok
1790947811.416074,3940,1.98,ok
1790947812.417614,3941,2.61,ok
1790947813.418497,3942,2.14,ok
1790947814.419314,3943,1.87,ok
1790947815.421304,3944,1.95,ok
1790947816.423362,3945,2.01,ok
1790947817.424335,3946,1.97,ok
1790947818.425680,3947,2.37,ok
1790947819.426910,3948,2.16,ok
1790947820.428617,3949,2.71,ok
1790947821.429516,3950,1.90,ok
1790947822.431452,3951,1.94,ok
1790947823.432610,3952,2.16,ok
1790947824.433840,3953,2.25,ok
1790947825.435052,3954,2.17,ok
1790947826.436152,3955,2.16,ok
1790947827.437454,3956,2.33,ok
1790947828.438469,3957,2.03,ok
1790947829.440100,3958,2.55,ok
1790947830.442710,3959,3.55,ok
1790947831.442682,3960,1.96,ok
1790947832.443391,3961,1.85,ok
1790947833.445450,3962,2.04,ok
1790947834.446494,3963,1.97,ok
1790947835.447524,3964,2.01,ok
1790947836.448590,3965,2.06,ok
1790947837.450453,3966,2.80,ok
1790947838.451362,3967,1.84,ok
1790947839.453629,3968,2.20,ok
1790947840.454941,3969,2.25,ok
1790947841.455663,3970,1.73,ok
1790947842.457574,3971,1.94,ok
1790947843.458641,3972,2.14,ok
1790947844.459543,3973,1.87,ok
1790947845.461538,3974,2.07,ok
1790947846.462641,3975,2.13,ok
1790947847.463645,3976,2.02,ok
1790947848.464815,3977,2.18,ok
1790947849.465754,3978,1.91,ok
1790947850.467759,3979,1.98,ok
1790947851.468739,3980,1.99,ok
1790947852.469844,3981,2.10,ok
1790947853.471001,3982,2.16,ok
1790947854.472261,3983,2.42,ok
1790947855.473156,3984,1.88,ok
1790947856.475426,3985,2.22,ok
1790947857.476495,3986,1.98,ok
1790947858.477482,3987,1.90,ok
1790947859.479729,3988,2.31,ok
1790947860.479967,3989,2.00,ok
1790947861.480771,3990,1.86,ok
1790947862.483101,3991,2.26,ok
1790947863.484129,3992,2.00,ok
1790947864.485103,3993,2.00,ok
1790947865.486191,3994,2.10,ok
1790947866.487510,3995,2.31,ok
1790947867.488602,3996,2.11,ok
1790947868.489621,3997,2.01,ok
1790947869.490898,3998,2.31,ok
1790947870.491898,3999,2.03,ok
1790947871.492691,4000,1.81,ok
1790947872.495070,4001,2.30,ok
1790947873.496166,4002,2.17,ok
1790947874.497262,4003,2.10,ok
1790947875.498786,4004,2.43,ok
1790947876.499820,4005,1.99,ok
1790947877.501306,4006,2.45,ok
1790947878.502501,4007,2.10,ok
1790947879.503694,4008,2.11,ok
1790947880.504549,4009,2.03,ok
1790947881.505800,4010,2.28,ok
1790947882.506941,4011,2.15,ok
1790947883.508062,4012,2.15,ok
1790947884.508712,4013,1.81,ok
1790947885.511358,4014,2.59,ok
1790947886.512377,4015,2.02,ok
1790947887.513160,4016,1.82,ok
1790947888.515241,4017,2.04,ok
1790947889.516044,4018,1.82,ok
1790947890.518132,4019,2.12,ok
1790947891.519029,4020,1.99,ok
1790947892.520136,4021,2.10,ok
1790947893.521151,4022,2.13,ok
1790947894.522152,4023,2.01,ok
1790947895.524007,4024,2.88,ok
1790947896.525182,4025,2.18,ok
1790947897.526178,4026,2.01,ok
1790947898.527147,4027,2.02,ok
1790947899.528075,4028,2.08,ok
1790947900.529234,4029,2.10,ok
1790947901.530131,4030,1.93,ok
1790947902.533633,4031,3.54,ok
1790947903.533859,4032,2.19,ok
1790947904.534761,4033,1.98,ok
1790947905.535623,4034,1.84,ok
1790947906.537624,4035,1.95,ok
1790947907.538636,4036,2.16,ok
1790947908.538726,4037,2.16,ok
1790947909.539120,4038,2.30,ok
1790947910.539253,4039,2.03,ok
1790947911.539868,4040,2.60,ok
1790947912.540088,4041,2.27,ok
1790947913.539921,4042,1.90,ok
1790947914.542053,4043,2.12,ok
1790947915.542865,4044,1.82,ok
1790947916.544919,4045,1.98,ok
1790947917.545867,4046,1.96,ok
1790947918.546892,4047,2.01,ok
1790947919.548134,4048,2.25,ok
1790947920.549205,4049,2.05,ok
1790947921.550319,4050,2.01,ok
1790947922.551554,4051,2.29,ok
1790947923.552685,4052,2.18,ok
1790947924.553668,4053,1.98,ok
1790947925.554667,4054,2.00,ok
1790947926.555966,4055,2.48,ok
1790947927.555949,4056,1.80,ok
1790947928.557746,4057,1.62,ok
1790947929.559644,4058,1.72,ok
1790947930.561330,4059,1.50,ok
1790947931.562074,4060,1.62,ok
1790947932.563982,4061,1.73,ok
1790947933.565866,4062,1.59,ok
1790947934.567676,4063,1.55,ok
1790947935.569434,4064,1.51,ok
1790947936.571281,4065,1.57,ok
1790947937.573064,4066,1.59,ok
1790947938.574873,4067,1.53,ok
1790947939.576495,4068,1.46,ok
1790947940.578067,4069,1.34,ok
1790947941.579974,4070,1.67,ok
1790947942.581763,4071,1.52,ok
1790947943.583361,4072,1.36,ok
1790947944.585016,4073,1.41,ok
1790947945.586819,4074,1.56,ok
1790947946.588657,4075,1.57,ok
1790947947.590526,4076,1.63,ok
1790947948.592280,4077,1.48,ok
1790947949.593903,4078,1.48,ok
1790947950.594704,4079,1.53,ok
1790947951.596556,4080,1.66,ok
1790947952.598391,4081,1.59,ok
1790947953.600128,4082,1.49,ok
1790947954.601983,4083,1.55,ok
1790947955.603639,4084,1.42,ok
1790947956.605340,4085,1.42,ok
1790947957.606047,4086,1.50,ok
1790947958.607872,4087,1.55,ok
1790947959.609921,4088,1.82,ok
1790947960.611730,4089,1.53,ok
1790947961.613473,4090,1.46,ok
1790947962.615315,4091,1.54,ok
1790947963.617407,4092,1.71,ok
1790947964.619379,4093,1.71,ok
1790947965.621163,4094,1.53,ok
1790947966.622846,4095,1.43,ok
1790947967.624709,4096,1.60,ok
1790947968.626604,4097,1.66,ok
1790947969.628441,4098,1.58,ok
1790947970.630198,4099,1.45,ok
1790947971.632137,4100,1.67,ok
1790947972.633954,4101,1.51,ok
1790947973.635885,4102,1.68,ok
1790947974.637659,4103,1.49,ok
1790947975.640316,4104,2.33,ok
1790947976.640978,4105,1.47,ok
1790947977.642608,4106,1.56,ok
1790947978.644645,4107,1.83,ok
1790947979.646296,4108,1.47,ok
1790947980.648107,4109,1.63,ok
1790947981.649899,4110,1.54,ok
1790947982.651707,4111,1.61,ok
1790947983.653546,4112,1.56,ok
1790947984.655500,4113,1.77,ok
1790947985.657101,4114,1.42,ok
1790947986.658810,4115,1.61,ok
1790947987.660462,4116,1.47,ok
1790947988.662822,4117,2.29,ok
1790947989.662978,4118,1.63,ok
1790947990.664820,4119,1.55,ok
1790947991.666538,4120,1.50,ok
1790947992.669038,4121,2.19,ok
1790947993.669903,4122,1.65,ok
1790947994.671841,4123,1.66,ok
1790947995.673496,4124,1.41,ok
1790947996.675337,4125,1.60,ok
1790947997.677185,4126,1.65,ok
1790947998.679319,4127,1.88,ok
1790947999.680229,4128,1.66,ok
1790948000.681994,4129,1.54,ok
1790948001.683844,4130,1.57,ok
1790948002.685485,4131,1.42,ok
1790948003.687274,4132,1.52,ok
1790948004.689173,4133,1.65,ok
1790948005.692077,4134,2.64,ok
1790948006.692775,4135,1.53,ok
1790948007.694554,4136,1.49,ok
1790948008.696363,4137,1.57,ok
1790948009.697779,4138,1.23,ok
1790948010.698873,4139,1.51,ok
1790948011.700500,4140,1.47,ok
1790948012.702019,4141,1.68,ok
1790948013.703651,4142,1.43,ok
1790948014.705693,4143,1.82,ok
1790948015.707494,4144,1.61,ok
1790948016.709243,4145,1.58,ok
1790948017.710900,4146,1.48,ok
1790948018.712661,4147,1.61,ok
1790948019.714616,4148,1.78,ok
1790948020.716266,4149,1.45,ok
1790948021.718017,4150,1.50,ok
1790948022.720875,4151,2.61,ok
1790948023.721799,4152,1.77,ok
1790948024.723830,4153,1.75,ok
1790948025.725599,4154,1.54,ok
1790948026.727534,4155,1.66,ok
1790948027.729442,4156,1.72,ok
1790948028.731345,4157,1.63,ok
1790948029.733081,4158,1.56,ok
1790948030.734855,4159,1.51,ok
1790948031.736671,4160,1.54,ok
1790948032.738451,4161,1.54,ok
1790948033.740283,4162,1.51,ok
1790948034.742098,4163,1.48,ok
1790948035.743951,4164,1.59,ok
1790948036.745626,4165,1.41,ok
1790948037.747513,4166,1.64,ok
1790948038.749094,4167,1.51,ok
1790948039.750792,4168,1.41,ok
1790948040.752574,4169,1.54,ok
1790948041.754379,4170,1.57,ok
1790948042.756215,4171,1.59,ok
1790948043.757918,4172,1.39,ok
1790948044.760061,4173,1.89,ok
1790948045.760825,4174,1.51,ok
1790948046.762505,4175,1.58,ok
1790948047.764338,4176,1.57,ok
1790948048.766096,4177,1.63,ok
1790948049.767872,4178,1.55,ok
1790948050.769753,4179,1.70,ok
1790948051.770573,4180,1.51,ok
1790948052.772810,4181,1.99,ok
1790948053.773636,4182,1.65,ok
1790948054.775131,4183,1.42,ok
1790948055.776677,4184,1.47,ok
1790948056.778611,4185,1.70,ok
1790948057.780305,4186,1.50,ok
1790948058.781971,4187,1.50,ok
1790948059.783766,4188,1.71,ok
1790948060.785366,4189,1.53,ok
1790948061.786958,4190,1.51,ok
1790948062.788558,4191,1.42,ok
1790948063.790063,4192,1.41,ok
1790948064.791736,4193,1.49,ok
1790948065.793243,4194,1.45,ok
1790948066.794846,4195,1.43,ok
1790948067.796424,4196,1.50,ok
1790948068.798155,4197,1.56,ok
1790948069.799973,4198,1.57,ok
1790948070.801548,4199,1.33,ok
1790948071.803144,4200,1.43,ok
1790948072.804994,4201,1.49,ok
1790948073.806084,4202,1.57,ok
1790948074.807990,4203,1.64,ok
1790948075.808805,4204,1.49,ok
1790948076.811144,4205,2.16,ok
1790948077.813163,4206,2.86,ok
1790948078.813935,4207,1.55,ok
1790948079.815633,4208,1.52,ok
1790948080.817333,4209,1.51,ok
1790948081.818842,4210,1.46,ok
1790948082.819700,4211,1.46,ok
1790948083.821709,4212,1.76,ok
1790948084.823423,4213,1.54,ok
1790948085.825275,4214,1.66,ok
1790948086.826013,4215,1.56,ok
1790948087.827693,4216,1.49,ok
1790948088.829343,4217,1.44,ok
1790948089.829954,4218,1.49,ok
1790948090.831541,4219,1.46,ok
1790948091.833245,4220,1.48,ok
1790948092.835184,4221,1.69,ok
1790948093.836899,4222,1.56,ok
1790948094.838723,4223,1.56,ok
1790948095.840482,4224,1.47,ok
1790948096.842077,4225,1.36,ok
1790948097.843782,4226,1.46,ok
1790948098.845855,4227,1.80,ok
1790948099.847324,4228,1.41,ok
1790948100.849081,4229,1.48,ok
1790948101.850727,4230,1.42,ok
1790948102.853029,4231,2.12,ok
1790948103.853800,4232,1.53,ok
1790948104.855657,4233,1.66,ok
1790948105.857366,4234,1.53,ok
1790948106.859127,4235,1.50,ok
1790948107.860924,4236,1.60,ok
1790948108.861944,4237,1.46,ok
1790948109.863688,4238,1.55,ok
1790948110.865301,4239,1.45,ok
1790948111.867016,4240,1.54,ok
1790948112.868900,4241,1.69,ok
1790948113.870258,4242,1.78,ok
1790948114.871913,4243,1.43,ok
1790948115.873578,4244,1.52,ok
1790948116.875342,4245,1.49,ok
1790948117.876948,4246,1.37,ok
1790948118.878610,4247,1.48,ok
1790948119.880582,4248,1.68,ok
1790948120.882152,4249,1.61,ok
1790948121.883907,4250,1.51,ok
1790948122.885564,4251,1.48,ok
1790948123.887929,4252,2.22,ok
1790948124.888655,4253,1.49,ok
1790948125.889183,4254,1.37,ok
1790948126.890882,4255,1.51,ok
1790948127.892697,4256,1.64,ok
1790948128.894395,4257,1.51,ok
1790948129.896239,4258,1.66,ok
1790948130.897723,4259,1.38,ok
1790948131.899301,4260,1.37,ok
1790948132.901060,4261,1.50,ok
1790948133.902716,4262,1.49,ok
1790948134.904567,4263,1.61,ok
1790948135.905955,4264,1.46,ok
1790948136.907879,4265,1.67,ok
1790948137.909612,4266,1.47,ok
1790948138.911889,4267,2.03,ok
1790948139.912579,4268,1.45,ok
1790948140.914169,4269,1.62,ok
1790948141.915873,4270,1.46,ok
1790948142.916734,4271,1.39,ok
1790948143.917985,4272,1.52,ok
1790948144.919770,4273,1.62,ok
1790948145.921303,4274,1.38,ok
1790948146.922954,4275,1.48,ok
1790948147.924029,4276,1.46,ok
1790948148.924758,4277,1.44,ok
1790948149.926492,4278,1.49,ok
1790948150.928265,4279,1.52,ok
1790948151.929995,4280,1.49,ok
1790948152.931960,4281,1.72,ok
1790948153.933566,4282,1.37,ok
1790948154.935291,4283,1.44,ok
1790948155.936893,4284,1.38,ok
1790948156.938950,4285,1.87,ok
1790948157.940034,4286,1.36,ok
1790948158.941691,4287,1.42,ok
1790948159.943499,4288,1.55,ok
1790948160.944915,4289,1.34,ok
1790948161.945936,4290,1.45,ok
1790948162.947879,4291,1.69,ok
1790948163.949434,4292,1.42,ok
1790948164.951119,4293,1.40,ok
1790948165.952814,4294,1.43,ok
1790948166.954477,4295,1.40,ok
1790948167.956222,4296,1.45,ok
1790948168.957915,4297,1.45,ok
1790948169.959823,4298,1.66,ok
1790948170.961562,4299,1.46,ok
1790948171.963252,4300,1.47,ok
1790948172.965029,4301,1.48,ok
1790948173.967057,4302,1.77,ok
1790948174.968792,4303,1.49,ok
1790948175.970483,4304,1.51,ok
1790948176.972183,4305,1.49,ok
1790948177.973946,4306,1.48,ok
1790948178.975680,4307,1.49,ok
1790948179.977327,4308,1.43,ok
1790948180.979080,4309,1.51,ok
1790948181.980776,4310,1.54,ok
1790948182.982566,4311,1.54,ok
1790948183.984328,4312,1.50,ok
1790948184.986098,4313,1.52,ok
1790948185.987825,4314,1.50,ok
1790948186.989469,4315,1.39,ok
1790948187.990946,4316,1.42,ok
1790948188.992803,4317,1.56,ok
1790948189.994611,4318,1.49,ok
1790948190.996370,4319,1.50,ok
1790948191.998143,4320,1.51,ok
1790948192.999932,4321,1.54,ok
1790948194.001684,4322,1.50,ok
1790948195.003286,4323,1.45,ok
1790948196.005010,4324,1.57,ok
1790948197.005934,4325,1.41,ok
1790948198.007675,4326,1.49,ok
1790948199.009311,4327,1.49,ok
1790948200.011118,4328,1.55,ok
1790948201.012832,4329,1.47,ok
1790948202.014538,4330,1.50,ok
1790948203.016373,4331,1.57,ok
1790948204.018123,4332,1.53,ok
1790948205.019937,4333,1.52,ok
1790948206.021583,4334,1.37,ok
1790948207.023349,4335,1.53,ok
1790948208.025163,4336,1.59,ok
1790948209.027039,4337,1.63,ok
1790948210.028952,4338,1.67,ok
1790948211.030691,4339,1.50,ok
1790948212.032400,4340,1.54,ok
1790948213.034088,4341,1.48,ok
1790948214.035948,4342,1.52,ok
1790948215.037386,4343,1.37,ok
1790948216.039014,4344,1.47,ok
1790948217.040914,4345,1.72,ok
1790948218.042641,4346,1.51,ok
1790948219.044372,4347,1.49,ok
1790948220.046060,4348,1.44,ok
1790948221.048898,4349,2.55,ok
1790948222.049791,4350,1.63,ok
1790948223.051581,4351,1.55,ok
1790948224.053277,4352,1.51,ok
1790948225.054969,4353,1.46,ok
1790948226.056685,4354,1.45,ok
1790948227.058310,4355,1.53,ok
1790948228.060080,4356,1.52,ok
1790948229.061657,4357,1.52,ok
1790948230.063202,4358,1.46,ok
1790948231.064780,4359,1.47,ok
1790948232.066272,4360,1.41,ok
1790948233.067989,4361,1.45,ok
1790948234.069824,4362,1.54,ok
1790948235.071807,4363,1.71,ok
1790948236.073568,4364,1.50,ok
1790948237.075367,4365,1.53,ok
1790948238.078158,4366,2.54,ok
1790948239.078823,4367,1.47,ok
1790948240.080355,4368,1.35,ok
1790948241.081773,4369,1.35,ok
1790948242.083259,4370,1.42,ok
1790948243.084856,4371,1.52,ok
1790948244.085845,4372,1.48,ok
1790948245.087498,4373,1.57,ok
1790948246.088860,4374,1.32,ok
1790948247.090759,4375,1.76,ok
1790948248.092651,4376,1.62,ok
1790948249.094543,4377,1.64,ok
1790948250.096367,4378,1.57,ok
1790948251.098047,4379,1.54,ok
1790948252.099921,4380,1.59,ok
1790948253.101700,4381,1.53,ok
1790948254.102724,4382,1.47,ok
1790948255.104458,4383,1.55,ok
1790948256.105913,4384,1.44,ok
1790948257.107647,4385,1.53,ok
1790948258.109435,4386,1.50,ok
1790948259.111777,4387,2.13,ok
1790948260.112535,4388,1.60,ok
1790948261.113949,4389,1.50,ok
1790948262.115672,4390,1.53,ok
1790948263.117991,4391,2.12,ok
1790948264.117921,4392,1.44,ok
1790948265.119584,4393,1.48,ok
1790948266.121364,4394,1.59,ok
1790948267.123111,4395,1.66,ok
1790948268.124708,4396,1.43,ok
1790948269.125688,4397,1.37,ok
1790948270.127224,4398,1.46,ok
1790948271.128877,4399,1.48,ok
1790948272.129991,4400,1.50,ok
1790948273.131569,4401,1.49,ok
1790948274.133230,4402,1.57,ok
1790948275.133985,4403,1.51,ok
1790948276.135694,4404,1.53,ok
1790948277.137223,4405,1.36,ok
1790948278.138734,4406,1.45,ok
1790948279.140271,4407,1.37,ok
1790948280.141928,4408,1.44,ok
1790948281.143622,4409,1.48,ok
1790948282.145654,4410,1.83,ok
1790948283.146925,4411,1.50,ok
1790948284.148644,4412,1.45,ok
1790948285.150204,4413,1.68,ok
1790948286.151961,4414,1.50,ok
1790948287.153611,4415,1.42,ok
1790948288.155416,4416,1.53,ok
1790948289.157230,4417,1.54,ok
1790948290.158862,4418,1.46,ok
1790948291.160680,4419,1.55,ok
1790948292.163046,4420,2.06,ok
1790948293.163769,4421,1.47,ok
1790948294.165461,4422,1.45,ok
1790948295.167153,4423,1.46,ok
1790948296.168830,4424,1.44,ok
1790948297.170658,4425,1.51,ok
1790948298.172370,4426,1.54,ok
1790948299.174179,4427,1.54,ok
1790948300.175898,4428,1.55,ok
1790948301.177760,4429,1.61,ok
1790948302.179614,4430,1.54,ok
1790948303.181145,4431,1.39,ok
1790948304.182867,4432,1.50,ok
1790948305.184639,4433,1.52,ok
1790948306.186446,4434,1.53,ok
1790948307.188210,4435,1.51,ok
1790948308.189928,4436,1.47,ok
1790948309.192092,4437,1.90,ok
1790948310.192820,4438,1.46,ok
1790948311.194534,4439,1.44,ok
1790948312.196278,4440,1.50,ok
1790948313.197931,4441,1.39,ok
1790948314.199897,4442,1.70,ok
1790948315.201444,4443,1.41,ok
1790948316.203051,4444,1.48,ok
1790948317.204721,4445,1.40,ok
1790948318.206164,4446,1.63,ok
1790948319.208219,4447,1.81,ok
1790948320.210142,4448,1.59,ok
1790948321.211852,4449,1.49,ok
1790948322.213792,4450,1.70,ok
1790948323.215581,4451,1.57,ok
1790948324.217433,4452,1.68,ok
1790948325.219289,4453,1.62,ok
1790948326.220989,4454,1.43,ok
1790948327.222734,4455,1.49,ok
1790948328.224696,4456,1.70,ok
1790948329.226686,4457,1.72,ok
1790948330.228473,4458,1.51,ok
1790948331.230367,4459,1.59,ok
1790948332.232109,4460,1.50,ok
1790948333.233909,4461,1.52,ok
1790948334.235913,4462,1.75,ok
1790948335.237835,4463,1.68,ok
1790948336.239509,4464,1.44,ok
1790948337.241270,4465,1.51,ok
1790948338.243207,4466,1.70,ok
1790948339.244713,4467,1.45,ok
1790948340.246387,4468,1.44,ok
1790948341.248197,4469,1.51,ok
1790948342.249933,4470,1.50,ok
1790948343.251697,4471,1.48,ok
1790948344.253506,4472,1.66,ok
1790948345.255207,4473,1.46,ok
1790948346.256964,4474,1.51,ok
1790948347.258863,4475,1.65,ok
1790948348.260541,4476,1.52,ok
1790948349.262258,4477,1.49,ok
1790948350.263812,4478,1.48,ok
1790948351.265502,4479,1.52,ok
1790948352.267737,4480,2.00,ok
1790948353.268801,4481,1.78,ok
1790948354.270003,4482,1.53,ok
1790948355.270711,4483,1.52,ok
1790948356.272922,4484,2.03,ok
1790948357.273326,4485,1.34,ok
1790948358.274638,4486,1.66,ok
1790948359.276833,4487,1.86,ok
1790948360.276900,4488,1.55,ok
1790948361.278777,4489,1.69,ok
1790948362.280704,4490,1.74,ok
1790948363.282406,4491,1.52,ok
1790948364.283818,4492,1.36,ok
1790948365.285495,4493,1.50,ok
1790948366.286550,4494,1.36,ok
1790948367.287775,4495,1.52,ok
1790948368.289835,4496,1.87,ok
1790948369.291468,4497,1.45,ok
1790948370.293191,4498,1.54,ok
1790948371.293951,4499,1.48,ok
1790948372.295479,4500,1.44,ok
1790948373.297081,4501,1.43,ok
1790948374.298102,4502,1.65,ok
1790948375.299697,4503,1.46,ok
1790948376.301438,4504,1.57,ok
1790948377.303177,4505,1.53,ok
1790948378.304821,4506,1.47,ok
1790948379.306534,4507,1.53,ok
1790948380.308190,4508,1.48,ok
1790948381.309964,4509,1.59,ok
1790948382.311664,4510,1.52,ok
1790948383.313411,4511,1.55,ok
1790948384.314983,4512,1.49,ok
1790948385.317008,4513,1.62,ok
1790948386.318700,4514,1.50,ok
1790948387.320324,4515,1.44,ok
1790948388.322047,4516,1.53,ok
1790948389.324058,4517,1.82,ok
1790948390.325829,4518,1.57,ok
1790948391.327677,4519,1.70,ok
1790948392.329371,4520,1.66,ok
1790948393.330843,4521,1.56,ok
1790948394.332345,4522,1.43,ok
1790948395.334019,4523,1.56,ok
1790948396.335623,4524,1.43,ok
1790948397.337283,4525,1.48,ok
1790948398.339049,4526,1.54,ok
1790948399.340673,4527,1.46,ok
1790948400.341793,4528,1.42,ok
1790948401.343400,4529,1.44,ok
1790948402.344877,4530,1.41,ok
1790948403.346572,4531,1.52,ok
1790948404.348381,4532,1.62,ok
1790948405.350041,4533,1.47,ok
1790948406.352654,4534,2.43,ok
1790948407.353331,4535,1.50,ok
1790948408.354921,4536,1.43,ok
1790948409.356432,4537,1.36,ok
1790948410.358454,4538,1.85,ok
1790948411.359894,4539,1.37,ok
1790948412.361595,4540,1.53,ok
1790948413.363385,4541,1.62,ok
1790948414.364944,4542,1.39,ok
1790948415.366557,4543,1.43,ok
1790948416.368240,4544,1.50,ok
1790948417.369875,4545,1.43,ok
1790948418.371496,4546,1.48,ok
1790948419.373408,4547,1.73,ok
1790948420.375029,4548,1.44,ok
1790948421.375644,4549,1.41,ok
1790948422.377306,4550,1.36,ok
1790948423.378538,4551,1.99,ok
1790948424.379275,4552,1.48,ok
1790948425.381089,4553,1.53,ok
1790948426.382807,4554,1.48,ok
1790948427.384500,4555,1.46,ok
1790948428.386280,4556,1.53,ok
1790948429.388023,4557,1.50,ok
1790948430.389688,4558,1.42,ok
1790948431.391583,4559,1.63,ok
1790948432.393240,4560,1.44,ok
1790948433.394936,4561,1.40,ok
1790948434.396784,4562,1.60,ok
1790948435.398890,4563,1.87,ok
1790948436.400647,4564,1.60,ok
1790948437.402352,4565,1.76,ok
1790948438.403952,4566,1.50,ok
1790948439.405655,4567,1.47,ok
1790948440.407548,4568,1.65,ok
1790948441.409424,4569,1.63,ok
1790948442.411193,4570,1.50,ok
1790948443.412958,4571,1.52,ok
1790948444.414770,4572,1.57,ok
1790948445.415483,4573,1.51,ok
1790948446.417167,4574,1.51,ok
1790948447.418950,4575,1.49,ok
1790948448.420776,4576,1.58,ok
1790948449.422760,4577,1.66,ok
1790948450.424435,4578,1.48,ok
1790948451.426127,4579,1.40,ok
1790948452.427880,4580,1.42,ok
1790948453.429557,4581,1.44,ok
1790948454.431362,4582,1.57,ok
1790948455.433091,4583,1.48,ok
1790948456.434008,4584,1.49,ok
1790948457.435802,4585,1.55,ok
1790948458.437568,4586,1.51,ok
1790948459.439204,4587,1.48,ok
1790948460.440779,4588,1.40,ok
1790948461.442650,4589,1.72,ok
1790948462.444555,4590,1.67,ok
1790948463.445874,4591,1.37,ok
1790948464.447872,4592,1.77,ok
1790948465.449857,4593,1.74,ok
1790948466.451661,4594,1.53,ok
1790948467.453422,4595,1.51,ok
1790948468.455211,4596,1.54,ok
1790948469.457040,4597,1.53,ok
1790948470.458722,4598,1.43,ok
1790948471.460648,4599,1.68,ok
1790948472.461733,4600,1.36,ok
1790948473.463147,4601,1.34,ok
1790948474.464856,4602,1.49,ok
1790948475.466471,4603,1.52,ok
1790948476.468134,4604,1.42,ok
1790948477.469903,4605,1.53,ok
1790948478.471597,4606,1.47,ok
1790948479.473043,4607,1.38,ok
1790948480.474885,4608,1.61,ok
1790948481.476401,4609,1.37,ok
1790948482.478267,4610,1.57,ok
1790948483.479996,4611,1.47,ok
1790948484.481721,4612,1.48,ok
1790948485.483370,4613,1.40,ok
1790948486.485130,4614,1.52,ok
1790948487.486745,4615,1.42,ok
1790948488.488351,4616,1.35,ok
1790948489.490033,4617,1.50,ok
1790948490.491674,4618,1.44,ok
1790948491.493217,4619,1.37,ok
1790948492.494068,4620,1.54,ok
1790948493.495835,4621,1.51,ok
1790948494.497426,4622,1.44,ok
1790948495.499057,4623,1.42,ok
1790948496.500507,4624,1.37,ok
1790948497.502184,4625,1.44,ok
1790948498.503859,4626,1.41,ok
1790948499.505282,4627,1.36,ok
1790948500.506961,4628,1.44,ok
1790948501.508599,4629,1.39,ok
1790948502.510344,4630,1.46,ok
1790948503.512139,4631,1.52,ok
1790948504.513857,4632,1.47,ok
1790948505.515511,4633,1.41,ok
1790948506.517006,4634,1.36,ok
1790948507.518670,4635,1.60,ok
1790948508.520295,4636,1.46,ok
1790948509.522086,4637,1.57,ok
1790948510.523691,4638,1.44,ok
1790948511.525161,4639,1.38,ok
1790948512.527057,4640,1.64,ok
1790948513.528563,4641,1.42,ok
1790948514.530201,4642,1.47,ok
1790948515.531599,4643,1.34,ok
1790948516.533135,4644,1.45,ok
1790948517.533940,4645,1.40,ok
1790948518.535623,4646,1.45,ok
1790948519.537327,4647,1.47,ok
1790948520.539005,4648,1.50,ok
1790948521.540691,4649,1.43,ok
1790948522.541657,4650,1.72,ok
1790948523.543389,4651,1.44,ok
1790948524.545070,4652,1.44,ok
1790948525.546762,4653,1.45,ok
1790948526.548370,4654,1.43,ok
1790948527.550164,4655,1.54,ok
1790948528.552084,4656,1.62,ok
1790948529.553860,4657,1.52,ok
1790948530.554595,4658,1.35,ok
1790948531.556339,4659,1.50,ok
1790948532.558351,4660,1.75,ok
1790948533.560667,4661,2.10,ok
1790948534.561623,4662,1.66,ok
1790948535.563376,4663,1.49,ok
1790948536.564986,4664,1.41,ok
1790948537.567153,4665,1.92,ok
1790948538.567883,4666,1.51,ok
1790948539.569704,4667,1.57,ok
1790948540.571225,4668,1.39,ok
1790948541.572948,4669,1.49,ok
1790948542.574929,4670,1.73,ok
1790948543.576749,4671,1.64,ok
1790948544.578472,4672,1.48,ok
1790948545.580235,4673,1.52,ok
1790948546.581909,4674,1.42,ok
1790948547.584126,4675,1.98,ok
1790948548.584809,4676,1.45,ok
1790948549.586371,4677,1.44,ok
1790948550.588091,4678,1.48,ok
1790948551.589911,4679,1.56,ok
1790948552.591827,4680,1.67,ok
1790948553.593789,4681,1.75,ok
1790948554.595551,4682,1.51,ok
1790948555.597325,4683,1.48,ok
1790948556.599052,4684,1.48,ok
1790948557.601014,4685,1.60,ok
1790948558.602439,4686,1.37,ok
1790948559.604155,4687,1.49,ok
1790948560.605835,4688,1.42,ok
1790948561.607464,4689,1.48,ok
1790948562.609463,4690,1.73,ok
1790948563.611334,4691,1.58,ok
1790948564.613169,4692,1.65,ok
1790948565.614048,4693,1.53,ok
1790948566.616565,4694,2.34,ok
1790948567.617384,4695,1.67,ok
1790948568.619411,4696,1.77,ok
1790948569.621200,4697,1.53,ok
1790948570.622922,4698,1.51,ok
1790948571.624571,4699,1.50,ok
1790948572.625907,4700,1.53,ok
1790948573.627714,4701,1.62,ok
1790948574.629305,4702,1.41,ok
1790948575.631336,4703,1.84,ok
1790948576.632918,4704,1.45,ok
1790948577.633994,4705,1.53,ok
1790948578.635836,4706,1.64,ok
1790948579.637614,4707,1.58,ok
1790948580.639354,4708,1.52,ok
1790948581.641113,4709,1.51,ok
1790948582.643060,4710,1.65,ok
1790948583.645874,4711,2.57,ok
1790948584.646598,4712,1.47,ok
1790948585.648327,4713,1.45,ok
1790948586.650187,4714,1.57,ok
1790948587.652075,4715,1.64,ok
1790948588.654017,4716,1.65,ok
1790948589.655921,4717,1.64,ok
1790948590.657662,4718,1.49,ok
1790948591.659377,4719,1.46,ok
1790948592.661176,4720,1.53,ok
1790948593.663162,4721,1.72,ok
1790948594.664773,4722,1.55,ok
1790948595.666104,4723,1.55,ok
1790948596.667895,4724,1.55,ok
1790948597.669806,4725,1.65,ok
1790948598.671793,4726,1.69,ok
1790948599.673631,4727,1.57,ok
1790948600.675308,4728,1.45,ok
1790948601.676856,4729,1.40,ok
1790948602.678500,4730,1.41,ok
1790948603.680369,4731,1.59,ok
1790948604.682169,4732,1.50,ok
1790948605.683955,4733,1.54,ok
1790948606.684752,4734,1.44,ok
1790948607.686574,4735,1.52,ok
1790948608.687850,4736,1.54,ok
1790948609.689730,4737,1.62,ok
1790948610.691273,4738,1.49,ok
1790948611.693085,4739,1.60,ok
1790948612.694109,4740,1.56,ok
1790948613.695864,4741,1.51,ok
1790948614.697884,4742,1.77,ok
1790948615.699627,4743,1.48,ok
1790948616.701412,4744,1.53,ok
1790948617.703711,4745,2.06,ok
1790948618.704558,4746,1.58,ok
1790948619.705961,4747,1.56,ok
1790948620.707616,4748,1.40,ok
1790948621.709641,4749,1.79,ok
1790948622.711369,4750,1.49,ok
1790948623.713224,4751,1.61,ok
1790948624.715258,4752,1.77,ok
1790948625.716974,4753,1.47,ok
1790948626.718702,4754,1.47,ok
1790948627.720562,4755,1.68,ok
1790948628.722291,4756,1.49,ok
1790948629.724191,4757,1.65,ok
1790948630.726791,4758,2.35,ok
1790948631.727685,4759,1.64,ok
1790948632.729233,4760,1.40,ok
1790948633.729928,4761,1.50,ok
1790948634.731995,4762,1.88,ok
1790948635.733702,4763,1.47,ok
1790948636.735580,4764,1.78,ok
1790948637.737131,4765,1.49,ok
1790948638.739079,4766,1.73,ok
1790948639.740840,4767,1.56,ok
1790948640.742459,4768,1.52,ok
1790948641.744130,4769,1.50,ok
1790948642.746304,4770,1.90,ok
1790948643.747025,4771,1.48,ok
1790948644.748900,4772,1.63,ok
1790948645.750727,4773,1.49,ok
1790948646.752375,4774,1.40,ok
1790948647.754290,4775,1.65,ok
1790948648.756119,4776,1.53,ok
1790948649.758124,4777,1.69,ok
1790948650.759954,4778,1.55,ok
1790948651.761918,4779,1.71,ok
1790948652.763766,4780,1.53,ok
1790948653.765796,4781,1.79,ok
1790948654.767462,4782,1.43,ok
1790948655.768923,4783,1.41,ok
1790948656.770658,4784,1.47,ok
1790948657.772396,4785,1.64,ok
1790948658.774315,4786,1.54,ok
1790948659.776072,4787,1.51,ok
1790948660.777919,4788,1.60,ok
1790948661.779697,4789,1.52,ok
1790948662.781353,4790,1.41,ok
1790948663.783192,4791,1.52,ok
1790948664.785039,4792,1.67,ok
1790948665.786874,4793,1.60,ok
1790948666.788459,4794,1.51,ok
1790948667.790078,4795,1.38,ok
1790948668.792062,4796,1.72,ok
1790948669.793943,4797,1.63,ok
1790948670.795810,4798,1.57,ok
1790948671.797622,4799,1.59,ok
1790948672.799492,4800,1.62,ok
1790948673.801311,4801,1.62,ok
1790948674.803368,4802,1.78,ok
1790948675.805178,4803,1.54,ok
1790948676.806920,4804,1.49,ok
1790948677.808714,4805,1.55,ok
1790948678.810651,4806,1.69,ok
1790948679.812488,4807,1.53,ok
1790948680.814223,4808,1.49,ok
1790948681.815964,4809,1.47,ok
1790948682.816666,4810,1.45,ok
1790948683.818602,4811,1.69,ok
1790948684.820488,4812,1.52,ok
1790948685.822235,4813,1.49,ok
1790948686.824194,4814,1.70,ok
1790948687.826129,4815,1.80,ok
1790948688.828000,4816,1.61,ok
1790948689.829892,4817,1.65,ok
1790948690.831789,4818,1.61,ok
1790948691.833498,4819,1.52,ok
1790948692.835078,4820,1.40,ok
1790948693.836581,4821,1.40,ok
1790948694.837866,4822,1.50,ok
1790948695.839581,4823,1.46,ok
1790948696.841338,4824,1.46,ok
1790948697.841956,4825,1.49,ok
1790948698.843782,4826,1.55,ok
1790948699.845571,4827,1.54,ok
1790948700.847360,4828,1.55,ok
1790948701.849295,4829,1.68,ok
1790948702.850314,4830,1.75,ok
1790948703.852199,4831,1.62,ok
1790948704.854219,4832,1.89,ok
1790948705.854183,4833,1.58,ok
1790948706.855966,4834,1.72,ok
1790948707.857128,4835,1.92,ok
1790948708.859120,4836,1.93,ok
1790948709.859965,4837,1.94,ok
1790948710.861826,4838,1.87,ok
1790948711.863617,4839,1.94,ok
1790948712.865734,4840,2.06,ok
1790948713.866556,4841,1.87,ok
1790948714.868679,4842,2.26,ok
1790948715.869724,4843,1.95,ok
1790948716.870811,4844,1.99,ok
1790948717.870602,4845,1.69,ok
1790948718.872616,4846,1.95,ok
1790948719.873757,4847,2.28,ok
1790948720.874967,4848,2.19,ok
1790948721.876145,4849,2.06,ok
1790948722.876998,4850,1.85,ok
1790948723.878894,4851,1.84,ok
1790948724.880357,4852,1.78,ok
1790948725.883516,4853,3.02,ok
1790948726.883573,4854,1.99,ok
1790948727.884961,4855,2.34,ok
1790948728.885804,4856,1.95,ok
1790948729.887879,4857,2.01,ok
1790948730.888901,4858,1.99,ok
1790948731.890048,4859,2.06,ok
1790948732.890924,4860,1.90,ok
1790948733.892344,4861,2.06,ok
1790948734.893450,4862,2.09,ok
1790948735.894422,4863,2.01,ok
1790948736.895437,4864,1.96,ok
1790948737.896388,4865,1.86,ok
1790948738.898364,4866,2.02,ok
1790948739.899374,4867,2.03,ok
1790948740.900357,4868,1.98,ok
1790948741.901483,4869,2.04,ok
1790948742.902378,4870,1.91,ok
1790948743.904778,4871,2.35,ok
1790948744.905490,4872,2.00,ok
1790948745.906567,4873,2.00,ok
1790948746.907013,4874,1.87,ok
1790948747.909049,4875,2.18,ok
1790948748.909687,4876,1.74,ok
1790948749.911815,4877,2.13,ok
1790948750.912838,4878,2.13,ok
1790948751.913708,4879,1.91,ok
1790948752.916226,4880,2.42,ok
1790948753.917412,4881,2.14,ok
1790948754.918490,4882,2.03,ok
1790948755.919701,4883,2.14,ok
1790948756.920522,4884,1.89,ok
1790948757.922570,4885,1.97,ok
1790948758.923527,4886,1.87,ok
1790948759.925064,4887,1.68,ok
1790948760.926739,4888,1.65,ok
1790948761.928547,4889,1.98,ok
1790948762.929313,4890,1.89,ok
1790948763.931270,4891,1.88,ok
1790948764.933519,4892,2.15,ok
1790948765.934351,4893,1.98,ok
1790948766.934704,4894,2.16,ok
1790948767.935697,4895,2.10,ok
1790948768.937902,4896,3.26,ok
1790948769.938049,4897,2.11,ok
1790948770.938951,4898,1.93,ok
1790948771.940792,4899,1.85,ok
1790948772.942611,4900,1.96,ok
1790948773.944700,4901,2.06,ok
1790948774.945604,4902,1.88,ok
1790948775.947852,4903,2.20,ok
1790948776.949109,4904,2.22,ok
1790948777.950114,4905,2.13,ok
1790948778.951147,4906,2.10,ok
1790948779.952345,4907,2.19,ok
1790948780.953255,4908,1.92,ok
1790948781.955579,4909,2.29,ok
1790948782.957451,4910,2.84,ok
1790948783.958802,4911,2.24,ok
1790948784.959743,4912,1.94,ok
1790948785.960784,4913,2.10,ok
1790948786.961616,4914,1.89,ok
1790948787.963283,4915,2.09,ok
1790948788.964177,4916,1.89,ok
1790948789.966065,4917,1.87,ok
1790948790.967851,4918,1.91,ok
1790948791.969792,4919,1.88,ok
1790948792.971884,4920,2.03,ok
1790948793.972981,4921,2.00,ok
1790948794.973811,4922,1.84,ok
1790948795.975670,4923,1.97,ok
1790948796.976649,4924,2.12,ok
1790948797.977621,4925,2.02,ok
1790948798.978458,4926,1.79,ok
1790948799.980528,4927,2.14,ok
1790948800.981517,4928,2.10,ok
1790948801.982401,4929,1.93,ok
1790948802.984326,4930,1.89,ok
1790948803.986688,4931,2.32,ok
1790948804.987472,4932,1.80,ok
1790948805.989237,4933,1.85,ok
1790948806.991619,4934,2.47,ok
1790948807.992971,4935,2.33,ok
1790948808.993943,4936,2.07,ok
1790948809.995118,4937,2.17,ok
1790948810.996052,4938,2.01,ok
1790948811.996968,4939,1.90,ok
1790948812.999016,4940,1.96,ok
1790948814.000196,4941,2.10,ok
1790948815.000990,4942,1.85,ok
1790948816.002532,4943,1.90,ok
1790948817.004558,4944,1.95,ok
1790948818.005897,4945,2.22,ok
1790948819.007126,4946,2.14,ok
1790948820.008073,4947,1.88,ok
1790948821.009825,4948,1.90,ok
1790948822.011918,4949,2.00,ok
1790948823.013386,4950,2.44,ok
1790948824.014665,4951,2.31,ok
1790948825.015412,4952,2.35,ok
1790948826.015894,4953,1.56,ok
1790948827.017836,4954,1.95,ok
1790948828.018291,4955,1.63,ok
1790948829.020160,4956,1.64,ok
1790948830.022212,4957,1.76,ok
1790948831.024180,4958,1.75,ok
1790948832.025907,4959,1.61,ok
1790948833.028633,4960,2.43,ok
1790948834.029492,4961,1.62,ok
1790948835.031525,4962,1.71,ok
1790948836.033536,4963,1.72,ok
1790948837.035580,4964,1.79,ok
1790948838.037186,4965,1.37,ok
1790948839.039067,4966,1.61,ok
1790948840.040719,4967,1.42,ok
1790948841.042352,4968,1.37,ok
1790948842.044006,4969,1.34,ok
1790948843.045935,4970,1.59,ok
1790948844.047826,4971,1.61,ok
1790948845.049549,4972,1.47,ok
1790948846.051335,4973,1.54,ok
1790948847.053826,4974,2.23,ok
1790948848.054568,4975,1.50,ok
1790948849.056177,4976,1.41,ok
1790948850.057914,4977,1.46,ok
1790948851.059879,4978,1.73,ok
1790948852.061748,4979,1.63,ok
1790948853.063440,4980,1.45,ok
1790948854.065390,4981,1.70,ok
1790948855.067054,4982,1.43,ok
1790948856.069279,4983,1.99,ok
1790948857.069984,4984,1.42,ok
1790948858.071562,4985,1.34,ok
1790948859.073212,4986,1.42,ok
1790948860.075000,4987,1.53,ok
1790948861.076777,4988,1.50,ok
1790948862.078566,4989,1.51,ok
1790948863.080315,4990,1.48,ok
1790948864.082652,4991,2.03,ok
1790948865.083457,4992,1.56,ok
1790948866.085271,4993,1.55,ok
1790948867.086715,4994,1.38,ok
1790948868.088363,4995,1.41,ok
1790948869.090440,4996,1.77,ok
1790948870.092043,4997,1.35,ok
1790948871.093828,4998,1.53,ok
1790948872.095565,4999,1.50,ok
1790948873.097219,5000,1.45,ok
1790948874.098833,5001,1.51,ok
1790948875.100563,5002,1.45,ok
1790948876.102280,5003,1.47,ok
1790948877.103946,5004,1.57,ok
1790948878.106007,5005,1.71,ok
1790948879.106911,5006,1.50,ok
1790948880.108714,5007,1.53,ok
1790948881.110893,5008,1.89,ok
1790948882.111621,5009,1.49,ok
1790948883.113289,5010,1.47,ok
1790948884.115025,5011,1.46,ok
1790948885.116892,5012,1.60,ok
1790948886.118784,5013,1.61,ok
1790948887.120610,5014,1.57,ok
1790948888.122362,5015,1.50,ok
1790948889.124089,5016,1.49,ok
1790948890.125780,5017,1.44,ok
1790948891.127595,5018,1.54,ok
1790948892.129192,5019,1.38,ok
1790948893.130939,5020,1.47,ok
1790948894.132760,5021,1.55,ok
1790948895.134523,5022,1.48,ok
1790948896.136221,5023,1.44,ok
1790948897.137901,5024,1.44,ok
1790948898.139986,5025,1.83,ok
1790948899.141760,5026,1.50,ok
1790948900.143513,5027,1.51,ok
1790948901.145081,5028,1.42,ok
1790948902.146769,5029,1.45,ok
1790948903.148543,5030,1.51,ok
1790948904.150272,5031,1.49,ok
1790948905.151962,5032,1.42,ok
1790948906.153617,5033,1.42,ok
1790948907.155512,5034,1.60,ok
1790948908.156995,5035,1.42,ok
1790948909.158763,5036,1.52,ok
1790948910.160529,5037,1.51,ok
1790948911.162479,5038,1.60,ok
1790948912.164401,5039,1.63,ok
1790948913.166182,5040,1.51,ok
1790948914.168008,5041,1.55,ok
1790948915.169688,5042,1.44,ok
1790948916.171459,5043,1.60,ok
1790948917.173054,5044,1.52,ok
1790948918.174725,5045,1.59,ok
1790948919.176165,5046,1.38,ok
1790948920.177671,5047,1.43,ok
1790948921.179388,5048,1.48,ok
1790948922.180892,5049,1.42,ok
1790948923.182340,5050,1.41,ok
1790948924.183874,5051,1.47,ok
1790948925.185540,5052,1.48,ok
1790948926.187135,5053,1.53,ok
1790948927.188801,5054,1.50,ok
1790948928.190478,5055,1.57,ok
1790948929.192522,5056,1.73,ok
1790948930.194291,5057,1.53,ok
1790948931.195988,5058,1.45,ok
1790948932.197995,5059,1.80,ok
1790948933.199800,5060,1.53,ok
1790948934.201719,5061,1.67,ok
1790948935.203360,5062,1.42,ok
1790948936.205057,5063,1.64,ok
1790948937.206835,5064,1.54,ok
1790948938.208656,5065,1.53,ok
1790948939.210679,5066,1.74,ok
1790948940.212516,5067,1.60,ok
1790948941.214421,5068,1.78,ok
1790948942.216495,5069,1.80,ok
1790948943.218224,5070,1.48,ok
1790948944.220109,5071,1.65,ok
1790948945.222188,5072,1.83,ok
1790948946.223962,5073,1.51,ok
1790948947.225748,5074,1.52,ok
1790948948.227568,5075,1.67,ok
1790948949.229336,5076,1.52,ok
1790948950.231081,5077,1.50,ok
1790948951.232905,5078,1.57,ok
1790948952.234173,5079,1.61,ok
1790948953.235865,5080,1.63,ok
1790948954.237846,5081,1.81,ok
1790948955.239533,5082,1.51,ok
1790948956.241209,5083,1.50,ok
1790948957.242976,5084,1.56,ok
1790948958.244839,5085,1.67,ok
1790948959.246765,5086,1.72,ok
1790948960.248657,5087,1.69,ok
1790948961.250344,5088,1.50,ok
1790948962.252001,5089,1.48,ok
1790948963.253857,5090,1.67,ok
1790948964.255515,5091,1.49,ok
1790948965.257155,5092,1.45,ok
1790948966.258838,5093,1.50,ok
1790948967.260556,5094,1.53,ok
1790948968.262291,5095,1.55,ok
1790948969.263993,5096,1.52,ok
1790948970.265624,5097,1.45,ok
1790948971.267602,5098,1.80,ok
1790948972.269294,5099,1.50,ok
1790948973.271031,5100,1.53,ok
1790948974.272879,5101,1.65,ok
1790948975.274566,5102,1.47,ok
1790948976.276108,5103,1.39,ok
1790948977.277770,5104,1.48,ok
1790948978.279441,5105,1.48,ok
1790948979.281186,5106,1.56,ok
1790948980.282181,5107,1.69,ok
1790948981.284048,5108,1.68,ok
1790948982.285704,5109,1.47,ok
1790948983.287350,5110,1.47,ok
1790948984.289073,5111,1.54,ok
1790948985.290746,5112,1.48,ok
1790948986.292540,5113,1.60,ok
1790948987.294295,5114,1.58,ok
1790948988.296619,5115,2.14,ok
1790948989.297173,5116,1.48,ok
1790948990.298893,5117,1.53,ok
1790948991.300482,5118,1.41,ok
1790948992.302659,5119,1.99,ok
1790948993.303343,5120,1.49,ok
1790948994.305084,5121,1.55,ok
1790948995.306865,5122,1.52,ok
1790948996.308500,5123,1.43,ok
1790948997.310158,5124,1.47,ok
1790948998.311842,5125,1.52,ok
1790948999.313478,5126,1.45,ok
1790949000.315242,5127,1.50,ok
1790949001.316988,5128,1.54,ok
1790949002.318412,5129,1.52,ok
1790949003.320103,5130,1.42,ok
1790949004.321977,5131,1.62,ok
1790949005.323764,5132,1.52,ok
1790949006.325775,5133,1.75,ok
1790949007.327424,5134,1.45,ok
1790949008.329438,5135,1.75,ok
1790949009.332022,5136,2.30,ok
1790949010.332858,5137,1.56,ok
1790949011.334517,5138,1.47,ok
1790949012.336277,5139,1.49,ok
1790949013.338042,5140,1.45,ok
1790949014.339904,5141,1.53,ok
1790949015.341533,5142,1.38,ok
1790949016.342830,5143,1.48,ok
1790949017.344662,5144,1.64,ok
1790949018.346442,5145,1.57,ok
1790949019.348258,5146,1.63,ok
1790949020.349937,5147,1.53,ok
1790949021.351712,5148,1.50,ok
1790949022.353508,5149,1.56,ok
1790949023.355304,5150,1.54,ok
1790949024.357147,5151,1.58,ok
1790949025.358727,5152,1.40,ok
1790949026.360359,5153,1.40,ok
1790949027.362113,5154,1.50,ok
1790949028.363813,5155,1.54,ok
1790949029.365751,5156,1.70,ok
1790949030.367406,5157,1.42,ok
1790949031.369202,5158,1.56,ok
1790949032.370934,5159,1.47,ok
1790949033.372655,5160,1.48,ok
1790949034.374524,5161,1.61,ok
1790949035.376464,5162,1.74,ok
1790949036.378096,5163,1.56,ok
1790949037.379861,5164,1.52,ok
1790949038.381602,5165,1.47,ok
1790949039.383843,5166,1.96,ok
1790949040.383858,5167,1.51,ok
1790949041.385284,5168,1.37,ok
1790949042.386987,5169,1.45,ok
1790949043.389129,5170,1.83,ok
1790949044.389937,5171,1.55,ok
1790949045.391779,5172,1.50,ok
1790949046.393495,5173,1.46,ok
1790949047.395284,5174,1.51,ok
1790949048.396951,5175,1.43,ok
1790949049.399268,5176,2.07,ok
1790949050.399977,5177,1.48,ok
1790949051.401643,5178,1.42,ok
1790949052.403385,5179,1.56,ok
1790949053.405312,5180,1.68,ok
1790949054.407170,5181,1.60,ok
1790949055.408880,5182,1.48,ok
1790949056.410994,5183,1.87,ok
1790949057.412842,5184,1.56,ok
1790949058.414804,5185,1.71,ok
1790949059.416253,5186,1.38,ok
1790949060.417867,5187,1.39,ok
1790949061.419661,5188,1.53,ok
1790949062.421465,5189,1.53,ok
1790949063.423272,5190,1.52,ok
1790949064.425404,5191,1.84,ok
1790949065.427314,5192,1.57,ok
1790949066.429136,5193,1.60,ok
1790949067.431618,5194,2.22,ok
1790949068.432175,5195,1.35,ok
1790949069.434006,5196,1.58,ok
1790949070.435829,5197,1.60,ok
1790949071.437529,5198,1.46,ok
1790949072.439197,5199,1.41,ok
1790949073.441951,5200,2.51,ok
1790949074.442752,5201,1.56,ok
1790949075.444522,5202,1.51,ok
1790949076.445979,5203,1.35,ok
1790949077.447674,5204,1.55,ok
1790949078.449384,5205,1.52,ok
1790949079.451150,5206,1.58,ok
1790949080.452799,5207,1.56,ok
1790949081.454418,5208,1.53,ok
1790949082.456152,5209,1.51,ok
1790949083.457968,5210,1.51,ok
1790949084.459797,5211,1.56,ok
1790949085.461615,5212,1.54,ok
1790949086.463465,5213,1.60,ok
1790949087.465299,5214,1.54,ok
1790949088.467095,5215,1.53,ok
1790949089.468861,5216,1.48,ok
1790949090.470656,5217,1.49,ok
1790949091.472565,5218,1.61,ok
1790949092.474328,5219,1.52,ok
1790949093.476087,5220,1.51,ok
1790949094.477758,5221,1.51,ok
1790949095.479686,5222,1.63,ok
1790949096.481526,5223,1.54,ok
1790949097.483454,5224,1.65,ok
1790949098.485276,5225,1.54,ok
1790949099.487787,5226,2.29,ok
1790949100.488606,5227,1.58,ok
1790949101.490473,5228,1.55,ok
1790949102.492227,5229,1.47,ok
1790949103.493947,5230,1.46,ok
1790949104.495773,5231,1.54,ok
1790949105.497503,5232,1.46,ok
1790949106.499278,5233,1.51,ok
1790949107.501004,5234,1.49,ok
1790949108.502747,5235,1.50,ok
1790949109.504428,5236,1.50,ok
1790949110.506049,5237,1.39,ok
1790949111.507923,5238,1.63,ok
1790949112.509709,5239,1.48,ok
1790949113.511453,5240,1.46,ok
1790949114.513101,5241,1.35,ok
1790949115.515009,5242,1.67,ok
1790949116.516582,5243,1.38,ok
1790949117.518201,5244,1.44,ok
1790949118.519928,5245,1.48,ok
1790949119.521667,5246,1.43,ok
1790949120.523219,5247,1.38,ok
1790949121.524936,5248,1.49,ok
1790949122.526608,5249,1.39,ok
1790949123.528332,5250,1.48,ok
1790949124.530101,5251,1.62,ok
1790949125.531900,5252,1.52,ok
1790949126.533701,5253,1.53,ok
1790949127.535542,5254,1.60,ok
1790949128.537318,5255,1.52,ok
1790949129.537990,5256,1.52,ok
1790949130.539705,5257,1.47,ok
1790949131.541336,5258,1.39,ok
1790949132.543204,5259,1.61,ok
1790949133.544178,5260,1.69,ok
1790949134.545902,5261,1.48,ok
1790949135.547699,5262,1.53,ok
1790949136.549739,5263,1.77,ok
1790949137.551548,5264,1.57,ok
1790949138.553336,5265,1.66,ok
1790949139.555108,5266,1.53,ok
1790949140.556738,5267,1.54,ok
1790949141.558505,5268,1.53,ok
1790949142.560650,5269,1.90,ok
1790949143.561408,5270,1.51,ok
1790949144.563161,5271,1.49,ok
1790949145.565711,5272,2.32,ok
1790949146.566631,5273,1.76,ok
1790949147.568466,5274,1.53,ok
1790949148.570219,5275,1.50,ok
1790949149.572032,5276,1.54,ok
1790949150.574567,5277,2.30,ok
1790949151.575298,5278,1.58,ok
1790949152.577161,5279,1.60,ok
1790949153.578885,5280,1.45,ok
1790949154.580422,5281,1.38,ok
1790949155.582128,5282,1.48,ok
1790949156.583927,5283,1.60,ok
1790949157.585854,5284,1.68,ok
1790949158.587548,5285,1.46,ok
1790949159.589446,5286,1.65,ok
1790949160.591103,5287,1.49,ok
1790949161.592837,5288,1.59,ok
1790949162.594820,5289,1.62,ok
1790949163.596636,5290,1.65,ok
1790949164.598606,5291,1.72,ok
1790949165.600392,5292,1.51,ok
1790949166.602065,5293,1.63,ok
1790949167.604233,5294,1.89,ok
1790949168.605053,5295,1.54,ok
1790949169.606911,5296,1.56,ok
1790949170.608635,5297,1.49,ok
1790949171.609903,5298,1.39,ok
1790949172.611753,5299,1.60,ok
1790949173.613726,5300,1.73,ok
1790949174.615363,5301,1.43,ok
1790949175.617189,5302,1.53,ok
1790949176.617834,5303,1.48,ok
1790949177.619607,5304,1.53,ok
1790949178.621415,5305,1.63,ok
1790949179.623133,5306,1.49,ok
1790949180.625281,5307,1.96,ok
1790949181.625754,5308,1.40,ok
1790949182.627555,5309,1.56,ok
1790949183.629405,5310,1.61,ok
1790949184.631848,5311,2.16,ok
1790949185.632875,5312,1.75,ok
1790949186.634674,5313,1.51,ok
1790949187.637042,5314,2.11,ok
1790949188.637898,5315,1.67,ok
1790949189.639771,5316,1.67,ok
1790949190.641458,5317,1.53,ok
1790949191.643183,5318,1.51,ok
1790949192.644828,5319,1.42,ok
1790949193.646873,5320,1.82,ok
1790949194.648580,5321,1.52,ok
1790949195.650067,5322,1.54,ok
1790949196.651814,5323,1.49,ok
1790949197.653761,5324,1.70,ok
1790949198.655699,5325,1.69,ok
1790949199.657191,5326,1.44,ok
1790949200.657926,5327,1.47,ok
1790949201.659793,5328,1.65,ok
1790949202.661496,5329,1.53,ok
1790949203.663350,5330,1.64,ok
1790949204.665000,5331,1.56,ok
1790949205.666731,5332,2.36,ok
1790949206.667443,5333,1.63,ok
1790949207.668981,5334,1.46,ok
1790949208.669805,5335,1.47,ok
1790949209.671823,5336,1.78,ok
1790949210.673518,5337,1.40,ok
1790949211.675369,5338,1.54,ok
1790949212.677169,5339,1.64,ok
1790949213.678858,5340,1.46,ok
1790949214.680577,5341,1.62,ok
1790949215.682401,5342,1.52,ok
1790949216.684143,5343,1.51,ok
1790949217.685630,5344,1.40,ok
1790949218.687403,5345,1.54,ok
1790949219.689239,5346,1.59,ok
1790949220.690814,5347,1.37,ok
1790949221.692455,5348,1.50,ok
1790949222.694053,5349,1.51,ok
1790949223.696024,5350,1.70,ok
1790949224.697882,5351,1.61,ok
1790949225.699641,5352,1.51,ok
1790949226.701245,5353,1.43,ok
1790949227.703162,5354,1.67,ok
1790949228.705052,5355,1.61,ok
1790949229.707241,5356,1.89,ok
1790949230.707979,5357,1.50,ok
1790949231.709653,5358,1.49,ok
1790949232.711179,5359,1.48,ok
1790949233.712981,5360,1.55,ok
1790949234.715095,5361,1.84,ok
1790949235.717245,5362,1.76,ok
1790949236.718027,5363,1.50,ok
1790949237.719860,5364,1.56,ok
1790949238.721509,5365,1.50,ok
1790949239.723740,5366,2.00,ok
1790949240.724630,5367,1.64,ok
1790949241.726566,5368,1.66,ok
1790949242.729012,5369,2.28,ok
1790949243.729895,5370,1.73,ok
1790949244.731774,5371,1.67,ok
1790949245.733564,5372,1.52,ok
1790949246.735244,5373,1.62,ok
1790949247.736760,5374,1.45,ok
1790949248.738415,5375,1.56,ok
1790949249.740081,5376,1.51,ok
1790949250.741980,5377,1.65,ok
1790949251.743481,5378,1.43,ok
1790949252.745114,5379,1.49,ok
1790949253.746275,5380,1.94,ok
1790949254.748013,5381,1.52,ok
1790949255.749767,5382,1.48,ok
1790949256.751674,5383,1.65,ok
1790949257.753565,5384,1.62,ok
1790949258.755714,5385,1.99,ok
1790949259.756487,5386,1.53,ok
1790949260.758658,5387,2.30,ok
1790949261.759440,5388,1.55,ok
1790949262.761158,5389,1.49,ok
1790949263.762841,5390,1.44,ok
1790949264.765018,5391,1.92,ok
1790949265.765697,5392,1.43,ok
1790949266.767447,5393,1.50,ok
1790949267.769167,5394,1.48,ok
1790949268.770853,5395,1.50,ok
1790949269.771790,5396,1.53,ok
1790949270.773561,5397,1.59,ok
1790949271.775260,5398,1.54,ok
1790949272.776907,5399,1.48,ok
1790949273.778050,5400,1.51,ok
1790949274.779836,5401,1.61,ok
1790949275.781558,5402,1.64,ok
1790949276.782617,5403,1.39,ok
1790949277.784373,5404,1.58,ok
1790949278.785921,5405,1.47,ok
1790949279.787683,5406,1.58,ok
1790949280.789344,5407,1.47,ok
1790949281.791081,5408,1.55,ok
1790949282.792804,5409,1.54,ok
1790949283.794432,5410,1.70,ok
1790949284.796253,5411,1.70,ok
1790949285.798889,5412,2.32,ok
1790949286.799674,5413,1.53,ok
1790949287.801718,5414,1.78,ok
1790949288.803667,5415,1.70,ok
1790949289.805462,5416,1.52,ok
1790949290.807406,5417,1.69,ok
1790949291.809180,5418,1.53,ok
1790949292.811092,5419,1.67,ok
1790949293.812745,5420,1.40,ok
1790949294.814554,5421,1.54,ok
1790949295.816234,5422,1.45,ok
1790949296.818078,5423,1.67,ok
1790949297.819829,5424,1.50,ok
1790949298.821933,5425,1.84,ok
1790949299.823725,5426,1.53,ok
1790949300.825551,5427,1.51,ok
1790949301.827349,5428,1.55,ok
1790949302.829081,5429,1.46,ok
1790949303.830819,5430,1.49,ok
1790949304.832851,5431,1.78,ok
1790949305.833899,5432,1.51,ok
1790949306.835433,5433,1.45,ok
1790949307.837239,5434,1.67,ok
1790949308.839202,5435,1.76,ok
1790949309.840981,5436,1.55,ok
1790949310.842781,5437,1.51,ok
1790949311.844831,5438,1.99,ok
1790949312.845679,5439,1.63,ok
1790949313.847880,5440,1.92,ok
1790949314.848463,5441,1.43,ok
1790949315.851449,5442,2.72,ok
1790949316.852231,5443,1.49,ok
1790949317.854046,5444,1.56,ok
1790949318.855946,5445,1.65,ok
1790949319.857792,5446,1.59,ok
1790949320.859654,5447,1.56,ok
1790949321.861517,5448,1.54,ok
1790949322.863246,5449,1.49,ok
1790949323.864833,5450,1.44,ok
1790949324.866820,5451,1.74,ok
1790949325.868585,5452,1.47,ok
1790949326.870457,5453,1.61,ok
1790949327.872277,5454,1.57,ok
1790949328.874923,5455,2.35,ok
1790949329.875725,5456,1.50,ok
1790949330.877615,5457,1.65,ok
1790949331.879401,5458,1.55,ok
1790949332.880867,5459,1.41,ok
1790949333.882616,5460,1.58,ok
1790949334.884388,5461,1.59,ok
1790949335.886114,5462,1.54,ok
1790949336.887861,5463,1.46,ok
1790949337.889543,5464,1.43,ok
1790949338.891353,5465,1.57,ok
1790949339.893002,5466,1.47,ok
1790949340.893999,5467,1.48,ok
1790949341.895692,5468,1.53,ok
1790949342.897410,5469,1.45,ok
1790949343.899449,5470,1.77,ok
1790949344.901376,5471,1.66,ok
1790949345.903095,5472,2.49,ok
1790949346.903871,5473,1.50,ok
1790949347.905654,5474,1.61,ok
1790949348.907350,5475,1.55,ok
1790949349.909181,5476,1.62,ok
1790949350.909963,5477,1.46,ok
1790949351.911775,5478,1.66,ok
1790949352.913496,5479,1.46,ok
1790949353.915290,5480,1.56,ok
1790949354.917119,5481,1.73,ok
1790949355.919060,5482,1.66,ok
1790949356.920770,5483,1.53,ok
1790949357.922338,5484,1.50,ok
1790949358.924142,5485,1.54,ok
1790949359.926690,5486,2.24,ok
1790949360.927322,5487,1.54,ok
1790949361.928850,5488,1.45,ok
1790949362.929925,5489,1.51,ok
1790949363.931589,5490,1.51,ok
1790949364.933209,5491,1.66,ok
1790949365.934864,5492,1.48,ok
1790949366.936568,5493,1.52,ok
1790949367.938184,5494,1.44,ok
1790949368.939759,5495,1.40,ok
1790949369.941440,5496,1.49,ok
1790949370.943047,5497,1.38,ok
1790949371.944926,5498,1.70,ok
1790949372.946636,5499,1.53,ok
1790949373.948438,5500,1.62,ok
1790949374.950072,5501,1.46,ok
1790949375.951776,5502,1.50,ok
1790949376.953596,5503,1.64,ok
1790949377.955421,5504,1.64,ok
1790949378.957068,5505,1.46,ok
1790949379.958804,5506,1.56,ok
1790949380.960547,5507,1.56,ok
1790949381.962411,5508,1.66,ok
1790949382.964283,5509,1.69,ok
1790949383.966486,5510,1.98,ok
1790949384.967043,5511,1.41,ok
1790949385.968651,5512,1.44,ok
1790949386.970310,5513,1.48,ok
1790949387.971830,5514,1.37,ok
1790949388.973480,5515,1.47,ok
1790949389.975221,5516,1.55,ok
1790949390.976888,5517,1.47,ok
1790949391.978669,5518,1.55,ok
1790949392.980387,5519,1.53,ok
1790949393.981896,5520,1.44,ok
1790949394.983558,5521,1.48,ok
1790949395.985179,5522,1.51,ok
1790949396.986182,5523,1.69,ok
1790949397.987910,5524,1.55,ok
1790949398.989921,5525,1.84,ok
1790949399.991665,5526,1.56,ok
1790949400.993597,5527,1.75,ok
1790949401.995243,5528,1.44,ok
1790949402.996782,5529,1.40,ok
1790949403.998542,5530,1.53,ok
1790949405.001159,5531,2.33,ok
1790949406.001669,5532,1.42,ok
1790949407.002635,5533,1.52,ok
1790949408.004323,5534,1.50,ok
1790949409.006705,5535,2.18,ok
1790949410.007359,5536,1.48,ok
1790949411.009107,5537,1.54,ok
1790949412.010709,5538,1.53,ok
1790949413.012405,5539,1.51,ok
1790949414.014193,5540,1.61,ok
1790949415.015882,5541,1.50,ok
1790949416.017628,5542,1.55,ok
1790949417.019222,5543,1.51,ok
1790949418.020815,5544,1.42,ok
1790949419.022391,5545,1.48,ok
1790949420.024115,5546,1.52,ok
1790949421.025825,5547,1.55,ok
1790949422.027724,5548,1.71,ok
1790949423.029529,5549,1.58,ok
1790949424.031369,5550,1.66,ok
1790949425.032982,5551,1.43,ok
1790949426.034804,5552,1.64,ok
1790949427.036468,5553,1.57,ok
1790949428.037902,5554,1.37,ok
1790949429.039570,5555,1.49,ok
1790949430.041371,5556,1.64,ok
1790949431.043096,5557,1.47,ok
1790949432.044759,5558,1.55,ok
1790949433.046514,5559,1.51,ok
1790949434.048211,5560,1.50,ok
1790949435.049997,5561,1.59,ok
1790949436.051728,5562,1.52,ok
1790949437.053306,5563,1.40,ok
1790949438.055002,5564,1.50,ok
1790949439.057161,5565,1.89,ok
1790949440.059011,5566,1.58,ok
1790949441.060777,5567,1.49,ok
1790949442.062409,5568,1.50,ok
1790949443.064807,5569,2.22,ok
1790949444.065675,5570,1.60,ok
1790949445.067449,5571,1.54,ok
1790949446.069160,5572,1.46,ok
1790949447.070936,5573,1.52,ok
1790949448.072498,5574,1.38,ok
1790949449.074252,5575,1.50,ok
1790949450.075968,5576,1.56,ok
1790949451.077712,5577,1.49,ok
1790949452.079837,5578,1.86,ok
1790949453.080597,5579,1.52,ok
1790949454.082403,5580,1.53,ok
1790949455.084026,5581,1.44,ok
1790949456.085861,5582,1.59,ok
1790949457.087617,5583,1.51,ok
1790949458.089265,5584,1.40,ok
1790949459.091083,5585,1.56,ok
1790949460.092915,5586,1.66,ok
1790949461.094107,5587,1.56,ok
1790949462.096067,5588,1.63,ok
1790949463.097803,5589,1.49,ok
1790949464.099231,5590,1.38,ok
1790949465.101052,5591,1.52,ok
1790949466.103000,5592,1.72,ok
1790949467.104597,5593,1.42,ok
1790949468.106227,5594,1.40,ok
1790949469.107968,5595,1.50,ok
1790949470.109780,5596,1.61,ok
1790949471.111526,5597,1.50,ok
1790949472.113271,5598,1.51,ok
1790949473.115468,5599,1.96,ok
1790949474.116197,5600,1.49,ok
1790949475.117678,5601,1.34,ok
1790949476.119434,5602,1.52,ok
1790949477.121773,5603,2.13,ok
1790949478.122457,5604,1.43,ok
1790949479.124161,5605,1.40,ok
1790949480.125939,5606,1.48,ok
1790949481.127983,5607,1.80,ok
1790949482.129602,5608,1.47,ok
1790949483.131381,5609,1.61,ok
1790949484.132944,5610,1.41,ok
1790949485.133959,5611,1.64,ok
1790949486.135879,5612,1.68,ok
1790949487.137645,5613,1.52,ok
1790949488.139436,5614,1.54,ok
1790949489.140768,5615,1.48,ok
1790949490.142497,5616,1.49,ok
1790949491.144272,5617,1.50,ok
1790949492.145857,5618,1.43,ok
1790949493.147666,5619,1.54,ok
1790949494.149598,5620,1.65,ok
1790949495.151397,5621,1.54,ok
1790949496.153110,5622,1.47,ok
1790949497.154821,5623,1.50,ok
1790949498.157100,5624,2.04,ok
1790949499.157837,5625,1.49,ok
1790949500.159508,5626,1.45,ok
1790949501.161220,5627,1.46,ok
1790949502.162862,5628,1.49,ok
1790949503.164593,5629,1.52,ok
1790949504.166337,5630,1.50,ok
1790949505.168129,5631,1.52,ok
1790949506.170066,5632,1.67,ok
1790949507.171866,5633,1.55,ok
1790949508.173590,5634,1.48,ok
1790949509.175476,5635,1.55,ok
1790949510.177275,5636,1.42,ok
1790949511.179656,5637,2.33,ok
1790949512.180673,5638,1.76,ok
1790949513.182442,5639,1.52,ok
1790949514.184280,5640,1.75,ok
1790949515.185997,5641,1.53,ok
1790949516.187850,5642,1.62,ok
1790949517.189551,5643,1.45,ok
1790949518.191023,5644,1.41,ok
1790949519.192773,5645,1.51,ok
1790949520.194533,5646,1.52,ok
1790949521.196257,5647,1.49,ok
1790949522.198275,5648,1.76,ok
1790949523.200365,5649,1.85,ok
1790949524.202774,5650,2.17,ok
1790949525.203709,5651,1.69,ok
1790949526.205390,5652,1.45,ok
1790949527.206892,5653,1.47,ok
1790949528.208912,5654,1.78,ok
1790949529.210822,5655,1.67,ok
1790949530.212662,5656,1.60,ok
1790949531.214457,5657,1.54,ok
1790949532.216146,5658,1.40,ok
1790949533.218011,5659,1.61,ok
1790949534.219960,5660,1.66,ok
1790949535.221588,5661,1.37,ok
1790949536.223416,5662,1.59,ok
1790949537.225390,5663,1.68,ok
1790949538.227208,5664,1.54,ok
1790949539.229184,5665,1.65,ok
1790949540.230967,5666,1.53,ok
1790949541.232742,5667,1.52,ok
1790949542.234674,5668,1.69,ok
1790949543.236463,5669,1.50,ok
1790949544.238385,5670,1.68,ok
1790949545.240160,5671,1.54,ok
1790949546.241672,5672,1.52,ok
1790949547.243297,5673,1.53,ok
1790949548.244997,5674,1.49,ok
1790949549.246715,5675,1.47,ok
1790949550.248561,5676,1.59,ok
1790949551.250306,5677,1.51,ok
1790949552.252039,5678,1.46,ok
1790949553.254026,5679,1.74,ok
1790949554.255652,5680,1.44,ok
1790949555.257294,5681,1.46,ok
1790949556.258935,5682,1.45,ok
1790949557.260345,5683,1.34,ok
1790949558.262111,5684,1.57,ok
1790949559.263825,5685,1.53,ok
1790949560.265542,5686,1.51,ok
1790949561.267238,5687,1.50,ok
1790949562.269059,5688,1.63,ok
1790949563.270557,5689,1.43,ok
1790949564.272233,5690,1.50,ok
1790949565.274033,5691,1.61,ok
1790949566.275799,5692,1.57,ok
1790949567.277555,5693,1.57,ok
1790949568.279248,5694,1.49,ok
1790949569.280960,5695,1.52,ok
1790949570.282830,5696,1.68,ok
1790949571.284486,5697,1.46,ok
1790949572.285929,5698,1.48,ok
1790949573.287625,5699,1.52,ok
1790949574.289494,5700,1.66,ok
1790949575.291219,5701,1.47,ok
1790949576.292917,5702,1.51,ok
1790949577.294604,5703,1.50,ok
1790949578.296245,5704,1.46,ok
1790949579.297926,5705,1.46,ok
1790949580.299823,5706,1.69,ok
1790949581.301371,5707,1.45,ok
1790949582.303074,5708,1.51,ok
1790949583.304740,5709,1.48,ok
1790949584.306492,5710,1.57,ok
1790949585.308479,5711,1.81,ok
1790949586.309718,5712,1.38,ok
1790949587.310703,5713,1.41,ok
1790949588.312683,5714,1.81,ok
1790949589.314460,5715,1.53,ok
1790949590.316254,5716,1.55,ok
1790949591.317904,5717,1.37,ok
1790949592.319904,5718,1.73,ok
1790949593.321711,5719,1.55,ok
1790949594.323423,5720,1.46,ok
1790949595.325301,5721,1.53,ok
1790949596.327059,5722,1.48,ok
1790949597.328814,5723,1.51,ok
1790949598.330605,5724,1.53,ok
1790949599.332557,5725,1.80,ok
1790949600.334324,5726,1.49,ok
1790949601.336097,5727,1.50,ok
1790949602.337843,5728,1.55,ok
1790949603.339957,5729,1.85,ok
1790949604.341946,5730,1.74,ok
1790949605.343797,5731,1.59,ok
1790949606.345745,5732,1.69,ok
1790949607.346880,5733,1.97,ok
1790949608.347439,5734,2.16,ok
1790949609.348480,5735,2.03,ok
1790949610.350703,5736,3.30,ok
1790949611.350568,5737,1.86,ok
1790949612.352319,5738,1.90,ok
1790949613.354136,5739,1.80,ok
1790949614.356615,5740,2.37,ok
1790949615.357563,5741,1.96,ok
1790949616.358202,5742,1.76,ok
1790949617.360755,5743,2.57,ok
1790949618.361669,5744,1.90,ok
1790949619.363622,5745,1.98,ok
1790949620.364741,5746,2.00,ok
1790949621.365724,5747,1.99,ok
1790949622.366696,5748,2.13,ok
1790949623.367618,5749,1.91,ok
1790949624.369676,5750,2.09,ok
1790949625.370718,5751,1.99,ok
1790949626.372016,5752,2.35,ok
1790949627.372996,5753,2.02,ok
1790949628.373882,5754,2.09,ok
1790949629.375076,5755,2.14,ok
1790949630.375972,5756,2.06,ok
1790949631.377125,5757,2.08,ok
1790949632.378240,5758,2.20,ok
1790949633.379308,5759,2.04,ok
1790949634.379625,5760,1.95,ok
1790949635.380364,5761,1.84,ok
1790949636.382515,5762,2.16,ok
1790949637.383533,5763,2.00,ok
1790949638.384192,5764,1.82,ok
1790949639.386217,5765,2.18,ok
1790949640.387201,5766,1.96,ok
1790949641.389300,5767,3.07,ok
1790949642.389347,5768,2.06,ok
1790949643.390410,5769,2.03,ok
1790949644.391265,5770,1.82,ok
1790949645.393444,5771,2.11,ok
1790949646.394593,5772,2.15,ok
1790949647.395378,5773,1.93,ok
1790949648.397431,5774,2.25,ok
1790949649.398538,5775,2.11,ok
1790949650.399534,5776,1.94,ok
1790949651.401653,5777,2.20,ok
1790949652.402860,5778,2.12,ok
1790949653.404416,5779,2.55,ok
1790949654.405433,5780,2.15,ok
1790949655.406393,5781,1.96,ok
1790949656.407414,5782,2.03,ok
1790949657.408059,5783,1.87,ok
1790949658.410152,5784,2.23,ok
1790949659.411136,5785,1.92,ok
1790949660.413240,5786,2.20,ok
1790949661.415090,5787,2.85,ok
1790949662.416628,5788,2.63,ok
1790949663.418024,5789,2.33,ok
1790949664.419116,5790,2.10,ok
1790949665.420033,5791,1.90,ok
1790949666.421871,5792,1.89,ok
1790949667.423825,5793,2.08,ok
1790949668.424985,5794,2.13,ok
1790949669.425963,5795,2.12,ok
1790949670.428113,5796,3.06,ok
1790949671.428355,5797,2.40,ok
1790949672.429223,5798,2.02,ok
1790949673.429964,5799,1.92,ok
1790949674.431686,5800,1.91,ok
1790949675.433504,5801,2.00,ok
1790949676.434593,5802,2.21,ok
1790949677.435794,5803,2.31,ok
1790949678.437055,5804,2.16,ok
1790949679.438118,5805,2.08,ok
1790949680.439362,5806,2.35,ok
1790949681.440517,5807,2.24,ok
1790949682.441516,5808,1.95,ok
1790949683.443401,5809,2.09,ok
1790949684.444637,5810,2.17,ok
1790949685.445497,5811,2.21,ok
1790949686.446926,5812,2.34,ok
1790949687.448198,5813,2.18,ok
1790949688.449491,5814,2.24,ok
1790949689.450822,5815,2.21,ok
1790949690.451833,5816,2.05,ok
1790949691.452604,5817,1.97,ok
1790949692.453530,5818,2.04,ok
1790949693.454820,5819,2.18,ok
1790949694.456119,5820,2.23,ok
1790949695.457456,5821,2.27,ok
1790949696.458793,5822,2.30,ok
1790949697.459969,5823,2.10,ok
1790949698.461617,5824,2.61,ok
1790949699.462700,5825,2.27,ok
1790949700.463684,5826,1.97,ok
1790949701.464785,5827,2.17,ok
1790949702.465761,5828,1.86,ok
1790949703.467450,5829,1.90,ok
1790949704.469456,5830,2.18,ok
1790949705.470302,5831,1.92,ok
1790949706.472407,5832,2.11,ok
1790949707.473673,5833,2.23,ok
1790949708.474583,5834,1.85,ok
1790949709.476483,5835,1.90,ok
1790949710.478428,5836,2.06,ok
1790949711.479413,5837,1.94,ok
1790949712.480398,5838,2.00,ok
1790949713.481417,5839,2.17,ok
1790949714.483486,5840,3.02,ok
1790949715.483393,5841,2.04,ok
1790949716.484701,5842,2.20,ok
1790949717.484687,5843,1.79,ok
1790949718.486643,5844,1.90,ok
1790949719.488788,5845,2.32,ok
1790949720.489757,5846,2.00,ok
1790949721.490652,5847,2.05,ok
1790949722.492134,5848,2.38,ok
1790949723.492758,5849,2.20,ok
1790949724.493206,5850,2.20,ok
1790949725.494915,5851,2.66,ok
1790949726.496196,5852,2.23,ok
1790949727.497156,5853,1.92,ok
1790949728.498505,5854,1.99,ok
1790949729.499288,5855,1.54,ok
1790949730.501010,5856,1.46,ok
1790949731.502917,5857,1.66,ok
1790949732.504803,5858,1.62,ok
1790949733.506569,5859,1.49,ok
1790949734.508385,5860,1.64,ok
1790949735.510092,5861,1.46,ok
1790949736.512004,5862,1.64,ok
1790949737.513804,5863,1.55,ok
1790949738.514405,5864,1.35,ok
1790949739.516005,5865,1.36,ok
1790949740.517594,5866,1.33,ok
1790949741.519237,5867,1.38,ok
1790949742.520823,5868,1.35,ok
1790949743.522450,5869,1.49,ok
1790949744.524031,5870,1.36,ok
1790949745.525835,5871,1.56,ok
1790949746.527515,5872,1.43,ok
1790949747.529303,5873,1.55,ok
1790949748.530967,5874,1.41,ok
1790949749.533472,5875,2.26,ok
1790949750.534271,5876,1.56,ok
1790949751.536028,5877,1.51,ok
1790949752.537527,5878,1.44,ok
1790949753.539120,5879,1.37,ok
1790949754.540922,5880,1.52,ok
1790949755.543245,5881,2.03,ok
1790949756.544011,5882,1.51,ok
1790949757.545325,5883,2.07,ok
1790949758.545164,5884,1.57,ok
1790949759.545933,5885,1.49,ok
1790949760.547639,5886,1.47,ok
1790949761.549535,5887,1.66,ok
1790949762.551237,5888,1.64,ok
1790949763.553071,5889,1.50,ok
1790949764.554627,5890,1.40,ok
1790949765.556322,5891,1.44,ok
1790949766.557973,5892,1.44,ok
1790949767.559877,5893,1.64,ok
1790949768.561554,5894,1.40,ok
1790949769.563408,5895,1.56,ok
1790949770.565191,5896,1.49,ok
1790949771.567148,5897,1.71,ok
1790949772.568823,5898,1.50,ok
1790949773.570670,5899,1.68,ok
1790949774.573301,5900,2.29,ok
1790949775.574146,5901,1.59,ok
1790949776.575892,5902,1.45,ok
1790949777.577609,5903,1.49,ok
1790949778.579189,5904,1.33,ok
1790949779.580752,5905,1.50,ok
1790949780.582390,5906,1.41,ok
1790949781.584090,5907,1.46,ok
1790949782.585811,5908,1.48,ok
1790949783.587566,5909,1.50,ok
1790949784.589327,5910,1.51,ok
1790949785.591107,5911,1.53,ok
1790949786.592738,5912,1.37,ok
1790949787.594656,5913,1.69,ok
1790949788.596215,5914,1.48,ok
1790949789.597863,5915,1.39,ok
1790949790.599727,5916,1.62,ok
1790949791.602309,5917,2.32,ok
1790949792.602963,5918,1.41,ok
1790949793.604840,5919,1.63,ok
1790949794.606434,5920,1.43,ok
1790949795.608064,5921,1.41,ok
1790949796.609865,5922,1.53,ok
1790949797.611759,5923,1.64,ok
1790949798.613542,5924,1.54,ok
1790949799.615298,5925,1.49,ok
1790949800.617044,5926,1.49,ok
1790949801.618822,5927,1.47,ok
1790949802.621055,5928,2.00,ok
1790949803.621928,5929,1.68,ok
1790949804.623507,5930,1.38,ok
1790949805.625239,5931,1.55,ok
1790949806.625961,5932,1.48,ok
1790949807.627548,5933,1.40,ok
1790949808.629375,5934,1.64,ok
1790949809.630073,5935,1.56,ok
1790949810.631659,5936,1.40,ok
1790949811.633273,5937,1.44,ok
1790949812.634088,5938,1.59,ok
1790949813.636000,5939,1.75,ok
1790949814.637882,5940,1.69,ok
1790949815.639606,5941,1.54,ok
1790949816.641769,5942,1.97,ok
1790949817.642521,5943,1.54,ok
1790949818.644400,5944,1.70,ok
1790949819.646060,5945,1.47,ok
1790949820.647555,5946,1.39,ok
1790949821.649273,5947,1.54,ok
1790949822.649869,5948,1.42,ok
1790949823.651706,5949,1.66,ok
1790949824.653492,5950,1.68,ok
1790949825.655294,5951,1.62,ok
1790949826.656961,5952,1.48,ok
1790949827.658740,5953,1.60,ok
1790949828.660369,5954,1.46,ok
1790949829.662323,5955,1.78,ok
1790949830.664028,5956,1.52,ok
1790949831.665654,5957,1.44,ok
1790949832.667035,5958,1.32,ok
1790949833.668764,5959,1.66,ok
1790949834.670100,5960,1.74,ok
1790949835.671623,5961,1.44,ok
1790949836.673202,5962,1.49,ok
1790949837.673716,5963,1.36,ok
1790949838.675769,5964,1.87,ok
1790949839.677600,5965,1.65,ok
1790949840.679170,5966,1.42,ok
1790949841.680865,5967,1.53,ok
1790949842.682750,5968,1.71,ok
1790949843.684633,5969,1.62,ok
1790949844.686493,5970,1.60,ok
1790949845.688167,5971,1.46,ok
1790949846.689940,5972,1.50,ok
1790949847.691999,5973,1.79,ok
1790949848.693772,5974,1.53,ok
1790949849.695387,5975,1.41,ok
1790949850.697127,5976,1.49,ok
1790949851.698923,5977,1.56,ok
1790949852.699937,5978,1.47,ok
1790949853.701724,5979,1.59,ok
1790949854.703747,5980,1.84,ok
1790949855.705708,5981,1.76,ok
1790949856.707237,5982,1.47,ok
1790949857.709088,5983,1.67,ok
1790949858.710729,5984,1.42,ok
1790949859.712533,5985,1.62,ok
1790949860.714104,5986,1.49,ok
1790949861.715704,5987,1.53,ok
1790949862.717155,5988,1.41,ok
1790949863.718904,5989,1.57,ok
1790949864.720874,5990,1.79,ok
1790949865.721845,5991,1.40,ok
1790949866.723384,5992,1.37,ok
1790949867.724999,5993,1.45,ok
1790949868.726772,5994,1.59,ok
1790949869.728549,5995,1.58,ok
1790949870.729993,5996,1.52,ok
1790949871.731693,5997,1.52,ok
1790949872.733576,5998,1.69,ok
1790949873.735076,5999,1.41,ok
1790949874.736854,6000,1.64,ok
1790949875.739317,6001,2.26,ok
1790949876.740052,6002,1.53,ok
1790949877.741933,6003,1.70,ok
1790949878.743536,6004,1.46,ok
1790949879.746088,6005,2.46,ok
1790949880.746938,6006,1.64,ok
1790949881.748650,6007,1.52,ok
1790949882.750292,6008,1.45,ok
1790949883.751835,6009,1.39,ok
1790949884.753488,6010,1.49,ok
1790949885.755073,6011,1.48,ok
1790949886.756748,6012,1.49,ok
1790949887.757944,6013,1.50,ok
1790949888.759707,6014,1.57,ok
1790949889.761577,6015,1.68,ok
1790949890.763262,6016,1.51,ok
1790949891.764883,6017,1.43,ok
1790949892.766644,6018,1.58,ok
1790949893.768317,6019,1.49,ok
1790949894.770055,6020,1.52,ok
1790949895.771762,6021,1.49,ok
1790949896.773524,6022,1.57,ok
1790949897.775754,6023,2.14,ok
1790949898.776662,6024,1.72,ok
1790949899.778465,6025,1.99,ok
1790949900.779975,6026,2.43,ok
1790949901.780674,6027,1.52,ok
1790949902.782494,6028,1.66,ok
1790949903.784344,6029,1.67,ok
1790949904.785761,6030,1.40,ok
1790949905.787578,6031,1.61,ok
1790949906.789231,6032,1.48,ok
1790949907.789723,6033,1.35,ok
1790949908.791235,6034,1.36,ok
1790949909.793074,6035,1.64,ok
1790949910.794728,6036,2.22,ok
1790949911.795584,6037,1.66,ok
1790949912.797261,6038,1.49,ok
1790949913.799144,6039,1.71,ok
1790949914.800804,6040,1.48,ok
1790949915.802489,6041,1.50,ok
1790949916.804153,6042,1.49,ok
1790949917.805843,6043,1.53,ok
1790949918.807525,6044,1.50,ok
1790949919.809339,6045,1.61,ok
1790949920.811148,6046,1.59,ok
1790949921.812620,6047,1.57,ok
1790949922.814018,6048,1.56,ok
1790949923.815776,6049,1.53,ok
1790949924.816343,6050,1.37,ok
1790949925.818109,6051,1.55,ok
1790949926.819545,6052,1.39,ok
1790949927.821301,6053,1.48,ok
1790949928.823173,6054,1.71,ok
1790949929.825754,6055,2.33,ok
1790949930.826565,6056,1.54,ok
1790949931.828272,6057,1.45,ok
1790949932.829981,6058,1.43,ok
1790949933.831669,6059,1.41,ok
1790949934.833672,6060,1.75,ok
1790949935.835288,6061,1.56,ok
1790949936.836988,6062,1.46,ok
1790949937.838988,6063,1.67,ok
1790949938.840697,6064,1.53,ok
1790949939.842412,6065,1.47,ok
1790949940.844253,6066,1.60,ok
1790949941.845917,6067,1.42,ok
1790949942.848738,6068,2.59,ok
1790949943.849974,6069,1.98,ok
1790949944.849709,6070,1.34,ok
1790949945.851565,6071,1.61,ok
1790949946.853407,6072,1.58,ok
1790949947.855152,6073,1.49,ok
1790949948.856941,6074,1.51,ok
1790949949.859014,6075,1.79,ok
1790949950.860690,6076,1.51,ok
1790949951.862031,6077,1.49,ok
1790949952.864175,6078,1.84,ok
1790949953.864762,6079,1.40,ok
1790949954.865694,6080,1.37,ok
1790949955.866670,6081,1.63,ok
1790949956.868516,6082,1.57,ok
1790949957.870324,6083,1.56,ok
1790949958.871959,6084,1.40,ok
1790949959.873872,6085,1.66,ok
1790949960.875708,6086,1.59,ok
1790949961.877722,6087,1.75,ok
1790949962.879397,6088,1.60,ok
1790949963.881075,6089,1.48,ok
1790949964.882266,6090,1.82,ok
1790949965.884646,6091,2.20,ok
1790949966.885314,6092,1.47,ok
1790949967.886003,6093,1.53,ok
1790949968.887740,6094,1.56,ok
1790949969.889429,6095,1.50,ok
1790949970.891167,6096,1.55,ok
1790949971.892956,6097,1.60,ok
1790949972.894652,6098,1.50,ok
1790949973.896461,6099,1.67,ok
1790949974.898168,6100,1.46,ok
1790949975.899907,6101,1.46,ok
1790949976.901632,6102,1.65,ok
1790949977.903349,6103,1.54,ok
1790949978.905022,6104,1.47,ok
1790949979.906618,6105,1.41,ok
1790949980.908313,6106,1.61,ok
1790949981.910012,6107,1.51,ok
1790949982.911680,6108,1.49,ok
1790949983.913421,6109,1.56,ok
1790949984.914927,6110,1.42,ok
1790949985.916776,6111,1.65,ok
1790949986.917873,6112,1.41,ok
1790949987.919741,6113,1.67,ok
1790949988.921632,6114,1.70,ok
1790949989.923303,6115,1.49,ok
1790949990.924957,6116,1.48,ok
1790949991.926782,6117,1.64,ok
1790949992.928606,6118,1.73,ok
1790949993.930419,6119,1.63,ok
1790949994.932345,6120,1.66,ok
1790949995.934046,6121,1.53,ok
1790949996.935638,6122,1.39,ok
1790949997.937323,6123,1.49,ok
1790949998.939039,6124,1.53,ok
1790949999.940629,6125,1.39,ok
1790950000.942147,6126,1.42,ok
1790950001.943826,6127,1.50,ok
1790950002.945520,6128,1.49,ok
1790950003.947224,6129,1.51,ok
1790950004.948949,6130,1.52,ok
1790950005.951402,6131,2.35,ok
1790950006.952315,6132,1.69,ok
1790950007.953986,6133,1.54,ok
1790950008.955704,6134,1.53,ok
1790950009.957477,6135,1.67,ok
1790950010.959502,6136,1.84,ok
1790950011.961221,6137,1.54,ok
1790950012.961872,6138,1.42,ok
1790950013.963573,6139,1.61,ok
1790950014.965272,6140,1.52,ok
1790950015.965999,6141,1.49,ok
1790950016.967833,6142,1.65,ok
1790950017.969499,6143,1.48,ok
1790950018.971447,6144,1.76,ok
1790950019.973216,6145,1.55,ok
1790950020.974912,6146,1.51,ok
1790950021.976602,6147,1.47,ok
1790950022.978244,6148,1.47,ok
1790950023.979923,6149,1.50,ok
1790950024.981632,6150,1.52,ok
1790950025.983162,6151,1.38,ok
1790950026.984993,6152,1.64,ok
1790950027.986742,6153,1.53,ok
1790950028.988232,6154,1.44,ok
1790950029.989661,6155,1.39,ok
1790950030.991458,6156,1.71,ok
1790950031.992998,6157,1.46,ok
1790950032.993862,6158,1.41,ok
1790950033.995538,6159,1.49,ok
1790950034.997196,6160,1.60,ok
1790950035.998946,6161,1.52,ok
1790950037.000728,6162,1.45,ok
1790950038.002191,6163,1.39,ok
1790950039.003571,6164,1.34,ok
1790950040.005140,6165,1.51,ok
1790950041.006767,6166,1.55,ok
1790950042.008168,6167,1.36,ok
1790950043.009653,6168,1.41,ok
1790950044.011088,6169,1.36,ok
1790950045.012748,6170,1.48,ok
1790950046.014463,6171,1.53,ok
1790950047.016047,6172,1.41,ok
1790950048.017784,6173,1.55,ok
1790950049.019470,6174,1.50,ok
1790950050.021229,6175,1.54,ok
1790950051.022573,6176,2.13,ok
1790950052.023449,6177,1.69,ok
1790950053.025086,6178,1.48,ok
1790950054.026106,6179,1.67,ok
1790950055.027760,6180,1.48,ok
1790950056.029596,6181,1.67,ok
1790950057.031315,6182,1.53,ok
1790950058.033023,6183,1.52,ok
1790950059.034675,6184,1.47,ok
1790950060.036397,6185,1.54,ok
1790950061.038091,6186,1.51,ok
1790950062.039852,6187,1.70,ok
1790950063.041709,6188,1.68,ok
1790950064.043507,6189,1.70,ok
1790950065.045195,6190,1.50,ok
1790950066.045909,6191,1.44,ok
1790950067.047585,6192,1.47,ok
1790950068.049241,6193,1.45,ok
1790950069.050856,6194,1.45,ok
1790950070.052587,6195,1.53,ok
1790950071.053935,6196,1.42,ok
1790950072.055605,6197,1.42,ok
1790950073.057270,6198,1.50,ok
1790950074.058052,6199,1.54,ok
1790950075.059940,6200,1.61,ok
1790950076.061589,6201,1.33,ok
1790950077.063406,6202,1.53,ok
1790950078.064920,6203,1.37,ok
1790950079.066772,6204,1.61,ok
1790950080.068495,6205,1.46,ok
1790950081.070469,6206,1.72,ok
1790950082.072338,6207,1.60,ok
1790950083.074185,6208,1.61,ok
1790950084.075976,6209,1.50,ok
1790950085.077504,6210,1.30,ok
1790950086.079235,6211,1.49,ok
1790950087.081055,6212,1.76,ok
1790950088.082817,6213,1.52,ok
1790950089.084466,6214,1.43,ok
1790950090.086194,6215,1.47,ok
1790950091.087956,6216,1.50,ok
1790950092.089878,6217,1.68,ok
1790950093.091600,6218,1.48,ok
1790950094.093344,6219,1.50,ok
1790950095.095215,6220,1.63,ok
1790950096.097191,6221,1.92,ok
1790950097.098834,6222,1.39,ok
1790950098.100788,6223,1.64,ok
1790950099.102596,6224,1.59,ok
1790950100.104433,6225,1.66,ok
1790950101.105961,6226,1.48,ok
1790950102.107520,6227,1.37,ok
1790950103.109146,6228,1.45,ok
1790950104.110290,6229,1.67,ok
1790950105.111992,6230,1.45,ok
1790950106.114049,6231,1.84,ok
1790950107.115741,6232,1.45,ok
1790950108.117645,6233,1.67,ok
1790950109.119308,6234,1.42,ok
1790950110.121012,6235,1.48,ok
1790950111.122727,6236,1.48,ok
1790950112.124434,6237,1.44,ok
1790950113.126183,6238,1.44,ok
1790950114.127964,6239,1.45,ok
1790950115.131133,6240,2.92,ok
1790950116.130882,6241,1.50,ok
1790950117.132496,6242,1.42,ok
1790950118.134114,6243,1.42,ok
1790950119.135506,6244,1.34,ok
1790950120.137262,6245,1.51,ok
1790950121.138803,6246,1.42,ok
1790950122.140509,6247,1.47,ok
1790950123.142182,6248,1.41,ok
1790950124.143937,6249,1.49,ok
1790950125.145873,6250,1.58,ok
1790950126.147636,6251,1.51,ok
1790950127.149244,6252,1.36,ok
1790950128.151077,6253,1.55,ok
1790950129.152606,6254,1.53,ok
1790950130.153748,6255,1.42,ok
1790950131.155463,6256,1.52,ok
1790950132.157092,6257,1.46,ok
1790950133.158151,6258,1.67,ok
1790950134.159850,6259,1.51,ok
1790950135.161761,6260,1.69,ok
1790950136.164188,6261,2.26,ok
1790950137.164862,6262,1.50,ok
1790950138.165971,6263,1.49,ok
1790950139.167449,6264,1.40,ok
1790950140.169553,6265,2.00,ok
1790950141.169978,6266,1.51,ok
1790950142.171649,6267,1.49,ok
1790950143.173250,6268,1.42,ok
1790950144.174134,6269,1.65,ok
1790950145.175840,6270,1.52,ok
1790950146.177565,6271,1.48,ok
1790950147.179210,6272,1.46,ok
1790950148.180640,6273,1.35,ok
1790950149.182464,6274,1.64,ok
1790950150.184227,6275,1.53,ok
1790950151.185907,6276,1.49,ok
1790950152.187552,6277,1.44,ok
1790950153.189251,6278,1.51,ok
1790950154.191301,6279,1.84,ok
1790950155.192815,6280,1.35,ok
1790950156.194699,6281,1.68,ok
1790950157.196109,6282,1.48,ok
1790950158.197988,6283,1.55,ok
1790950159.199965,6284,1.72,ok
1790950160.201851,6285,1.63,ok
1790950161.205320,6286,3.21,ok
1790950162.205119,6287,1.53,ok
1790950163.206162,6288,1.66,ok
1790950164.208015,6289,1.56,ok
1790950165.209601,6290,1.34,ok
1790950166.211401,6291,1.64,ok
1790950167.213496,6292,1.60,ok
1790950168.214987,6293,1.42,ok
1790950169.216654,6294,1.41,ok
1790950170.218340,6295,1.44,ok
1790950171.220080,6296,1.64,ok
1790950172.221792,6297,1.47,ok
1790950173.223726,6298,1.67,ok
1790950174.225668,6299,1.69,ok
1790950175.227291,6300,1.50,ok
1790950176.228748,6301,1.39,ok
1790950177.230488,6302,1.46,ok
1790950178.232576,6303,1.99,ok
1790950179.233623,6304,1.82,ok
1790950180.235370,6305,1.50,ok
1790950181.237128,6306,1.51,ok
1790950182.238681,6307,2.16,ok
1790950183.239600,6308,1.61,ok
1790950184.241464,6309,1.56,ok
1790950185.243337,6310,1.64,ok
1790950186.245032,6311,1.39,ok
1790950187.247090,6312,1.66,ok
1790950188.249084,6313,1.72,ok
1790950189.250972,6314,1.60,ok
1790950190.252785,6315,1.55,ok
1790950191.254117,6316,1.59,ok
1790950192.255950,6317,1.56,ok
1790950193.259007,6318,2.79,ok
1790950194.259787,6319,1.53,ok
1790950195.261436,6320,1.41,ok
1790950196.263144,6321,1.50,ok
1790950197.264901,6322,1.51,ok
1790950198.266609,6323,1.56,ok
1790950199.268321,6324,1.42,ok
1790950200.269672,6325,1.35,ok
1790950201.271431,6326,1.52,ok
1790950202.273322,6327,1.62,ok
1790950203.274979,6328,1.41,ok
1790950204.276907,6329,1.66,ok
1790950205.278651,6330,1.48,ok
1790950206.280518,6331,1.61,ok
1790950207.282292,6332,1.50,ok
1790950208.284069,6333,1.50,ok
1790950209.285516,6334,1.39,ok
1790950210.287235,6335,1.45,ok
1790950211.289219,6336,1.71,ok
1790950212.290940,6337,1.43,ok
1790950213.292890,6338,1.68,ok
1790950214.294733,6339,1.60,ok
1790950215.296477,6340,1.51,ok
1790950216.298217,6341,1.48,ok
1790950217.300092,6342,1.63,ok
1790950218.301725,6343,1.47,ok
1790950219.303675,6344,1.70,ok
1790950220.305386,6345,1.49,ok
1790950221.307139,6346,1.55,ok
1790950222.308871,6347,1.56,ok
1790950223.310511,6348,1.48,ok
1790950224.312232,6349,1.45,ok
1790950225.314417,6350,1.97,ok
1790950226.315151,6351,1.50,ok
1790950227.316588,6352,1.36,ok
1790950228.318158,6353,1.48,ok
1790950229.319780,6354,1.47,ok
1790950230.321561,6355,1.52,ok
1790950231.323387,6356,1.55,ok
1790950232.325167,6357,1.53,ok
1790950233.326831,6358,1.43,ok
1790950234.328635,6359,1.64,ok
1790950235.330416,6360,1.54,ok
1790950236.331978,6361,1.41,ok
1790950237.333847,6362,1.62,ok
1790950238.335684,6363,1.55,ok
1790950239.337379,6364,1.44,ok
1790950240.339175,6365,1.49,ok
1790950241.340777,6366,1.43,ok
1790950242.342682,6367,2.23,ok
1790950243.343348,6368,1.50,ok
1790950244.345092,6369,1.43,ok
1790950245.346028,6370,1.49,ok
1790950246.348448,6371,2.14,ok
1790950247.349215,6372,1.50,ok
1790950248.351393,6373,1.93,ok
1790950249.352349,6374,1.69,ok
1790950250.354059,6375,1.43,ok
1790950251.355971,6376,1.66,ok
1790950252.357714,6377,1.53,ok
1790950253.359477,6378,1.52,ok
1790950254.361212,6379,1.49,ok
1790950255.362999,6380,1.53,ok
1790950256.364730,6381,1.49,ok
1790950257.366369,6382,1.49,ok
1790950258.368042,6383,1.47,ok
1790950259.369937,6384,1.70,ok
1790950260.371726,6385,1.60,ok
1790950261.373276,6386,1.38,ok
1790950262.374912,6387,1.45,ok
1790950263.377426,6388,2.24,ok
1790950264.378257,6389,1.71,ok
1790950265.380351,6390,1.86,ok
1790950266.382121,6391,1.51,ok
1790950267.383693,6392,1.43,ok
1790950268.385634,6393,1.70,ok
1790950269.387744,6394,1.86,ok
1790950270.389277,6395,1.37,ok
1790950271.391351,6396,1.84,ok
1790950272.393164,6397,1.52,ok
1790950273.394909,6398,1.60,ok
1790950274.396685,6399,1.54,ok
1790950275.398152,6400,1.32,ok
1790950276.400369,6401,1.97,ok
1790950277.400955,6402,1.51,ok
1790950278.402733,6403,1.52,ok
1790950279.404449,6404,1.61,ok
1790950280.406519,6405,1.83,ok
1790950281.408304,6406,1.56,ok
1790950282.410045,6407,1.49,ok
1790950283.412380,6408,2.16,ok
1790950284.413097,6409,1.48,ok
1790950285.414650,6410,1.45,ok
1790950286.416459,6411,1.62,ok
1790950287.418296,6412,1.56,ok
1790950288.419980,6413,1.41,ok
1790950289.421821,6414,1.56,ok
1790950290.423648,6415,1.58,ok
1790950291.425415,6416,1.51,ok
1790950292.427113,6417,1.45,ok
1790950293.429646,6418,2.15,ok
1790950294.430784,6419,1.88,ok
1790950295.431667,6420,1.60,ok
1790950296.433304,6421,1.40,ok
1790950297.435687,6422,2.14,ok
1790950298.436440,6423,1.48,ok
1790950299.437888,6424,1.44,ok
1790950300.439615,6425,1.49,ok
1790950301.441243,6426,1.40,ok
1790950302.442963,6427,1.45,ok
1790950303.444752,6428,1.55,ok
1790950304.446770,6429,1.88,ok
1790950305.448455,6430,1.39,ok
1790950306.450131,6431,1.41,ok
1790950307.451942,6432,1.55,ok
1790950308.453713,6433,1.47,ok
1790950309.455525,6434,1.53,ok
1790950310.457142,6435,1.37,ok
1790950311.457932,6436,1.53,ok
1790950312.459511,6437,1.50,ok
1790950313.460903,6438,1.34,ok
1790950314.462887,6439,1.70,ok
1790950315.464602,6440,1.47,ok
1790950316.466345,6441,1.50,ok
1790950317.468446,6442,1.78,ok
1790950318.470142,6443,1.46,ok
1790950319.471912,6444,1.53,ok
1790950320.473416,6445,1.37,ok
1790950321.475061,6446,1.42,ok
1790950322.476715,6447,1.42,ok
1790950323.478488,6448,1.54,ok
1790950324.480156,6449,1.43,ok
1790950325.481925,6450,1.50,ok
1790950326.483606,6451,1.42,ok
1790950327.485364,6452,1.51,ok
1790950328.487175,6453,1.50,ok
1790950329.488967,6454,1.49,ok
1790950330.490624,6455,1.41,ok
1790950331.492698,6456,1.93,ok
1790950332.494623,6457,1.65,ok
1790950333.496355,6458,1.45,ok
1790950334.498116,6459,1.51,ok
1790950335.499783,6460,1.42,ok
1790950336.501633,6461,1.61,ok
1790950337.503240,6462,1.36,ok
1790950338.504773,6463,1.37,ok
1790950339.506699,6464,1.66,ok
1790950340.508493,6465,1.59,ok
1790950341.510145,6466,1.49,ok
1790950342.511944,6467,1.55,ok
1790950343.513347,6468,1.37,ok
1790950344.515021,6469,1.50,ok
1790950345.516745,6470,1.54,ok
1790950346.517891,6471,1.43,ok
1790950347.518788,6472,1.42,ok
1790950348.521183,6473,2.22,ok
1790950349.521878,6474,1.45,ok
1790950350.523646,6475,1.52,ok
1790950351.525414,6476,1.48,ok
1790950352.526983,6477,2.06,ok
1790950353.527708,6478,1.54,ok
1790950354.529370,6479,1.48,ok
1790950355.530877,6480,1.42,ok
1790950356.532434,6481,1.48,ok
1790950357.534204,6482,1.52,ok
1790950358.535869,6483,1.44,ok
1790950359.537468,6484,1.36,ok
1790950360.539065,6485,1.35,ok
1790950361.540811,6486,1.60,ok
1790950362.542758,6487,1.69,ok
1790950363.544575,6488,1.58,ok
1790950364.546397,6489,1.57,ok
1790950365.547087,6490,1.46,ok
1790950366.547800,6491,1.48,ok
1790950367.549719,6492,1.68,ok
1790950368.551139,6493,1.34,ok
1790950369.553032,6494,1.59,ok
1790950370.554747,6495,1.43,ok
1790950371.556533,6496,1.60,ok
1790950372.558491,6497,1.78,ok
1790950373.560410,6498,1.74,ok
1790950374.562046,6499,1.55,ok
1790950375.563920,6500,1.70,ok
1790950376.565542,6501,1.43,ok
1790950377.567577,6502,1.95,ok
1790950378.568409,6503,1.65,ok
1790950379.569968,6504,1.50,ok
1790950380.571830,6505,1.64,ok
1790950381.573353,6506,1.33,ok
1790950382.575265,6507,1.70,ok
1790950383.576862,6508,1.44,ok
1790950384.578523,6509,1.48,ok
1790950385.580221,6510,1.51,ok
1790950386.581987,6511,1.57,ok
1790950387.583914,6512,1.72,ok
1790950388.584714,6513,1.55,ok
1790950389.586405,6514,1.45,ok
1790950390.588192,6515,1.54,ok
1790950391.589953,6516,1.51,ok
1790950392.591492,6517,1.49,ok
1790950393.593139,6518,1.41,ok
1790950394.594951,6519,1.56,ok
1790950395.596616,6520,1.43,ok
1790950396.598424,6521,1.54,ok
1790950397.600306,6522,1.66,ok
1790950398.601912,6523,1.40,ok
1790950399.603610,6524,1.48,ok
1790950400.605505,6525,1.64,ok
1790950401.607270,6526,1.52,ok
1790950402.608920,6527,1.41,ok
1790950403.610568,6528,1.40,ok
1790950404.612351,6529,1.49,ok
1790950405.614073,6530,1.48,ok
1790950406.615706,6531,1.43,ok
1790950407.617432,6532,1.55,ok
1790950408.619219,6533,1.66,ok
1790950409.620852,6534,1.41,ok
1790950410.622733,6535,1.64,ok
1790950411.625017,6536,2.11,ok
1790950412.625640,6537,1.46,ok
1790950413.627249,6538,1.53,ok
1790950414.628755,6539,1.33,ok
1790950415.630699,6540,2.36,ok
1790950416.630406,6541,1.44,ok
1790950417.632057,6542,1.42,ok
1790950418.633800,6543,1.51,ok
1790950419.635649,6544,1.60,ok
1790950420.637388,6545,1.46,ok
1790950421.639157,6546,1.51,ok
1790950422.640978,6547,1.53,ok
1790950423.642812,6548,1.59,ok
1790950424.644522,6549,1.45,ok
1790950425.646180,6550,1.42,ok
1790950426.647941,6551,1.53,ok
1790950427.649642,6552,1.46,ok
1790950428.651648,6553,1.74,ok
1790950429.653396,6554,1.50,ok
1790950430.655172,6555,1.52,ok
1790950431.656859,6556,1.43,ok
1790950432.659782,6557,2.67,ok
1790950433.660489,6558,1.53,ok
1790950434.662374,6559,1.64,ok
1790950435.663950,6560,1.38,ok
1790950436.665635,6561,1.42,ok
1790950437.667257,6562,1.48,ok
1790950438.669176,6563,1.67,ok
1790950439.670855,6564,1.44,ok
1790950440.674839,6565,3.70,ok
1790950441.674605,6566,1.52,ok
1790950442.676277,6567,1.55,ok
1790950443.678151,6568,1.57,ok
1790950444.680025,6569,1.80,ok
1790950445.682459,6570,2.17,ok
1790950446.683288,6571,1.54,ok
1790950447.685292,6572,1.76,ok
1790950448.687103,6573,1.52,ok
1790950449.688935,6574,1.58,ok
1790950450.690792,6575,1.53,ok
1790950451.692442,6576,1.47,ok
1790950452.694227,6577,1.52,ok
1790950453.695198,6578,1.34,ok
1790950454.697205,6579,1.69,ok
1790950455.699115,6580,1.64,ok
1790950456.700815,6581,1.44,ok
1790950457.702363,6582,1.88,ok
1790950458.704205,6583,1.65,ok
1790950459.706103,6584,1.73,ok
1790950460.707830,6585,1.46,ok
1790950461.709607,6586,1.50,ok
1790950462.711484,6587,1.66,ok
1790950463.713308,6588,1.58,ok
1790950464.715201,6589,1.63,ok
1790950465.716906,6590,1.46,ok
1790950466.718656,6591,1.46,ok
1790950467.720506,6592,1.59,ok
1790950468.722319,6593,1.57,ok
1790950469.724152,6594,1.60,ok
1790950470.725819,6595,1.39,ok
1790950471.727731,6596,1.59,ok
1790950472.729599,6597,1.60,ok
1790950473.731397,6598,1.53,ok
1790950474.733558,6599,1.88,ok
1790950475.734401,6600,1.59,ok
1790950476.736149,6601,1.50,ok
1790950477.737945,6602,1.53,ok
1790950478.739668,6603,1.50,ok
1790950479.741433,6604,1.50,ok
1790950480.743139,6605,1.46,ok
1790950481.744869,6606,1.48,ok
1790950482.746666,6607,1.51,ok
1790950483.748267,6608,1.37,ok
1790950484.750134,6609,1.52,ok
1790950485.752269,6610,1.87,ok
1790950486.752941,6611,1.50,ok
1790950487.754759,6612,1.70,ok
1790950488.756782,6613,1.79,ok
1790950489.758187,6614,1.61,ok
1790950490.759912,6615,1.45,ok
1790950491.761548,6616,1.37,ok
1790950492.763386,6617,1.66,ok
1790950493.765144,6618,1.52,ok
1790950494.766988,6619,1.53,ok
1790950495.768704,6620,1.44,ok
1790950496.770162,6621,1.38,ok
1790950497.771949,6622,1.55,ok
1790950498.773899,6623,1.68,ok
1790950499.775720,6624,1.51,ok
1790950500.777378,6625,1.41,ok
1790950501.779238,6626,1.62,ok
1790950502.781227,6627,1.78,ok
1790950503.782030,6628,1.52,ok
1790950504.784148,6629,1.96,ok
1790950505.784458,6630,1.49,ok
1790950506.786388,6631,1.66,ok
1790950507.788207,6632,1.76,ok
1790950508.790054,6633,1.93,ok
1790950509.790922,6634,1.81,ok
1790950510.792867,6635,2.00,ok
1790950511.794181,6636,2.31,ok
1790950512.795258,6637,2.05,ok
1790950513.796160,6638,1.83,ok
1790950514.798099,6639,1.98,ok
1790950515.798916,6640,1.90,ok
1790950516.801267,6641,2.28,ok
1790950517.802207,6642,1.96,ok
1790950518.803236,6643,1.97,ok
1790950519.804439,6644,2.17,ok
1790950520.805416,6645,1.91,ok
1790950521.806479,6646,1.97,ok
1790950522.807379,6647,1.90,ok
1790950523.809484,6648,2.17,ok
1790950524.810304,6649,1.81,ok
1790950525.812165,6650,1.84,ok
1790950526.814260,6651,2.02,ok
1790950527.815282,6652,1.94,ok
1790950528.817189,6653,1.95,ok
1790950529.818198,6654,1.97,ok
1790950530.819337,6655,2.13,ok
1790950531.819748,6656,1.96,ok
1790950532.820681,6657,1.96,ok
1790950533.822970,6658,2.22,ok
1790950534.824046,6659,2.02,ok
1790950535.825729,6660,2.62,ok
1790950536.826929,6661,2.19,ok
1790950537.827875,6662,2.01,ok
1790950538.828755,6663,1.92,ok
1790950539.830689,6664,2.00,ok
1790950540.831759,6665,2.07,ok
1790950541.833696,6666,2.93,ok
1790950542.834570,6667,1.88,ok
1790950543.836230,6668,1.65,ok
1790950544.838912,6669,2.58,ok
1790950545.839770,6670,1.89,ok
1790950546.841519,6671,1.81,ok
1790950547.843903,6672,2.38,ok
1790950548.844887,6673,1.98,ok
1790950549.846066,6674,2.17,ok
1790950550.846875,6675,1.87,ok
1790950551.848918,6676,1.97,ok
1790950552.849719,6677,1.83,ok
1790950553.852227,6678,2.47,ok
1790950554.853300,6679,2.09,ok
1790950555.854895,6680,2.56,ok
1790950556.855936,6681,2.03,ok
1790950557.856663,6682,1.79,ok
1790950558.858752,6683,2.16,ok
1790950559.859936,6684,2.14,ok
1790950560.860981,6685,2.10,ok
1790950561.861994,6686,2.01,ok
1790950562.863209,6687,2.24,ok
1790950563.864319,6688,2.02,ok
1790950564.866121,6689,2.74,ok
1790950565.866872,6690,1.75,ok
1790950566.869113,6691,2.27,ok
1790950567.870041,6692,1.96,ok
1790950568.871121,6693,2.00,ok
1790950569.872071,6694,1.96,ok
1790950570.873159,6695,2.11,ok
1790950571.874183,6696,1.97,ok
1790950572.875157,6697,1.99,ok
1790950573.876920,6698,2.71,ok
1790950574.878070,6699,2.17,ok
1790950575.878995,6700,1.99,ok
1790950576.880050,6701,2.02,ok
1790950577.880274,6702,2.06,ok
1790950578.881227,6703,1.99,ok
1790950579.882026,6704,1.80,ok
1790950580.884265,6705,2.19,ok
1790950581.885365,6706,2.01,ok
1790950582.887484,6707,3.12,ok
1790950583.887347,6708,1.90,ok
1790950584.889313,6709,1.96,ok
1790950585.890208,6710,1.83,ok
1790950586.892336,6711,2.15,ok
1790950587.892964,6712,1.60,ok
1790950588.895091,6713,2.17,ok
1790950589.895947,6714,1.91,ok
1790950590.897811,6715,1.88,ok
1790950591.899726,6716,1.90,ok
1790950592.901683,6717,1.98,ok
1790950593.902649,6718,1.95,ok
1790950594.904217,6719,2.56,ok
1790950595.905227,6720,2.01,ok
1790950596.906234,6721,1.89,ok
1790950597.908102,6722,1.87,ok
1790950598.910161,6723,2.04,ok
1790950599.911146,6724,2.10,ok
1790950600.912152,6725,1.97,ok
1790950601.913338,6726,2.14,ok
1790950602.914313,6727,1.96,ok
1790950603.915278,6728,1.99,ok
1790950604.916283,6729,1.99,ok
1790950605.917296,6730,2.01,ok
1790950606.918472,6731,2.09,ok
1790950607.919223,6732,1.71,ok
1790950608.921022,6733,1.80,ok
1790950609.923192,6734,2.19,ok
1790950610.924409,6735,2.14,ok
1790950611.925364,6736,1.93,ok
1790950612.928304,6737,2.83,ok
1790950613.929569,6738,2.25,ok
1790950614.930660,6739,2.05,ok
1790950615.931791,6740,2.02,ok
1790950616.932616,6741,1.76,ok
1790950617.934426,6742,1.84,ok
1790950618.936529,6743,2.04,ok
1790950619.937493,6744,1.92,ok
1790950620.939461,6745,1.99,ok
1790950621.940359,6746,1.89,ok
1790950622.942279,6747,1.92,ok
1790950623.944158,6748,2.00,ok
1790950624.945198,6749,2.00,ok
1790950625.946127,6750,1.97,ok
1790950626.947142,6751,1.98,ok
1790950627.948057,6752,1.91,ok
1790950628.950115,6753,1.90,ok
1790950629.951976,6754,1.68,ok
1790950630.953558,6755,1.40,ok
1790950631.955128,6756,1.44,ok
1790950632.957081,6757,1.78,ok
1790950633.959095,6758,1.77,ok
1790950634.960712,6759,1.52,ok
1790950635.962376,6760,1.48,ok
1790950636.964218,6761,1.55,ok
1790950637.965920,6762,1.52,ok
1790950638.967453,6763,1.34,ok
1790950639.968874,6764,1.33,ok
1790950640.969655,6765,1.34,ok
1790950641.971986,6766,2.24,ok
1790950642.972501,6767,1.46,ok
1790950643.973940,6768,1.52,ok
1790950644.975653,6769,1.44,ok
1790950645.977107,6770,1.41,ok
1790950646.978849,6771,1.50,ok
1790950647.980514,6772,1.51,ok
1790950648.982288,6773,1.66,ok
1790950649.984049,6774,1.57,ok
1790950650.985762,6775,1.57,ok
1790950651.987250,6776,1.44,ok
1790950652.988790,6777,1.35,ok
1790950653.990257,6778,1.40,ok
1790950654.991977,6779,1.51,ok
1790950655.994330,6780,2.17,ok
1790950656.994983,6781,1.52,ok
1790950657.996415,6782,1.38,ok
1790950658.997963,6783,1.47,ok
1790950659.999675,6784,1.53,ok
1790950661.001332,6785,1.47,ok
1790950662.003008,6786,1.43,ok
1790950663.005419,6787,2.23,ok
1790950664.006312,6788,1.71,ok
1790950665.008072,6789,1.55,ok
1790950666.009592,6790,1.42,ok
1790950667.011038,6791,1.36,ok
1790950668.012499,6792,1.37,ok
1790950669.014198,6793,1.48,ok
1790950670.015817,6794,1.42,ok
1790950671.017346,6795,1.43,ok
1790950672.018649,6796,1.61,ok
1790950673.020348,6797,1.44,ok
1790950674.022016,6798,1.42,ok
1790950675.023638,6799,1.40,ok
1790950676.025403,6800,1.52,ok
1790950677.027071,6801,1.49,ok
1790950678.028626,6802,1.48,ok
1790950679.029819,6803,1.47,ok
1790950680.031523,6804,1.62,ok
1790950681.033273,6805,1.49,ok
1790950682.035059,6806,1.53,ok
1790950683.036816,6807,1.50,ok
1790950684.037949,6808,1.61,ok
1790950685.039701,6809,1.61,ok
1790950686.041592,6810,1.66,ok
1790950687.043374,6811,1.58,ok
1790950688.045305,6812,1.79,ok
1790950689.047010,6813,1.49,ok
1790950690.048983,6814,1.74,ok
1790950691.050661,6815,1.53,ok
1790950692.052353,6816,1.45,ok
1790950693.054106,6817,1.51,ok
1790950694.055656,6818,1.48,ok
1790950695.057506,6819,1.57,ok
1790950696.059101,6820,1.41,ok
1790950697.061160,6821,1.82,ok
1790950698.063063,6822,1.66,ok
1790950699.064764,6823,1.47,ok
1790950700.066431,6824,1.42,ok
1790950701.068621,6825,2.02,ok
1790950702.069274,6826,1.50,ok
1790950703.071085,6827,1.55,ok
1790950704.072601,6828,1.35,ok
1790950705.074667,6829,2.31,ok
1790950706.075289,6830,1.40,ok
1790950707.076777,6831,1.42,ok
1790950708.077758,6832,1.41,ok
1790950709.079481,6833,1.62,ok
1790950710.081177,6834,1.51,ok
1790950711.081987,6835,1.53,ok
1790950712.083658,6836,1.50,ok
1790950713.085422,6837,1.54,ok
1790950714.087165,6838,1.51,ok
1790950715.088737,6839,1.49,ok
1790950716.089827,6840,1.46,ok
1790950717.090334,6841,1.32,ok
1790950718.092206,6842,1.63,ok
1790950719.093948,6843,1.45,ok
1790950720.095636,6844,1.54,ok
1790950721.097096,6845,1.37,ok
1790950722.097988,6846,1.46,ok
1790950723.099508,6847,1.44,ok
1790950724.101104,6848,1.49,ok
1790950725.102510,6849,2.13,ok
1790950726.103264,6850,1.55,ok
1790950727.105030,6851,1.57,ok
1790950728.105807,6852,1.39,ok
1790950729.107324,6853,1.30,ok
1790950730.109356,6854,1.86,ok
1790950731.111085,6855,1.52,ok
1790950732.112768,6856,1.49,ok
1790950733.114399,6857,1.54,ok
1790950734.116086,6858,1.50,ok
1790950735.117876,6859,1.60,ok
1790950736.119654,6860,1.56,ok
1790950737.121357,6861,1.49,ok
1790950738.123421,6862,1.84,ok
1790950739.125112,6863,1.50,ok
1790950740.126932,6864,1.54,ok
1790950741.128647,6865,1.48,ok
1790950742.130693,6866,2.15,ok
1790950743.131536,6867,1.69,ok
1790950744.133253,6868,1.53,ok
1790950745.135086,6869,1.58,ok
1790950746.136687,6870,1.31,ok
1790950747.138052,6871,1.52,ok
1790950748.139818,6872,1.55,ok
1790950749.141506,6873,1.45,ok
1790950750.143249,6874,1.50,ok
1790950751.145125,6875,1.63,ok
1790950752.146090,6876,1.46,ok
1790950753.147856,6877,1.52,ok
1790950754.149342,6878,1.41,ok
1790950755.151115,6879,1.54,ok
1790950756.152633,6880,1.40,ok
1790950757.154420,6881,1.61,ok
1790950758.156088,6882,1.48,ok
1790950759.158189,6883,1.91,ok
1790950760.160005,6884,1.63,ok
1790950761.161671,6885,1.48,ok
1790950762.163110,6886,1.36,ok
1790950763.165283,6887,2.11,ok
1790950764.165898,6888,1.48,ok
1790950765.167472,6889,1.43,ok
1790950766.169034,6890,1.48,ok
1790950767.170708,6891,1.40,ok
1790950768.172474,6892,1.47,ok
1790950769.174316,6893,1.55,ok
1790950770.176645,6894,2.06,ok
1790950771.177404,6895,1.49,ok
1790950772.179297,6896,1.69,ok
1790950773.180852,6897,1.48,ok
1790950774.181982,6898,1.67,ok
1790950775.183722,6899,1.59,ok
1790950776.185347,6900,1.53,ok
1790950777.187011,6901,1.53,ok
1790950778.188712,6902,1.53,ok
1790950779.189978,6903,1.49,ok
1790950780.191660,6904,1.45,ok
1790950781.193064,6905,1.35,ok
1790950782.194106,6906,1.49,ok
1790950783.195519,6907,1.36,ok
1790950784.197752,6908,2.00,ok
1790950785.198387,6909,1.50,ok
1790950786.200097,6910,1.47,ok
1790950787.201851,6911,1.50,ok
1790950788.203823,6912,1.66,ok
1790950789.205846,6913,1.74,ok
1790950790.207405,6914,1.49,ok
1790950791.209190,6915,1.54,ok
1790950792.210203,6916,1.65,ok
1790950793.212034,6917,1.56,ok
1790950794.214157,6918,1.85,ok
1790950795.215971,6919,1.51,ok
1790950796.217706,6920,1.48,ok
1790950797.219505,6921,1.54,ok
1790950798.221933,6922,2.22,ok
1790950799.222801,6923,1.64,ok
1790950800.224501,6924,1.44,ok
1790950801.225997,6925,1.52,ok
1790950802.227685,6926,1.50,ok
1790950803.229502,6927,1.61,ok
1790950804.231294,6928,1.69,ok
1790950805.233180,6929,1.68,ok
1790950806.234980,6930,1.54,ok
1790950807.236731,6931,1.51,ok
1790950808.238286,6932,1.80,ok
1790950809.240085,6933,1.50,ok
1790950810.241802,6934,1.49,ok
1790950811.243606,6935,1.54,ok
1790950812.245400,6936,1.52,ok
1790950813.247257,6937,1.62,ok
1790950814.249192,6938,1.68,ok
1790950815.250856,6939,1.42,ok
1790950816.252546,6940,1.45,ok
1790950817.254456,6941,1.67,ok
1790950818.256323,6942,1.73,ok
1790950819.258147,6943,1.57,ok
1790950820.259868,6944,1.46,ok
1790950821.261606,6945,1.42,ok
1790950822.263508,6946,1.64,ok
1790950823.265356,6947,1.68,ok
1790950824.266991,6948,1.49,ok
1790950825.269077,6949,1.75,ok
1790950826.270714,6950,1.38,ok
1790950827.272541,6951,1.56,ok
1790950828.274009,6952,1.51,ok
1790950829.275762,6953,1.51,ok
1790950830.277626,6954,1.61,ok
1790950831.279376,6955,1.66,ok
1790950832.281182,6956,1.56,ok
1790950833.282173,6957,1.64,ok
1790950834.284103,6958,1.66,ok
1790950835.284904,6959,1.49,ok
1790950836.286877,6960,1.77,ok
1790950837.288871,6961,1.80,ok
1790950838.289804,6962,1.46,ok
1790950839.291769,6963,1.77,ok
1790950840.293315,6964,1.38,ok
1790950841.295221,6965,1.82,ok
1790950842.296838,6966,1.53,ok
1790950843.298432,6967,1.49,ok
1790950844.300026,6968,1.38,ok
1790950845.301887,6969,1.59,ok
1790950846.303570,6970,1.45,ok
1790950847.305141,6971,1.34,ok
1790950848.307779,6972,2.38,ok
1790950849.308743,6973,1.72,ok
1790950850.310481,6974,1.49,ok
1790950851.312158,6975,1.43,ok
1790950852.314016,6976,1.54,ok
1790950853.315641,6977,1.43,ok
1790950854.317296,6978,1.41,ok
1790950855.318894,6979,1.45,ok
1790950856.320782,6980,1.66,ok
1790950857.322954,6981,1.90,ok
1790950858.323708,6982,1.50,ok
1790950859.325467,6983,1.45,ok
1790950860.327237,6984,1.54,ok
1790950861.329018,6985,1.52,ok
1790950862.330817,6986,1.54,ok
1790950863.332668,6987,1.68,ok
1790950864.333844,6988,1.37,ok
1790950865.335650,6989,1.62,ok
1790950866.336618,6990,1.47,ok
1790950867.338364,6991,1.50,ok
1790950868.340068,6992,1.47,ok
1790950869.341795,6993,1.48,ok
1790950870.343583,6994,1.55,ok
1790950871.345200,6995,1.48,ok
1790950872.347024,6996,1.59,ok
1790950873.349301,6997,2.20,ok
1790950874.350242,6998,1.73,ok
1790950875.351939,6999,1.53,ok
1790950876.353603,7000,1.41,ok
1790950877.355353,7001,1.51,ok
1790950878.357083,7002,1.51,ok
1790950879.359267,7003,1.91,ok
1790950880.360124,7004,1.57,ok
1790950881.361949,7005,1.56,ok
1790950882.363558,7006,1.40,ok
1790950883.365218,7007,1.50,ok
1790950884.367052,7008,1.55,ok
1790950885.368887,7009,1.68,ok
1790950886.370666,7010,1.61,ok
1790950887.372482,7011,1.49,ok
1790950888.374026,7012,1.41,ok
1790950889.375742,7013,1.47,ok
1790950890.378212,7014,2.19,ok
1790950891.377673,7015,1.35,ok
1790950892.379691,7016,1.79,ok
1790950893.381337,7017,1.41,ok
1790950894.382593,7018,1.77,ok
1790950895.384427,7019,1.65,ok
1790950896.385931,7020,1.42,ok
1790950897.387571,7021,1.45,ok
1790950898.389705,7022,1.95,ok
1790950899.390414,7023,1.50,ok
1790950900.392089,7024,1.52,ok
1790950901.393753,7025,1.45,ok
1790950902.395598,7026,1.66,ok
1790950903.397214,7027,1.46,ok
1790950904.398891,7028,1.50,ok
1790950905.400584,7029,1.51,ok
1790950906.402064,7030,1.39,ok
1790950907.403635,7031,1.49,ok
1790950908.405190,7032,1.39,ok
1790950909.406029,7033,1.69,ok
1790950910.407529,7034,1.42,ok
1790950911.409251,7035,1.54,ok
1790950912.410875,7036,1.44,ok
1790950913.412601,7037,1.54,ok
1790950914.414184,7038,1.42,ok
1790950915.415708,7039,1.46,ok
1790950916.417380,7040,1.49,ok
1790950917.419114,7041,1.55,ok
1790950918.420686,7042,1.42,ok
1790950919.422483,7043,1.60,ok
1790950920.424206,7044,1.53,ok
1790950921.426016,7045,1.52,ok
1790950922.427737,7046,1.45,ok
1790950923.429794,7047,1.87,ok
1790950924.431889,7048,1.81,ok
1790950925.433650,7049,1.54,ok
1790950926.435343,7050,1.47,ok
1790950927.437285,7051,1.66,ok
1790950928.438042,7052,1.55,ok
1790950929.439617,7053,1.49,ok
1790950930.441278,7054,1.43,ok
1790950931.442999,7055,1.45,ok
1790950932.444564,7056,1.51,ok
1790950933.446090,7057,1.47,ok
1790950934.447723,7058,1.56,ok
1790950935.449661,7059,1.78,ok
1790950936.451340,7060,1.56,ok
1790950937.452947,7061,1.52,ok
1790950938.454578,7062,1.55,ok
1790950939.456086,7063,1.44,ok
1790950940.457416,7064,1.63,ok
1790950941.459303,7065,1.70,ok
1790950942.461076,7066,1.59,ok
1790950943.461680,7067,1.34,ok
1790950944.463300,7068,1.55,ok
1790950945.465000,7069,1.61,ok
1790950946.466810,7070,1.62,ok
1790950947.468851,7071,1.84,ok
1790950948.469828,7072,1.47,ok
1790950949.471568,7073,1.51,ok
1790950950.473197,7074,1.44,ok
1790950951.474539,7075,1.55,ok
1790950952.476051,7076,1.31,ok
1790950953.477776,7077,1.45,ok
1790950954.479500,7078,1.46,ok
1790950955.480513,7079,1.54,ok
1790950956.482686,7080,2.06,ok
1790950957.482690,7081,1.62,ok
1790950958.484411,7082,1.47,ok
1790950959.485977,7083,1.52,ok
1790950960.487673,7084,1.46,ok
1790950961.489366,7085,1.49,ok
1790950962.491180,7086,1.55,ok
1790950963.492960,7087,1.54,ok
1790950964.494606,7088,1.40,ok
1790950965.496200,7089,1.40,ok
1790950966.497933,7090,1.49,ok
1790950967.499652,7091,1.47,ok
1790950968.501253,7092,1.36,ok
1790950969.503021,7093,1.52,ok
1790950970.504473,7094,1.40,ok
1790950971.506123,7095,1.42,ok
1790950972.507890,7096,1.51,ok
1790950973.509762,7097,1.63,ok
1790950974.511647,7098,1.63,ok
1790950975.513285,7099,1.39,ok
1790950976.515017,7100,1.48,ok
1790950977.516787,7101,1.51,ok
1790950978.518676,7102,1.65,ok
1790950979.520525,7103,1.61,ok
1790950980.522469,7104,1.69,ok
1790950981.524349,7105,1.62,ok
1790950982.526912,7106,2.29,ok
1790950983.527696,7107,1.51,ok
1790950984.529375,7108,1.51,ok
1790950985.530371,7109,1.49,ok
1790950986.532124,7110,1.57,ok
1790950987.534031,7111,1.70,ok
1790950988.535895,7112,1.62,ok
1790950989.537584,7113,1.45,ok
1790950990.539285,7114,1.45,ok
1790950991.540945,7115,1.49,ok
1790950992.542556,7116,1.53,ok
1790950993.544262,7117,1.51,ok
1790950994.545755,7118,1.41,ok
1790950995.547378,7119,1.54,ok
1790950996.549135,7120,1.55,ok
1790950997.550034,7121,1.83,ok
1790950998.551462,7122,1.34,ok
1790950999.553155,7123,1.50,ok
1790951000.554765,7124,1.51,ok
1790951001.556378,7125,1.43,ok
1790951002.558104,7126,1.54,ok
1790951003.560147,7127,1.84,ok
1790951004.561861,7128,1.49,ok
1790951005.563593,7129,1.51,ok
1790951006.565028,7130,1.37,ok
1790951007.567162,7131,1.96,ok
1790951008.567835,7132,1.47,ok
1790951009.569613,7133,1.60,ok
1790951010.571254,7134,1.45,ok
1790951011.573901,7135,2.46,ok
1790951012.574717,7136,1.62,ok
1790951013.576403,7137,1.50,ok
1790951014.577967,7138,1.50,ok
1790951015.578734,7139,1.36,ok
1790951016.580533,7140,1.55,ok
1790951017.582426,7141,1.63,ok
1790951018.584076,7142,1.41,ok
1790951019.585792,7143,1.45,ok
1790951020.587773,7144,1.71,ok
1790951021.589503,7145,1.48,ok
1790951022.591861,7146,2.17,ok
1790951023.592477,7147,1.44,ok
1790951024.593804,7148,1.43,ok
1790951025.595570,7149,1.56,ok
1790951026.597269,7150,1.48,ok
1790951027.598060,7151,1.55,ok
1790951028.599722,7152,1.46,ok
1790951029.601402,7153,1.48,ok
1790951030.603112,7154,1.51,ok
1790951031.604748,7155,1.49,ok
1790951032.606626,7156,1.66,ok
1790951033.608260,7157,1.44,ok
1790951034.609980,7158,1.48,ok
1790951035.611606,7159,1.41,ok
1790951036.613204,7160,1.33,ok
1790951037.615053,7161,1.57,ok
1790951038.617034,7162,1.72,ok
1790951039.618078,7163,1.53,ok
1790951040.619513,7164,1.38,ok
1790951041.621276,7165,1.53,ok
1790951042.623168,7166,1.64,ok
1790951043.624961,7167,1.56,ok
1790951044.626693,7168,1.49,ok
1790951045.628420,7169,1.56,ok
1790951046.630216,7170,1.54,ok
1790951047.632000,7171,1.52,ok
1790951048.633935,7172,1.66,ok
1790951049.636232,7173,1.99,ok
1790951050.636865,7174,1.42,ok
1790951051.637906,7175,1.43,ok
1790951052.639502,7176,1.46,ok
1790951053.641712,7177,2.00,ok
1790951054.642732,7178,1.78,ok
1790951055.644449,7179,1.39,ok
1790951056.646230,7180,1.53,ok
1790951057.647988,7181,1.48,ok
1790951058.649577,7182,1.51,ok
1790951059.651590,7183,1.76,ok
1790951060.653313,7184,1.62,ok
1790951061.654925,7185,1.50,ok
1790951062.656774,7186,1.64,ok
1790951063.658582,7187,1.62,ok
1790951064.660239,7188,1.48,ok
1790951065.661888,7189,1.57,ok
1790951066.663458,7190,1.46,ok
1790951067.665080,7191,1.49,ok
1790951068.666846,7192,1.61,ok
1790951069.668686,7193,1.66,ok
1790951070.670522,7194,1.63,ok
1790951071.672273,7195,1.55,ok
1790951072.674380,7196,1.86,ok
1790951073.676060,7197,1.59,ok
1790951074.677774,7198,1.62,ok
1790951075.679603,7199,1.61,ok
1790951076.681104,7200,1.39,ok
1790951077.683078,7201,1.76,ok
1790951078.684889,7202,1.60,ok
1790951079.686090,7203,1.62,ok
1790951080.687867,7204,1.56,ok
1790951081.689487,7205,1.44,ok
1790951082.691181,7206,1.49,ok
1790951083.693138,7207,1.75,ok
1790951084.694922,7208,1.60,ok
1790951085.696476,7209,1.38,ok
1790951086.697948,7210,1.39,ok
1790951087.699698,7211,1.56,ok
1790951088.701554,7212,1.67,ok
1790951089.703467,7213,1.70,ok
1790951090.705267,7214,1.61,ok
1790951091.706881,7215,1.49,ok
1790951092.708456,7216,1.39,ok
1790951093.710166,7217,1.55,ok
1790951094.711882,7218,1.59,ok
1790951095.713377,7219,1.41,ok
1790951096.715344,7220,1.87,ok
1790951097.716954,7221,1.43,ok
1790951098.718095,7222,1.72,ok
1790951099.719885,7223,1.59,ok
1790951100.723257,7224,3.15,ok
1790951101.722898,7225,1.55,ok
1790951102.724832,7226,1.75,ok
1790951103.725739,7227,1.42,ok
1790951104.728116,7228,2.18,ok
1790951105.728854,7229,1.54,ok
1790951106.730485,7230,1.53,ok
1790951107.732093,7231,1.42,ok
1790951108.734320,7232,2.05,ok
1790951109.735136,7233,1.63,ok
1790951110.736888,7234,1.49,ok
1790951111.738506,7235,1.51,ok
1790951112.739957,7236,1.39,ok
1790951113.741901,7237,1.77,ok
1790951114.743670,7238,1.56,ok
1790951115.745242,7239,1.39,ok
1790951116.746802,7240,1.44,ok
1790951117.748661,7241,1.63,ok
1790951118.750139,7242,1.67,ok
1790951119.751845,7243,1.56,ok
1790951120.753575,7244,1.51,ok
1790951121.755202,7245,1.76,ok
1790951122.757093,7246,1.63,ok
1790951123.758002,7247,1.44,ok
1790951124.759988,7248,1.72,ok
1790951125.761885,7249,1.62,ok
1790951126.763661,7250,1.44,ok
1790951127.765465,7251,1.55,ok
1790951128.767614,7252,1.89,ok
1790951129.768536,7253,1.68,ok
1790951130.770041,7254,1.53,ok
1790951131.771940,7255,1.66,ok
1790951132.774311,7256,2.10,ok
1790951133.774952,7257,1.39,ok
1790951134.776701,7258,1.60,ok
1790951135.778458,7259,1.51,ok
1790951136.780336,7260,1.62,ok
1790951137.782069,7261,1.50,ok
1790951138.783951,7262,1.61,ok
1790951139.785568,7263,1.34,ok
1790951140.787334,7264,1.52,ok
1790951141.788989,7265,1.47,ok
1790951142.791287,7266,2.12,ok
1790951143.791806,7267,1.34,ok
1790951144.793974,7268,1.96,ok
1790951145.793886,7269,1.52,ok
1790951146.795673,7270,1.71,ok
1790951147.797454,7271,1.60,ok
1790951148.798880,7272,1.35,ok
1790951149.801321,7273,2.20,ok
1790951150.802220,7274,1.69,ok
1790951151.804012,7275,1.59,ok
1790951152.805503,7276,1.42,ok
1790951153.807069,7277,1.50,ok
1790951154.808575,7278,1.34,ok
1790951155.809848,7279,1.36,ok
1790951156.811636,7280,1.55,ok
1790951157.813542,7281,1.63,ok
1790951158.815313,7282,1.54,ok
1790951159.817351,7283,1.79,ok
1790951160.819093,7284,1.49,ok
1790951161.820798,7285,1.47,ok
1790951162.822485,7286,1.42,ok
1790951163.824378,7287,1.63,ok
1790951164.826216,7288,1.71,ok
1790951165.827962,7289,1.49,ok
1790951166.829620,7290,1.43,ok
1790951167.831587,7291,1.70,ok
1790951168.833366,7292,1.52,ok
1790951169.835147,7293,1.49,ok
1790951170.836922,7294,1.49,ok
1790951171.838672,7295,1.51,ok
1790951172.840465,7296,1.51,ok
1790951173.842234,7297,1.68,ok
1790951174.843969,7298,1.48,ok
1790951175.845813,7299,1.58,ok
1790951176.847601,7300,1.53,ok
1790951177.849328,7301,1.48,ok
1790951178.850963,7302,1.41,ok
1790951179.852928,7303,1.70,ok
1790951180.855556,7304,2.39,ok
1790951181.856320,7305,1.56,ok
1790951182.857952,7306,1.46,ok
1790951183.859714,7307,1.50,ok
1790951184.861438,7308,1.47,ok
1790951185.863294,7309,1.58,ok
1790951186.865042,7310,1.50,ok
1790951187.867136,7311,1.85,ok
1790951188.868950,7312,1.55,ok
1790951189.870834,7313,1.60,ok
1790951190.872588,7314,1.52,ok
1790951191.873887,7315,1.54,ok
1790951192.875508,7316,1.42,ok
1790951193.877185,7317,1.45,ok
1790951194.879156,7318,1.71,ok
1790951195.880946,7319,1.53,ok
1790951196.882631,7320,1.44,ok
1790951197.884732,7321,1.82,ok
1790951198.886503,7322,1.51,ok
1790951199.888263,7323,1.50,ok
1790951200.889951,7324,1.50,ok
1790951201.891734,7325,1.52,ok
1790951202.893281,7326,1.46,ok
1790951203.895078,7327,1.50,ok
1790951204.896585,7328,1.42,ok
1790951205.898078,7329,1.41,ok
1790951206.899880,7330,1.64,ok
1790951207.901655,7331,1.48,ok
1790951208.903436,7332,1.53,ok
1790951209.905058,7333,1.55,ok
1790951210.905979,7334,1.64,ok
1790951211.907708,7335,1.66,ok
1790951212.909535,7336,1.60,ok
1790951213.911272,7337,1.52,ok
1790951214.913005,7338,1.42,ok
1790951215.914042,7339,1.46,ok
1790951216.915795,7340,1.51,ok
1790951217.917546,7341,1.52,ok
1790951218.919227,7342,1.43,ok
1790951219.920970,7343,1.48,ok
1790951220.922706,7344,1.48,ok
1790951221.924398,7345,1.44,ok
1790951222.925958,7346,1.37,ok
1790951223.927711,7347,1.51,ok
1790951224.929361,7348,1.49,ok
1790951225.931039,7349,1.43,ok
1790951226.932742,7350,1.44,ok
1790951227.934246,7351,1.72,ok
1790951228.936019,7352,1.48,ok
1790951229.937625,7353,1.53,ok
1790951230.939153,7354,1.39,ok
1790951231.939972,7355,1.58,ok
1790951232.940628,7356,1.43,ok
1790951233.941923,7357,1.43,ok
1790951234.943592,7358,1.49,ok
1790951235.945136,7359,1.37,ok
1790951236.945966,7360,1.48,ok
1790951237.947654,7361,1.50,ok
1790951238.949292,7362,1.44,ok
1790951239.951129,7363,1.65,ok
1790951240.952864,7364,1.53,ok
1790951241.954553,7365,1.49,ok
1790951242.956390,7366,1.65,ok
1790951243.958680,7367,2.23,ok
1790951244.959442,7368,1.57,ok
1790951245.961031,7369,1.53,ok
1790951246.961919,7370,1.44,ok
1790951247.964854,7371,2.73,ok
1790951248.965628,7372,1.57,ok
1790951249.967348,7373,1.52,ok
1790951250.968792,7374,1.36,ok
1790951251.969709,7375,1.36,ok
1790951252.971304,7376,1.42,ok
1790951253.972995,7377,1.60,ok
1790951254.973774,7378,1.43,ok
1790951255.975633,7379,1.69,ok
1790951256.977200,7380,1.43,ok
1790951257.977972,7381,1.53,ok
1790951258.979828,7382,1.49,ok
1790951259.981627,7383,1.70,ok
1790951260.983448,7384,1.64,ok
1790951261.985129,7385,1.50,ok
1790951262.986805,7386,1.50,ok
1790951263.988192,7387,1.33,ok
1790951264.989965,7388,1.49,ok
1790951265.992004,7389,1.77,ok
1790951266.994037,7390,1.59,ok
1790951267.995913,7391,1.61,ok
1790951268.998431,7392,2.24,ok
1790951269.999214,7393,1.49,ok
1790951271.001015,7394,1.51,ok
1790951272.002745,7395,1.47,ok
1790951273.004195,7396,1.31,ok
1790951274.005884,7397,1.50,ok
1790951275.007783,7398,1.61,ok
1790951276.009569,7399,1.53,ok
1790951277.011172,7400,1.43,ok
1790951278.012778,7401,1.43,ok
1790951279.014556,7402,1.60,ok
1790951280.016265,7403,1.43,ok
1790951281.017828,7404,1.37,ok
1790951282.018764,7405,1.41,ok
1790951283.020367,7406,1.43,ok
1790951284.022056,7407,1.50,ok
1790951285.023769,7408,1.43,ok
1790951286.025559,7409,1.52,ok
1790951287.027681,7410,1.86,ok
1790951288.028375,7411,1.49,ok
1790951289.029963,7412,1.53,ok
1790951290.032498,7413,2.33,ok
1790951291.033234,7414,1.50,ok
1790951292.034975,7415,1.52,ok
1790951293.036619,7416,1.44,ok
1790951294.038410,7417,1.60,ok
1790951295.040099,7418,1.49,ok
1790951296.041853,7419,1.50,ok
1790951297.043649,7420,1.52,ok
1790951298.045187,7421,1.36,ok
1790951299.046942,7422,1.47,ok
1790951300.048571,7423,1.45,ok
1790951301.050267,7424,1.50,ok
1790951302.052107,7425,1.57,ok
1790951303.053860,7426,1.56,ok
1790951304.055643,7427,1.54,ok
1790951305.057281,7428,1.44,ok
1790951306.058877,7429,1.42,ok
1790951307.061524,7430,2.47,ok
1790951308.062132,7431,1.44,ok
1790951309.063789,7432,1.48,ok
1790951310.065562,7433,1.50,ok
1790951311.067447,7434,1.71,ok
1790951312.069052,7435,1.42,ok
1790951313.070736,7436,1.41,ok
1790951314.072424,7437,1.51,ok
1790951315.074114,7438,1.43,ok
1790951316.075712,7439,1.42,ok
1790951317.077337,7440,1.45,ok
1790951318.078802,7441,1.40,ok
1790951319.080375,7442,1.41,ok
1790951320.082109,7443,1.47,ok
1790951321.083559,7444,1.39,ok
1790951322.085355,7445,1.54,ok
1790951323.087043,7446,1.48,ok
1790951324.088947,7447,1.61,ok
1790951325.090078,7448,1.57,ok
1790951326.092011,7449,1.66,ok
1790951327.093760,7450,1.53,ok
1790951328.096476,7451,2.50,ok
1790951329.097219,7452,1.57,ok
1790951330.098650,7453,1.36,ok
1790951331.100353,7454,1.45,ok
1790951332.102040,7455,1.48,ok
1790951333.103580,7456,1.45,ok
1790951334.104996,7457,1.36,ok
1790951335.106865,7458,1.53,ok
1790951336.108350,7459,1.35,ok
1790951337.109823,7460,1.45,ok
1790951338.111564,7461,1.53,ok
1790951339.113115,7462,1.47,ok
1790951340.114836,7463,1.53,ok
1790951341.115573,7464,1.54,ok
1790951342.117372,7465,1.63,ok
1790951343.119320,7466,1.68,ok
1790951344.120814,7467,1.42,ok
1790951345.122050,7468,1.50,ok
1790951346.123749,7469,1.46,ok
1790951347.125570,7470,1.55,ok
1790951348.127255,7471,1.57,ok
1790951349.129585,7472,2.09,ok
1790951350.129975,7473,1.56,ok
1790951351.131752,7474,1.52,ok
1790951352.133399,7475,1.42,ok
1790951353.135187,7476,1.53,ok
1790951354.136767,7477,1.43,ok
1790951355.138556,7478,1.48,ok
1790951356.141074,7479,2.34,ok
1790951357.141803,7480,1.48,ok
1790951358.143567,7481,1.52,ok
1790951359.145251,7482,1.50,ok
1790951360.147012,7483,1.50,ok
1790951361.148447,7484,1.38,ok
1790951362.150229,7485,1.56,ok
1790951363.151925,7486,1.44,ok
1790951364.153620,7487,1.46,ok
1790951365.155342,7488,1.48,ok
1790951366.157269,7489,1.68,ok
1790951367.159366,7490,1.83,ok
1790951368.161110,7491,1.53,ok
1790951369.162960,7492,1.61,ok
1790951370.165857,7493,2.65,ok
1790951371.166755,7494,1.63,ok
1790951372.168822,7495,1.93,ok
1790951373.170708,7496,1.66,ok
1790951374.172403,7497,1.50,ok
1790951375.174262,7498,1.61,ok
1790951376.176121,7499,1.61,ok
1790951377.177851,7500,1.47,ok
1790951378.179418,7501,1.45,ok
1790951379.181513,7502,1.82,ok
1790951380.183216,7503,1.55,ok
1790951381.185004,7504,1.62,ok
1790951382.186620,7505,1.48,ok
1790951383.188825,7506,1.93,ok
1790951384.189694,7507,1.72,ok
1790951385.191526,7508,1.60,ok
1790951386.193289,7509,1.58,ok
1790951387.194962,7510,1.41,ok
1790951388.197287,7511,2.15,ok
1790951389.198233,7512,1.73,ok
1790951390.199816,7513,1.36,ok
1790951391.201607,7514,1.54,ok
1790951392.203192,7515,1.47,ok
1790951393.204968,7516,1.52,ok
1790951394.206761,7517,1.56,ok
1790951395.208531,7518,1.49,ok
1790951396.210431,7519,1.61,ok
1790951397.212236,7520,1.55,ok
1790951398.213988,7521,1.51,ok
1790951399.215980,7522,1.75,ok
1790951400.217684,7523,1.46,ok
1790951401.219670,7524,1.68,ok
1790951402.221707,7525,1.77,ok
1790951403.223676,7526,1.73,ok
1790951404.225400,7527,1.81,ok
1790951405.227178,7528,1.71,ok
1790951406.228968,7529,1.75,ok
1790951407.230747,7530,1.60,ok
1790951408.231864,7531,1.92,ok
1790951409.233896,7532,1.96,ok
1790951410.234931,7533,1.91,ok
1790951411.236999,7534,2.08,ok
1790951412.237973,7535,1.98,ok
1790951413.238789,7536,2.22,ok
1790951414.239751,7537,1.92,ok
1790951415.241606,7538,1.78,ok
1790951416.243361,7539,1.82,ok
1790951417.245406,7540,2.14,ok
1790951418.246543,7541,2.19,ok
1790951419.247619,7542,2.01,ok
1790951420.248704,7543,2.08,ok
1790951421.249847,7544,2.11,ok
1790951422.250802,7545,2.02,ok
1790951423.251712,7546,1.94,ok
1790951424.253889,7547,2.07,ok
1790951425.255016,7548,2.19,ok
1790951426.255985,7549,1.87,ok
1790951427.257970,7550,2.10,ok
1790951428.258798,7551,1.90,ok
1790951429.261323,7552,2.44,ok
1790951430.262409,7553,2.06,ok
1790951431.262733,7554,1.99,ok
1790951432.264020,7555,2.23,ok
1790951433.264972,7556,1.90,ok
1790951434.267549,7557,2.51,ok
1790951435.268517,7558,1.99,ok
1790951436.269670,7559,2.05,ok
1790951437.270676,7560,2.04,ok
1790951438.272395,7561,2.62,ok
1790951439.272686,7562,2.15,ok
1790951440.273728,7563,2.17,ok
1790951441.274496,7564,1.83,ok
1790951442.276418,7565,2.05,ok
1790951443.277319,7566,1.90,ok
1790951444.279284,7567,2.11,ok
1790951445.280173,7568,1.95,ok
1790951446.281282,7569,2.00,ok
1790951447.283285,7570,2.90,ok
1790951448.284380,7571,2.13,ok
1790951449.285413,7572,2.07,ok
1790951450.286333,7573,1.97,ok
1790951451.287118,7574,1.90,ok
1790951452.289191,7575,1.99,ok
1790951453.290358,7576,2.13,ok
1790951454.293238,7577,3.95,ok
1790951455.293579,7578,2.30,ok
1790951456.295429,7579,2.93,ok
1790951457.296390,7580,1.91,ok
1790951458.298451,7581,1.95,ok
1790951459.299246,7582,1.80,ok
1790951460.301302,7583,2.06,ok
1790951461.302491,7584,2.09,ok
1790951462.303817,7585,2.28,ok
1790951463.304251,7586,1.89,ok
1790951464.306795,7587,2.44,ok
1790951465.307219,7588,2.06,ok
1790951466.308332,7589,2.11,ok
1790951467.309345,7590,2.04,ok
1790951468.310513,7591,2.10,ok
1790951469.311974,7592,2.39,ok
1790951470.312965,7593,2.07,ok
1790951471.313913,7594,1.95,ok
1790951472.315077,7595,2.07,ok
1790951473.315885,7596,1.82,ok
1790951474.318431,7597,2.57,ok
1790951475.319470,7598,1.95,ok
1790951476.320528,7599,1.97,ok
1790951477.321646,7600,2.24,ok
1790951478.322721,7601,1.95,ok
1790951479.323993,7602,2.26,ok
1790951480.325056,7603,2.04,ok
1790951481.325992,7604,1.93,ok
1790951482.327948,7605,1.93,ok
1790951483.329119,7606,2.32,ok
1790951484.329969,7607,1.80,ok
1790951485.332394,7608,2.52,ok
1790951486.333381,7609,2.05,ok
1790951487.334555,7610,2.10,ok
1790951488.335617,7611,2.10,ok
1790951489.336810,7612,2.28,ok
1790951490.337849,7613,2.00,ok
1790951491.339080,7614,2.20,ok
1790951492.340329,7615,2.14,ok
1790951493.341479,7616,2.07,ok
1790951494.342527,7617,2.03,ok
1790951495.343539,7618,1.99,ok
1790951496.344111,7619,2.17,ok
1790951497.345139,7620,1.91,ok
1790951498.346106,7621,2.02,ok
1790951499.347077,7622,1.96,ok
1790951500.348189,7623,2.05,ok
1790951501.349793,7624,2.55,ok
1790951502.350549,7625,1.85,ok
1790951503.352496,7626,2.04,ok
1790951504.353604,7627,2.12,ok
1790951505.354800,7628,2.24,ok
1790951506.355704,7629,1.89,ok
1790951507.357699,7630,1.92,ok
1790951508.359905,7631,2.17,ok
1790951509.361011,7632,2.01,ok
1790951510.362184,7633,2.11,ok
1790951511.363622,7634,2.50,ok
1790951512.364004,7635,2.07,ok
1790951513.364870,7636,2.07,ok
1790951514.365856,7637,2.01,ok
1790951515.366942,7638,2.02,ok
1790951516.368067,7639,2.11,ok
1790951517.369072,7640,2.00,ok
1790951518.369920,7641,1.85,ok
1790951519.371009,7642,1.90,ok
1790951520.373183,7643,2.07,ok
1790951521.374119,7644,2.00,ok
1790951522.375211,7645,2.01,ok
1790951523.376194,7646,1.90,ok
1790951524.378098,7647,1.92,ok
1790951525.380719,7648,2.58,ok
1790951526.381602,7649,1.95,ok
1790951527.382625,7650,2.12,ok
1790951528.383642,7651,2.57,ok
1790951529.384663,7652,1.78,ok
1790951530.386278,7653,1.53,ok
1790951531.388193,7654,1.64,ok
1790951532.390028,7655,1.64,ok
1790951533.391757,7656,1.49,ok
1790951534.393904,7657,1.88,ok
1790951535.394715,7658,1.56,ok
1790951536.396575,7659,1.59,ok
1790951537.398548,7660,1.73,ok
1790951538.400412,7661,1.55,ok
1790951539.402043,7662,1.53,ok
1790951540.403975,7663,1.62,ok
1790951541.405757,7664,1.53,ok
1790951542.407405,7665,1.37,ok
1790951543.409004,7666,1.42,ok
1790951544.409929,7667,1.43,ok
1790951545.411744,7668,1.54,ok
1790951546.413349,7669,1.40,ok
1790951547.415134,7670,1.49,ok
1790951548.416585,7671,1.39,ok
1790951549.418165,7672,1.35,ok
1790951550.419742,7673,1.38,ok
1790951551.421819,7674,1.83,ok
1790951552.423425,7675,1.34,ok
1790951553.425090,7676,1.49,ok
1790951554.426019,7677,1.61,ok
1790951555.427548,7678,1.29,ok
1790951556.429104,7679,1.40,ok
1790951557.430872,7680,1.50,ok
1790951558.432632,7681,1.49,ok
1790951559.434164,7682,1.42,ok
1790951560.435931,7683,1.53,ok
1790951561.437588,7684,1.42,ok
1790951562.439600,7685,1.71,ok
1790951563.441324,7686,1.48,ok
1790951564.443072,7687,1.57,ok
1790951565.444865,7688,1.53,ok
1790951566.446622,7689,1.50,ok
1790951567.448339,7690,1.47,ok
1790951568.450420,7691,2.10,ok
1790951569.451212,7692,1.56,ok
1790951570.452881,7693,1.42,ok
1790951571.454956,7694,1.84,ok
1790951572.456542,7695,1.35,ok
1790951573.458263,7696,1.47,ok
1790951574.460045,7697,1.55,ok
1790951575.461808,7698,1.49,ok
1790951576.463519,7699,1.49,ok
1790951577.465217,7700,1.54,ok
1790951578.466063,7701,1.54,ok
1790951579.467810,7702,1.51,ok
1790951580.469514,7703,1.39,ok
1790951581.471377,7704,1.55,ok
1790951582.473159,7705,1.51,ok
1790951583.474974,7706,1.54,ok
1790951584.476501,7707,1.47,ok
1790951585.478435,7708,1.86,ok
1790951586.480140,7709,1.63,ok
1790951587.482035,7710,1.66,ok
1790951588.483830,7711,1.56,ok
1790951589.485459,7712,1.40,ok
1790951590.487542,7713,1.86,ok
1790951591.489305,7714,1.49,ok
1790951592.491072,7715,1.53,ok
1790951593.492791,7716,1.47,ok
1790951594.494917,7717,1.95,ok
1790951595.495773,7718,1.56,ok
1790951596.497555,7719,1.52,ok
1790951597.499347,7720,1.54,ok
1790951598.501403,7721,1.79,ok
1790951599.503198,7722,1.52,ok
1790951600.504986,7723,1.58,ok
1790951601.506690,7724,1.48,ok
1790951602.508790,7725,1.91,ok
1790951603.510617,7726,1.62,ok
1790951604.511715,7727,1.44,ok
1790951605.513515,7728,1.54,ok
1790951606.515157,7729,1.48,ok
1790951607.517077,7730,1.58,ok
1790951608.518924,7731,1.53,ok
1790951609.520779,7732,1.56,ok
1790951610.522477,7733,1.45,ok
1790951611.524405,7734,1.65,ok
1790951612.525998,7735,1.34,ok
1790951613.527597,7736,1.53,ok
1790951614.529430,7737,1.60,ok
1790951615.531853,7738,2.13,ok
1790951616.532613,7739,1.52,ok
1790951617.534914,7740,2.03,ok
1790951618.535741,7741,1.58,ok
1790951619.537679,7742,1.70,ok
1790951620.539425,7743,1.51,ok
1790951621.541165,7744,1.58,ok
1790951622.541910,7745,1.46,ok
1790951623.543506,7746,1.42,ok
1790951624.545225,7747,1.53,ok
1790951625.546929,7748,1.52,ok
1790951626.548520,7749,1.40,ok
1790951627.550266,7750,1.55,ok
1790951628.550962,7751,1.52,ok
1790951629.552325,7752,2.17,ok
1790951630.552099,7753,1.52,ok
1790951631.553732,7754,1.56,ok
1790951632.555521,7755,1.70,ok
1790951633.557261,7756,1.53,ok
1790951634.559075,7757,1.63,ok
1790951635.560735,7758,1.47,ok
1790951636.562318,7759,1.49,ok
1790951637.564182,7760,1.68,ok
1790951638.565878,7761,1.52,ok
1790951639.567633,7762,1.58,ok
1790951640.569339,7763,1.54,ok
1790951641.571088,7764,1.54,ok
1790951642.572858,7765,1.68,ok
1790951643.574534,7766,1.50,ok
1790951644.576398,7767,1.67,ok
1790951645.578179,7768,1.67,ok
1790951646.579908,7769,1.55,ok
1790951647.581686,7770,1.63,ok
1790951648.583746,7771,1.86,ok
1790951649.585986,7772,1.99,ok
1790951650.586756,7773,1.51,ok
1790951651.588527,7774,1.59,ok
1790951652.590175,7775,1.55,ok
1790951653.591871,7776,1.44,ok
1790951654.593591,7777,1.53,ok
1790951655.595318,7778,1.53,ok
1790951656.596885,7779,1.40,ok
1790951657.599068,7780,1.99,ok
1790951658.599772,7781,1.52,ok
1790951659.601444,7782,1.49,ok
1790951660.603173,7783,1.53,ok
1790951661.605678,7784,2.30,ok
1790951662.606112,7785,1.64,ok
1790951663.607808,7786,1.51,ok
1790951664.609683,7787,1.66,ok
1790951665.611482,7788,1.73,ok
1790951666.613278,7789,1.62,ok
1790951667.615232,7790,1.70,ok
1790951668.617261,7791,1.84,ok
1790951669.618973,7792,1.61,ok
1790951670.620704,7793,1.54,ok
1790951671.622416,7794,1.52,ok
1790951672.624377,7795,1.74,ok
1790951673.626188,7796,1.63,ok
1790951674.628042,7797,1.71,ok
1790951675.629836,7798,1.54,ok
1790951676.631543,7799,1.54,ok
1790951677.633381,7800,1.58,ok
1790951678.635113,7801,1.46,ok
1790951679.636853,7802,1.49,ok
1790951680.638634,7803,1.52,ok
1790951681.640486,7804,1.60,ok
1790951682.642227,7805,1.48,ok
1790951683.644027,7806,1.66,ok
1790951684.645708,7807,1.44,ok
1790951685.647459,7808,1.50,ok
1790951686.649160,7809,1.50,ok
1790951687.651102,7810,1.70,ok
1790951688.652876,7811,1.59,ok
1790951689.654666,7812,1.52,ok
1790951690.656400,7813,1.49,ok
1790951691.658756,7814,2.01,ok
1790951692.659323,7815,1.45,ok
1790951693.660927,7816,1.55,ok
1790951694.662676,7817,1.45,ok
1790951695.664373,7818,1.46,ok
1790951696.666378,7819,1.75,ok
1790951697.668141,7820,1.51,ok
1790951698.669977,7821,1.56,ok
1790951699.671793,7822,1.52,ok
1790951700.673694,7823,1.67,ok
1790951701.675649,7824,1.72,ok
1790951702.677344,7825,1.43,ok
1790951703.679167,7826,1.58,ok
1790951704.682001,7827,2.58,ok
1790951705.681868,7828,1.58,ok
1790951706.683569,7829,1.51,ok
1790951707.685261,7830,1.50,ok
1790951708.686980,7831,1.50,ok
1790951709.688826,7832,1.66,ok
1790951710.689773,7833,1.46,ok
1790951711.691420,7834,1.47,ok
1790951712.693003,7835,1.42,ok
1790951713.694150,7836,1.70,ok
1790951714.695877,7837,1.63,ok
1790951715.697837,7838,1.78,ok
1790951716.699506,7839,1.49,ok
1790951717.701568,7840,1.88,ok
1790951718.703332,7841,1.48,ok
1790951719.705161,7842,1.65,ok
1790951720.707146,7843,1.74,ok
1790951721.709061,7844,1.61,ok
1790951722.711023,7845,1.72,ok
1790951723.712954,7846,1.56,ok
1790951724.714860,7847,1.66,ok
1790951725.716479,7848,1.33,ok
1790951726.718354,7849,1.64,ok
1790951727.720082,7850,1.46,ok
1790951728.721922,7851,1.69,ok
1790951729.723750,7852,1.60,ok
1790951730.725533,7853,1.54,ok
1790951731.727272,7854,1.48,ok
1790951732.729172,7855,1.65,ok
1790951733.730906,7856,1.49,ok
1790951734.733004,7857,1.90,ok
1790951735.734759,7858,1.52,ok
1790951736.736510,7859,1.46,ok
1790951737.737983,7860,1.48,ok
1790951738.740110,7861,1.84,ok
1790951739.742069,7862,1.68,ok
1790951740.743855,7863,1.52,ok
1790951741.745935,7864,1.81,ok
1790951742.747546,7865,1.46,ok
1790951743.749448,7866,1.63,ok
1790951744.751403,7867,1.86,ok
1790951745.752928,7868,1.45,ok
1790951746.754433,7869,1.41,ok
1790951747.757122,7870,2.47,ok
1790951748.757795,7871,1.44,ok
1790951749.759614,7872,1.57,ok
1790951750.761277,7873,1.52,ok
1790951751.762884,7874,1.45,ok
1790951752.764613,7875,1.55,ok
1790951753.766379,7876,1.50,ok
1790951754.767986,7877,1.47,ok
1790951755.769560,7878,1.34,ok
1790951756.771292,7879,1.49,ok
1790951757.773049,7880,1.52,ok
1790951758.774964,7881,1.75,ok
1790951759.776598,7882,1.49,ok
1790951760.777942,7883,1.52,ok
1790951761.779718,7884,1.52,ok
1790951762.781297,7885,1.50,ok
1790951763.782838,7886,1.35,ok
1790951764.786020,7887,2.91,ok
1790951765.785755,7888,1.49,ok
1790951766.787549,7889,1.53,ok
1790951767.789378,7890,1.58,ok
1790951768.791849,7891,2.24,ok
1790951769.792590,7892,1.50,ok
1790951770.794044,7893,1.48,ok
1790951771.795507,7894,1.40,ok
1790951772.797202,7895,1.42,ok
1790951773.799191,7896,1.69,ok
1790951774.801004,7897,1.49,ok
1790951775.802888,7898,1.60,ok
1790951776.804614,7899,1.47,ok
1790951777.806599,7900,1.72,ok
1790951778.808400,7901,1.57,ok
1790951779.810176,7902,1.53,ok
1790951780.811904,7903,1.48,ok
1790951781.813794,7904,1.65,ok
1790951782.815488,7905,1.43,ok
1790951783.817157,7906,1.42,ok
1790951784.817828,7907,1.40,ok
1790951785.819629,7908,1.57,ok
1790951786.821306,7909,1.44,ok
1790951787.823039,7910,1.48,ok
1790951788.824968,7911,1.67,ok
1790951789.826510,7912,1.41,ok
1790951790.828167,7913,1.48,ok
1790951791.829939,7914,1.51,ok
1790951792.831684,7915,1.50,ok
1790951793.833460,7916,1.46,ok
1790951794.835393,7917,1.66,ok
1790951795.837028,7918,1.40,ok
1790951796.837928,7919,1.43,ok
1790951797.839761,7920,1.59,ok
1790951798.841584,7921,1.56,ok
1790951799.843388,7922,1.55,ok
1790951800.845069,7923,1.51,ok
1790951801.846774,7924,1.47,ok
1790951802.848471,7925,1.62,ok
1790951803.850283,7926,1.63,ok
1790951804.851953,7927,1.48,ok
1790951805.853636,7928,1.50,ok
1790951806.855377,7929,1.55,ok
1790951807.857341,7930,1.76,ok
1790951808.857913,7931,1.48,ok
1790951809.859739,7932,1.64,ok
1790951810.861404,7933,1.48,ok
1790951811.863128,7934,1.54,ok
1790951812.864655,7935,1.36,ok
1790951813.866276,7936,1.53,ok
1790951814.867505,7937,1.38,ok
1790951815.869230,7938,1.48,ok
1790951816.871003,7939,1.58,ok
1790951817.872949,7940,1.55,ok
1790951818.874651,7941,1.45,ok
1790951819.876916,7942,2.01,ok
1790951820.877427,7943,1.43,ok
1790951821.879113,7944,1.54,ok
1790951822.880629,7945,1.43,ok
1790951823.882139,7946,1.69,ok
1790951824.884159,7947,1.84,ok
1790951825.885905,7948,1.52,ok
1790951826.887693,7949,1.61,ok
1790951827.889880,7950,2.00,ok
1790951828.890595,7951,1.53,ok
1790951829.892339,7952,1.52,ok
1790951830.893951,7953,1.48,ok
1790951831.895549,7954,1.40,ok
1790951832.897339,7955,1.60,ok
1790951833.899128,7956,1.61,ok
1790951834.900909,7957,1.59,ok
1790951835.902737,7958,1.73,ok
1790951836.904353,7959,1.50,ok
1790951837.906076,7960,1.53,ok
1790951838.907736,7961,1.48,ok
1790951839.909570,7962,1.65,ok
1790951840.911367,7963,1.62,ok
1790951841.912913,7964,1.41,ok
1790951842.914470,7965,1.48,ok
1790951843.916225,7966,1.55,ok
1790951844.917752,7967,1.34,ok
1790951845.919435,7968,1.49,ok
1790951846.921092,7969,1.47,ok
1790951847.922790,7970,1.50,ok
1790951848.924384,7971,1.41,ok
1790951849.926178,7972,1.61,ok
1790951850.927849,7973,1.50,ok
1790951851.929526,7974,1.49,ok
1790951852.931106,7975,1.49,ok
1790951853.932772,7976,1.48,ok
1790951854.934740,7977,1.87,ok
1790951855.936524,7978,1.56,ok
1790951856.938083,7979,1.45,ok
1790951857.939774,7980,1.50,ok
1790951858.941324,7981,1.37,ok
1790951859.942927,7982,1.47,ok
1790951860.944626,7983,1.51,ok
1790951861.946832,7984,1.94,ok
1790951862.947642,7985,1.61,ok
1790951863.949422,7986,1.52,ok
1790951864.951023,7987,1.46,ok
1790951865.952853,7988,1.67,ok
1790951866.954119,7989,1.60,ok
1790951867.955878,7990,1.50,ok
1790951868.957382,7991,1.42,ok
1790951869.958999,7992,1.38,ok
1790951870.960632,7993,1.45,ok
1790951871.961979,7994,1.56,ok
1790951872.963728,7995,1.49,ok
1790951873.965462,7996,1.50,ok
1790951874.968028,7997,2.26,ok
1790951875.968634,7998,1.43,ok
1790951876.970388,7999,1.52,ok
1790951877.972154,8000,1.50,ok
1790951878.973975,8001,1.56,ok
1790951879.975726,8002,1.49,ok
1790951880.977448,8003,1.49,ok
1790951881.979268,8004,1.57,ok
1790951882.981391,8005,1.94,ok
1790951883.983112,8006,1.48,ok
1790951884.984936,8007,1.66,ok
1790951885.986022,8008,1.50,ok
1790951886.987788,8009,1.50,ok
1790951887.989375,8010,1.43,ok
1790951888.991122,8011,1.48,ok
1790951889.992721,8012,1.43,ok
1790951890.994037,8013,1.54,ok
1790951891.995799,8014,1.53,ok
1790951892.997542,8015,1.47,ok
1790951893.999192,8016,1.48,ok
1790951895.000853,8017,1.51,ok
1790951896.002534,8018,1.49,ok
1790951897.004323,8019,1.57,ok
1790951898.006021,8020,1.51,ok
1790951899.007709,8021,1.49,ok
1790951900.009575,8022,1.68,ok
1790951901.011264,8023,1.43,ok
1790951902.012964,8024,1.51,ok
1790951903.014821,8025,1.67,ok
1790951904.016536,8026,1.53,ok
1790951905.018340,8027,1.55,ok
1790951906.020147,8028,1.60,ok
1790951907.021840,8029,1.46,ok
1790951908.023399,8030,1.46,ok
1790951909.025398,8031,1.81,ok
1790951910.026966,8032,1.48,ok
1790951911.028658,8033,1.50,ok
1790951912.030020,8034,1.62,ok
1790951913.031835,8035,1.55,ok
1790951914.033850,8036,1.74,ok
1790951915.035531,8037,1.50,ok
1790951916.037265,8038,1.49,ok
1790951917.039506,8039,2.01,ok
1790951918.040331,8040,1.53,ok
1790951919.042124,8041,1.58,ok
1790951920.043863,8042,1.49,ok
1790951921.045604,8043,1.48,ok
1790951922.047374,8044,1.52,ok
1790951923.049060,8045,1.44,ok
1790951924.050823,8046,1.52,ok
1790951925.052519,8047,1.53,ok
1790951926.054264,8048,1.50,ok
1790951927.056017,8049,1.51,ok
1790951928.057569,8050,1.38,ok
1790951929.059259,8051,1.44,ok
1790951930.061068,8052,1.56,ok
1790951931.061966,8053,1.54,ok
1790951932.063813,8054,1.57,ok
1790951933.065415,8055,1.51,ok
1790951934.067817,8056,2.16,ok
1790951935.068563,8057,1.49,ok
1790951936.070349,8058,1.51,ok
1790951937.072002,8059,1.45,ok
1790951938.073688,8060,1.45,ok
1790951939.075296,8061,1.52,ok
1790951940.077204,8062,1.67,ok
1790951941.079163,8063,1.69,ok
1790951942.081023,8064,1.52,ok
1790951943.083065,8065,1.76,ok
1790951944.084743,8066,1.50,ok
1790951945.086364,8067,1.44,ok
1790951946.087908,8068,1.35,ok
1790951947.089463,8069,1.48,ok
1790951948.091091,8070,1.51,ok
1790951949.092872,8071,1.46,ok
1790951950.094442,8072,1.42,ok
1790951951.096752,8073,2.16,ok
1790951952.096955,8074,1.58,ok
1790951953.098846,8075,1.71,ok
1790951954.100609,8076,1.54,ok
1790951955.102918,8077,2.46,ok
1790951956.103701,8078,1.54,ok
1790951957.105439,8079,1.55,ok
1790951958.107157,8080,1.49,ok
1790951959.108797,8081,1.48,ok
1790951960.110490,8082,1.51,ok
1790951961.112328,8083,1.65,ok
1790951962.114034,8084,1.50,ok
1790951963.115679,8085,1.54,ok
1790951964.117354,8086,1.51,ok
1790951965.119015,8087,1.49,ok
1790951966.120709,8088,1.51,ok
1790951967.122296,8089,1.49,ok
1790951968.124103,8090,1.63,ok
1790951969.125782,8091,1.49,ok
1790951970.127505,8092,1.53,ok
1790951971.129077,8093,1.50,ok
1790951972.131774,8094,2.50,ok
1790951973.132395,8095,1.45,ok
1790951974.133985,8096,1.50,ok
1790951975.135619,8097,1.46,ok
1790951976.137150,8098,1.47,ok
1790951977.138843,8099,1.49,ok
1790951978.140708,8100,1.68,ok
1790951979.142380,8101,1.48,ok
1790951980.143936,8102,1.46,ok
1790951981.145535,8103,1.41,ok
1790951982.147041,8104,1.40,ok
1790951983.148714,8105,1.50,ok
1790951984.149808,8106,1.45,ok
1790951985.151497,8107,1.50,ok
1790951986.153169,8108,1.49,ok
1790951987.154861,8109,1.51,ok
1790951988.156537,8110,1.49,ok
1790951989.158597,8111,1.88,ok
1790951990.160546,8112,1.69,ok
1790951991.161986,8113,1.52,ok
1790951992.163667,8114,1.50,ok
1790951993.165728,8115,1.88,ok
1790951994.167406,8116,1.49,ok
1790951995.169086,8117,1.50,ok
1790951996.170792,8118,1.52,ok
1790951997.172562,8119,1.58,ok
1790951998.174191,8120,1.45,ok
1790951999.176046,8121,1.67,ok
1790952000.177829,8122,1.60,ok
1790952001.179330,8123,1.41,ok
1790952002.181108,8124,1.58,ok
1790952003.182804,8125,1.52,ok
1790952004.184639,8126,1.65,ok
1790952005.186306,8127,1.49,ok
1790952006.188488,8128,2.01,ok
1790952007.188932,8129,1.39,ok
1790952008.190633,8130,1.52,ok
1790952009.192454,8131,1.63,ok
1790952010.194661,8132,2.09,ok
1790952011.195510,8133,1.59,ok
1790952012.197293,8134,1.53,ok
1790952013.199035,8135,1.49,ok
1790952014.200662,8136,1.39,ok
1790952015.202736,8137,1.81,ok
1790952016.204527,8138,1.56,ok
1790952017.206167,8139,1.49,ok
1790952018.207805,8140,1.47,ok
1790952019.209973,8141,1.92,ok
1790952020.210084,8142,1.72,ok
1790952021.211801,8143,1.49,ok
1790952022.213352,8144,1.47,ok
1790952023.214066,8145,1.49,ok
1790952024.216029,8146,1.75,ok
1790952025.217521,8147,1.42,ok
1790952026.219358,8148,1.54,ok
1790952027.221305,8149,1.74,ok
1790952028.223052,8150,1.60,ok
1790952029.225222,8151,1.93,ok
1790952030.226135,8152,1.51,ok
1790952031.227264,8153,1.72,ok
1790952032.229187,8154,1.82,ok
1790952033.230902,8155,1.53,ok
1790952034.232696,8156,1.62,ok
1790952035.234725,8157,1.84,ok
1790952036.236502,8158,1.56,ok
1790952037.238212,8159,1.51,ok
1790952038.239894,8160,1.49,ok
1790952039.241475,8161,1.41,ok
1790952040.243183,8162,1.52,ok
1790952041.244859,8163,1.51,ok
1790952042.246530,8164,1.49,ok
1790952043.248014,8165,1.41,ok
1790952044.249793,8166,1.70,ok
1790952045.251500,8167,1.53,ok
1790952046.253286,8168,1.70,ok
1790952047.255029,8169,1.55,ok
1790952048.257018,8170,1.81,ok
1790952049.258887,8171,1.68,ok
1790952050.260493,8172,1.44,ok
1790952051.262231,8173,1.53,ok
1790952052.263794,8174,1.38,ok
1790952053.265558,8175,1.56,ok
1790952054.267477,8176,1.69,ok
1790952055.269177,8177,1.49,ok
1790952056.269937,8178,1.55,ok
1790952057.271457,8179,1.44,ok
1790952058.273164,8180,1.62,ok
1790952059.274680,8181,1.44,ok
1790952060.276252,8182,1.47,ok
1790952061.277723,8183,1.38,ok
1790952062.279427,8184,1.50,ok
1790952063.281201,8185,1.57,ok
1790952064.282918,8186,1.61,ok
1790952065.284591,8187,1.49,ok
1790952066.286284,8188,1.50,ok
1790952067.288095,8189,1.63,ok
1790952068.289685,8190,1.45,ok
1790952069.291442,8191,1.57,ok
1790952070.293256,8192,1.61,ok
1790952071.294872,8193,1.44,ok
1790952072.296705,8194,1.65,ok
1790952073.298296,8195,1.36,ok
1790952074.299889,8196,1.50,ok
1790952075.301560,8197,1.49,ok
1790952076.303327,8198,1.58,ok
1790952077.304850,8199,1.44,ok
1790952078.306537,8200,1.50,ok
1790952079.308395,8201,1.66,ok
1790952080.309866,8202,1.38,ok
1790952081.311461,8203,1.50,ok
1790952082.313372,8204,1.72,ok
1790952083.315087,8205,1.53,ok
1790952084.316783,8206,1.50,ok
1790952085.318474,8207,1.51,ok
1790952086.320569,8208,1.94,ok
1790952087.322329,8209,1.55,ok
1790952088.324087,8210,1.55,ok
1790952089.326202,8211,1.92,ok
1790952090.327935,8212,1.56,ok
1790952091.329556,8213,1.44,ok
1790952092.331326,8214,1.56,ok
1790952093.333071,8215,1.56,ok
1790952094.334726,8216,1.54,ok
1790952095.336303,8217,1.51,ok
1790952096.338192,8218,1.68,ok
1790952097.340041,8219,1.61,ok
1790952098.341590,8220,1.45,ok
1790952099.343619,8221,1.73,ok
1790952100.345350,8222,1.55,ok
1790952101.347083,8223,1.55,ok
1790952102.348728,8224,1.46,ok
1790952103.350361,8225,1.45,ok
1790952104.352006,8226,1.59,ok
1790952105.353537,8227,1.45,ok
1790952106.355213,8228,1.47,ok
1790952107.356797,8229,1.43,ok
1790952108.358434,8230,1.45,ok
1790952109.360515,8231,1.89,ok
1790952110.361790,8232,1.44,ok
1790952111.363417,8233,1.53,ok
1790952112.365113,8234,1.51,ok
1790952113.366917,8235,1.62,ok
1790952114.368608,8236,1.52,ok
1790952115.370133,8237,1.34,ok
1790952116.372094,8238,1.71,ok
1790952117.373799,8239,1.48,ok
1790952118.375561,8240,1.50,ok
1790952119.377242,8241,1.41,ok
1790952120.378787,8242,1.37,ok
1790952121.380570,8243,1.55,ok
1790952122.382291,8244,1.44,ok
1790952123.383983,8245,1.42,ok
1790952124.385822,8246,1.49,ok
1790952125.387637,8247,1.52,ok
1790952126.389492,8248,1.61,ok
1790952127.391352,8249,1.61,ok
1790952128.393089,8250,1.45,ok
1790952129.394021,8251,1.51,ok
1790952130.395776,8252,1.51,ok
1790952131.397439,8253,1.44,ok
1790952132.399179,8254,1.49,ok
1790952133.401226,8255,1.79,ok
1790952134.402989,8256,1.50,ok
1790952135.404594,8257,1.44,ok
1790952136.406295,8258,1.46,ok
1790952137.407929,8259,1.84,ok
1790952138.409693,8260,1.49,ok
1790952139.411684,8261,1.71,ok
1790952140.413400,8262,1.45,ok
1790952141.414922,8263,1.38,ok
1790952142.416404,8264,1.43,ok
1790952143.418037,8265,1.50,ok
1790952144.419891,8266,1.71,ok
1790952145.421589,8267,1.51,ok
1790952146.423331,8268,1.49,ok
1790952147.425092,8269,1.51,ok
1790952148.426885,8270,1.54,ok
1790952149.428458,8271,1.50,ok
1790952150.430945,8272,2.44,ok
1790952151.431805,8273,1.66,ok
1790952152.433790,8274,1.70,ok
1790952153.435518,8275,1.49,ok
1790952154.437293,8276,1.53,ok
1790952155.439084,8277,1.55,ok
1790952156.440981,8278,1.66,ok
1790952157.441997,8279,1.49,ok
1790952158.443563,8280,1.36,ok
1790952159.445404,8281,1.58,ok
1790952160.447296,8282,1.64,ok
1790952161.449034,8283,1.50,ok
1790952162.450786,8284,1.49,ok
1790952163.452563,8285,1.53,ok
1790952164.454105,8286,1.54,ok
1790952165.455840,8287,1.52,ok
1790952166.457524,8288,1.49,ok
1790952167.459521,8289,1.94,ok
1790952168.461236,8290,1.53,ok
1790952169.462813,8291,1.49,ok
1790952170.464513,8292,1.52,ok
1790952171.466042,8293,1.36,ok
1790952172.467745,8294,1.52,ok
1790952173.469672,8295,1.74,ok
1790952174.471395,8296,1.54,ok
1790952175.473042,8297,1.55,ok
1790952176.473749,8298,1.43,ok
1790952177.475404,8299,1.48,ok
1790952178.476932,8300,1.45,ok
1790952179.478444,8301,1.42,ok
1790952180.480105,8302,1.48,ok
1790952181.481801,8303,1.51,ok
1790952182.483472,8304,1.48,ok
1790952183.485065,8305,1.49,ok
1790952184.486915,8306,1.67,ok
1790952185.488535,8307,1.47,ok
1790952186.490245,8308,1.53,ok
1790952187.492041,8309,1.59,ok
1790952188.493927,8310,1.69,ok
1790952189.495559,8311,1.45,ok
1790952190.497248,8312,1.49,ok
1790952191.498995,8313,1.53,ok
1790952192.500590,8314,1.42,ok
1790952193.502332,8315,1.54,ok
1790952194.503829,8316,1.43,ok
1790952195.505497,8317,1.49,ok
1790952196.507178,8318,1.49,ok
1790952197.508861,8319,1.50,ok
1790952198.510627,8320,1.54,ok
1790952199.512336,8321,1.52,ok
1790952200.513843,8322,1.48,ok
1790952201.515599,8323,1.57,ok
1790952202.517330,8324,1.54,ok
1790952203.518746,8325,1.36,ok
1790952204.520394,8326,1.48,ok
1790952205.522045,8327,1.47,ok
1790952206.523731,8328,1.50,ok
1790952207.525397,8329,1.47,ok
1790952208.526967,8330,1.48,ok
1790952209.528804,8331,1.63,ok
1790952210.530547,8332,1.55,ok
1790952211.532329,8333,1.57,ok
1790952212.533707,8334,1.38,ok
1790952213.535492,8335,1.61,ok
1790952214.537349,8336,1.57,ok
1790952215.539124,8337,1.54,ok
1790952216.540905,8338,1.54,ok
1790952217.542426,8339,1.43,ok
1790952218.544334,8340,1.57,ok
1790952219.546062,8341,1.53,ok
1790952220.547885,8342,1.56,ok
1790952221.549713,8343,1.59,ok
1790952222.551338,8344,1.55,ok
1790952223.552933,8345,1.44,ok
1790952224.553511,8346,1.39,ok
1790952225.554236,8347,1.48,ok
1790952226.556067,8348,1.59,ok
1790952227.558052,8349,1.72,ok
1790952228.559846,8350,1.43,ok
1790952229.561491,8351,1.48,ok
1790952230.564371,8352,2.75,ok
1790952231.565145,8353,1.52,ok
1790952232.566262,8354,1.74,ok
1790952233.568028,8355,1.52,ok
1790952234.569838,8356,1.55,ok
1790952235.571416,8357,1.51,ok
1790952236.573035,8358,1.44,ok
1790952237.574249,8359,1.71,ok
1790952238.575996,8360,1.49,ok
1790952239.577769,8361,1.56,ok
1790952240.579504,8362,1.49,ok
1790952241.581228,8363,1.48,ok
1790952242.583233,8364,1.76,ok
1790952243.585082,8365,1.61,ok
1790952244.586793,8366,1.56,ok
1790952245.588646,8367,1.61,ok
1790952246.590366,8368,1.50,ok
1790952247.592792,8369,2.18,ok
1790952248.593349,8370,1.40,ok
1790952249.595179,8371,1.57,ok
1790952250.596912,8372,1.49,ok
1790952251.597785,8373,1.27,ok
1790952252.599838,8374,1.81,ok
1790952253.601580,8375,1.50,ok
1790952254.603327,8376,1.51,ok
1790952255.604887,8377,1.40,ok
1790952256.606017,8378,1.58,ok
1790952257.607899,8379,1.61,ok
1790952258.609665,8380,1.49,ok
1790952259.611526,8381,1.59,ok
1790952260.613271,8382,1.50,ok
1790952261.615138,8383,1.64,ok
1790952262.617323,8384,1.94,ok
1790952263.618239,8385,1.68,ok
1790952264.620165,8386,1.64,ok
1790952265.621781,8387,1.50,ok
1790952266.623317,8388,1.48,ok
1790952267.625077,8389,1.52,ok
1790952268.627176,8390,1.83,ok
1790952269.628991,8391,1.52,ok
1790952270.630609,8392,1.44,ok
1790952271.632339,8393,1.56,ok
1790952272.633846,8394,1.40,ok
1790952273.635698,8395,1.67,ok
1790952274.637410,8396,1.53,ok
1790952275.639074,8397,1.51,ok
1790952276.640734,8398,1.48,ok
1790952277.641954,8399,1.48,ok
1790952278.643824,8400,1.68,ok
1790952279.645513,8401,1.50,ok
1790952280.647158,8402,1.46,ok
1790952281.649645,8403,2.27,ok
1790952282.649965,8404,1.49,ok
1790952283.651915,8405,1.74,ok
1790952284.653607,8406,1.49,ok
1790952285.655888,8407,2.04,ok
1790952286.656991,8408,1.82,ok
1790952287.658951,8409,1.68,ok
1790952288.660784,8410,1.59,ok
1790952289.662571,8411,1.56,ok
1790952290.664492,8412,1.68,ok
1790952291.666228,8413,1.51,ok
1790952292.668015,8414,1.52,ok
1790952293.669996,8415,1.74,ok
1790952294.672062,8416,1.80,ok
1790952295.673785,8417,1.48,ok
1790952296.675513,8418,1.46,ok
1790952297.677084,8419,1.39,ok
1790952298.678766,8420,2.19,ok
1790952299.679680,8421,1.70,ok
1790952300.681712,8422,1.80,ok
1790952301.683443,8423,1.54,ok
1790952302.685138,8424,1.63,ok
1790952303.685996,8425,1.65,ok
1790952304.687986,8426,1.81,ok
1790952305.689715,8427,1.65,ok
1790952306.691415,8428,1.83,ok
1790952307.693476,8429,2.03,ok
1790952308.694344,8430,1.97,ok
1790952309.695337,8431,2.15,ok
1790952310.696555,8432,2.13,ok
1790952311.697387,8433,1.84,ok
1790952312.699670,8434,2.25,ok
1790952313.700760,8435,2.09,ok
1790952314.701998,8436,2.16,ok
1790952315.702833,8437,2.02,ok
1790952316.703768,8438,2.14,ok
1790952317.705965,8439,3.17,ok
1790952318.705778,8440,2.03,ok
1790952319.706718,8441,2.13,ok
1790952320.707879,8442,2.08,ok
1790952321.708730,8443,1.80,ok
1790952322.710848,8444,2.11,ok
1790952323.711726,8445,2.08,ok
1790952324.712637,8446,2.10,ok
1790952325.713877,8447,2.15,ok
1790952326.715168,8448,2.20,ok
1790952327.715998,8449,2.17,ok
1790952328.717022,8450,1.88,ok
1790952329.719458,8451,2.46,ok
1790952330.720671,8452,2.14,ok
1790952331.721686,8453,2.13,ok
1790952332.724307,8454,3.49,ok
1790952333.724210,8455,1.83,ok
1790952334.726462,8456,2.24,ok
1790952335.727542,8457,2.01,ok
1790952336.728214,8458,1.88,ok
1790952337.730130,8459,2.07,ok
1790952338.730967,8460,2.08,ok
1790952339.731428,8461,2.14,ok
1790952340.732680,8462,2.24,ok
1790952341.733721,8463,2.04,ok
1790952342.734863,8464,2.14,ok
1790952343.736093,8465,2.26,ok
1790952344.737519,8466,2.40,ok
1790952345.738603,8467,2.08,ok
1790952346.739605,8468,1.91,ok
1790952347.741519,8469,2.01,ok
1790952348.742402,8470,2.01,ok
1790952349.743625,8471,2.48,ok
1790952350.744450,8472,2.00,ok
1790952351.745150,8473,1.92,ok
1790952352.747598,8474,2.53,ok
1790952353.748774,8475,2.15,ok
1790952354.749690,8476,2.10,ok
1790952355.750740,8477,1.99,ok
1790952356.751743,8478,2.05,ok
1790952357.752834,8479,2.29,ok
1790952358.753440,8480,2.13,ok
1790952359.754465,8481,1.92,ok
1790952360.756363,8482,2.01,ok
1790952361.757325,8483,2.12,ok
1790952362.758108,8484,1.74,ok
1790952364.780308,8485,,no_answer
1790952364.782190,8486,1.82,ok
1790952365.784132,8487,1.87,ok
1790952366.786025,8488,2.06,ok
1790952367.786880,8489,2.03,ok
1790952368.787849,8490,2.12,ok
1790952369.788540,8491,1.74,ok
1790952370.791132,8492,2.58,ok
1790952371.792060,8493,2.12,ok
1790952372.793329,8494,2.22,ok
1790952373.794507,8495,2.13,ok
1790952374.795565,8496,2.19,ok
1790952375.796957,8497,2.33,ok
1790952376.797860,8498,1.95,ok
1790952377.798739,8499,2.00,ok
1790952378.799609,8500,2.05,ok
1790952379.800500,8501,2.07,ok
1790952380.801722,8502,2.16,ok
1790952381.802556,8503,2.03,ok
1790952382.803954,8504,2.58,ok
1790952383.804947,8505,2.00,ok
1790952384.806029,8506,2.14,ok
1790952385.807171,8507,2.08,ok
1790952386.808126,8508,2.12,ok
1790952387.809031,8509,1.92,ok
1790952388.811244,8510,2.22,ok
1790952389.812424,8511,2.99,ok
1790952390.812342,8512,2.08,ok
1790952391.814105,8513,2.71,ok
1790952392.815099,8514,1.98,ok
1790952393.816342,8515,2.17,ok
1790952394.817424,8516,2.01,ok
1790952395.818324,8517,1.97,ok
1790952396.819730,8518,2.36,ok
1790952397.821880,8519,3.12,ok
1790952398.821816,8520,1.87,ok
1790952399.823794,8521,2.04,ok
1790952400.826182,8522,3.54,ok
1790952401.826287,8523,2.10,ok
1790952402.827193,8524,2.02,ok
1790952403.828180,8525,2.16,ok
1790952404.829564,8526,2.26,ok
1790952405.830565,8527,2.03,ok
1790952406.832068,8528,2.73,ok
1790952407.833445,8529,2.34,ok
1790952408.834390,8530,2.03,ok
1790952409.835308,8531,2.06,ok
1790952410.836266,8532,1.86,ok
1790952411.838371,8533,2.02,ok
1790952412.839466,8534,2.10,ok
1790952413.840385,8535,2.17,ok
1790952414.841046,8536,1.88,ok
1790952415.843177,8537,2.29,ok
1790952416.844324,8538,2.07,ok
1790952417.845467,8539,2.11,ok
1790952418.846290,8540,1.95,ok
1790952419.847080,8541,1.96,ok
1790952420.847787,8542,1.84,ok
1790952421.849784,8543,2.07,ok
1790952422.850760,8544,1.92,ok
1790952423.853193,8545,2.43,ok
1790952424.854691,8546,2.69,ok
1790952425.855551,8547,1.85,ok
1790952426.856677,8548,1.73,ok
1790952427.858251,8549,1.41,ok
1790952428.860139,8550,1.65,ok
1790952429.861946,8551,1.63,ok
1790952430.863692,8552,1.69,ok
1790952431.865492,8553,1.57,ok
1790952432.867083,8554,1.51,ok
1790952433.868861,8555,1.56,ok
1790952434.870734,8556,1.70,ok
1790952435.872766,8557,1.80,ok
1790952436.874860,8558,1.87,ok
1790952437.875770,8559,1.64,ok
1790952438.877382,8560,1.48,ok
1790952439.879397,8561,1.89,ok
1790952440.881131,8562,1.52,ok
1790952441.882008,8563,1.49,ok
1790952442.883569,8564,1.34,ok
1790952443.885369,8565,1.64,ok
1790952444.887086,8566,1.60,ok
1790952445.888725,8567,1.53,ok
1790952446.890190,8568,1.38,ok
1790952447.892350,8569,1.90,ok
1790952448.893854,8570,1.37,ok
1790952449.895451,8571,1.45,ok
1790952450.897059,8572,1.37,ok
1790952451.898627,8573,1.32,ok
1790952452.900261,8574,1.39,ok
1790952453.902035,8575,1.51,ok
1790952454.903791,8576,1.52,ok
1790952455.905409,8577,1.37,ok
1790952456.907259,8578,1.61,ok
1790952457.908703,8579,1.36,ok
1790952458.909856,8580,1.38,ok
1790952459.911363,8581,1.35,ok
1790952460.913020,8582,1.49,ok
1790952461.914749,8583,1.56,ok
1790952462.916432,8584,1.48,ok
1790952463.918136,8585,1.51,ok
1790952464.919731,8586,1.46,ok
1790952465.921460,8587,1.55,ok
1790952466.923060,8588,1.50,ok
1790952467.924886,8589,1.64,ok
1790952468.926437,8590,2.07,ok
1790952469.927351,8591,1.74,ok
1790952470.929231,8592,1.68,ok
1790952471.929941,8593,1.45,ok
1790952472.932459,8594,2.38,ok
1790952473.933267,8595,1.57,ok
1790952474.935091,8596,1.51,ok
1790952475.936588,8597,1.40,ok
1790952476.937767,8598,1.40,ok
1790952477.939412,8599,1.55,ok
1790952478.941084,8600,1.49,ok
1790952479.942140,8601,1.67,ok
1790952480.943805,8602,1.47,ok
1790952481.945429,8603,1.43,ok
1790952482.947754,8604,2.05,ok
1790952483.948412,8605,1.48,ok
1790952484.949858,8606,1.40,ok
1790952485.951517,8607,1.47,ok
1790952486.953182,8608,1.48,ok
1790952487.954875,8609,1.49,ok
1790952488.956864,8610,1.81,ok
1790952489.957931,8611,1.48,ok
1790952490.959859,8612,1.71,ok
1790952491.961343,8613,1.34,ok
1790952492.962916,8614,1.51,ok
1790952493.964372,8615,1.40,ok
1790952494.966136,8616,1.57,ok
1790952495.968016,8617,1.69,ok
1790952496.969717,8618,1.52,ok
1790952497.972186,8619,2.28,ok
1790952498.972877,8620,1.51,ok
1790952499.973952,8621,1.45,ok
1790952500.975271,8622,1.41,ok
1790952501.977582,8623,2.20,ok
1790952502.978081,8624,1.38,ok
1790952503.979645,8625,1.48,ok
1790952504.981454,8626,1.52,ok
1790952505.983365,8627,1.73,ok
1790952506.985194,8628,1.56,ok
1790952507.986683,8629,1.43,ok
1790952508.988469,8630,1.60,ok
1790952509.989816,8631,1.39,ok
1790952510.991566,8632,1.54,ok
1790952511.993249,8633,1.50,ok
1790952512.994005,8634,1.50,ok
1790952513.995704,8635,1.52,ok
1790952514.997423,8636,1.52,ok
1790952515.999124,8637,1.52,ok
1790952517.000744,8638,1.43,ok
1790952518.002386,8639,1.47,ok
1790952519.004434,8640,1.85,ok
1790952520.005996,8641,1.48,ok
1790952521.008143,8642,1.87,ok
1790952522.008905,8643,1.49,ok
1790952523.010870,8644,1.72,ok
1790952524.012629,8645,1.48,ok
1790952525.014039,8646,1.51,ok
1790952526.015926,8647,1.65,ok
1790952527.017580,8648,1.44,ok
1790952528.019158,8649,1.53,ok
1790952529.020979,8650,1.64,ok
1790952530.022623,8651,1.49,ok
1790952531.024364,8652,1.57,ok
1790952532.026014,8653,1.47,ok
1790952533.027806,8654,1.61,ok
1790952534.029530,8655,1.54,ok
1790952535.031124,8656,1.41,ok
1790952536.032718,8657,1.50,ok
1790952537.033718,8658,1.39,ok
1790952538.035510,8659,1.62,ok
1790952539.037278,8660,1.56,ok
1790952540.037928,8661,1.50,ok
1790952541.039744,8662,1.64,ok
1790952542.041446,8663,1.52,ok
1790952543.043129,8664,1.49,ok
1790952544.044879,8665,1.54,ok
1790952545.046617,8666,1.50,ok
1790952546.048230,8667,1.45,ok
1790952547.049887,8668,1.48,ok
1790952548.052523,8669,2.43,ok
1790952549.053348,8670,1.64,ok
1790952550.053923,8671,1.47,ok
1790952551.055597,8672,1.49,ok
1790952552.057564,8673,1.85,ok
1790952553.059239,8674,1.49,ok
1790952554.060888,8675,1.47,ok
1790952555.061730,8676,1.40,ok
1790952556.063262,8677,1.29,ok
1790952557.064831,8678,1.49,ok
1790952558.066043,8679,1.62,ok
1790952559.067792,8680,1.54,ok
1790952560.069425,8681,1.39,ok
1790952561.071179,8682,1.52,ok
1790952562.072718,8683,1.35,ok
1790952563.074376,8684,1.44,ok
1790952564.075922,8685,1.42,ok
1790952565.077647,8686,1.57,ok
1790952566.079314,8687,1.43,ok
1790952567.080944,8688,1.55,ok
1790952568.082819,8689,1.65,ok
1790952569.084517,8690,1.44,ok
1790952570.086172,8691,1.41,ok
1790952571.087871,8692,1.48,ok
1790952572.089576,8693,1.49,ok
1790952573.091608,8694,1.82,ok
1790952574.093485,8695,1.65,ok
1790952575.095075,8696,1.45,ok
1790952576.096846,8697,1.49,ok
1790952577.098487,8698,1.55,ok
1790952578.100338,8699,1.55,ok
1790952579.102047,8700,1.47,ok
1790952580.103557,8701,1.45,ok
1790952581.105321,8702,1.50,ok
1790952582.107154,8703,1.56,ok
1790952583.108721,8704,1.41,ok
1790952584.110662,8705,1.66,ok
1790952585.112328,8706,1.36,ok
1790952586.113936,8707,1.54,ok
1790952587.115722,8708,1.57,ok
1790952588.117254,8709,1.46,ok
1790952589.118791,8710,1.47,ok
1790952590.120928,8711,1.90,ok
1790952591.121594,8712,1.50,ok
1790952592.123357,8713,1.51,ok
1790952593.125186,8714,1.63,ok
1790952594.126825,8715,1.50,ok
1790952595.128498,8716,1.45,ok
1790952596.130143,8717,1.42,ok
1790952597.131876,8718,1.59,ok
1790952598.133420,8719,1.37,ok
1790952599.134656,8720,1.70,ok
1790952600.136315,8721,1.47,ok
1790952601.137846,8722,1.46,ok
1790952602.139570,8723,1.53,ok
1790952603.141344,8724,1.50,ok
1790952604.143065,8725,1.48,ok
1790952605.144847,8726,1.53,ok
1790952606.146554,8727,1.47,ok
1790952607.148443,8728,1.81,ok
1790952608.150298,8729,1.63,ok
1790952609.152114,8730,1.57,ok
1790952610.153757,8731,1.51,ok
1790952611.155499,8732,1.61,ok
1790952612.157193,8733,1.57,ok
1790952613.159072,8734,1.62,ok
1790952614.160939,8735,1.61,ok
1790952615.162752,8736,1.59,ok
1790952616.164517,8737,1.61,ok
1790952617.166253,8738,1.52,ok
1790952618.167851,8739,1.45,ok
1790952619.169655,8740,1.60,ok
1790952620.171504,8741,1.69,ok
1790952621.173295,8742,1.55,ok
1790952622.174113,8743,1.55,ok
1790952623.175780,8744,1.47,ok
1790952624.178202,8745,2.14,ok
1790952625.177951,8746,1.50,ok
1790952626.179746,8747,1.58,ok
1790952627.181466,8748,1.48,ok
1790952628.183152,8749,1.47,ok
1790952629.184978,8750,1.57,ok
1790952630.186559,8751,1.46,ok
1790952631.188240,8752,1.49,ok
1790952632.190969,8753,2.49,ok
1790952633.191839,8754,1.66,ok
1790952634.193405,8755,1.52,ok
1790952635.194852,8756,1.37,ok
1790952636.196605,8757,1.54,ok
1790952637.198484,8758,1.56,ok
1790952638.200409,8759,1.72,ok
1790952639.202167,8760,1.62,ok
1790952640.203872,8761,1.46,ok
1790952641.205857,8762,1.71,ok
1790952642.207665,8763,1.58,ok
1790952643.209268,8764,1.55,ok
1790952644.209979,8765,1.46,ok
1790952645.211939,8766,1.72,ok
1790952646.213660,8767,1.47,ok
1790952647.215411,8768,1.51,ok
1790952648.217134,8769,1.48,ok
1790952649.218847,8770,1.49,ok
1790952650.220702,8771,1.70,ok
1790952651.222445,8772,1.59,ok
1790952652.224201,8773,1.50,ok
1790952653.225924,8774,1.49,ok
1790952654.227895,8775,1.78,ok
1790952655.229833,8776,1.71,ok
1790952656.231623,8777,1.64,ok
1790952657.233301,8778,1.43,ok
1790952658.234995,8779,1.41,ok
1790952659.236471,8780,1.42,ok
1790952660.238130,8781,1.44,ok
1790952661.239826,8782,1.45,ok
1790952662.242417,8783,2.35,ok
1790952663.243116,8784,1.46,ok
1790952664.244968,8785,1.61,ok
1790952665.246636,8786,1.43,ok
1790952666.248524,8787,1.61,ok
1790952667.250299,8788,1.70,ok
1790952668.252138,8789,1.55,ok
1790952669.253984,8790,1.66,ok
1790952670.255601,8791,1.40,ok
1790952671.257720,8792,1.94,ok
1790952672.258469,8793,1.54,ok
1790952673.260311,8794,1.61,ok
1790952674.262017,8795,1.49,ok
1790952675.263876,8796,1.68,ok
1790952676.265687,8797,1.63,ok
1790952677.267218,8798,1.46,ok
1790952678.268907,8799,1.51,ok
1790952679.270664,8800,1.57,ok
1790952680.272339,8801,1.49,ok
1790952681.273867,8802,1.35,ok
1790952682.275573,8803,1.52,ok
1790952683.277251,8804,1.49,ok
1790952684.279036,8805,1.60,ok
1790952685.280723,8806,1.51,ok
1790952686.282377,8807,1.47,ok
1790952687.284057,8808,1.50,ok
1790952688.285696,8809,1.46,ok
1790952689.287750,8810,1.87,ok
1790952690.289601,8811,1.66,ok
1790952691.291238,8812,1.44,ok
1790952692.293196,8813,1.85,ok
1790952693.294909,8814,1.52,ok
1790952694.296730,8815,1.63,ok
1790952695.298102,8816,1.63,ok
1790952696.299662,8817,1.46,ok
1790952697.301187,8818,1.39,ok
1790952698.301951,8819,1.48,ok
1790952699.303681,8820,1.53,ok
1790952700.305236,8821,1.47,ok
1790952701.306777,8822,1.44,ok
1790952702.308374,8823,1.50,ok
1790952703.310118,8824,1.54,ok
1790952704.311813,8825,1.46,ok
1790952705.313681,8826,1.65,ok
1790952706.315233,8827,1.48,ok
1790952707.316920,8828,1.50,ok
1790952708.318655,8829,1.52,ok
1790952709.320702,8830,1.86,ok
1790952710.322508,8831,1.63,ok
1790952711.324144,8832,1.45,ok
1790952712.325954,8833,1.63,ok
1790952713.328401,8834,2.32,ok
1790952714.329158,8835,1.52,ok
1790952715.329751,8836,1.41,ok
1790952716.331522,8837,1.50,ok
1790952717.333358,8838,1.56,ok
1790952718.335027,8839,1.43,ok
1790952719.336653,8840,1.45,ok
1790952720.337915,8841,1.37,ok
1790952721.339535,8842,1.45,ok
1790952722.341277,8843,1.51,ok
1790952723.343044,8844,1.63,ok
1790952724.344669,8845,1.58,ok
1790952725.345875,8846,1.42,ok
1790952726.347594,8847,1.47,ok
1790952727.349365,8848,1.53,ok
1790952728.350935,8849,1.43,ok
1790952729.352544,8850,1.53,ok
1790952730.353937,8851,1.46,ok
1790952731.355537,8852,1.54,ok
1790952732.357246,8853,1.53,ok
1790952733.357945,8854,1.58,ok
1790952734.359657,8855,1.52,ok
1790952735.362074,8856,2.22,ok
1790952736.362755,8857,1.49,ok
1790952737.364511,8858,1.50,ok
1790952738.366533,8859,1.84,ok
1790952739.368515,8860,1.79,ok
1790952740.370507,8861,1.81,ok
1790952741.372379,8862,1.69,ok
1790952742.374350,8863,2.02,ok
1790952743.375139,8864,1.62,ok
1790952744.376909,8865,1.53,ok
1790952745.377971,8866,1.63,ok
1790952746.379631,8867,1.46,ok
1790952747.381335,8868,1.53,ok
1790952748.382840,8869,1.41,ok
1790952749.384513,8870,1.49,ok
1790952750.385758,8871,1.42,ok
1790952751.387448,8872,1.56,ok
1790952752.389134,8873,1.51,ok
1790952753.389861,8874,1.43,ok
1790952754.391455,8875,1.51,ok
1790952755.393166,8876,1.54,ok
1790952756.393960,8877,1.49,ok
1790952757.395656,8878,1.51,ok
1790952758.397216,8879,1.38,ok
1790952759.398907,8880,1.51,ok
1790952760.400641,8881,1.55,ok
1790952761.402277,8882,1.46,ok
1790952762.403955,8883,1.48,ok
1790952763.405678,8884,1.51,ok
1790952764.407319,8885,1.45,ok
1790952765.408865,8886,1.47,ok
1790952766.410610,8887,1.47,ok
1790952767.413192,8888,2.43,ok
1790952768.413807,8889,1.53,ok
1790952769.415729,8890,1.73,ok
1790952770.417479,8891,1.56,ok
1790952771.419298,8892,1.75,ok
1790952772.420939,8893,1.46,ok
1790952773.423096,8894,1.87,ok
1790952774.423882,8895,1.50,ok
1790952775.425541,8896,1.49,ok
1790952776.427303,8897,1.47,ok
1790952777.429089,8898,1.55,ok
1790952778.429961,8899,1.41,ok
1790952779.431824,8900,1.57,ok
1790952780.433642,8901,1.56,ok
1790952781.435526,8902,1.53,ok
1790952782.437347,8903,1.58,ok
1790952783.439031,8904,1.45,ok
1790952784.440960,8905,1.64,ok
1790952785.442742,8906,1.53,ok
1790952786.444525,8907,1.48,ok
1790952787.446170,8908,1.56,ok
1790952788.448350,8909,2.01,ok
1790952789.448904,8910,1.50,ok
1790952790.450600,8911,1.62,ok
1790952791.452312,8912,1.50,ok
1790952792.454528,8913,2.15,ok
1790952793.455238,8914,1.48,ok
1790952794.456560,8915,1.50,ok
1790952795.458198,8916,1.46,ok
1790952796.459771,8917,1.49,ok
1790952797.461441,8918,1.50,ok
1790952798.462953,8919,1.46,ok
1790952799.464907,8920,1.76,ok
1790952800.465765,8921,1.42,ok
1790952801.467566,8922,1.57,ok
1790952802.468593,8923,1.50,ok
1790952803.470024,8924,1.56,ok
1790952804.471725,8925,1.52,ok
1790952805.472553,8926,1.52,ok
1790952806.473857,8927,1.52,ok
1790952807.475527,8928,1.52,ok
1790952808.477274,8929,1.68,ok
1790952809.477965,8930,1.46,ok
1790952810.479374,8931,1.48,ok
1790952811.481211,8932,1.66,ok
1790952812.482681,8933,1.39,ok
1790952813.484283,8934,1.45,ok
1790952814.485891,8935,1.40,ok
1790952815.487419,8936,1.43,ok
1790952816.489104,8937,1.53,ok
1790952817.489975,8938,1.52,ok
1790952818.491874,8939,1.66,ok
1790952819.493477,8940,1.50,ok
1790952820.495037,8941,1.40,ok
1790952821.496786,8942,1.53,ok
1790952822.498375,8943,1.50,ok
1790952823.499881,8944,1.45,ok
1790952824.501408,8945,1.44,ok
1790952825.503200,8946,1.65,ok
1790952826.504937,8947,1.47,ok
1790952827.506662,8948,1.48,ok
1790952828.508200,8949,1.46,ok
1790952829.510063,8950,1.60,ok
1790952830.512105,8951,1.80,ok
1790952831.514008,8952,1.65,ok
1790952832.515647,8953,1.58,ok
1790952833.517664,8954,1.86,ok
1790952834.519603,8955,1.68,ok
1790952835.521393,8956,1.53,ok
1790952836.523168,8957,1.52,ok
1790952837.525309,8958,1.90,ok
1790952838.526263,8959,1.69,ok
1790952839.527897,8960,1.55,ok
1790952840.529709,8961,1.61,ok
1790952841.531287,8962,1.46,ok
1790952842.533158,8963,1.65,ok
1790952843.534960,8964,1.54,ok
1790952844.536657,8965,1.44,ok
1790952845.538214,8966,1.47,ok
1790952846.539889,8967,1.50,ok
1790952847.541669,8968,1.53,ok
1790952848.543433,8969,1.52,ok
1790952849.544865,8970,1.36,ok
1790952850.546404,8971,1.49,ok
1790952851.548011,8972,1.54,ok
1790952852.549769,8973,1.50,ok
1790952853.551489,8974,1.48,ok
1790952854.553096,8975,1.46,ok
1790952855.553982,8976,1.47,ok
1790952856.555803,8977,1.56,ok
1790952857.556753,8978,1.66,ok
1790952858.558569,8979,1.66,ok
1790952859.560343,8980,1.55,ok
1790952860.562122,8981,1.51,ok
1790952861.563877,8982,1.50,ok
1790952862.565696,8983,1.55,ok
1790952863.567417,8984,1.64,ok
1790952864.568531,8985,1.46,ok
1790952865.569784,8986,1.47,ok
1790952866.571426,8987,1.47,ok
1790952867.573326,8988,1.72,ok
1790952868.575114,8989,1.58,ok
1790952869.576818,8990,1.52,ok
1790952870.578675,8991,1.67,ok
1790952871.580272,8992,1.42,ok
1790952872.582094,8993,1.60,ok
1790952873.583728,8994,1.43,ok
1790952874.585314,8995,1.40,ok
1790952875.586786,8996,1.41,ok
1790952876.588532,8997,1.55,ok
1790952877.590458,8998,1.68,ok
1790952878.592111,8999,1.47,ok
1790952879.593809,9000,1.51,ok
1790952880.595529,9001,1.54,ok
1790952881.597266,9002,1.66,ok
1790952882.599034,9003,1.68,ok
1790952883.600713,9004,1.50,ok
1790952884.601859,9005,1.54,ok
1790952885.603582,9006,1.57,ok
1790952886.605770,9007,1.92,ok
1790952887.606204,9008,1.61,ok
1790952888.608685,9009,2.30,ok
1790952889.609389,9010,1.44,ok
1790952890.611478,9011,1.83,ok
1790952891.613301,9012,1.66,ok
1790952892.614895,9013,1.49,ok
1790952893.616684,9014,1.70,ok
1790952894.618330,9015,1.51,ok
1790952895.620032,9016,1.58,ok
1790952896.621442,9017,1.49,ok
1790952897.622522,9018,1.56,ok
1790952898.624218,9019,2.15,ok
1790952899.624813,9020,1.42,ok
1790952900.626655,9021,1.61,ok
1790952901.627995,9022,1.96,ok
1790952902.628498,9023,1.56,ok
1790952903.630331,9024,1.65,ok
1790952904.631985,9025,1.47,ok
1790952905.634118,9026,1.94,ok
1790952906.633993,9027,1.51,ok
1790952907.635711,9028,1.51,ok
1790952908.637396,9029,1.51,ok
1790952909.639077,9030,1.50,ok
1790952910.640756,9031,1.49,ok
1790952911.642356,9032,1.43,ok
1790952912.643993,9033,1.46,ok
1790952913.645842,9034,1.60,ok
1790952914.647580,9035,1.55,ok
1790952915.649193,9036,1.45,ok
1790952916.650851,9037,1.46,ok
1790952917.652597,9038,1.57,ok
1790952918.654430,9039,1.66,ok
1790952919.656142,9040,1.53,ok
1790952920.657263,9041,1.36,ok
1790952921.660087,9042,2.65,ok
1790952922.660827,9043,1.49,ok
1790952923.662576,9044,1.51,ok
1790952924.664516,9045,1.43,ok
1790952925.665878,9046,1.53,ok
1790952926.667445,9047,1.49,ok
1790952927.669017,9048,1.49,ok
1790952928.670898,9049,1.70,ok
1790952929.672439,9050,1.37,ok
1790952930.674161,9051,1.54,ok
1790952931.676004,9052,1.66,ok
1790952932.677848,9053,1.66,ok
1790952933.679638,9054,1.59,ok
1790952934.681588,9055,1.77,ok
1790952935.683435,9056,1.77,ok
1790952936.685234,9057,1.66,ok
1790952937.687014,9058,1.54,ok
1790952938.688953,9059,1.75,ok
1790952939.690021,9060,1.67,ok
1790952940.691705,9061,1.45,ok
1790952941.693494,9062,1.54,ok
1790952942.695192,9063,1.52,ok
1790952943.697051,9064,1.58,ok
1790952944.698989,9065,1.66,ok
1790952945.700647,9066,1.49,ok
1790952946.702401,9067,1.49,ok
1790952947.704205,9068,1.55,ok
1790952948.705981,9069,1.52,ok
1790952949.707988,9070,1.73,ok
1790952950.709653,9071,1.48,ok
1790952951.711701,9072,1.87,ok
1790952952.713516,9073,1.54,ok
1790952953.715400,9074,1.54,ok
1790952954.716993,9075,1.53,ok
1790952955.718570,9076,1.50,ok
1790952956.720369,9077,1.52,ok
1790952957.722161,9078,1.48,ok
1790952958.723931,9079,1.60,ok
1790952959.725529,9080,1.53,ok
1790952960.727342,9081,1.56,ok
1790952961.728858,9082,1.44,ok
1790952962.730065,9083,1.61,ok
1790952963.731734,9084,1.49,ok
1790952964.733719,9085,1.80,ok
1790952965.735462,9086,1.56,ok
1790952966.737167,9087,1.52,ok
1790952967.738831,9088,1.47,ok
1790952968.740501,9089,1.47,ok
1790952969.742301,9090,1.62,ok
1790952970.744019,9091,1.54,ok
1790952971.745727,9092,1.53,ok
1790952972.747428,9093,1.45,ok
1790952973.749315,9094,1.70,ok
1790952974.751246,9095,1.75,ok
1790952975.753063,9096,1.63,ok
1790952976.754808,9097,1.53,ok
1790952977.756545,9098,1.65,ok
1790952978.758241,9099,1.51,ok
1790952979.760132,9100,1.71,ok
1790952980.761968,9101,1.65,ok
1790952981.764676,9102,2.62,ok
1790952982.765349,9103,1.49,ok
1790952983.765923,9104,1.49,ok
1790952984.767573,9105,1.47,ok
1790952985.769416,9106,1.75,ok
1790952986.771099,9107,1.50,ok
1790952987.772757,9108,1.45,ok
1790952988.773985,9109,1.58,ok
1790952989.775467,9110,1.39,ok
1790952990.777286,9111,1.58,ok
1790952991.778890,9112,1.52,ok
1790952992.780862,9113,1.75,ok
1790952993.782838,9114,1.83,ok
1790952994.784736,9115,1.64,ok
1790952995.785953,9116,1.60,ok
1790952996.787881,9117,1.69,ok
1790952997.789488,9118,1.56,ok
1790952998.791196,9119,1.45,ok
1790952999.792989,9120,1.52,ok
1790953000.794761,9121,1.54,ok
1790953001.796526,9122,1.57,ok
1790953002.799094,9123,2.40,ok
1790953003.800005,9124,1.64,ok
1790953004.801866,9125,1.60,ok
1790953005.803546,9126,1.41,ok
1790953006.805169,9127,1.51,ok
1790953007.807200,9128,1.79,ok
1790953008.808940,9129,1.49,ok
1790953009.810638,9130,1.62,ok
1790953010.812103,9131,1.39,ok
1790953011.814026,9132,1.56,ok
1790953012.815549,9133,1.44,ok
1790953013.817423,9134,1.55,ok
1790953014.819000,9135,1.50,ok
1790953015.820649,9136,1.44,ok
1790953016.822329,9137,1.51,ok
1790953017.823875,9138,1.47,ok
1790953018.825869,9139,1.74,ok
1790953019.828264,9140,2.12,ok
1790953020.828875,9141,1.43,ok
1790953021.830665,9142,1.50,ok
1790953022.832402,9143,1.50,ok
1790953023.833979,9144,1.46,ok
1790953024.835887,9145,1.66,ok
1790953025.837585,9146,1.46,ok
1790953026.839334,9147,1.51,ok
1790953027.840940,9148,1.42,ok
1790953028.842696,9149,1.51,ok
1790953029.844552,9150,1.58,ok
1790953030.846321,9151,1.53,ok
1790953031.847985,9152,1.42,ok
1790953032.850478,9153,2.42,ok
1790953033.851255,9154,1.67,ok
1790953034.853094,9155,1.60,ok
1790953035.854842,9156,1.65,ok
1790953036.856493,9157,1.48,ok
1790953037.858257,9158,1.48,ok
1790953038.860071,9159,1.55,ok
1790953039.861982,9160,1.68,ok
1790953040.863508,9161,1.46,ok
1790953041.865334,9162,1.59,ok
1790953042.866986,9163,1.53,ok
1790953043.868667,9164,1.60,ok
1790953044.870357,9165,1.46,ok
1790953045.872018,9166,1.42,ok
1790953046.873611,9167,1.44,ok
1790953047.875473,9168,1.62,ok
1790953048.877170,9169,1.45,ok
1790953049.878101,9170,1.64,ok
1790953050.879753,9171,1.47,ok
1790953051.881282,9172,1.38,ok
1790953052.883004,9173,1.51,ok
1790953053.885419,9174,2.32,ok
1790953054.886319,9175,1.71,ok
1790953055.887968,9176,1.39,ok
1790953056.889663,9177,1.51,ok
1790953057.891449,9178,1.60,ok
1790953058.893154,9179,1.52,ok
1790953059.894035,9180,1.58,ok
1790953060.895664,9181,1.47,ok
1790953061.897308,9182,1.45,ok
1790953062.899106,9183,1.62,ok
1790953063.900790,9184,1.50,ok
1790953064.902580,9185,1.52,ok
1790953065.904282,9186,1.52,ok
1790953066.906228,9187,1.72,ok
1790953067.907207,9188,1.43,ok
1790953068.908901,9189,1.44,ok
1790953069.910870,9190,1.60,ok
1790953070.912769,9191,1.66,ok
1790953071.914624,9192,1.61,ok
1790953072.916415,9193,1.71,ok
1790953073.917999,9194,1.49,ok
1790953074.920084,9195,1.91,ok
1790953075.921960,9196,1.64,ok
1790953076.923814,9197,1.61,ok
1790953077.925583,9198,1.49,ok
1790953078.927262,9199,1.51,ok
1790953079.929028,9200,1.53,ok
1790953080.930650,9201,1.48,ok
1790953081.932442,9202,1.51,ok
1790953082.934131,9203,1.44,ok
1790953083.936081,9204,1.71,ok
1790953084.937999,9205,1.66,ok
1790953085.939538,9206,1.48,ok
1790953086.941195,9207,1.49,ok
1790953087.942870,9208,1.48,ok
1790953088.945100,9209,1.79,ok
1790953089.946091,9210,1.72,ok
1790953090.947881,9211,1.58,ok
1790953091.949553,9212,1.53,ok
1790953092.951318,9213,1.51,ok
1790953093.953366,9214,1.68,ok
1790953094.953969,9215,1.42,ok
1790953095.955881,9216,1.77,ok
1790953096.957558,9217,1.45,ok
1790953097.959577,9218,1.77,ok
1790953098.961294,9219,1.51,ok
1790953099.962929,9220,1.49,ok
1790953100.964712,9221,1.52,ok
1790953101.966345,9222,1.47,ok
1790953102.968319,9223,1.67,ok
1790953103.969949,9224,1.38,ok
1790953104.971639,9225,1.46,ok
1790953105.973244,9226,1.44,ok
1790953106.973940,9227,1.43,ok
1790953107.975695,9228,1.51,ok
1790953108.977310,9229,1.44,ok
1790953109.979095,9230,1.55,ok
1790953110.980809,9231,1.46,ok
1790953111.981942,9232,1.52,ok
1790953112.983655,9233,1.46,ok
1790953113.985604,9234,1.66,ok
1790953114.987393,9235,1.50,ok
1790953115.989151,9236,1.52,ok
1790953116.990853,9237,1.46,ok
1790953117.992709,9238,1.69,ok
1790953118.994682,9239,1.71,ok
1790953119.996507,9240,1.58,ok
1790953120.997983,9241,1.49,ok
1790953122.000800,9242,2.65,ok
1790953123.001536,9243,1.49,ok
1790953124.003251,9244,1.45,ok
1790953125.004974,9245,1.46,ok
1790953126.006553,9246,1.43,ok
1790953127.008443,9247,1.65,ok
1790953128.010466,9248,1.84,ok
1790953129.012108,9249,1.40,ok
1790953130.013748,9250,1.39,ok
1790953131.015345,9251,1.38,ok
1790953132.016975,9252,1.55,ok
1790953133.018651,9253,1.50,ok
1790953134.020446,9254,1.53,ok
1790953135.022213,9255,1.48,ok
1790953136.023696,9256,1.74,ok
1790953137.025417,9257,1.48,ok
1790953138.027044,9258,1.46,ok
1790953139.029593,9259,2.46,ok
1790953140.029768,9260,1.40,ok
1790953141.031516,9261,1.51,ok
1790953142.033216,9262,1.43,ok
1790953143.035352,9263,1.86,ok
1790953144.036119,9264,1.52,ok
1790953145.037789,9265,1.35,ok
1790953146.039359,9266,1.49,ok
1790953147.041155,9267,1.53,ok
1790953148.042918,9268,1.52,ok
1790953149.044508,9269,1.41,ok
1790953150.046294,9270,1.53,ok
1790953151.048152,9271,1.59,ok
1790953152.050018,9272,1.54,ok
1790953153.051859,9273,1.56,ok
1790953154.053511,9274,1.41,ok
1790953155.055234,9275,1.44,ok
1790953156.057050,9276,1.57,ok
1790953157.059005,9277,1.71,ok
1790953158.060564,9278,1.41,ok
1790953159.062483,9279,1.66,ok
1790953160.064667,9280,1.94,ok
1790953161.065399,9281,1.48,ok
1790953162.067464,9282,1.74,ok
1790953163.069163,9283,1.55,ok
1790953164.070714,9284,1.40,ok
1790953165.072636,9285,1.53,ok
1790953166.074297,9286,1.42,ok
1790953167.076050,9287,1.52,ok
1790953168.077701,9288,1.41,ok
1790953169.079464,9289,1.46,ok
1790953170.081253,9290,1.50,ok
1790953171.083042,9291,1.51,ok
1790953172.084738,9292,1.45,ok
1790953173.086715,9293,1.71,ok
1790953174.088518,9294,1.55,ok
1790953175.090247,9295,1.50,ok
1790953176.091918,9296,1.47,ok
1790953177.093580,9297,1.43,ok
1790953178.095298,9298,1.47,ok
1790953179.097052,9299,1.48,ok
1790953180.098836,9300,1.51,ok
1790953181.100534,9301,1.46,ok
1790953182.102368,9302,1.59,ok
1790953183.104067,9303,1.46,ok
1790953184.105848,9304,1.51,ok
1790953185.107541,9305,1.46,ok
1790953186.109541,9306,1.82,ok
1790953187.111127,9307,1.41,ok
1790953188.112702,9308,1.39,ok
1790953189.114006,9309,1.48,ok
1790953190.117195,9310,2.96,ok
1790953191.116851,9311,1.46,ok
1790953192.117965,9312,1.43,ok
1790953193.119766,9313,1.54,ok
1790953194.121535,9314,1.68,ok
1790953195.123339,9315,1.49,ok
1790953196.124966,9316,1.44,ok
1790953197.126729,9317,1.52,ok
1790953198.128491,9318,1.51,ok
1790953199.130089,9319,1.55,ok
